2026-04-06 00:01:06,147 | concert_ticketing.adapters.persistence.redis.connection | INFO | Cliente Redis creado -> localhost:6379/0
2026-04-06 00:01:06,156 | pika.adapters.utils.connection_workflow | INFO | Pika version 1.3.2 connecting to ('::1', 5672, 0, 0)
2026-04-06 00:01:06,156 | pika.adapters.utils.io_services_utils | INFO | Socket connected: <socket.socket fd=1120, family=23, type=1, proto=6, laddr=('::1', 57662, 0, 0), raddr=('::1', 5672, 0, 0)>
2026-04-06 00:01:06,158 | pika.adapters.utils.connection_workflow | INFO | Streaming transport linked up: (<pika.adapters.utils.io_services_utils._AsyncPlaintextTransport object at 0x00000278F0B47EC0>, _StreamingProtocolShim: <SelectConnection PROTOCOL transport=<pika.adapters.utils.io_services_utils._AsyncPlaintextTransport object at 0x00000278F0B47EC0> params=<ConnectionParameters host=localhost port=5672 virtual_host=/ ssl=False>>).
2026-04-06 00:01:06,204 | pika.adapters.utils.connection_workflow | INFO | AMQPConnector - reporting success: <SelectConnection OPEN transport=<pika.adapters.utils.io_services_utils._AsyncPlaintextTransport object at 0x00000278F0B47EC0> params=<ConnectionParameters host=localhost port=5672 virtual_host=/ ssl=False>>
2026-04-06 00:01:06,204 | pika.adapters.utils.connection_workflow | INFO | AMQPConnectionWorkflow - reporting success: <SelectConnection OPEN transport=<pika.adapters.utils.io_services_utils._AsyncPlaintextTransport object at 0x00000278F0B47EC0> params=<ConnectionParameters host=localhost port=5672 virtual_host=/ ssl=False>>
2026-04-06 00:01:06,205 | pika.adapters.blocking_connection | INFO | Connection workflow succeeded: <SelectConnection OPEN transport=<pika.adapters.utils.io_services_utils._AsyncPlaintextTransport object at 0x00000278F0B47EC0> params=<ConnectionParameters host=localhost port=5672 virtual_host=/ ssl=False>>
2026-04-06 00:01:06,205 | concert_ticketing.adapters.messaging.rabbitmq.connection | INFO | Conexion RabbitMQ establecida -> localhost:5672
2026-04-06 00:01:06,205 | __main__ | INFO | Conexión RabbitMQ establecida (intento 1/10)
2026-04-06 00:01:06,205 | pika.adapters.blocking_connection | INFO | Created channel=1
2026-04-06 00:01:06,209 | concert_ticketing.adapters.messaging.rabbitmq.queue_setup | INFO | Cola 'purchase_requests' declarada.
2026-04-06 00:01:06,210 | concert_ticketing.adapters.messaging.rabbitmq.queue_setup | INFO | Exchange 'purchase_results' declarado.
2026-04-06 00:01:06,210 | __main__ | INFO | Worker iniciado. Consumiendo peticiones de compra...
2026-04-06 00:01:06,211 | concert_ticketing.adapters.messaging.rabbitmq.consumer | INFO | Consumiendo de 'purchase_requests'. Esperando mensajes...
2026-04-06 00:01:08,148 | concert_ticketing.adapters.messaging.rabbitmq.consumer | INFO | Mensaje recibido: request_id=00008
2026-04-06 00:01:08,217 | concert_ticketing.adapters.messaging.rabbitmq.consumer | INFO | Mensaje recibido: request_id=00047
2026-04-06 00:01:08,269 | concert_ticketing.adapters.messaging.rabbitmq.consumer | INFO | Mensaje recibido: request_id=00041
2026-04-06 00:01:08,320 | concert_ticketing.adapters.messaging.rabbitmq.consumer | INFO | Mensaje recibido: request_id=00035
2026-04-06 00:01:08,365 | concert_ticketing.adapters.messaging.rabbitmq.consumer | INFO | Mensaje recibido: request_id=00029
2026-04-06 00:01:08,412 | concert_ticketing.adapters.messaging.rabbitmq.consumer | INFO | Mensaje recibido: request_id=00018
2026-04-06 00:01:08,456 | concert_ticketing.adapters.messaging.rabbitmq.consumer | INFO | Mensaje recibido: request_id=00054
2026-04-06 00:01:08,501 | concert_ticketing.adapters.messaging.rabbitmq.consumer | INFO | Mensaje recibido: request_id=00061
2026-04-06 00:01:08,553 | concert_ticketing.adapters.messaging.rabbitmq.consumer | INFO | Mensaje recibido: request_id=00070
2026-04-06 00:01:08,604 | concert_ticketing.adapters.messaging.rabbitmq.consumer | INFO | Mensaje recibido: request_id=00078
2026-04-06 00:01:08,647 | concert_ticketing.adapters.messaging.rabbitmq.consumer | INFO | Mensaje recibido: request_id=00086
2026-04-06 00:01:08,692 | concert_ticketing.adapters.messaging.rabbitmq.consumer | INFO | Mensaje recibido: request_id=00094
2026-04-06 00:01:08,745 | concert_ticketing.adapters.messaging.rabbitmq.consumer | INFO | Mensaje recibido: request_id=00103
2026-04-06 00:01:08,793 | concert_ticketing.adapters.messaging.rabbitmq.consumer | INFO | Mensaje recibido: request_id=00110
2026-04-06 00:01:08,837 | concert_ticketing.adapters.messaging.rabbitmq.consumer | INFO | Mensaje recibido: request_id=00118
2026-04-06 00:01:08,880 | concert_ticketing.adapters.messaging.rabbitmq.consumer | INFO | Mensaje recibido: request_id=00126
2026-04-06 00:01:08,925 | concert_ticketing.adapters.messaging.rabbitmq.consumer | INFO | Mensaje recibido: request_id=00134
2026-04-06 00:01:08,967 | concert_ticketing.adapters.messaging.rabbitmq.consumer | INFO | Mensaje recibido: request_id=00142
2026-04-06 00:01:09,017 | concert_ticketing.adapters.messaging.rabbitmq.consumer | INFO | Mensaje recibido: request_id=00150
2026-04-06 00:01:09,065 | concert_ticketing.adapters.messaging.rabbitmq.consumer | INFO | Mensaje recibido: request_id=00158
2026-04-06 00:01:09,112 | concert_ticketing.adapters.messaging.rabbitmq.consumer | INFO | Mensaje recibido: request_id=00166
2026-04-06 00:01:09,161 | concert_ticketing.adapters.messaging.rabbitmq.consumer | INFO | Mensaje recibido: request_id=00174
2026-04-06 00:01:09,209 | concert_ticketing.adapters.messaging.rabbitmq.consumer | INFO | Mensaje recibido: request_id=00181
2026-04-06 00:01:09,261 | concert_ticketing.adapters.messaging.rabbitmq.consumer | INFO | Mensaje recibido: request_id=00189
2026-04-06 00:01:09,309 | concert_ticketing.adapters.messaging.rabbitmq.consumer | INFO | Mensaje recibido: request_id=00197
2026-04-06 00:01:09,352 | concert_ticketing.adapters.messaging.rabbitmq.consumer | INFO | Mensaje recibido: request_id=00205
2026-04-06 00:01:09,399 | concert_ticketing.adapters.messaging.rabbitmq.consumer | INFO | Mensaje recibido: request_id=00213
2026-04-06 00:01:09,448 | concert_ticketing.adapters.messaging.rabbitmq.consumer | INFO | Mensaje recibido: request_id=00221
2026-04-06 00:01:09,493 | concert_ticketing.adapters.messaging.rabbitmq.consumer | INFO | Mensaje recibido: request_id=00229
2026-04-06 00:01:09,540 | concert_ticketing.adapters.messaging.rabbitmq.consumer | INFO | Mensaje recibido: request_id=00237
2026-04-06 00:01:09,584 | concert_ticketing.adapters.messaging.rabbitmq.consumer | INFO | Mensaje recibido: request_id=00245
2026-04-06 00:01:09,632 | concert_ticketing.adapters.messaging.rabbitmq.consumer | INFO | Mensaje recibido: request_id=00253
2026-04-06 00:01:09,676 | concert_ticketing.adapters.messaging.rabbitmq.consumer | INFO | Mensaje recibido: request_id=00261
2026-04-06 00:01:09,720 | concert_ticketing.adapters.messaging.rabbitmq.consumer | INFO | Mensaje recibido: request_id=00269
2026-04-06 00:01:09,764 | concert_ticketing.adapters.messaging.rabbitmq.consumer | INFO | Mensaje recibido: request_id=00277
2026-04-06 00:01:09,812 | concert_ticketing.adapters.messaging.rabbitmq.consumer | INFO | Mensaje recibido: request_id=00285
2026-04-06 00:01:09,857 | concert_ticketing.adapters.messaging.rabbitmq.consumer | INFO | Mensaje recibido: request_id=00292
2026-04-06 00:01:09,905 | concert_ticketing.adapters.messaging.rabbitmq.consumer | INFO | Mensaje recibido: request_id=00300
2026-04-06 00:01:09,952 | concert_ticketing.adapters.messaging.rabbitmq.consumer | INFO | Mensaje recibido: request_id=00308
2026-04-06 00:01:10,001 | concert_ticketing.adapters.messaging.rabbitmq.consumer | INFO | Mensaje recibido: request_id=00316
2026-04-06 00:01:10,049 | concert_ticketing.adapters.messaging.rabbitmq.consumer | INFO | Mensaje recibido: request_id=00324
2026-04-06 00:01:10,096 | concert_ticketing.adapters.messaging.rabbitmq.consumer | INFO | Mensaje recibido: request_id=00331
2026-04-06 00:01:10,148 | concert_ticketing.adapters.messaging.rabbitmq.consumer | INFO | Mensaje recibido: request_id=00339
2026-04-06 00:01:10,200 | concert_ticketing.adapters.messaging.rabbitmq.consumer | INFO | Mensaje recibido: request_id=00348
2026-04-06 00:01:10,252 | concert_ticketing.adapters.messaging.rabbitmq.consumer | INFO | Mensaje recibido: request_id=00356
2026-04-06 00:01:10,300 | concert_ticketing.adapters.messaging.rabbitmq.consumer | INFO | Mensaje recibido: request_id=00364
2026-04-06 00:01:10,344 | concert_ticketing.adapters.messaging.rabbitmq.consumer | INFO | Mensaje recibido: request_id=00372
2026-04-06 00:01:10,388 | concert_ticketing.adapters.messaging.rabbitmq.consumer | INFO | Mensaje recibido: request_id=00380
2026-04-06 00:01:10,436 | concert_ticketing.adapters.messaging.rabbitmq.consumer | INFO | Mensaje recibido: request_id=00388
2026-04-06 00:01:10,482 | concert_ticketing.adapters.messaging.rabbitmq.consumer | INFO | Mensaje recibido: request_id=00396
2026-04-06 00:01:10,533 | concert_ticketing.adapters.messaging.rabbitmq.consumer | INFO | Mensaje recibido: request_id=00404
2026-04-06 00:01:10,581 | concert_ticketing.adapters.messaging.rabbitmq.consumer | INFO | Mensaje recibido: request_id=00413
2026-04-06 00:01:10,632 | concert_ticketing.adapters.messaging.rabbitmq.consumer | INFO | Mensaje recibido: request_id=00421
2026-04-06 00:01:10,676 | concert_ticketing.adapters.messaging.rabbitmq.consumer | INFO | Mensaje recibido: request_id=00429
2026-04-06 00:01:10,724 | concert_ticketing.adapters.messaging.rabbitmq.consumer | INFO | Mensaje recibido: request_id=00437
2026-04-06 00:01:10,773 | concert_ticketing.adapters.messaging.rabbitmq.consumer | INFO | Mensaje recibido: request_id=00445
2026-04-06 00:01:10,825 | concert_ticketing.adapters.messaging.rabbitmq.consumer | INFO | Mensaje recibido: request_id=00453
2026-04-06 00:01:10,869 | concert_ticketing.adapters.messaging.rabbitmq.consumer | INFO | Mensaje recibido: request_id=00461
2026-04-06 00:01:10,917 | concert_ticketing.adapters.messaging.rabbitmq.consumer | INFO | Mensaje recibido: request_id=00469
2026-04-06 00:01:10,965 | concert_ticketing.adapters.messaging.rabbitmq.consumer | INFO | Mensaje recibido: request_id=00477
2026-04-06 00:01:11,013 | concert_ticketing.adapters.messaging.rabbitmq.consumer | INFO | Mensaje recibido: request_id=00485
2026-04-06 00:01:11,056 | concert_ticketing.adapters.messaging.rabbitmq.consumer | INFO | Mensaje recibido: request_id=00493
2026-04-06 00:01:11,104 | concert_ticketing.adapters.messaging.rabbitmq.consumer | INFO | Mensaje recibido: request_id=00500
2026-04-06 00:01:11,153 | concert_ticketing.adapters.messaging.rabbitmq.consumer | INFO | Mensaje recibido: request_id=00509
2026-04-06 00:01:11,205 | concert_ticketing.adapters.messaging.rabbitmq.consumer | INFO | Mensaje recibido: request_id=00517
2026-04-06 00:01:11,252 | concert_ticketing.adapters.messaging.rabbitmq.consumer | INFO | Mensaje recibido: request_id=00525
2026-04-06 00:01:11,300 | concert_ticketing.adapters.messaging.rabbitmq.consumer | INFO | Mensaje recibido: request_id=00533
2026-04-06 00:01:11,349 | concert_ticketing.adapters.messaging.rabbitmq.consumer | INFO | Mensaje recibido: request_id=00541
2026-04-06 00:01:11,397 | concert_ticketing.adapters.messaging.rabbitmq.consumer | INFO | Mensaje recibido: request_id=00548
2026-04-06 00:01:11,444 | concert_ticketing.adapters.messaging.rabbitmq.consumer | INFO | Mensaje recibido: request_id=00556
2026-04-06 00:01:11,489 | concert_ticketing.adapters.messaging.rabbitmq.consumer | INFO | Mensaje recibido: request_id=00564
2026-04-06 00:01:11,533 | concert_ticketing.adapters.messaging.rabbitmq.consumer | INFO | Mensaje recibido: request_id=00572
2026-04-06 00:01:11,584 | concert_ticketing.adapters.messaging.rabbitmq.consumer | INFO | Mensaje recibido: request_id=00579
2026-04-06 00:01:11,637 | concert_ticketing.adapters.messaging.rabbitmq.consumer | INFO | Mensaje recibido: request_id=00587
2026-04-06 00:01:11,689 | concert_ticketing.adapters.messaging.rabbitmq.consumer | INFO | Mensaje recibido: request_id=00596
2026-04-06 00:01:11,737 | concert_ticketing.adapters.messaging.rabbitmq.consumer | INFO | Mensaje recibido: request_id=00604
2026-04-06 00:01:11,783 | concert_ticketing.adapters.messaging.rabbitmq.consumer | INFO | Mensaje recibido: request_id=00612
2026-04-06 00:01:11,828 | concert_ticketing.adapters.messaging.rabbitmq.consumer | INFO | Mensaje recibido: request_id=00620
2026-04-06 00:01:11,873 | concert_ticketing.adapters.messaging.rabbitmq.consumer | INFO | Mensaje recibido: request_id=00628
2026-04-06 00:01:11,917 | concert_ticketing.adapters.messaging.rabbitmq.consumer | INFO | Mensaje recibido: request_id=00636
2026-04-06 00:01:11,965 | concert_ticketing.adapters.messaging.rabbitmq.consumer | INFO | Mensaje recibido: request_id=00644
2026-04-06 00:01:12,009 | concert_ticketing.adapters.messaging.rabbitmq.consumer | INFO | Mensaje recibido: request_id=00652
2026-04-06 00:01:12,056 | concert_ticketing.adapters.messaging.rabbitmq.consumer | INFO | Mensaje recibido: request_id=00660
2026-04-06 00:01:12,100 | concert_ticketing.adapters.messaging.rabbitmq.consumer | INFO | Mensaje recibido: request_id=00667
2026-04-06 00:01:12,148 | concert_ticketing.adapters.messaging.rabbitmq.consumer | INFO | Mensaje recibido: request_id=00676
2026-04-06 00:01:12,197 | concert_ticketing.adapters.messaging.rabbitmq.consumer | INFO | Mensaje recibido: request_id=00683
2026-04-06 00:01:12,244 | concert_ticketing.adapters.messaging.rabbitmq.consumer | INFO | Mensaje recibido: request_id=00691
2026-04-06 00:01:12,288 | concert_ticketing.adapters.messaging.rabbitmq.consumer | INFO | Mensaje recibido: request_id=00699
2026-04-06 00:01:12,336 | concert_ticketing.adapters.messaging.rabbitmq.consumer | INFO | Mensaje recibido: request_id=00707
2026-04-06 00:01:12,385 | concert_ticketing.adapters.messaging.rabbitmq.consumer | INFO | Mensaje recibido: request_id=00715
2026-04-06 00:01:12,429 | concert_ticketing.adapters.messaging.rabbitmq.consumer | INFO | Mensaje recibido: request_id=00721
2026-04-06 00:01:12,476 | concert_ticketing.adapters.messaging.rabbitmq.consumer | INFO | Mensaje recibido: request_id=00729
2026-04-06 00:01:12,520 | concert_ticketing.adapters.messaging.rabbitmq.consumer | INFO | Mensaje recibido: request_id=00737
2026-04-06 00:01:12,569 | concert_ticketing.adapters.messaging.rabbitmq.consumer | INFO | Mensaje recibido: request_id=00745
2026-04-06 00:01:12,615 | concert_ticketing.adapters.messaging.rabbitmq.consumer | INFO | Mensaje recibido: request_id=00752
2026-04-06 00:01:12,661 | concert_ticketing.adapters.messaging.rabbitmq.consumer | INFO | Mensaje recibido: request_id=00759
2026-04-06 00:01:12,737 | concert_ticketing.adapters.messaging.rabbitmq.consumer | INFO | Mensaje recibido: request_id=00774
2026-04-06 00:01:12,784 | concert_ticketing.adapters.messaging.rabbitmq.consumer | INFO | Mensaje recibido: request_id=00782
2026-04-06 00:01:12,829 | concert_ticketing.adapters.messaging.rabbitmq.consumer | INFO | Mensaje recibido: request_id=00790
2026-04-06 00:01:12,876 | concert_ticketing.adapters.messaging.rabbitmq.consumer | INFO | Mensaje recibido: request_id=00798
2026-04-06 00:01:12,928 | concert_ticketing.adapters.messaging.rabbitmq.consumer | INFO | Mensaje recibido: request_id=00806
2026-04-06 00:01:12,977 | concert_ticketing.adapters.messaging.rabbitmq.consumer | INFO | Mensaje recibido: request_id=00812
2026-04-06 00:01:13,025 | concert_ticketing.adapters.messaging.rabbitmq.consumer | INFO | Mensaje recibido: request_id=00819
2026-04-06 00:01:13,069 | concert_ticketing.adapters.messaging.rabbitmq.consumer | INFO | Mensaje recibido: request_id=00827
2026-04-06 00:01:13,117 | concert_ticketing.adapters.messaging.rabbitmq.consumer | INFO | Mensaje recibido: request_id=00835
2026-04-06 00:01:13,165 | concert_ticketing.adapters.messaging.rabbitmq.consumer | INFO | Mensaje recibido: request_id=00843
2026-04-06 00:01:13,212 | concert_ticketing.adapters.messaging.rabbitmq.consumer | INFO | Mensaje recibido: request_id=00851
2026-04-06 00:01:13,256 | concert_ticketing.adapters.messaging.rabbitmq.consumer | INFO | Mensaje recibido: request_id=00859
2026-04-06 00:01:13,300 | concert_ticketing.adapters.messaging.rabbitmq.consumer | INFO | Mensaje recibido: request_id=00867
2026-04-06 00:01:13,344 | concert_ticketing.adapters.messaging.rabbitmq.consumer | INFO | Mensaje recibido: request_id=00875
2026-04-06 00:01:13,392 | concert_ticketing.adapters.messaging.rabbitmq.consumer | INFO | Mensaje recibido: request_id=00882
2026-04-06 00:01:13,449 | concert_ticketing.adapters.messaging.rabbitmq.consumer | INFO | Mensaje recibido: request_id=00891
2026-04-06 00:01:13,496 | concert_ticketing.adapters.messaging.rabbitmq.consumer | INFO | Mensaje recibido: request_id=00898
2026-04-06 00:01:13,552 | concert_ticketing.adapters.messaging.rabbitmq.consumer | INFO | Mensaje recibido: request_id=00907
2026-04-06 00:01:13,600 | concert_ticketing.adapters.messaging.rabbitmq.consumer | INFO | Mensaje recibido: request_id=00915
2026-04-06 00:01:13,652 | concert_ticketing.adapters.messaging.rabbitmq.consumer | INFO | Mensaje recibido: request_id=00923
2026-04-06 00:01:13,704 | concert_ticketing.adapters.messaging.rabbitmq.consumer | INFO | Mensaje recibido: request_id=00932
2026-04-06 00:01:13,752 | concert_ticketing.adapters.messaging.rabbitmq.consumer | INFO | Mensaje recibido: request_id=00940
2026-04-06 00:01:13,812 | concert_ticketing.adapters.messaging.rabbitmq.consumer | INFO | Mensaje recibido: request_id=00950
2026-04-06 00:01:13,861 | concert_ticketing.adapters.messaging.rabbitmq.consumer | INFO | Mensaje recibido: request_id=00958
2026-04-06 00:01:13,908 | concert_ticketing.adapters.messaging.rabbitmq.consumer | INFO | Mensaje recibido: request_id=00965
2026-04-06 00:01:13,956 | concert_ticketing.adapters.messaging.rabbitmq.consumer | INFO | Mensaje recibido: request_id=00972
2026-04-06 00:01:14,005 | concert_ticketing.adapters.messaging.rabbitmq.consumer | INFO | Mensaje recibido: request_id=00980
2026-04-06 00:01:14,052 | concert_ticketing.adapters.messaging.rabbitmq.consumer | INFO | Mensaje recibido: request_id=00988
2026-04-06 00:01:14,100 | concert_ticketing.adapters.messaging.rabbitmq.consumer | INFO | Mensaje recibido: request_id=00996
2026-04-06 00:01:14,149 | concert_ticketing.adapters.messaging.rabbitmq.consumer | INFO | Mensaje recibido: request_id=01003
2026-04-06 00:01:14,194 | concert_ticketing.adapters.messaging.rabbitmq.consumer | INFO | Mensaje recibido: request_id=01011
2026-04-06 00:01:14,245 | concert_ticketing.adapters.messaging.rabbitmq.consumer | INFO | Mensaje recibido: request_id=01019
2026-04-06 00:01:14,297 | concert_ticketing.adapters.messaging.rabbitmq.consumer | INFO | Mensaje recibido: request_id=01028
2026-04-06 00:01:14,357 | concert_ticketing.adapters.messaging.rabbitmq.consumer | INFO | Mensaje recibido: request_id=01037
2026-04-06 00:01:14,404 | concert_ticketing.adapters.messaging.rabbitmq.consumer | INFO | Mensaje recibido: request_id=01045
2026-04-06 00:01:14,453 | concert_ticketing.adapters.messaging.rabbitmq.consumer | INFO | Mensaje recibido: request_id=01053
2026-04-06 00:01:14,505 | concert_ticketing.adapters.messaging.rabbitmq.consumer | INFO | Mensaje recibido: request_id=01061
2026-04-06 00:01:14,556 | concert_ticketing.adapters.messaging.rabbitmq.consumer | INFO | Mensaje recibido: request_id=01069
2026-04-06 00:01:14,607 | concert_ticketing.adapters.messaging.rabbitmq.consumer | INFO | Mensaje recibido: request_id=01077
2026-04-06 00:01:14,656 | concert_ticketing.adapters.messaging.rabbitmq.consumer | INFO | Mensaje recibido: request_id=01085
2026-04-06 00:01:14,704 | concert_ticketing.adapters.messaging.rabbitmq.consumer | INFO | Mensaje recibido: request_id=01086
2026-04-06 00:01:14,752 | concert_ticketing.adapters.messaging.rabbitmq.consumer | INFO | Mensaje recibido: request_id=01104
2026-04-06 00:01:14,872 | concert_ticketing.adapters.messaging.rabbitmq.consumer | INFO | Mensaje recibido: request_id=01098
2026-04-06 00:01:15,020 | concert_ticketing.adapters.messaging.rabbitmq.consumer | INFO | Mensaje recibido: request_id=01141
2026-04-06 00:01:15,191 | concert_ticketing.adapters.messaging.rabbitmq.consumer | INFO | Mensaje recibido: request_id=01167
2026-04-06 00:01:15,336 | concert_ticketing.adapters.messaging.rabbitmq.consumer | INFO | Mensaje recibido: request_id=01126
2026-04-06 00:01:15,456 | concert_ticketing.adapters.messaging.rabbitmq.consumer | INFO | Mensaje recibido: request_id=01102
2026-04-06 00:01:15,585 | concert_ticketing.adapters.messaging.rabbitmq.consumer | INFO | Mensaje recibido: request_id=01181
2026-04-06 00:01:15,698 | concert_ticketing.adapters.messaging.rabbitmq.consumer | INFO | Mensaje recibido: request_id=01195
2026-04-06 00:01:15,845 | concert_ticketing.adapters.messaging.rabbitmq.consumer | INFO | Mensaje recibido: request_id=01162
2026-04-06 00:01:15,994 | concert_ticketing.adapters.messaging.rabbitmq.consumer | INFO | Mensaje recibido: request_id=01148
2026-04-06 00:01:16,135 | concert_ticketing.adapters.messaging.rabbitmq.consumer | INFO | Mensaje recibido: request_id=01215
2026-04-06 00:01:16,261 | concert_ticketing.adapters.messaging.rabbitmq.consumer | INFO | Mensaje recibido: request_id=01229
2026-04-06 00:01:16,384 | concert_ticketing.adapters.messaging.rabbitmq.consumer | INFO | Mensaje recibido: request_id=01163
2026-04-06 00:01:16,530 | concert_ticketing.adapters.messaging.rabbitmq.consumer | INFO | Mensaje recibido: request_id=01187
2026-04-06 00:01:16,663 | concert_ticketing.adapters.messaging.rabbitmq.consumer | INFO | Mensaje recibido: request_id=01253
2026-04-06 00:01:16,783 | concert_ticketing.adapters.messaging.rabbitmq.consumer | INFO | Mensaje recibido: request_id=01245
2026-04-06 00:01:16,915 | concert_ticketing.adapters.messaging.rabbitmq.consumer | INFO | Mensaje recibido: request_id=01269
2026-04-06 00:01:17,038 | concert_ticketing.adapters.messaging.rabbitmq.consumer | INFO | Mensaje recibido: request_id=01246
2026-04-06 00:01:17,194 | concert_ticketing.adapters.messaging.rabbitmq.consumer | INFO | Mensaje recibido: request_id=01273
2026-04-06 00:01:17,340 | concert_ticketing.adapters.messaging.rabbitmq.consumer | INFO | Mensaje recibido: request_id=01293
2026-04-06 00:01:17,459 | concert_ticketing.adapters.messaging.rabbitmq.consumer | INFO | Mensaje recibido: request_id=01285
2026-04-06 00:01:17,624 | concert_ticketing.adapters.messaging.rabbitmq.consumer | INFO | Mensaje recibido: request_id=01242
2026-04-06 00:01:17,768 | concert_ticketing.adapters.messaging.rabbitmq.consumer | INFO | Mensaje recibido: request_id=01282
2026-04-06 00:01:17,919 | concert_ticketing.adapters.messaging.rabbitmq.consumer | INFO | Mensaje recibido: request_id=01306
2026-04-06 00:01:18,058 | concert_ticketing.adapters.messaging.rabbitmq.consumer | INFO | Mensaje recibido: request_id=01144
2026-04-06 00:01:18,203 | concert_ticketing.adapters.messaging.rabbitmq.consumer | INFO | Mensaje recibido: request_id=01327
2026-04-06 00:01:18,345 | concert_ticketing.adapters.messaging.rabbitmq.consumer | INFO | Mensaje recibido: request_id=01349
2026-04-06 00:01:18,459 | concert_ticketing.adapters.messaging.rabbitmq.consumer | INFO | Mensaje recibido: request_id=01357
2026-04-06 00:01:18,604 | concert_ticketing.adapters.messaging.rabbitmq.consumer | INFO | Mensaje recibido: request_id=01325
2026-04-06 00:01:18,730 | concert_ticketing.adapters.messaging.rabbitmq.consumer | INFO | Mensaje recibido: request_id=01316
2026-04-06 00:01:18,856 | concert_ticketing.adapters.messaging.rabbitmq.consumer | INFO | Mensaje recibido: request_id=01264
2026-04-06 00:01:18,980 | concert_ticketing.adapters.messaging.rabbitmq.consumer | INFO | Mensaje recibido: request_id=01381
2026-04-06 00:01:19,105 | concert_ticketing.adapters.messaging.rabbitmq.consumer | INFO | Mensaje recibido: request_id=01378
2026-04-06 00:01:19,254 | concert_ticketing.adapters.messaging.rabbitmq.consumer | INFO | Mensaje recibido: request_id=01398
2026-04-06 00:01:19,354 | concert_ticketing.adapters.messaging.rabbitmq.consumer | INFO | Mensaje recibido: request_id=01385
2026-04-06 00:01:19,471 | concert_ticketing.adapters.messaging.rabbitmq.consumer | INFO | Mensaje recibido: request_id=01401
2026-04-06 00:01:19,600 | concert_ticketing.adapters.messaging.rabbitmq.consumer | INFO | Mensaje recibido: request_id=01344
2026-04-06 00:01:19,696 | concert_ticketing.adapters.messaging.rabbitmq.consumer | INFO | Mensaje recibido: request_id=01359
2026-04-06 00:01:19,799 | concert_ticketing.adapters.messaging.rabbitmq.consumer | INFO | Mensaje recibido: request_id=01430
2026-04-06 00:01:19,892 | concert_ticketing.adapters.messaging.rabbitmq.consumer | INFO | Mensaje recibido: request_id=01446
2026-04-06 00:01:19,980 | concert_ticketing.adapters.messaging.rabbitmq.consumer | INFO | Mensaje recibido: request_id=01429
2026-04-06 00:01:20,060 | concert_ticketing.adapters.messaging.rabbitmq.consumer | INFO | Mensaje recibido: request_id=01466
2026-04-06 00:01:20,138 | concert_ticketing.adapters.messaging.rabbitmq.consumer | INFO | Mensaje recibido: request_id=01423
2026-04-06 00:01:20,219 | concert_ticketing.adapters.messaging.rabbitmq.consumer | INFO | Mensaje recibido: request_id=01462
2026-04-06 00:01:20,306 | concert_ticketing.adapters.messaging.rabbitmq.consumer | INFO | Mensaje recibido: request_id=01493
2026-04-06 00:01:20,392 | concert_ticketing.adapters.messaging.rabbitmq.consumer | INFO | Mensaje recibido: request_id=01500
2026-04-06 00:01:20,474 | concert_ticketing.adapters.messaging.rabbitmq.consumer | INFO | Mensaje recibido: request_id=01355
2026-04-06 00:01:20,571 | concert_ticketing.adapters.messaging.rabbitmq.consumer | INFO | Mensaje recibido: request_id=01458
2026-04-06 00:01:20,664 | concert_ticketing.adapters.messaging.rabbitmq.consumer | INFO | Mensaje recibido: request_id=01465
2026-04-06 00:01:20,753 | concert_ticketing.adapters.messaging.rabbitmq.consumer | INFO | Mensaje recibido: request_id=01504
2026-04-06 00:01:20,830 | concert_ticketing.adapters.messaging.rabbitmq.consumer | INFO | Mensaje recibido: request_id=01527
2026-04-06 00:01:20,926 | concert_ticketing.adapters.messaging.rabbitmq.consumer | INFO | Mensaje recibido: request_id=01523
2026-04-06 00:01:21,012 | concert_ticketing.adapters.messaging.rabbitmq.consumer | INFO | Mensaje recibido: request_id=01551
2026-04-06 00:01:21,106 | concert_ticketing.adapters.messaging.rabbitmq.consumer | INFO | Mensaje recibido: request_id=01499
2026-04-06 00:01:21,183 | concert_ticketing.adapters.messaging.rabbitmq.consumer | INFO | Mensaje recibido: request_id=01573
2026-04-06 00:01:21,273 | concert_ticketing.adapters.messaging.rabbitmq.consumer | INFO | Mensaje recibido: request_id=01580
2026-04-06 00:01:21,347 | concert_ticketing.adapters.messaging.rabbitmq.consumer | INFO | Mensaje recibido: request_id=01588
2026-04-06 00:01:21,441 | concert_ticketing.adapters.messaging.rabbitmq.consumer | INFO | Mensaje recibido: request_id=01545
2026-04-06 00:01:21,523 | concert_ticketing.adapters.messaging.rabbitmq.consumer | INFO | Mensaje recibido: request_id=01567
2026-04-06 00:01:21,591 | concert_ticketing.adapters.messaging.rabbitmq.consumer | INFO | Mensaje recibido: request_id=01541
2026-04-06 00:01:21,676 | concert_ticketing.adapters.messaging.rabbitmq.consumer | INFO | Mensaje recibido: request_id=01605
2026-04-06 00:01:21,740 | concert_ticketing.adapters.messaging.rabbitmq.consumer | INFO | Mensaje recibido: request_id=01610
2026-04-06 00:01:21,836 | concert_ticketing.adapters.messaging.rabbitmq.consumer | INFO | Mensaje recibido: request_id=01622
2026-04-06 00:01:21,936 | concert_ticketing.adapters.messaging.rabbitmq.consumer | INFO | Mensaje recibido: request_id=01598
2026-04-06 00:01:21,992 | concert_ticketing.adapters.messaging.rabbitmq.consumer | INFO | Mensaje recibido: request_id=01626
2026-04-06 00:01:22,092 | concert_ticketing.adapters.messaging.rabbitmq.consumer | INFO | Mensaje recibido: request_id=01579
2026-04-06 00:01:22,178 | concert_ticketing.adapters.messaging.rabbitmq.consumer | INFO | Mensaje recibido: request_id=01647
2026-04-06 00:01:22,257 | concert_ticketing.adapters.messaging.rabbitmq.consumer | INFO | Mensaje recibido: request_id=01654
2026-04-06 00:01:22,344 | concert_ticketing.adapters.messaging.rabbitmq.consumer | INFO | Mensaje recibido: request_id=01613
2026-04-06 00:01:22,429 | concert_ticketing.adapters.messaging.rabbitmq.consumer | INFO | Mensaje recibido: request_id=01529
2026-04-06 00:01:22,528 | concert_ticketing.adapters.messaging.rabbitmq.consumer | INFO | Mensaje recibido: request_id=01672
2026-04-06 00:01:22,601 | concert_ticketing.adapters.messaging.rabbitmq.consumer | INFO | Mensaje recibido: request_id=01692
2026-04-06 00:01:22,676 | concert_ticketing.adapters.messaging.rabbitmq.consumer | INFO | Mensaje recibido: request_id=01677
2026-04-06 00:01:22,770 | concert_ticketing.adapters.messaging.rabbitmq.consumer | INFO | Mensaje recibido: request_id=01685
2026-04-06 00:01:22,865 | concert_ticketing.adapters.messaging.rabbitmq.consumer | INFO | Mensaje recibido: request_id=01726
2026-04-06 00:01:22,944 | concert_ticketing.adapters.messaging.rabbitmq.consumer | INFO | Mensaje recibido: request_id=01705
2026-04-06 00:01:23,023 | concert_ticketing.adapters.messaging.rabbitmq.consumer | INFO | Mensaje recibido: request_id=01720
2026-04-06 00:01:23,113 | concert_ticketing.adapters.messaging.rabbitmq.consumer | INFO | Mensaje recibido: request_id=01757
2026-04-06 00:01:23,188 | concert_ticketing.adapters.messaging.rabbitmq.consumer | INFO | Mensaje recibido: request_id=01750
2026-04-06 00:01:23,266 | concert_ticketing.adapters.messaging.rabbitmq.consumer | INFO | Mensaje recibido: request_id=01743
2026-04-06 00:01:23,356 | concert_ticketing.adapters.messaging.rabbitmq.consumer | INFO | Mensaje recibido: request_id=01754
2026-04-06 00:01:23,450 | concert_ticketing.adapters.messaging.rabbitmq.consumer | INFO | Mensaje recibido: request_id=01760
2026-04-06 00:01:23,529 | concert_ticketing.adapters.messaging.rabbitmq.consumer | INFO | Mensaje recibido: request_id=01739
2026-04-06 00:01:23,602 | concert_ticketing.adapters.messaging.rabbitmq.consumer | INFO | Mensaje recibido: request_id=01803
2026-04-06 00:01:23,683 | concert_ticketing.adapters.messaging.rabbitmq.consumer | INFO | Mensaje recibido: request_id=01810
2026-04-06 00:01:23,761 | concert_ticketing.adapters.messaging.rabbitmq.consumer | INFO | Mensaje recibido: request_id=01531
2026-04-06 00:01:23,854 | concert_ticketing.adapters.messaging.rabbitmq.consumer | INFO | Mensaje recibido: request_id=01816
2026-04-06 00:01:23,948 | concert_ticketing.adapters.messaging.rabbitmq.consumer | INFO | Mensaje recibido: request_id=01838
2026-04-06 00:01:24,020 | concert_ticketing.adapters.messaging.rabbitmq.consumer | INFO | Mensaje recibido: request_id=01824
2026-04-06 00:01:24,098 | concert_ticketing.adapters.messaging.rabbitmq.consumer | INFO | Mensaje recibido: request_id=01780
2026-04-06 00:01:24,191 | concert_ticketing.adapters.messaging.rabbitmq.consumer | INFO | Mensaje recibido: request_id=01805
2026-04-06 00:01:24,280 | concert_ticketing.adapters.messaging.rabbitmq.consumer | INFO | Mensaje recibido: request_id=01870
2026-04-06 00:01:24,383 | concert_ticketing.adapters.messaging.rabbitmq.consumer | INFO | Mensaje recibido: request_id=01877
2026-04-06 00:01:24,468 | concert_ticketing.adapters.messaging.rabbitmq.consumer | INFO | Mensaje recibido: request_id=01662
2026-04-06 00:01:24,549 | concert_ticketing.adapters.messaging.rabbitmq.consumer | INFO | Mensaje recibido: request_id=01872
2026-04-06 00:01:24,625 | concert_ticketing.adapters.messaging.rabbitmq.consumer | INFO | Mensaje recibido: request_id=01900
2026-04-06 00:01:24,752 | concert_ticketing.adapters.messaging.rabbitmq.consumer | INFO | Mensaje recibido: request_id=01908
2026-04-06 00:01:24,874 | concert_ticketing.adapters.messaging.rabbitmq.consumer | INFO | Mensaje recibido: request_id=01835
2026-04-06 00:01:24,990 | concert_ticketing.adapters.messaging.rabbitmq.consumer | INFO | Mensaje recibido: request_id=01840
2026-04-06 00:01:25,104 | concert_ticketing.adapters.messaging.rabbitmq.consumer | INFO | Mensaje recibido: request_id=01934
2026-04-06 00:01:25,215 | concert_ticketing.adapters.messaging.rabbitmq.consumer | INFO | Mensaje recibido: request_id=01899
2026-04-06 00:01:25,322 | concert_ticketing.adapters.messaging.rabbitmq.consumer | INFO | Mensaje recibido: request_id=01935
2026-04-06 00:01:25,441 | concert_ticketing.adapters.messaging.rabbitmq.consumer | INFO | Mensaje recibido: request_id=01942
2026-04-06 00:01:25,546 | concert_ticketing.adapters.messaging.rabbitmq.consumer | INFO | Mensaje recibido: request_id=01948
2026-04-06 00:01:25,632 | concert_ticketing.adapters.messaging.rabbitmq.consumer | INFO | Mensaje recibido: request_id=01924
2026-04-06 00:01:25,732 | concert_ticketing.adapters.messaging.rabbitmq.consumer | INFO | Mensaje recibido: request_id=01851
2026-04-06 00:01:25,802 | concert_ticketing.adapters.messaging.rabbitmq.consumer | INFO | Mensaje recibido: request_id=01981
2026-04-06 00:01:25,883 | concert_ticketing.adapters.messaging.rabbitmq.consumer | INFO | Mensaje recibido: request_id=01997
2026-04-06 00:01:25,952 | concert_ticketing.adapters.messaging.rabbitmq.consumer | INFO | Mensaje recibido: request_id=01982
2026-04-06 00:01:26,024 | concert_ticketing.adapters.messaging.rabbitmq.consumer | INFO | Mensaje recibido: request_id=02000
2026-04-06 00:01:26,099 | concert_ticketing.adapters.messaging.rabbitmq.consumer | INFO | Mensaje recibido: request_id=02019
2026-04-06 00:01:26,177 | concert_ticketing.adapters.messaging.rabbitmq.consumer | INFO | Mensaje recibido: request_id=02020
2026-04-06 00:01:26,274 | concert_ticketing.adapters.messaging.rabbitmq.consumer | INFO | Mensaje recibido: request_id=01977
2026-04-06 00:01:26,350 | concert_ticketing.adapters.messaging.rabbitmq.consumer | INFO | Mensaje recibido: request_id=01914
2026-04-06 00:01:26,417 | concert_ticketing.adapters.messaging.rabbitmq.consumer | INFO | Mensaje recibido: request_id=01996
2026-04-06 00:01:26,525 | concert_ticketing.adapters.messaging.rabbitmq.consumer | INFO | Mensaje recibido: request_id=02063
2026-04-06 00:01:26,616 | concert_ticketing.adapters.messaging.rabbitmq.consumer | INFO | Mensaje recibido: request_id=02029
2026-04-06 00:01:26,690 | concert_ticketing.adapters.messaging.rabbitmq.consumer | INFO | Mensaje recibido: request_id=02022
2026-04-06 00:01:26,790 | concert_ticketing.adapters.messaging.rabbitmq.consumer | INFO | Mensaje recibido: request_id=02054
2026-04-06 00:01:26,853 | concert_ticketing.adapters.messaging.rabbitmq.consumer | INFO | Mensaje recibido: request_id=02080
2026-04-06 00:01:26,948 | concert_ticketing.adapters.messaging.rabbitmq.consumer | INFO | Mensaje recibido: request_id=02100
2026-04-06 00:01:27,031 | concert_ticketing.adapters.messaging.rabbitmq.consumer | INFO | Mensaje recibido: request_id=02089
2026-04-06 00:01:27,117 | concert_ticketing.adapters.messaging.rabbitmq.consumer | INFO | Mensaje recibido: request_id=01984
2026-04-06 00:01:27,197 | concert_ticketing.adapters.messaging.rabbitmq.consumer | INFO | Mensaje recibido: request_id=02113
2026-04-06 00:01:27,290 | concert_ticketing.adapters.messaging.rabbitmq.consumer | INFO | Mensaje recibido: request_id=02117
2026-04-06 00:01:27,388 | concert_ticketing.adapters.messaging.rabbitmq.consumer | INFO | Mensaje recibido: request_id=02141
2026-04-06 00:01:27,474 | concert_ticketing.adapters.messaging.rabbitmq.consumer | INFO | Mensaje recibido: request_id=02119
2026-04-06 00:01:27,542 | concert_ticketing.adapters.messaging.rabbitmq.consumer | INFO | Mensaje recibido: request_id=02108
2026-04-06 00:01:27,627 | concert_ticketing.adapters.messaging.rabbitmq.consumer | INFO | Mensaje recibido: request_id=02140
2026-04-06 00:01:27,711 | concert_ticketing.adapters.messaging.rabbitmq.consumer | INFO | Mensaje recibido: request_id=02077
2026-04-06 00:01:27,802 | concert_ticketing.adapters.messaging.rabbitmq.consumer | INFO | Mensaje recibido: request_id=02124
2026-04-06 00:01:27,883 | concert_ticketing.adapters.messaging.rabbitmq.consumer | INFO | Mensaje recibido: request_id=02120
2026-04-06 00:01:27,974 | concert_ticketing.adapters.messaging.rabbitmq.consumer | INFO | Mensaje recibido: request_id=02116
2026-04-06 00:01:28,052 | concert_ticketing.adapters.messaging.rabbitmq.consumer | INFO | Mensaje recibido: request_id=02178
2026-04-06 00:01:28,134 | concert_ticketing.adapters.messaging.rabbitmq.consumer | INFO | Mensaje recibido: request_id=02210
2026-04-06 00:01:28,224 | concert_ticketing.adapters.messaging.rabbitmq.consumer | INFO | Mensaje recibido: request_id=02187
2026-04-06 00:01:28,307 | concert_ticketing.adapters.messaging.rabbitmq.consumer | INFO | Mensaje recibido: request_id=02126
2026-04-06 00:01:28,374 | concert_ticketing.adapters.messaging.rabbitmq.consumer | INFO | Mensaje recibido: request_id=02215
2026-04-06 00:01:28,471 | concert_ticketing.adapters.messaging.rabbitmq.consumer | INFO | Mensaje recibido: request_id=02102
2026-04-06 00:01:28,546 | concert_ticketing.adapters.messaging.rabbitmq.consumer | INFO | Mensaje recibido: request_id=02226
2026-04-06 00:01:28,617 | concert_ticketing.adapters.messaging.rabbitmq.consumer | INFO | Mensaje recibido: request_id=02250
2026-04-06 00:01:28,694 | concert_ticketing.adapters.messaging.rabbitmq.consumer | INFO | Mensaje recibido: request_id=02269
2026-04-06 00:01:28,784 | concert_ticketing.adapters.messaging.rabbitmq.consumer | INFO | Mensaje recibido: request_id=02254
2026-04-06 00:01:28,862 | concert_ticketing.adapters.messaging.rabbitmq.consumer | INFO | Mensaje recibido: request_id=02284
2026-04-06 00:01:28,947 | concert_ticketing.adapters.messaging.rabbitmq.consumer | INFO | Mensaje recibido: request_id=02212
2026-04-06 00:01:29,033 | concert_ticketing.adapters.messaging.rabbitmq.consumer | INFO | Mensaje recibido: request_id=02272
2026-04-06 00:01:29,111 | concert_ticketing.adapters.messaging.rabbitmq.consumer | INFO | Mensaje recibido: request_id=02292
2026-04-06 00:01:29,196 | concert_ticketing.adapters.messaging.rabbitmq.consumer | INFO | Mensaje recibido: request_id=02315
2026-04-06 00:01:29,290 | concert_ticketing.adapters.messaging.rabbitmq.consumer | INFO | Mensaje recibido: request_id=02325
2026-04-06 00:01:29,372 | concert_ticketing.adapters.messaging.rabbitmq.consumer | INFO | Mensaje recibido: request_id=02327
2026-04-06 00:01:29,445 | concert_ticketing.adapters.messaging.rabbitmq.consumer | INFO | Mensaje recibido: request_id=02281
2026-04-06 00:01:29,534 | concert_ticketing.adapters.messaging.rabbitmq.consumer | INFO | Mensaje recibido: request_id=02349
2026-04-06 00:01:29,602 | concert_ticketing.adapters.messaging.rabbitmq.consumer | INFO | Mensaje recibido: request_id=02343
2026-04-06 00:01:29,669 | concert_ticketing.adapters.messaging.rabbitmq.consumer | INFO | Mensaje recibido: request_id=02359
2026-04-06 00:01:29,750 | concert_ticketing.adapters.messaging.rabbitmq.consumer | INFO | Mensaje recibido: request_id=02350
2026-04-06 00:01:29,836 | concert_ticketing.adapters.messaging.rabbitmq.consumer | INFO | Mensaje recibido: request_id=02375
2026-04-06 00:01:29,929 | concert_ticketing.adapters.messaging.rabbitmq.consumer | INFO | Mensaje recibido: request_id=02389
2026-04-06 00:01:30,030 | concert_ticketing.adapters.messaging.rabbitmq.consumer | INFO | Mensaje recibido: request_id=02391
2026-04-06 00:01:30,117 | concert_ticketing.adapters.messaging.rabbitmq.consumer | INFO | Mensaje recibido: request_id=02403
2026-04-06 00:01:30,179 | concert_ticketing.adapters.messaging.rabbitmq.consumer | INFO | Mensaje recibido: request_id=02411
2026-04-06 00:01:30,263 | concert_ticketing.adapters.messaging.rabbitmq.consumer | INFO | Mensaje recibido: request_id=02413
2026-04-06 00:01:30,356 | concert_ticketing.adapters.messaging.rabbitmq.consumer | INFO | Mensaje recibido: request_id=02423
2026-04-06 00:01:30,450 | concert_ticketing.adapters.messaging.rabbitmq.consumer | INFO | Mensaje recibido: request_id=02438
2026-04-06 00:01:30,524 | concert_ticketing.adapters.messaging.rabbitmq.consumer | INFO | Mensaje recibido: request_id=02408
2026-04-06 00:01:30,617 | concert_ticketing.adapters.messaging.rabbitmq.consumer | INFO | Mensaje recibido: request_id=02453
2026-04-06 00:01:30,686 | concert_ticketing.adapters.messaging.rabbitmq.consumer | INFO | Mensaje recibido: request_id=02461
2026-04-06 00:01:30,764 | concert_ticketing.adapters.messaging.rabbitmq.consumer | INFO | Mensaje recibido: request_id=02427
2026-04-06 00:01:30,861 | concert_ticketing.adapters.messaging.rabbitmq.consumer | INFO | Mensaje recibido: request_id=02477
2026-04-06 00:01:30,929 | concert_ticketing.adapters.messaging.rabbitmq.consumer | INFO | Mensaje recibido: request_id=02416
2026-04-06 00:01:31,020 | concert_ticketing.adapters.messaging.rabbitmq.consumer | INFO | Mensaje recibido: request_id=02429
2026-04-06 00:01:31,111 | concert_ticketing.adapters.messaging.rabbitmq.consumer | INFO | Mensaje recibido: request_id=02366
2026-04-06 00:01:31,198 | concert_ticketing.adapters.messaging.rabbitmq.consumer | INFO | Mensaje recibido: request_id=02374
2026-04-06 00:01:31,280 | concert_ticketing.adapters.messaging.rabbitmq.consumer | INFO | Mensaje recibido: request_id=02488
2026-04-06 00:01:31,355 | concert_ticketing.adapters.messaging.rabbitmq.consumer | INFO | Mensaje recibido: request_id=02496
2026-04-06 00:01:31,453 | concert_ticketing.adapters.messaging.rabbitmq.consumer | INFO | Mensaje recibido: request_id=02522
2026-04-06 00:01:31,519 | concert_ticketing.adapters.messaging.rabbitmq.consumer | INFO | Mensaje recibido: request_id=02478
2026-04-06 00:01:31,591 | concert_ticketing.adapters.messaging.rabbitmq.consumer | INFO | Mensaje recibido: request_id=02370
2026-04-06 00:01:31,667 | concert_ticketing.adapters.messaging.rabbitmq.consumer | INFO | Mensaje recibido: request_id=02510
2026-04-06 00:01:31,740 | concert_ticketing.adapters.messaging.rabbitmq.consumer | INFO | Mensaje recibido: request_id=02498
2026-04-06 00:01:31,838 | concert_ticketing.adapters.messaging.rabbitmq.consumer | INFO | Mensaje recibido: request_id=02482
2026-04-06 00:01:31,923 | concert_ticketing.adapters.messaging.rabbitmq.consumer | INFO | Mensaje recibido: request_id=02581
2026-04-06 00:01:32,007 | concert_ticketing.adapters.messaging.rabbitmq.consumer | INFO | Mensaje recibido: request_id=02568
2026-04-06 00:01:32,096 | concert_ticketing.adapters.messaging.rabbitmq.consumer | INFO | Mensaje recibido: request_id=02545
2026-04-06 00:01:32,172 | concert_ticketing.adapters.messaging.rabbitmq.consumer | INFO | Mensaje recibido: request_id=02538
2026-04-06 00:01:32,259 | concert_ticketing.adapters.messaging.rabbitmq.consumer | INFO | Mensaje recibido: request_id=02600
2026-04-06 00:01:32,345 | concert_ticketing.adapters.messaging.rabbitmq.consumer | INFO | Mensaje recibido: request_id=02622
2026-04-06 00:01:32,431 | concert_ticketing.adapters.messaging.rabbitmq.consumer | INFO | Mensaje recibido: request_id=02604
2026-04-06 00:01:32,534 | concert_ticketing.adapters.messaging.rabbitmq.consumer | INFO | Mensaje recibido: request_id=02621
2026-04-06 00:01:32,606 | concert_ticketing.adapters.messaging.rabbitmq.consumer | INFO | Mensaje recibido: request_id=02636
2026-04-06 00:01:32,689 | concert_ticketing.adapters.messaging.rabbitmq.consumer | INFO | Mensaje recibido: request_id=02596
2026-04-06 00:01:32,793 | concert_ticketing.adapters.messaging.rabbitmq.consumer | INFO | Mensaje recibido: request_id=02649
2026-04-06 00:01:32,855 | concert_ticketing.adapters.messaging.rabbitmq.consumer | INFO | Mensaje recibido: request_id=02521
2026-04-06 00:01:32,936 | concert_ticketing.adapters.messaging.rabbitmq.consumer | INFO | Mensaje recibido: request_id=02675
2026-04-06 00:01:33,016 | concert_ticketing.adapters.messaging.rabbitmq.consumer | INFO | Mensaje recibido: request_id=02642
2026-04-06 00:01:33,106 | concert_ticketing.adapters.messaging.rabbitmq.consumer | INFO | Mensaje recibido: request_id=02680
2026-04-06 00:01:33,167 | concert_ticketing.adapters.messaging.rabbitmq.consumer | INFO | Mensaje recibido: request_id=02583
2026-04-06 00:01:33,265 | concert_ticketing.adapters.messaging.rabbitmq.consumer | INFO | Mensaje recibido: request_id=02645
2026-04-06 00:01:33,331 | concert_ticketing.adapters.messaging.rabbitmq.consumer | INFO | Mensaje recibido: request_id=02597
2026-04-06 00:01:33,425 | concert_ticketing.adapters.messaging.rabbitmq.consumer | INFO | Mensaje recibido: request_id=02665
2026-04-06 00:01:33,524 | concert_ticketing.adapters.messaging.rabbitmq.consumer | INFO | Mensaje recibido: request_id=02713
2026-04-06 00:01:33,591 | concert_ticketing.adapters.messaging.rabbitmq.consumer | INFO | Mensaje recibido: request_id=02719
2026-04-06 00:01:33,691 | concert_ticketing.adapters.messaging.rabbitmq.consumer | INFO | Mensaje recibido: request_id=02701
2026-04-06 00:01:33,770 | concert_ticketing.adapters.messaging.rabbitmq.consumer | INFO | Mensaje recibido: request_id=02755
2026-04-06 00:01:33,849 | concert_ticketing.adapters.messaging.rabbitmq.consumer | INFO | Mensaje recibido: request_id=02548
2026-04-06 00:01:33,932 | concert_ticketing.adapters.messaging.rabbitmq.consumer | INFO | Mensaje recibido: request_id=02773
2026-04-06 00:01:34,003 | concert_ticketing.adapters.messaging.rabbitmq.consumer | INFO | Mensaje recibido: request_id=02760
2026-04-06 00:01:34,092 | concert_ticketing.adapters.messaging.rabbitmq.consumer | INFO | Mensaje recibido: request_id=02757
2026-04-06 00:01:34,179 | concert_ticketing.adapters.messaging.rabbitmq.consumer | INFO | Mensaje recibido: request_id=02733
2026-04-06 00:01:34,245 | concert_ticketing.adapters.messaging.rabbitmq.consumer | INFO | Mensaje recibido: request_id=02789
2026-04-06 00:01:34,342 | concert_ticketing.adapters.messaging.rabbitmq.consumer | INFO | Mensaje recibido: request_id=02780
2026-04-06 00:01:34,413 | concert_ticketing.adapters.messaging.rabbitmq.consumer | INFO | Mensaje recibido: request_id=02814
2026-04-06 00:01:34,504 | concert_ticketing.adapters.messaging.rabbitmq.consumer | INFO | Mensaje recibido: request_id=02820
2026-04-06 00:01:34,592 | concert_ticketing.adapters.messaging.rabbitmq.consumer | INFO | Mensaje recibido: request_id=02795
2026-04-06 00:01:34,671 | concert_ticketing.adapters.messaging.rabbitmq.consumer | INFO | Mensaje recibido: request_id=02843
2026-04-06 00:01:34,754 | concert_ticketing.adapters.messaging.rabbitmq.consumer | INFO | Mensaje recibido: request_id=02851
2026-04-06 00:01:34,837 | concert_ticketing.adapters.messaging.rabbitmq.consumer | INFO | Mensaje recibido: request_id=02853
2026-04-06 00:01:34,910 | concert_ticketing.adapters.messaging.rabbitmq.consumer | INFO | Mensaje recibido: request_id=02844
2026-04-06 00:01:35,003 | concert_ticketing.adapters.messaging.rabbitmq.consumer | INFO | Mensaje recibido: request_id=02762
2026-04-06 00:01:35,102 | concert_ticketing.adapters.messaging.rabbitmq.consumer | INFO | Mensaje recibido: request_id=02885
2026-04-06 00:01:35,197 | concert_ticketing.adapters.messaging.rabbitmq.consumer | INFO | Mensaje recibido: request_id=02823
2026-04-06 00:01:35,291 | concert_ticketing.adapters.messaging.rabbitmq.consumer | INFO | Mensaje recibido: request_id=02790
2026-04-06 00:01:35,366 | concert_ticketing.adapters.messaging.rabbitmq.consumer | INFO | Mensaje recibido: request_id=02821
2026-04-06 00:01:35,458 | concert_ticketing.adapters.messaging.rabbitmq.consumer | INFO | Mensaje recibido: request_id=02860
2026-04-06 00:01:35,544 | concert_ticketing.adapters.messaging.rabbitmq.consumer | INFO | Mensaje recibido: request_id=02925
2026-04-06 00:01:35,620 | concert_ticketing.adapters.messaging.rabbitmq.consumer | INFO | Mensaje recibido: request_id=02932
2026-04-06 00:01:35,705 | concert_ticketing.adapters.messaging.rabbitmq.consumer | INFO | Mensaje recibido: request_id=02940
2026-04-06 00:01:35,794 | concert_ticketing.adapters.messaging.rabbitmq.consumer | INFO | Mensaje recibido: request_id=02942
2026-04-06 00:01:35,876 | concert_ticketing.adapters.messaging.rabbitmq.consumer | INFO | Mensaje recibido: request_id=02935
2026-04-06 00:01:35,967 | concert_ticketing.adapters.messaging.rabbitmq.consumer | INFO | Mensaje recibido: request_id=02956
2026-04-06 00:01:36,076 | concert_ticketing.adapters.messaging.rabbitmq.consumer | INFO | Mensaje recibido: request_id=02967
2026-04-06 00:01:36,186 | concert_ticketing.adapters.messaging.rabbitmq.consumer | INFO | Mensaje recibido: request_id=02854
2026-04-06 00:01:36,271 | concert_ticketing.adapters.messaging.rabbitmq.consumer | INFO | Mensaje recibido: request_id=02979
2026-04-06 00:01:36,383 | concert_ticketing.adapters.messaging.rabbitmq.consumer | INFO | Mensaje recibido: request_id=02980
2026-04-06 00:01:36,488 | concert_ticketing.adapters.messaging.rabbitmq.consumer | INFO | Mensaje recibido: request_id=02944
2026-04-06 00:01:36,591 | concert_ticketing.adapters.messaging.rabbitmq.consumer | INFO | Mensaje recibido: request_id=02969
2026-04-06 00:01:36,706 | concert_ticketing.adapters.messaging.rabbitmq.consumer | INFO | Mensaje recibido: request_id=03013
2026-04-06 00:01:36,824 | concert_ticketing.adapters.messaging.rabbitmq.consumer | INFO | Mensaje recibido: request_id=03010
2026-04-06 00:01:36,928 | concert_ticketing.adapters.messaging.rabbitmq.consumer | INFO | Mensaje recibido: request_id=02915
2026-04-06 00:01:37,031 | concert_ticketing.adapters.messaging.rabbitmq.consumer | INFO | Mensaje recibido: request_id=03023
2026-04-06 00:01:37,106 | concert_ticketing.adapters.messaging.rabbitmq.consumer | INFO | Mensaje recibido: request_id=02933
2026-04-06 00:01:37,202 | concert_ticketing.adapters.messaging.rabbitmq.consumer | INFO | Mensaje recibido: request_id=03053
2026-04-06 00:01:37,261 | concert_ticketing.adapters.messaging.rabbitmq.consumer | INFO | Mensaje recibido: request_id=02931
2026-04-06 00:01:37,349 | concert_ticketing.adapters.messaging.rabbitmq.consumer | INFO | Mensaje recibido: request_id=03070
2026-04-06 00:01:37,452 | concert_ticketing.adapters.messaging.rabbitmq.consumer | INFO | Mensaje recibido: request_id=03022
2026-04-06 00:01:37,534 | concert_ticketing.adapters.messaging.rabbitmq.consumer | INFO | Mensaje recibido: request_id=02884
2026-04-06 00:01:37,603 | concert_ticketing.adapters.messaging.rabbitmq.consumer | INFO | Mensaje recibido: request_id=03075
2026-04-06 00:01:37,698 | concert_ticketing.adapters.messaging.rabbitmq.consumer | INFO | Mensaje recibido: request_id=03102
2026-04-06 00:01:37,792 | concert_ticketing.adapters.messaging.rabbitmq.consumer | INFO | Mensaje recibido: request_id=03084
2026-04-06 00:01:37,878 | concert_ticketing.adapters.messaging.rabbitmq.consumer | INFO | Mensaje recibido: request_id=03103
2026-04-06 00:01:37,958 | concert_ticketing.adapters.messaging.rabbitmq.consumer | INFO | Mensaje recibido: request_id=03111
2026-04-06 00:01:38,038 | concert_ticketing.adapters.messaging.rabbitmq.consumer | INFO | Mensaje recibido: request_id=03096
2026-04-06 00:01:38,112 | concert_ticketing.adapters.messaging.rabbitmq.consumer | INFO | Mensaje recibido: request_id=03064
2026-04-06 00:01:38,196 | concert_ticketing.adapters.messaging.rabbitmq.consumer | INFO | Mensaje recibido: request_id=03149
2026-04-06 00:01:38,280 | concert_ticketing.adapters.messaging.rabbitmq.consumer | INFO | Mensaje recibido: request_id=03165
2026-04-06 00:01:38,375 | concert_ticketing.adapters.messaging.rabbitmq.consumer | INFO | Mensaje recibido: request_id=03141
2026-04-06 00:01:38,438 | concert_ticketing.adapters.messaging.rabbitmq.consumer | INFO | Mensaje recibido: request_id=03180
2026-04-06 00:01:38,524 | concert_ticketing.adapters.messaging.rabbitmq.consumer | INFO | Mensaje recibido: request_id=03190
2026-04-06 00:01:38,603 | concert_ticketing.adapters.messaging.rabbitmq.consumer | INFO | Mensaje recibido: request_id=03067
2026-04-06 00:01:38,678 | concert_ticketing.adapters.messaging.rabbitmq.consumer | INFO | Mensaje recibido: request_id=03186
2026-04-06 00:01:38,759 | concert_ticketing.adapters.messaging.rabbitmq.consumer | INFO | Mensaje recibido: request_id=03212
2026-04-06 00:01:38,857 | concert_ticketing.adapters.messaging.rabbitmq.consumer | INFO | Mensaje recibido: request_id=03206
2026-04-06 00:01:38,945 | concert_ticketing.adapters.messaging.rabbitmq.consumer | INFO | Mensaje recibido: request_id=03223
2026-04-06 00:01:39,045 | concert_ticketing.adapters.messaging.rabbitmq.consumer | INFO | Mensaje recibido: request_id=03225
2026-04-06 00:01:39,100 | concert_ticketing.adapters.messaging.rabbitmq.consumer | INFO | Mensaje recibido: request_id=03213
2026-04-06 00:01:39,177 | concert_ticketing.adapters.messaging.rabbitmq.consumer | INFO | Mensaje recibido: request_id=03251
2026-04-06 00:01:39,252 | concert_ticketing.adapters.messaging.rabbitmq.consumer | INFO | Mensaje recibido: request_id=03260
2026-04-06 00:01:39,335 | concert_ticketing.adapters.messaging.rabbitmq.consumer | INFO | Mensaje recibido: request_id=03162
2026-04-06 00:01:39,422 | concert_ticketing.adapters.messaging.rabbitmq.consumer | INFO | Mensaje recibido: request_id=03277
2026-04-06 00:01:39,524 | concert_ticketing.adapters.messaging.rabbitmq.consumer | INFO | Mensaje recibido: request_id=03205
2026-04-06 00:01:39,619 | concert_ticketing.adapters.messaging.rabbitmq.consumer | INFO | Mensaje recibido: request_id=03250
2026-04-06 00:01:39,676 | concert_ticketing.adapters.messaging.rabbitmq.consumer | INFO | Mensaje recibido: request_id=03270
2026-04-06 00:01:39,771 | concert_ticketing.adapters.messaging.rabbitmq.consumer | INFO | Mensaje recibido: request_id=03310
2026-04-06 00:01:39,856 | concert_ticketing.adapters.messaging.rabbitmq.consumer | INFO | Mensaje recibido: request_id=03301
2026-04-06 00:01:39,926 | concert_ticketing.adapters.messaging.rabbitmq.consumer | INFO | Mensaje recibido: request_id=03313
2026-04-06 00:01:40,021 | concert_ticketing.adapters.messaging.rabbitmq.consumer | INFO | Mensaje recibido: request_id=03255
2026-04-06 00:01:40,086 | concert_ticketing.adapters.messaging.rabbitmq.consumer | INFO | Mensaje recibido: request_id=03302
2026-04-06 00:01:40,175 | concert_ticketing.adapters.messaging.rabbitmq.consumer | INFO | Mensaje recibido: request_id=03349
2026-04-06 00:01:40,260 | concert_ticketing.adapters.messaging.rabbitmq.consumer | INFO | Mensaje recibido: request_id=03358
2026-04-06 00:01:40,341 | concert_ticketing.adapters.messaging.rabbitmq.consumer | INFO | Mensaje recibido: request_id=03324
2026-04-06 00:01:40,425 | concert_ticketing.adapters.messaging.rabbitmq.consumer | INFO | Mensaje recibido: request_id=03359
2026-04-06 00:01:40,511 | concert_ticketing.adapters.messaging.rabbitmq.consumer | INFO | Mensaje recibido: request_id=03369
2026-04-06 00:01:40,588 | concert_ticketing.adapters.messaging.rabbitmq.consumer | INFO | Mensaje recibido: request_id=03388
2026-04-06 00:01:40,669 | concert_ticketing.adapters.messaging.rabbitmq.consumer | INFO | Mensaje recibido: request_id=03220
2026-04-06 00:01:40,769 | concert_ticketing.adapters.messaging.rabbitmq.consumer | INFO | Mensaje recibido: request_id=03406
2026-04-06 00:01:40,838 | concert_ticketing.adapters.messaging.rabbitmq.consumer | INFO | Mensaje recibido: request_id=03377
2026-04-06 00:01:40,916 | concert_ticketing.adapters.messaging.rabbitmq.consumer | INFO | Mensaje recibido: request_id=03415
2026-04-06 00:01:40,980 | concert_ticketing.adapters.messaging.rabbitmq.consumer | INFO | Mensaje recibido: request_id=03391
2026-04-06 00:01:41,076 | concert_ticketing.adapters.messaging.rabbitmq.consumer | INFO | Mensaje recibido: request_id=03421
2026-04-06 00:01:41,170 | concert_ticketing.adapters.messaging.rabbitmq.consumer | INFO | Mensaje recibido: request_id=03435
2026-04-06 00:01:41,258 | concert_ticketing.adapters.messaging.rabbitmq.consumer | INFO | Mensaje recibido: request_id=03454
2026-04-06 00:01:41,339 | concert_ticketing.adapters.messaging.rabbitmq.consumer | INFO | Mensaje recibido: request_id=03439
2026-04-06 00:01:41,430 | concert_ticketing.adapters.messaging.rabbitmq.consumer | INFO | Mensaje recibido: request_id=03344
2026-04-06 00:01:41,509 | concert_ticketing.adapters.messaging.rabbitmq.consumer | INFO | Mensaje recibido: request_id=03443
2026-04-06 00:01:41,598 | concert_ticketing.adapters.messaging.rabbitmq.consumer | INFO | Mensaje recibido: request_id=03476
2026-04-06 00:01:41,691 | concert_ticketing.adapters.messaging.rabbitmq.consumer | INFO | Mensaje recibido: request_id=03475
2026-04-06 00:01:41,767 | concert_ticketing.adapters.messaging.rabbitmq.consumer | INFO | Mensaje recibido: request_id=03469
2026-04-06 00:01:41,855 | concert_ticketing.adapters.messaging.rabbitmq.consumer | INFO | Mensaje recibido: request_id=03384
2026-04-06 00:01:41,940 | concert_ticketing.adapters.messaging.rabbitmq.consumer | INFO | Mensaje recibido: request_id=03518
2026-04-06 00:01:42,000 | concert_ticketing.adapters.messaging.rabbitmq.consumer | INFO | Mensaje recibido: request_id=03437
2026-04-06 00:01:42,088 | concert_ticketing.adapters.messaging.rabbitmq.consumer | INFO | Mensaje recibido: request_id=03516
2026-04-06 00:01:42,180 | concert_ticketing.adapters.messaging.rabbitmq.consumer | INFO | Mensaje recibido: request_id=03436
2026-04-06 00:01:42,252 | concert_ticketing.adapters.messaging.rabbitmq.consumer | INFO | Mensaje recibido: request_id=03534
2026-04-06 00:01:42,330 | concert_ticketing.adapters.messaging.rabbitmq.consumer | INFO | Mensaje recibido: request_id=03485
2026-04-06 00:01:42,398 | concert_ticketing.adapters.messaging.rabbitmq.consumer | INFO | Mensaje recibido: request_id=03521
2026-04-06 00:01:42,473 | concert_ticketing.adapters.messaging.rabbitmq.consumer | INFO | Mensaje recibido: request_id=03564
2026-04-06 00:01:42,577 | concert_ticketing.adapters.messaging.rabbitmq.consumer | INFO | Mensaje recibido: request_id=03575
2026-04-06 00:01:42,659 | concert_ticketing.adapters.messaging.rabbitmq.consumer | INFO | Mensaje recibido: request_id=03582
2026-04-06 00:01:42,736 | concert_ticketing.adapters.messaging.rabbitmq.consumer | INFO | Mensaje recibido: request_id=03584
2026-04-06 00:01:42,820 | concert_ticketing.adapters.messaging.rabbitmq.consumer | INFO | Mensaje recibido: request_id=03570
2026-04-06 00:01:42,915 | concert_ticketing.adapters.messaging.rabbitmq.consumer | INFO | Mensaje recibido: request_id=03592
2026-04-06 00:01:43,004 | concert_ticketing.adapters.messaging.rabbitmq.consumer | INFO | Mensaje recibido: request_id=03558
2026-04-06 00:01:43,090 | concert_ticketing.adapters.messaging.rabbitmq.consumer | INFO | Mensaje recibido: request_id=03624
2026-04-06 00:01:43,175 | concert_ticketing.adapters.messaging.rabbitmq.consumer | INFO | Mensaje recibido: request_id=03543
2026-04-06 00:01:43,263 | concert_ticketing.adapters.messaging.rabbitmq.consumer | INFO | Mensaje recibido: request_id=03578
2026-04-06 00:01:43,337 | concert_ticketing.adapters.messaging.rabbitmq.consumer | INFO | Mensaje recibido: request_id=03652
2026-04-06 00:01:43,407 | concert_ticketing.adapters.messaging.rabbitmq.consumer | INFO | Mensaje recibido: request_id=03659
2026-04-06 00:01:43,497 | concert_ticketing.adapters.messaging.rabbitmq.consumer | INFO | Mensaje recibido: request_id=03653
2026-04-06 00:01:43,581 | concert_ticketing.adapters.messaging.rabbitmq.consumer | INFO | Mensaje recibido: request_id=03669
2026-04-06 00:01:43,670 | concert_ticketing.adapters.messaging.rabbitmq.consumer | INFO | Mensaje recibido: request_id=03677
2026-04-06 00:01:43,749 | concert_ticketing.adapters.messaging.rabbitmq.consumer | INFO | Mensaje recibido: request_id=03668
2026-04-06 00:01:43,834 | concert_ticketing.adapters.messaging.rabbitmq.consumer | INFO | Mensaje recibido: request_id=03686
2026-04-06 00:01:43,920 | concert_ticketing.adapters.messaging.rabbitmq.consumer | INFO | Mensaje recibido: request_id=03665
2026-04-06 00:01:44,000 | concert_ticketing.adapters.messaging.rabbitmq.consumer | INFO | Mensaje recibido: request_id=03672
2026-04-06 00:01:44,086 | concert_ticketing.adapters.messaging.rabbitmq.consumer | INFO | Mensaje recibido: request_id=03725
2026-04-06 00:01:44,161 | concert_ticketing.adapters.messaging.rabbitmq.consumer | INFO | Mensaje recibido: request_id=03661
2026-04-06 00:01:44,241 | concert_ticketing.adapters.messaging.rabbitmq.consumer | INFO | Mensaje recibido: request_id=03728
2026-04-06 00:01:44,324 | concert_ticketing.adapters.messaging.rabbitmq.consumer | INFO | Mensaje recibido: request_id=03700
2026-04-06 00:01:44,415 | concert_ticketing.adapters.messaging.rabbitmq.consumer | INFO | Mensaje recibido: request_id=03599
2026-04-06 00:01:44,479 | concert_ticketing.adapters.messaging.rabbitmq.consumer | INFO | Mensaje recibido: request_id=03682
2026-04-06 00:01:44,567 | concert_ticketing.adapters.messaging.rabbitmq.consumer | INFO | Mensaje recibido: request_id=03681
2026-04-06 00:01:44,659 | concert_ticketing.adapters.messaging.rabbitmq.consumer | INFO | Mensaje recibido: request_id=03748
2026-04-06 00:01:44,738 | concert_ticketing.adapters.messaging.rabbitmq.consumer | INFO | Mensaje recibido: request_id=03783
2026-04-06 00:01:44,825 | concert_ticketing.adapters.messaging.rabbitmq.consumer | INFO | Mensaje recibido: request_id=03796
2026-04-06 00:01:44,902 | concert_ticketing.adapters.messaging.rabbitmq.consumer | INFO | Mensaje recibido: request_id=03771
2026-04-06 00:01:44,976 | concert_ticketing.adapters.messaging.rabbitmq.consumer | INFO | Mensaje recibido: request_id=03806
2026-04-06 00:01:45,066 | concert_ticketing.adapters.messaging.rabbitmq.consumer | INFO | Mensaje recibido: request_id=03764
2026-04-06 00:01:45,135 | concert_ticketing.adapters.messaging.rabbitmq.consumer | INFO | Mensaje recibido: request_id=03810
2026-04-06 00:01:45,217 | concert_ticketing.adapters.messaging.rabbitmq.consumer | INFO | Mensaje recibido: request_id=03699
2026-04-06 00:01:45,296 | concert_ticketing.adapters.messaging.rabbitmq.consumer | INFO | Mensaje recibido: request_id=03825
2026-04-06 00:01:45,384 | concert_ticketing.adapters.messaging.rabbitmq.consumer | INFO | Mensaje recibido: request_id=03820
2026-04-06 00:01:45,486 | concert_ticketing.adapters.messaging.rabbitmq.consumer | INFO | Mensaje recibido: request_id=03802
2026-04-06 00:01:45,617 | concert_ticketing.adapters.messaging.rabbitmq.consumer | INFO | Mensaje recibido: request_id=03829
2026-04-06 00:01:45,689 | concert_ticketing.adapters.messaging.rabbitmq.consumer | INFO | Mensaje recibido: request_id=03815
2026-04-06 00:01:45,781 | concert_ticketing.adapters.messaging.rabbitmq.consumer | INFO | Mensaje recibido: request_id=03740
2026-04-06 00:01:45,871 | concert_ticketing.adapters.messaging.rabbitmq.consumer | INFO | Mensaje recibido: request_id=03894
2026-04-06 00:01:45,958 | concert_ticketing.adapters.messaging.rabbitmq.consumer | INFO | Mensaje recibido: request_id=03884
2026-04-06 00:01:46,044 | concert_ticketing.adapters.messaging.rabbitmq.consumer | INFO | Mensaje recibido: request_id=03909
2026-04-06 00:01:46,128 | concert_ticketing.adapters.messaging.rabbitmq.consumer | INFO | Mensaje recibido: request_id=03916
2026-04-06 00:01:46,204 | concert_ticketing.adapters.messaging.rabbitmq.consumer | INFO | Mensaje recibido: request_id=03838
2026-04-06 00:01:46,292 | concert_ticketing.adapters.messaging.rabbitmq.consumer | INFO | Mensaje recibido: request_id=03904
2026-04-06 00:01:46,392 | concert_ticketing.adapters.messaging.rabbitmq.consumer | INFO | Mensaje recibido: request_id=03919
2026-04-06 00:01:46,452 | concert_ticketing.adapters.messaging.rabbitmq.consumer | INFO | Mensaje recibido: request_id=03761
2026-04-06 00:01:46,550 | concert_ticketing.adapters.messaging.rabbitmq.consumer | INFO | Mensaje recibido: request_id=03870
2026-04-06 00:01:46,630 | concert_ticketing.adapters.messaging.rabbitmq.consumer | INFO | Mensaje recibido: request_id=03899
2026-04-06 00:01:46,715 | concert_ticketing.adapters.messaging.rabbitmq.consumer | INFO | Mensaje recibido: request_id=03969
2026-04-06 00:01:46,819 | concert_ticketing.adapters.messaging.rabbitmq.consumer | INFO | Mensaje recibido: request_id=03841
2026-04-06 00:01:46,891 | concert_ticketing.adapters.messaging.rabbitmq.consumer | INFO | Mensaje recibido: request_id=03989
2026-04-06 00:01:46,988 | concert_ticketing.adapters.messaging.rabbitmq.consumer | INFO | Mensaje recibido: request_id=03918
2026-04-06 00:01:47,078 | concert_ticketing.adapters.messaging.rabbitmq.consumer | INFO | Mensaje recibido: request_id=04003
2026-04-06 00:01:47,192 | concert_ticketing.adapters.messaging.rabbitmq.consumer | INFO | Mensaje recibido: request_id=04010
2026-04-06 00:01:47,275 | concert_ticketing.adapters.messaging.rabbitmq.consumer | INFO | Mensaje recibido: request_id=03964
2026-04-06 00:01:47,383 | concert_ticketing.adapters.messaging.rabbitmq.consumer | INFO | Mensaje recibido: request_id=04007
2026-04-06 00:01:47,482 | concert_ticketing.adapters.messaging.rabbitmq.consumer | INFO | Mensaje recibido: request_id=04035
2026-04-06 00:01:47,578 | concert_ticketing.adapters.messaging.rabbitmq.consumer | INFO | Mensaje recibido: request_id=04022
2026-04-06 00:01:47,697 | concert_ticketing.adapters.messaging.rabbitmq.consumer | INFO | Mensaje recibido: request_id=04047
2026-04-06 00:01:47,775 | concert_ticketing.adapters.messaging.rabbitmq.consumer | INFO | Mensaje recibido: request_id=03944
2026-04-06 00:01:47,876 | concert_ticketing.adapters.messaging.rabbitmq.consumer | INFO | Mensaje recibido: request_id=04027
2026-04-06 00:01:47,984 | concert_ticketing.adapters.messaging.rabbitmq.consumer | INFO | Mensaje recibido: request_id=04057
2026-04-06 00:01:48,059 | concert_ticketing.adapters.messaging.rabbitmq.consumer | INFO | Mensaje recibido: request_id=04045
2026-04-06 00:01:48,145 | concert_ticketing.adapters.messaging.rabbitmq.consumer | INFO | Mensaje recibido: request_id=04084
2026-04-06 00:01:48,229 | concert_ticketing.adapters.messaging.rabbitmq.consumer | INFO | Mensaje recibido: request_id=04032
2026-04-06 00:01:48,312 | concert_ticketing.adapters.messaging.rabbitmq.consumer | INFO | Mensaje recibido: request_id=04067
2026-04-06 00:01:48,404 | concert_ticketing.adapters.messaging.rabbitmq.consumer | INFO | Mensaje recibido: request_id=04117
2026-04-06 00:01:48,481 | concert_ticketing.adapters.messaging.rabbitmq.consumer | INFO | Mensaje recibido: request_id=04087
2026-04-06 00:01:48,566 | concert_ticketing.adapters.messaging.rabbitmq.consumer | INFO | Mensaje recibido: request_id=04105
2026-04-06 00:01:48,633 | concert_ticketing.adapters.messaging.rabbitmq.consumer | INFO | Mensaje recibido: request_id=04103
2026-04-06 00:01:48,706 | concert_ticketing.adapters.messaging.rabbitmq.consumer | INFO | Mensaje recibido: request_id=04137
2026-04-06 00:01:48,787 | concert_ticketing.adapters.messaging.rabbitmq.consumer | INFO | Mensaje recibido: request_id=04136
2026-04-06 00:01:48,865 | concert_ticketing.adapters.messaging.rabbitmq.consumer | INFO | Mensaje recibido: request_id=04005
2026-04-06 00:01:48,941 | concert_ticketing.adapters.messaging.rabbitmq.consumer | INFO | Mensaje recibido: request_id=04173
2026-04-06 00:01:49,025 | concert_ticketing.adapters.messaging.rabbitmq.consumer | INFO | Mensaje recibido: request_id=04172
2026-04-06 00:01:49,115 | concert_ticketing.adapters.messaging.rabbitmq.consumer | INFO | Mensaje recibido: request_id=04188
2026-04-06 00:01:49,186 | concert_ticketing.adapters.messaging.rabbitmq.consumer | INFO | Mensaje recibido: request_id=04110
2026-04-06 00:01:49,254 | concert_ticketing.adapters.messaging.rabbitmq.consumer | INFO | Mensaje recibido: request_id=04195
2026-04-06 00:01:49,342 | concert_ticketing.adapters.messaging.rabbitmq.consumer | INFO | Mensaje recibido: request_id=04214
2026-04-06 00:01:49,425 | concert_ticketing.adapters.messaging.rabbitmq.consumer | INFO | Mensaje recibido: request_id=04201
2026-04-06 00:01:49,505 | concert_ticketing.adapters.messaging.rabbitmq.consumer | INFO | Mensaje recibido: request_id=04212
2026-04-06 00:01:49,576 | concert_ticketing.adapters.messaging.rabbitmq.consumer | INFO | Mensaje recibido: request_id=04099
2026-04-06 00:01:49,673 | concert_ticketing.adapters.messaging.rabbitmq.consumer | INFO | Mensaje recibido: request_id=04218
2026-04-06 00:01:49,740 | concert_ticketing.adapters.messaging.rabbitmq.consumer | INFO | Mensaje recibido: request_id=04217
2026-04-06 00:01:49,813 | concert_ticketing.adapters.messaging.rabbitmq.consumer | INFO | Mensaje recibido: request_id=04261
2026-04-06 00:01:49,898 | concert_ticketing.adapters.messaging.rabbitmq.consumer | INFO | Mensaje recibido: request_id=04199
2026-04-06 00:01:49,986 | concert_ticketing.adapters.messaging.rabbitmq.consumer | INFO | Mensaje recibido: request_id=04252
2026-04-06 00:01:50,071 | concert_ticketing.adapters.messaging.rabbitmq.consumer | INFO | Mensaje recibido: request_id=04276
2026-04-06 00:01:50,161 | concert_ticketing.adapters.messaging.rabbitmq.consumer | INFO | Mensaje recibido: request_id=04247
2026-04-06 00:01:50,236 | concert_ticketing.adapters.messaging.rabbitmq.consumer | INFO | Mensaje recibido: request_id=04259
2026-04-06 00:01:50,327 | concert_ticketing.adapters.messaging.rabbitmq.consumer | INFO | Mensaje recibido: request_id=04283
2026-04-06 00:01:50,398 | concert_ticketing.adapters.messaging.rabbitmq.consumer | INFO | Mensaje recibido: request_id=04315
2026-04-06 00:01:50,473 | concert_ticketing.adapters.messaging.rabbitmq.consumer | INFO | Mensaje recibido: request_id=04287
2026-04-06 00:01:50,562 | concert_ticketing.adapters.messaging.rabbitmq.consumer | INFO | Mensaje recibido: request_id=04279
2026-04-06 00:01:50,642 | concert_ticketing.adapters.messaging.rabbitmq.consumer | INFO | Mensaje recibido: request_id=04198
2026-04-06 00:01:50,726 | concert_ticketing.adapters.messaging.rabbitmq.consumer | INFO | Mensaje recibido: request_id=04152
2026-04-06 00:01:50,816 | concert_ticketing.adapters.messaging.rabbitmq.consumer | INFO | Mensaje recibido: request_id=04310
2026-04-06 00:01:50,905 | concert_ticketing.adapters.messaging.rabbitmq.consumer | INFO | Mensaje recibido: request_id=04366
2026-04-06 00:01:50,980 | concert_ticketing.adapters.messaging.rabbitmq.consumer | INFO | Mensaje recibido: request_id=04352
2026-04-06 00:01:51,074 | concert_ticketing.adapters.messaging.rabbitmq.consumer | INFO | Mensaje recibido: request_id=04351
2026-04-06 00:01:51,141 | concert_ticketing.adapters.messaging.rabbitmq.consumer | INFO | Mensaje recibido: request_id=04364
2026-04-06 00:01:51,232 | concert_ticketing.adapters.messaging.rabbitmq.consumer | INFO | Mensaje recibido: request_id=04367
2026-04-06 00:01:51,303 | concert_ticketing.adapters.messaging.rabbitmq.consumer | INFO | Mensaje recibido: request_id=04383
2026-04-06 00:01:51,397 | concert_ticketing.adapters.messaging.rabbitmq.consumer | INFO | Mensaje recibido: request_id=04400
2026-04-06 00:01:51,448 | concert_ticketing.adapters.messaging.rabbitmq.consumer | INFO | Mensaje recibido: request_id=04345
2026-04-06 00:01:51,542 | concert_ticketing.adapters.messaging.rabbitmq.consumer | INFO | Mensaje recibido: request_id=04396
2026-04-06 00:01:51,640 | concert_ticketing.adapters.messaging.rabbitmq.consumer | INFO | Mensaje recibido: request_id=04415
2026-04-06 00:01:51,723 | concert_ticketing.adapters.messaging.rabbitmq.consumer | INFO | Mensaje recibido: request_id=04316
2026-04-06 00:01:51,807 | concert_ticketing.adapters.messaging.rabbitmq.consumer | INFO | Mensaje recibido: request_id=04453
2026-04-06 00:01:51,897 | concert_ticketing.adapters.messaging.rabbitmq.consumer | INFO | Mensaje recibido: request_id=04430
2026-04-06 00:01:51,990 | concert_ticketing.adapters.messaging.rabbitmq.consumer | INFO | Mensaje recibido: request_id=04467
2026-04-06 00:01:52,059 | concert_ticketing.adapters.messaging.rabbitmq.consumer | INFO | Mensaje recibido: request_id=04405
2026-04-06 00:01:52,141 | concert_ticketing.adapters.messaging.rabbitmq.consumer | INFO | Mensaje recibido: request_id=04395
2026-04-06 00:01:52,230 | concert_ticketing.adapters.messaging.rabbitmq.consumer | INFO | Mensaje recibido: request_id=04378
2026-04-06 00:01:52,310 | concert_ticketing.adapters.messaging.rabbitmq.consumer | INFO | Mensaje recibido: request_id=04317
2026-04-06 00:01:52,419 | concert_ticketing.adapters.messaging.rabbitmq.consumer | INFO | Mensaje recibido: request_id=04431
2026-04-06 00:01:52,500 | concert_ticketing.adapters.messaging.rabbitmq.consumer | INFO | Mensaje recibido: request_id=04462
2026-04-06 00:01:52,591 | concert_ticketing.adapters.messaging.rabbitmq.consumer | INFO | Mensaje recibido: request_id=04443
2026-04-06 00:01:52,669 | concert_ticketing.adapters.messaging.rabbitmq.consumer | INFO | Mensaje recibido: request_id=04499
2026-04-06 00:01:52,740 | concert_ticketing.adapters.messaging.rabbitmq.consumer | INFO | Mensaje recibido: request_id=04533
2026-04-06 00:01:52,840 | concert_ticketing.adapters.messaging.rabbitmq.consumer | INFO | Mensaje recibido: request_id=04493
2026-04-06 00:01:52,923 | concert_ticketing.adapters.messaging.rabbitmq.consumer | INFO | Mensaje recibido: request_id=04506
2026-04-06 00:01:53,015 | concert_ticketing.adapters.messaging.rabbitmq.consumer | INFO | Mensaje recibido: request_id=04485
2026-04-06 00:01:53,106 | concert_ticketing.adapters.messaging.rabbitmq.consumer | INFO | Mensaje recibido: request_id=04519
2026-04-06 00:01:53,181 | concert_ticketing.adapters.messaging.rabbitmq.consumer | INFO | Mensaje recibido: request_id=04580
2026-04-06 00:01:53,274 | concert_ticketing.adapters.messaging.rabbitmq.consumer | INFO | Mensaje recibido: request_id=04570
2026-04-06 00:01:53,345 | concert_ticketing.adapters.messaging.rabbitmq.consumer | INFO | Mensaje recibido: request_id=04564
2026-04-06 00:01:53,444 | concert_ticketing.adapters.messaging.rabbitmq.consumer | INFO | Mensaje recibido: request_id=04529
2026-04-06 00:01:53,528 | concert_ticketing.adapters.messaging.rabbitmq.consumer | INFO | Mensaje recibido: request_id=04608
2026-04-06 00:01:53,626 | concert_ticketing.adapters.messaging.rabbitmq.consumer | INFO | Mensaje recibido: request_id=04605
2026-04-06 00:01:53,707 | concert_ticketing.adapters.messaging.rabbitmq.consumer | INFO | Mensaje recibido: request_id=04543
2026-04-06 00:01:53,777 | concert_ticketing.adapters.messaging.rabbitmq.consumer | INFO | Mensaje recibido: request_id=04558
2026-04-06 00:01:53,865 | concert_ticketing.adapters.messaging.rabbitmq.consumer | INFO | Mensaje recibido: request_id=04617
2026-04-06 00:01:53,967 | concert_ticketing.adapters.messaging.rabbitmq.consumer | INFO | Mensaje recibido: request_id=04610
2026-04-06 00:01:54,050 | concert_ticketing.adapters.messaging.rabbitmq.consumer | INFO | Mensaje recibido: request_id=04661
2026-04-06 00:01:54,124 | concert_ticketing.adapters.messaging.rabbitmq.consumer | INFO | Mensaje recibido: request_id=04609
2026-04-06 00:01:54,212 | concert_ticketing.adapters.messaging.rabbitmq.consumer | INFO | Mensaje recibido: request_id=04668
2026-04-06 00:01:54,312 | concert_ticketing.adapters.messaging.rabbitmq.consumer | INFO | Mensaje recibido: request_id=04557
2026-04-06 00:01:54,385 | concert_ticketing.adapters.messaging.rabbitmq.consumer | INFO | Mensaje recibido: request_id=04676
2026-04-06 00:01:54,480 | concert_ticketing.adapters.messaging.rabbitmq.consumer | INFO | Mensaje recibido: request_id=04700
2026-04-06 00:01:54,570 | concert_ticketing.adapters.messaging.rabbitmq.consumer | INFO | Mensaje recibido: request_id=04703
2026-04-06 00:01:54,631 | concert_ticketing.adapters.messaging.rabbitmq.consumer | INFO | Mensaje recibido: request_id=04714
2026-04-06 00:01:54,717 | concert_ticketing.adapters.messaging.rabbitmq.consumer | INFO | Mensaje recibido: request_id=04717
2026-04-06 00:01:54,805 | concert_ticketing.adapters.messaging.rabbitmq.consumer | INFO | Mensaje recibido: request_id=04733
2026-04-06 00:01:54,903 | concert_ticketing.adapters.messaging.rabbitmq.consumer | INFO | Mensaje recibido: request_id=04634
2026-04-06 00:01:54,962 | concert_ticketing.adapters.messaging.rabbitmq.consumer | INFO | Mensaje recibido: request_id=04692
2026-04-06 00:01:55,054 | concert_ticketing.adapters.messaging.rabbitmq.consumer | INFO | Mensaje recibido: request_id=04756
2026-04-06 00:01:55,141 | concert_ticketing.adapters.messaging.rabbitmq.consumer | INFO | Mensaje recibido: request_id=04753
2026-04-06 00:01:55,213 | concert_ticketing.adapters.messaging.rabbitmq.consumer | INFO | Mensaje recibido: request_id=04769
2026-04-06 00:01:55,308 | concert_ticketing.adapters.messaging.rabbitmq.consumer | INFO | Mensaje recibido: request_id=04696
2026-04-06 00:01:55,387 | concert_ticketing.adapters.messaging.rabbitmq.consumer | INFO | Mensaje recibido: request_id=04715
2026-04-06 00:01:55,466 | concert_ticketing.adapters.messaging.rabbitmq.consumer | INFO | Mensaje recibido: request_id=04773
2026-04-06 00:01:55,554 | concert_ticketing.adapters.messaging.rabbitmq.consumer | INFO | Mensaje recibido: request_id=04785
2026-04-06 00:01:55,648 | concert_ticketing.adapters.messaging.rabbitmq.consumer | INFO | Mensaje recibido: request_id=04776
2026-04-06 00:01:55,713 | concert_ticketing.adapters.messaging.rabbitmq.consumer | INFO | Mensaje recibido: request_id=04787
2026-04-06 00:01:55,820 | concert_ticketing.adapters.messaging.rabbitmq.consumer | INFO | Mensaje recibido: request_id=04806
2026-04-06 00:01:55,898 | concert_ticketing.adapters.messaging.rabbitmq.consumer | INFO | Mensaje recibido: request_id=04837
2026-04-06 00:01:55,978 | concert_ticketing.adapters.messaging.rabbitmq.consumer | INFO | Mensaje recibido: request_id=04844
2026-04-06 00:01:56,059 | concert_ticketing.adapters.messaging.rabbitmq.consumer | INFO | Mensaje recibido: request_id=04809
2026-04-06 00:01:56,140 | concert_ticketing.adapters.messaging.rabbitmq.consumer | INFO | Mensaje recibido: request_id=04784
2026-04-06 00:01:56,230 | concert_ticketing.adapters.messaging.rabbitmq.consumer | INFO | Mensaje recibido: request_id=04841
2026-04-06 00:01:56,326 | concert_ticketing.adapters.messaging.rabbitmq.consumer | INFO | Mensaje recibido: request_id=04869
2026-04-06 00:01:56,413 | concert_ticketing.adapters.messaging.rabbitmq.consumer | INFO | Mensaje recibido: request_id=04874
2026-04-06 00:01:56,479 | concert_ticketing.adapters.messaging.rabbitmq.consumer | INFO | Mensaje recibido: request_id=04824
2026-04-06 00:01:56,575 | concert_ticketing.adapters.messaging.rabbitmq.consumer | INFO | Mensaje recibido: request_id=04900
2026-04-06 00:01:56,657 | concert_ticketing.adapters.messaging.rabbitmq.consumer | INFO | Mensaje recibido: request_id=04882
2026-04-06 00:01:56,746 | concert_ticketing.adapters.messaging.rabbitmq.consumer | INFO | Mensaje recibido: request_id=04904
2026-04-06 00:01:56,826 | concert_ticketing.adapters.messaging.rabbitmq.consumer | INFO | Mensaje recibido: request_id=04839
2026-04-06 00:01:56,908 | concert_ticketing.adapters.messaging.rabbitmq.consumer | INFO | Mensaje recibido: request_id=04933
2026-04-06 00:01:56,980 | concert_ticketing.adapters.messaging.rabbitmq.consumer | INFO | Mensaje recibido: request_id=04879
2026-04-06 00:01:57,054 | concert_ticketing.adapters.messaging.rabbitmq.consumer | INFO | Mensaje recibido: request_id=04930
2026-04-06 00:01:57,154 | concert_ticketing.adapters.messaging.rabbitmq.consumer | INFO | Mensaje recibido: request_id=04956
2026-04-06 00:01:57,219 | concert_ticketing.adapters.messaging.rabbitmq.consumer | INFO | Mensaje recibido: request_id=04884
2026-04-06 00:01:57,301 | concert_ticketing.adapters.messaging.rabbitmq.consumer | INFO | Mensaje recibido: request_id=04972
2026-04-06 00:01:57,403 | concert_ticketing.adapters.messaging.rabbitmq.consumer | INFO | Mensaje recibido: request_id=04951
2026-04-06 00:01:57,480 | concert_ticketing.adapters.messaging.rabbitmq.consumer | INFO | Mensaje recibido: request_id=04926
2026-04-06 00:01:57,571 | concert_ticketing.adapters.messaging.rabbitmq.consumer | INFO | Mensaje recibido: request_id=04982
2026-04-06 00:01:57,645 | concert_ticketing.adapters.messaging.rabbitmq.consumer | INFO | Mensaje recibido: request_id=04890
2026-04-06 00:01:57,726 | concert_ticketing.adapters.messaging.rabbitmq.consumer | INFO | Mensaje recibido: request_id=04992
2026-04-06 00:01:57,812 | concert_ticketing.adapters.messaging.rabbitmq.consumer | INFO | Mensaje recibido: request_id=04975
2026-04-06 00:01:57,890 | concert_ticketing.adapters.messaging.rabbitmq.consumer | INFO | Mensaje recibido: request_id=04989
2026-04-06 00:01:57,974 | concert_ticketing.adapters.messaging.rabbitmq.consumer | INFO | Mensaje recibido: request_id=04995
2026-04-06 00:01:58,058 | concert_ticketing.adapters.messaging.rabbitmq.consumer | INFO | Mensaje recibido: request_id=05023
2026-04-06 00:01:58,162 | concert_ticketing.adapters.messaging.rabbitmq.consumer | INFO | Mensaje recibido: request_id=05040
2026-04-06 00:01:58,237 | concert_ticketing.adapters.messaging.rabbitmq.consumer | INFO | Mensaje recibido: request_id=04990
2026-04-06 00:01:58,334 | concert_ticketing.adapters.messaging.rabbitmq.consumer | INFO | Mensaje recibido: request_id=05069
2026-04-06 00:01:58,442 | concert_ticketing.adapters.messaging.rabbitmq.consumer | INFO | Mensaje recibido: request_id=05079
2026-04-06 00:01:58,535 | concert_ticketing.adapters.messaging.rabbitmq.consumer | INFO | Mensaje recibido: request_id=04846
2026-04-06 00:01:58,642 | concert_ticketing.adapters.messaging.rabbitmq.consumer | INFO | Mensaje recibido: request_id=05057
2026-04-06 00:01:58,722 | concert_ticketing.adapters.messaging.rabbitmq.consumer | INFO | Mensaje recibido: request_id=05099
2026-04-06 00:01:58,822 | concert_ticketing.adapters.messaging.rabbitmq.consumer | INFO | Mensaje recibido: request_id=05074
2026-04-06 00:01:58,937 | concert_ticketing.adapters.messaging.rabbitmq.consumer | INFO | Mensaje recibido: request_id=05117
2026-04-06 00:01:59,066 | concert_ticketing.adapters.messaging.rabbitmq.consumer | INFO | Mensaje recibido: request_id=05033
2026-04-06 00:01:59,152 | concert_ticketing.adapters.messaging.rabbitmq.consumer | INFO | Mensaje recibido: request_id=05032
2026-04-06 00:01:59,231 | concert_ticketing.adapters.messaging.rabbitmq.consumer | INFO | Mensaje recibido: request_id=05086
2026-04-06 00:01:59,328 | concert_ticketing.adapters.messaging.rabbitmq.consumer | INFO | Mensaje recibido: request_id=05027
2026-04-06 00:01:59,404 | concert_ticketing.adapters.messaging.rabbitmq.consumer | INFO | Mensaje recibido: request_id=05139
2026-04-06 00:01:59,487 | concert_ticketing.adapters.messaging.rabbitmq.consumer | INFO | Mensaje recibido: request_id=05054
2026-04-06 00:01:59,560 | concert_ticketing.adapters.messaging.rabbitmq.consumer | INFO | Mensaje recibido: request_id=05035
2026-04-06 00:01:59,646 | concert_ticketing.adapters.messaging.rabbitmq.consumer | INFO | Mensaje recibido: request_id=05125
2026-04-06 00:01:59,717 | concert_ticketing.adapters.messaging.rabbitmq.consumer | INFO | Mensaje recibido: request_id=05187
2026-04-06 00:01:59,795 | concert_ticketing.adapters.messaging.rabbitmq.consumer | INFO | Mensaje recibido: request_id=05178
2026-04-06 00:01:59,874 | concert_ticketing.adapters.messaging.rabbitmq.consumer | INFO | Mensaje recibido: request_id=05018
2026-04-06 00:01:59,951 | concert_ticketing.adapters.messaging.rabbitmq.consumer | INFO | Mensaje recibido: request_id=05188
2026-04-06 00:02:00,017 | concert_ticketing.adapters.messaging.rabbitmq.consumer | INFO | Mensaje recibido: request_id=05084
2026-04-06 00:02:00,102 | concert_ticketing.adapters.messaging.rabbitmq.consumer | INFO | Mensaje recibido: request_id=05215
2026-04-06 00:02:00,167 | concert_ticketing.adapters.messaging.rabbitmq.consumer | INFO | Mensaje recibido: request_id=05231
2026-04-06 00:02:00,258 | concert_ticketing.adapters.messaging.rabbitmq.consumer | INFO | Mensaje recibido: request_id=05239
2026-04-06 00:02:00,338 | concert_ticketing.adapters.messaging.rabbitmq.consumer | INFO | Mensaje recibido: request_id=05240
2026-04-06 00:02:00,440 | concert_ticketing.adapters.messaging.rabbitmq.consumer | INFO | Mensaje recibido: request_id=05256
2026-04-06 00:02:00,513 | concert_ticketing.adapters.messaging.rabbitmq.consumer | INFO | Mensaje recibido: request_id=05268
2026-04-06 00:02:00,596 | concert_ticketing.adapters.messaging.rabbitmq.consumer | INFO | Mensaje recibido: request_id=05219
2026-04-06 00:02:00,678 | concert_ticketing.adapters.messaging.rabbitmq.consumer | INFO | Mensaje recibido: request_id=05259
2026-04-06 00:02:00,768 | concert_ticketing.adapters.messaging.rabbitmq.consumer | INFO | Mensaje recibido: request_id=05295
2026-04-06 00:02:00,834 | concert_ticketing.adapters.messaging.rabbitmq.consumer | INFO | Mensaje recibido: request_id=05135
2026-04-06 00:02:00,929 | concert_ticketing.adapters.messaging.rabbitmq.consumer | INFO | Mensaje recibido: request_id=05302
2026-04-06 00:02:01,008 | concert_ticketing.adapters.messaging.rabbitmq.consumer | INFO | Mensaje recibido: request_id=05308
2026-04-06 00:02:01,095 | concert_ticketing.adapters.messaging.rabbitmq.consumer | INFO | Mensaje recibido: request_id=05301
2026-04-06 00:02:01,187 | concert_ticketing.adapters.messaging.rabbitmq.consumer | INFO | Mensaje recibido: request_id=05322
2026-04-06 00:02:01,258 | concert_ticketing.adapters.messaging.rabbitmq.consumer | INFO | Mensaje recibido: request_id=05312
2026-04-06 00:02:01,354 | concert_ticketing.adapters.messaging.rabbitmq.consumer | INFO | Mensaje recibido: request_id=05315
2026-04-06 00:02:01,458 | concert_ticketing.adapters.messaging.rabbitmq.consumer | INFO | Mensaje recibido: request_id=05348
2026-04-06 00:02:01,540 | concert_ticketing.adapters.messaging.rabbitmq.consumer | INFO | Mensaje recibido: request_id=05338
2026-04-06 00:02:01,621 | concert_ticketing.adapters.messaging.rabbitmq.consumer | INFO | Mensaje recibido: request_id=05373
2026-04-06 00:02:01,703 | concert_ticketing.adapters.messaging.rabbitmq.consumer | INFO | Mensaje recibido: request_id=05381
2026-04-06 00:02:01,786 | concert_ticketing.adapters.messaging.rabbitmq.consumer | INFO | Mensaje recibido: request_id=05388
2026-04-06 00:02:01,861 | concert_ticketing.adapters.messaging.rabbitmq.consumer | INFO | Mensaje recibido: request_id=05274
2026-04-06 00:02:01,954 | concert_ticketing.adapters.messaging.rabbitmq.consumer | INFO | Mensaje recibido: request_id=05374
2026-04-06 00:02:02,023 | concert_ticketing.adapters.messaging.rabbitmq.consumer | INFO | Mensaje recibido: request_id=05393
2026-04-06 00:02:02,126 | concert_ticketing.adapters.messaging.rabbitmq.consumer | INFO | Mensaje recibido: request_id=05401
2026-04-06 00:02:02,222 | concert_ticketing.adapters.messaging.rabbitmq.consumer | INFO | Mensaje recibido: request_id=05406
2026-04-06 00:02:02,298 | concert_ticketing.adapters.messaging.rabbitmq.consumer | INFO | Mensaje recibido: request_id=05418
2026-04-06 00:02:02,379 | concert_ticketing.adapters.messaging.rabbitmq.consumer | INFO | Mensaje recibido: request_id=05443
2026-04-06 00:02:02,474 | concert_ticketing.adapters.messaging.rabbitmq.consumer | INFO | Mensaje recibido: request_id=05445
2026-04-06 00:02:02,558 | concert_ticketing.adapters.messaging.rabbitmq.consumer | INFO | Mensaje recibido: request_id=05407
2026-04-06 00:02:02,625 | concert_ticketing.adapters.messaging.rabbitmq.consumer | INFO | Mensaje recibido: request_id=05416
2026-04-06 00:02:02,691 | concert_ticketing.adapters.messaging.rabbitmq.consumer | INFO | Mensaje recibido: request_id=05375
2026-04-06 00:02:02,762 | concert_ticketing.adapters.messaging.rabbitmq.consumer | INFO | Mensaje recibido: request_id=05377
2026-04-06 00:02:02,842 | concert_ticketing.adapters.messaging.rabbitmq.consumer | INFO | Mensaje recibido: request_id=05363
2026-04-06 00:02:02,930 | concert_ticketing.adapters.messaging.rabbitmq.consumer | INFO | Mensaje recibido: request_id=05500
2026-04-06 00:02:03,022 | concert_ticketing.adapters.messaging.rabbitmq.consumer | INFO | Mensaje recibido: request_id=05392
2026-04-06 00:02:03,125 | concert_ticketing.adapters.messaging.rabbitmq.consumer | INFO | Mensaje recibido: request_id=05519
2026-04-06 00:02:03,202 | concert_ticketing.adapters.messaging.rabbitmq.consumer | INFO | Mensaje recibido: request_id=05479
2026-04-06 00:02:03,300 | concert_ticketing.adapters.messaging.rabbitmq.consumer | INFO | Mensaje recibido: request_id=05526
2026-04-06 00:02:03,366 | concert_ticketing.adapters.messaging.rabbitmq.consumer | INFO | Mensaje recibido: request_id=05487
2026-04-06 00:02:03,435 | concert_ticketing.adapters.messaging.rabbitmq.consumer | INFO | Mensaje recibido: request_id=05524
2026-04-06 00:02:03,531 | concert_ticketing.adapters.messaging.rabbitmq.consumer | INFO | Mensaje recibido: request_id=05528
2026-04-06 00:02:03,617 | concert_ticketing.adapters.messaging.rabbitmq.consumer | INFO | Mensaje recibido: request_id=05557
2026-04-06 00:02:03,698 | concert_ticketing.adapters.messaging.rabbitmq.consumer | INFO | Mensaje recibido: request_id=05573
2026-04-06 00:02:03,802 | concert_ticketing.adapters.messaging.rabbitmq.consumer | INFO | Mensaje recibido: request_id=05559
2026-04-06 00:02:03,882 | concert_ticketing.adapters.messaging.rabbitmq.consumer | INFO | Mensaje recibido: request_id=05587
2026-04-06 00:02:03,961 | concert_ticketing.adapters.messaging.rabbitmq.consumer | INFO | Mensaje recibido: request_id=05590
2026-04-06 00:02:04,061 | concert_ticketing.adapters.messaging.rabbitmq.consumer | INFO | Mensaje recibido: request_id=05546
2026-04-06 00:02:04,129 | concert_ticketing.adapters.messaging.rabbitmq.consumer | INFO | Mensaje recibido: request_id=05550
2026-04-06 00:02:04,221 | concert_ticketing.adapters.messaging.rabbitmq.consumer | INFO | Mensaje recibido: request_id=05517
2026-04-06 00:02:04,304 | concert_ticketing.adapters.messaging.rabbitmq.consumer | INFO | Mensaje recibido: request_id=05592
2026-04-06 00:02:04,382 | concert_ticketing.adapters.messaging.rabbitmq.consumer | INFO | Mensaje recibido: request_id=05510
2026-04-06 00:02:04,463 | concert_ticketing.adapters.messaging.rabbitmq.consumer | INFO | Mensaje recibido: request_id=05450
2026-04-06 00:02:04,534 | concert_ticketing.adapters.messaging.rabbitmq.consumer | INFO | Mensaje recibido: request_id=05631
2026-04-06 00:02:04,622 | concert_ticketing.adapters.messaging.rabbitmq.consumer | INFO | Mensaje recibido: request_id=05662
2026-04-06 00:02:04,684 | concert_ticketing.adapters.messaging.rabbitmq.consumer | INFO | Mensaje recibido: request_id=05502
2026-04-06 00:02:04,756 | concert_ticketing.adapters.messaging.rabbitmq.consumer | INFO | Mensaje recibido: request_id=05651
2026-04-06 00:02:04,846 | concert_ticketing.adapters.messaging.rabbitmq.consumer | INFO | Mensaje recibido: request_id=05650
2026-04-06 00:02:04,939 | concert_ticketing.adapters.messaging.rabbitmq.consumer | INFO | Mensaje recibido: request_id=05612
2026-04-06 00:02:05,010 | concert_ticketing.adapters.messaging.rabbitmq.consumer | INFO | Mensaje recibido: request_id=05626
2026-04-06 00:02:05,098 | concert_ticketing.adapters.messaging.rabbitmq.consumer | INFO | Mensaje recibido: request_id=05632
2026-04-06 00:02:05,176 | concert_ticketing.adapters.messaging.rabbitmq.consumer | INFO | Mensaje recibido: request_id=05656
2026-04-06 00:02:05,258 | concert_ticketing.adapters.messaging.rabbitmq.consumer | INFO | Mensaje recibido: request_id=05635
2026-04-06 00:02:05,340 | concert_ticketing.adapters.messaging.rabbitmq.consumer | INFO | Mensaje recibido: request_id=05697
2026-04-06 00:02:05,423 | concert_ticketing.adapters.messaging.rabbitmq.consumer | INFO | Mensaje recibido: request_id=05712
2026-04-06 00:02:05,509 | concert_ticketing.adapters.messaging.rabbitmq.consumer | INFO | Mensaje recibido: request_id=05732
2026-04-06 00:02:05,569 | concert_ticketing.adapters.messaging.rabbitmq.consumer | INFO | Mensaje recibido: request_id=05747
2026-04-06 00:02:05,662 | concert_ticketing.adapters.messaging.rabbitmq.consumer | INFO | Mensaje recibido: request_id=05766
2026-04-06 00:02:05,761 | concert_ticketing.adapters.messaging.rabbitmq.consumer | INFO | Mensaje recibido: request_id=05773
2026-04-06 00:02:05,846 | concert_ticketing.adapters.messaging.rabbitmq.consumer | INFO | Mensaje recibido: request_id=05765
2026-04-06 00:02:05,905 | concert_ticketing.adapters.messaging.rabbitmq.consumer | INFO | Mensaje recibido: request_id=05661
2026-04-06 00:02:05,990 | concert_ticketing.adapters.messaging.rabbitmq.consumer | INFO | Mensaje recibido: request_id=05797
2026-04-06 00:02:06,058 | concert_ticketing.adapters.messaging.rabbitmq.consumer | INFO | Mensaje recibido: request_id=05781
2026-04-06 00:02:06,145 | concert_ticketing.adapters.messaging.rabbitmq.consumer | INFO | Mensaje recibido: request_id=05779
2026-04-06 00:02:06,237 | concert_ticketing.adapters.messaging.rabbitmq.consumer | INFO | Mensaje recibido: request_id=05821
2026-04-06 00:02:06,323 | concert_ticketing.adapters.messaging.rabbitmq.consumer | INFO | Mensaje recibido: request_id=05812
2026-04-06 00:02:06,397 | concert_ticketing.adapters.messaging.rabbitmq.consumer | INFO | Mensaje recibido: request_id=05820
2026-04-06 00:02:06,490 | concert_ticketing.adapters.messaging.rabbitmq.consumer | INFO | Mensaje recibido: request_id=05805
2026-04-06 00:02:06,554 | concert_ticketing.adapters.messaging.rabbitmq.consumer | INFO | Mensaje recibido: request_id=05792
2026-04-06 00:02:06,644 | concert_ticketing.adapters.messaging.rabbitmq.consumer | INFO | Mensaje recibido: request_id=05861
2026-04-06 00:02:06,730 | concert_ticketing.adapters.messaging.rabbitmq.consumer | INFO | Mensaje recibido: request_id=05868
2026-04-06 00:02:06,803 | concert_ticketing.adapters.messaging.rabbitmq.consumer | INFO | Mensaje recibido: request_id=05870
2026-04-06 00:02:06,891 | concert_ticketing.adapters.messaging.rabbitmq.consumer | INFO | Mensaje recibido: request_id=05853
2026-04-06 00:02:06,990 | concert_ticketing.adapters.messaging.rabbitmq.consumer | INFO | Mensaje recibido: request_id=05785
2026-04-06 00:02:07,063 | concert_ticketing.adapters.messaging.rabbitmq.consumer | INFO | Mensaje recibido: request_id=05890
2026-04-06 00:02:07,144 | concert_ticketing.adapters.messaging.rabbitmq.consumer | INFO | Mensaje recibido: request_id=05889
2026-04-06 00:02:07,221 | concert_ticketing.adapters.messaging.rabbitmq.consumer | INFO | Mensaje recibido: request_id=05898
2026-04-06 00:02:07,300 | concert_ticketing.adapters.messaging.rabbitmq.consumer | INFO | Mensaje recibido: request_id=05822
2026-04-06 00:02:07,381 | concert_ticketing.adapters.messaging.rabbitmq.consumer | INFO | Mensaje recibido: request_id=05933
2026-04-06 00:02:07,462 | concert_ticketing.adapters.messaging.rabbitmq.consumer | INFO | Mensaje recibido: request_id=05705
2026-04-06 00:02:07,562 | concert_ticketing.adapters.messaging.rabbitmq.consumer | INFO | Mensaje recibido: request_id=05837
2026-04-06 00:02:07,646 | concert_ticketing.adapters.messaging.rabbitmq.consumer | INFO | Mensaje recibido: request_id=05932
2026-04-06 00:02:07,733 | concert_ticketing.adapters.messaging.rabbitmq.consumer | INFO | Mensaje recibido: request_id=05963
2026-04-06 00:02:07,825 | concert_ticketing.adapters.messaging.rabbitmq.consumer | INFO | Mensaje recibido: request_id=05877
2026-04-06 00:02:07,907 | concert_ticketing.adapters.messaging.rabbitmq.consumer | INFO | Mensaje recibido: request_id=05887
2026-04-06 00:02:07,990 | concert_ticketing.adapters.messaging.rabbitmq.consumer | INFO | Mensaje recibido: request_id=05982
2026-04-06 00:02:08,066 | concert_ticketing.adapters.messaging.rabbitmq.consumer | INFO | Mensaje recibido: request_id=05991
2026-04-06 00:02:08,158 | concert_ticketing.adapters.messaging.rabbitmq.consumer | INFO | Mensaje recibido: request_id=06004
2026-04-06 00:02:08,248 | concert_ticketing.adapters.messaging.rabbitmq.consumer | INFO | Mensaje recibido: request_id=06005
2026-04-06 00:02:08,335 | concert_ticketing.adapters.messaging.rabbitmq.consumer | INFO | Mensaje recibido: request_id=05985
2026-04-06 00:02:08,405 | concert_ticketing.adapters.messaging.rabbitmq.consumer | INFO | Mensaje recibido: request_id=06023
2026-04-06 00:02:08,483 | concert_ticketing.adapters.messaging.rabbitmq.consumer | INFO | Mensaje recibido: request_id=06009
2026-04-06 00:02:08,554 | concert_ticketing.adapters.messaging.rabbitmq.consumer | INFO | Mensaje recibido: request_id=05946
2026-04-06 00:02:08,616 | concert_ticketing.adapters.messaging.rabbitmq.consumer | INFO | Mensaje recibido: request_id=06039
2026-04-06 00:02:08,720 | concert_ticketing.adapters.messaging.rabbitmq.consumer | INFO | Mensaje recibido: request_id=06058
2026-04-06 00:02:08,815 | concert_ticketing.adapters.messaging.rabbitmq.consumer | INFO | Mensaje recibido: request_id=06033
2026-04-06 00:02:08,879 | concert_ticketing.adapters.messaging.rabbitmq.consumer | INFO | Mensaje recibido: request_id=06029
2026-04-06 00:02:08,958 | concert_ticketing.adapters.messaging.rabbitmq.consumer | INFO | Mensaje recibido: request_id=05990
2026-04-06 00:02:09,020 | concert_ticketing.adapters.messaging.rabbitmq.consumer | INFO | Mensaje recibido: request_id=06055
2026-04-06 00:02:09,113 | concert_ticketing.adapters.messaging.rabbitmq.consumer | INFO | Mensaje recibido: request_id=06035
2026-04-06 00:02:09,188 | concert_ticketing.adapters.messaging.rabbitmq.consumer | INFO | Mensaje recibido: request_id=06110
2026-04-06 00:02:09,254 | concert_ticketing.adapters.messaging.rabbitmq.consumer | INFO | Mensaje recibido: request_id=06049
2026-04-06 00:02:09,350 | concert_ticketing.adapters.messaging.rabbitmq.consumer | INFO | Mensaje recibido: request_id=06123
2026-04-06 00:02:09,452 | concert_ticketing.adapters.messaging.rabbitmq.consumer | INFO | Mensaje recibido: request_id=06100
2026-04-06 00:02:09,535 | concert_ticketing.adapters.messaging.rabbitmq.consumer | INFO | Mensaje recibido: request_id=06104
2026-04-06 00:02:09,645 | concert_ticketing.adapters.messaging.rabbitmq.consumer | INFO | Mensaje recibido: request_id=06132
2026-04-06 00:02:09,732 | concert_ticketing.adapters.messaging.rabbitmq.consumer | INFO | Mensaje recibido: request_id=06156
2026-04-06 00:02:09,827 | concert_ticketing.adapters.messaging.rabbitmq.consumer | INFO | Mensaje recibido: request_id=06131
2026-04-06 00:02:09,935 | concert_ticketing.adapters.messaging.rabbitmq.consumer | INFO | Mensaje recibido: request_id=06120
2026-04-06 00:02:10,063 | concert_ticketing.adapters.messaging.rabbitmq.consumer | INFO | Mensaje recibido: request_id=06181
2026-04-06 00:02:10,130 | concert_ticketing.adapters.messaging.rabbitmq.consumer | INFO | Mensaje recibido: request_id=06017
2026-04-06 00:02:10,233 | concert_ticketing.adapters.messaging.rabbitmq.consumer | INFO | Mensaje recibido: request_id=06141
2026-04-06 00:02:10,307 | concert_ticketing.adapters.messaging.rabbitmq.consumer | INFO | Mensaje recibido: request_id=06152
2026-04-06 00:02:10,383 | concert_ticketing.adapters.messaging.rabbitmq.consumer | INFO | Mensaje recibido: request_id=06119
2026-04-06 00:02:10,476 | concert_ticketing.adapters.messaging.rabbitmq.consumer | INFO | Mensaje recibido: request_id=06203
2026-04-06 00:02:10,538 | concert_ticketing.adapters.messaging.rabbitmq.consumer | INFO | Mensaje recibido: request_id=06222
2026-04-06 00:02:10,620 | concert_ticketing.adapters.messaging.rabbitmq.consumer | INFO | Mensaje recibido: request_id=06182
2026-04-06 00:02:10,697 | concert_ticketing.adapters.messaging.rabbitmq.consumer | INFO | Mensaje recibido: request_id=06211
2026-04-06 00:02:10,778 | concert_ticketing.adapters.messaging.rabbitmq.consumer | INFO | Mensaje recibido: request_id=06199
2026-04-06 00:02:10,837 | concert_ticketing.adapters.messaging.rabbitmq.consumer | INFO | Mensaje recibido: request_id=06251
2026-04-06 00:02:10,912 | concert_ticketing.adapters.messaging.rabbitmq.consumer | INFO | Mensaje recibido: request_id=06270
2026-04-06 00:02:10,994 | concert_ticketing.adapters.messaging.rabbitmq.consumer | INFO | Mensaje recibido: request_id=06221
2026-04-06 00:02:11,046 | concert_ticketing.adapters.messaging.rabbitmq.consumer | INFO | Mensaje recibido: request_id=06225
2026-04-06 00:02:11,127 | concert_ticketing.adapters.messaging.rabbitmq.consumer | INFO | Mensaje recibido: request_id=06255
2026-04-06 00:02:11,196 | concert_ticketing.adapters.messaging.rabbitmq.consumer | INFO | Mensaje recibido: request_id=06245
2026-04-06 00:02:11,288 | concert_ticketing.adapters.messaging.rabbitmq.consumer | INFO | Mensaje recibido: request_id=06197
2026-04-06 00:02:11,422 | concert_ticketing.adapters.messaging.rabbitmq.consumer | INFO | Mensaje recibido: request_id=06220
2026-04-06 00:02:11,523 | concert_ticketing.adapters.messaging.rabbitmq.consumer | INFO | Mensaje recibido: request_id=06326
2026-04-06 00:02:11,585 | concert_ticketing.adapters.messaging.rabbitmq.consumer | INFO | Mensaje recibido: request_id=06031
2026-04-06 00:02:11,666 | concert_ticketing.adapters.messaging.rabbitmq.consumer | INFO | Mensaje recibido: request_id=06338
2026-04-06 00:02:11,740 | concert_ticketing.adapters.messaging.rabbitmq.consumer | INFO | Mensaje recibido: request_id=06329
2026-04-06 00:02:11,824 | concert_ticketing.adapters.messaging.rabbitmq.consumer | INFO | Mensaje recibido: request_id=06357
2026-04-06 00:02:11,903 | concert_ticketing.adapters.messaging.rabbitmq.consumer | INFO | Mensaje recibido: request_id=06300
2026-04-06 00:02:11,982 | concert_ticketing.adapters.messaging.rabbitmq.consumer | INFO | Mensaje recibido: request_id=06297
2026-04-06 00:02:12,077 | concert_ticketing.adapters.messaging.rabbitmq.consumer | INFO | Mensaje recibido: request_id=06269
2026-04-06 00:02:12,161 | concert_ticketing.adapters.messaging.rabbitmq.consumer | INFO | Mensaje recibido: request_id=06367
2026-04-06 00:02:12,236 | concert_ticketing.adapters.messaging.rabbitmq.consumer | INFO | Mensaje recibido: request_id=06378
2026-04-06 00:02:12,315 | concert_ticketing.adapters.messaging.rabbitmq.consumer | INFO | Mensaje recibido: request_id=06394
2026-04-06 00:02:12,394 | concert_ticketing.adapters.messaging.rabbitmq.consumer | INFO | Mensaje recibido: request_id=06360
2026-04-06 00:02:12,460 | concert_ticketing.adapters.messaging.rabbitmq.consumer | INFO | Mensaje recibido: request_id=06335
2026-04-06 00:02:12,536 | concert_ticketing.adapters.messaging.rabbitmq.consumer | INFO | Mensaje recibido: request_id=06379
2026-04-06 00:02:12,626 | concert_ticketing.adapters.messaging.rabbitmq.consumer | INFO | Mensaje recibido: request_id=06399
2026-04-06 00:02:12,721 | concert_ticketing.adapters.messaging.rabbitmq.consumer | INFO | Mensaje recibido: request_id=06390
2026-04-06 00:02:12,824 | concert_ticketing.adapters.messaging.rabbitmq.consumer | INFO | Mensaje recibido: request_id=06454
2026-04-06 00:02:12,894 | concert_ticketing.adapters.messaging.rabbitmq.consumer | INFO | Mensaje recibido: request_id=06428
2026-04-06 00:02:12,977 | concert_ticketing.adapters.messaging.rabbitmq.consumer | INFO | Mensaje recibido: request_id=06442
2026-04-06 00:02:13,050 | concert_ticketing.adapters.messaging.rabbitmq.consumer | INFO | Mensaje recibido: request_id=06475
2026-04-06 00:02:13,125 | concert_ticketing.adapters.messaging.rabbitmq.consumer | INFO | Mensaje recibido: request_id=06474
2026-04-06 00:02:13,196 | concert_ticketing.adapters.messaging.rabbitmq.consumer | INFO | Mensaje recibido: request_id=06490
2026-04-06 00:02:13,285 | concert_ticketing.adapters.messaging.rabbitmq.consumer | INFO | Mensaje recibido: request_id=06476
2026-04-06 00:02:13,363 | concert_ticketing.adapters.messaging.rabbitmq.consumer | INFO | Mensaje recibido: request_id=06483
2026-04-06 00:02:13,442 | concert_ticketing.adapters.messaging.rabbitmq.consumer | INFO | Mensaje recibido: request_id=06406
2026-04-06 00:02:13,527 | concert_ticketing.adapters.messaging.rabbitmq.consumer | INFO | Mensaje recibido: request_id=06361
2026-04-06 00:02:13,616 | concert_ticketing.adapters.messaging.rabbitmq.consumer | INFO | Mensaje recibido: request_id=06451
2026-04-06 00:02:13,698 | concert_ticketing.adapters.messaging.rabbitmq.consumer | INFO | Mensaje recibido: request_id=06518
2026-04-06 00:02:13,781 | concert_ticketing.adapters.messaging.rabbitmq.consumer | INFO | Mensaje recibido: request_id=06455
2026-04-06 00:02:13,879 | concert_ticketing.adapters.messaging.rabbitmq.consumer | INFO | Mensaje recibido: request_id=06545
2026-04-06 00:02:13,956 | concert_ticketing.adapters.messaging.rabbitmq.consumer | INFO | Mensaje recibido: request_id=06565
2026-04-06 00:02:14,038 | concert_ticketing.adapters.messaging.rabbitmq.consumer | INFO | Mensaje recibido: request_id=06349
2026-04-06 00:02:14,122 | concert_ticketing.adapters.messaging.rabbitmq.consumer | INFO | Mensaje recibido: request_id=06574
2026-04-06 00:02:14,205 | concert_ticketing.adapters.messaging.rabbitmq.consumer | INFO | Mensaje recibido: request_id=06582
2026-04-06 00:02:14,294 | concert_ticketing.adapters.messaging.rabbitmq.consumer | INFO | Mensaje recibido: request_id=06580
2026-04-06 00:02:14,346 | concert_ticketing.adapters.messaging.rabbitmq.consumer | INFO | Mensaje recibido: request_id=06604
2026-04-06 00:02:14,444 | concert_ticketing.adapters.messaging.rabbitmq.consumer | INFO | Mensaje recibido: request_id=06615
2026-04-06 00:02:14,528 | concert_ticketing.adapters.messaging.rabbitmq.consumer | INFO | Mensaje recibido: request_id=06521
2026-04-06 00:02:14,607 | concert_ticketing.adapters.messaging.rabbitmq.consumer | INFO | Mensaje recibido: request_id=06627
2026-04-06 00:02:14,705 | concert_ticketing.adapters.messaging.rabbitmq.consumer | INFO | Mensaje recibido: request_id=06626
2026-04-06 00:02:14,800 | concert_ticketing.adapters.messaging.rabbitmq.consumer | INFO | Mensaje recibido: request_id=06645
2026-04-06 00:02:14,878 | concert_ticketing.adapters.messaging.rabbitmq.consumer | INFO | Mensaje recibido: request_id=06618
2026-04-06 00:02:14,967 | concert_ticketing.adapters.messaging.rabbitmq.consumer | INFO | Mensaje recibido: request_id=06646
2026-04-06 00:02:15,033 | concert_ticketing.adapters.messaging.rabbitmq.consumer | INFO | Mensaje recibido: request_id=06663
2026-04-06 00:02:15,115 | concert_ticketing.adapters.messaging.rabbitmq.consumer | INFO | Mensaje recibido: request_id=06678
2026-04-06 00:02:15,177 | concert_ticketing.adapters.messaging.rabbitmq.consumer | INFO | Mensaje recibido: request_id=06673
2026-04-06 00:02:15,262 | concert_ticketing.adapters.messaging.rabbitmq.consumer | INFO | Mensaje recibido: request_id=06581
2026-04-06 00:02:15,354 | concert_ticketing.adapters.messaging.rabbitmq.consumer | INFO | Mensaje recibido: request_id=06650
2026-04-06 00:02:15,431 | concert_ticketing.adapters.messaging.rabbitmq.consumer | INFO | Mensaje recibido: request_id=06685
2026-04-06 00:02:15,509 | concert_ticketing.adapters.messaging.rabbitmq.consumer | INFO | Mensaje recibido: request_id=06591
2026-04-06 00:02:15,577 | concert_ticketing.adapters.messaging.rabbitmq.consumer | INFO | Mensaje recibido: request_id=06723
2026-04-06 00:02:15,652 | concert_ticketing.adapters.messaging.rabbitmq.consumer | INFO | Mensaje recibido: request_id=06669
2026-04-06 00:02:15,729 | concert_ticketing.adapters.messaging.rabbitmq.consumer | INFO | Mensaje recibido: request_id=06693
2026-04-06 00:02:15,810 | concert_ticketing.adapters.messaging.rabbitmq.consumer | INFO | Mensaje recibido: request_id=06746
2026-04-06 00:02:15,891 | concert_ticketing.adapters.messaging.rabbitmq.consumer | INFO | Mensaje recibido: request_id=06699
2026-04-06 00:02:15,970 | concert_ticketing.adapters.messaging.rabbitmq.consumer | INFO | Mensaje recibido: request_id=06744
2026-04-06 00:02:16,050 | concert_ticketing.adapters.messaging.rabbitmq.consumer | INFO | Mensaje recibido: request_id=06773
2026-04-06 00:02:16,117 | concert_ticketing.adapters.messaging.rabbitmq.consumer | INFO | Mensaje recibido: request_id=06779
2026-04-06 00:02:16,203 | concert_ticketing.adapters.messaging.rabbitmq.consumer | INFO | Mensaje recibido: request_id=06752
2026-04-06 00:02:16,272 | concert_ticketing.adapters.messaging.rabbitmq.consumer | INFO | Mensaje recibido: request_id=06747
2026-04-06 00:02:16,375 | concert_ticketing.adapters.messaging.rabbitmq.consumer | INFO | Mensaje recibido: request_id=06792
2026-04-06 00:02:16,455 | concert_ticketing.adapters.messaging.rabbitmq.consumer | INFO | Mensaje recibido: request_id=06789
2026-04-06 00:02:16,552 | concert_ticketing.adapters.messaging.rabbitmq.consumer | INFO | Mensaje recibido: request_id=06765
2026-04-06 00:02:16,630 | concert_ticketing.adapters.messaging.rabbitmq.consumer | INFO | Mensaje recibido: request_id=06713
2026-04-06 00:02:16,724 | concert_ticketing.adapters.messaging.rabbitmq.consumer | INFO | Mensaje recibido: request_id=06829
2026-04-06 00:02:16,819 | concert_ticketing.adapters.messaging.rabbitmq.consumer | INFO | Mensaje recibido: request_id=06838
2026-04-06 00:02:16,888 | concert_ticketing.adapters.messaging.rabbitmq.consumer | INFO | Mensaje recibido: request_id=06823
2026-04-06 00:02:16,979 | concert_ticketing.adapters.messaging.rabbitmq.consumer | INFO | Mensaje recibido: request_id=06818
2026-04-06 00:02:17,063 | concert_ticketing.adapters.messaging.rabbitmq.consumer | INFO | Mensaje recibido: request_id=06822
2026-04-06 00:02:17,123 | concert_ticketing.adapters.messaging.rabbitmq.consumer | INFO | Mensaje recibido: request_id=06868
2026-04-06 00:02:17,219 | concert_ticketing.adapters.messaging.rabbitmq.consumer | INFO | Mensaje recibido: request_id=06803
2026-04-06 00:02:17,298 | concert_ticketing.adapters.messaging.rabbitmq.consumer | INFO | Mensaje recibido: request_id=06858
2026-04-06 00:02:17,390 | concert_ticketing.adapters.messaging.rabbitmq.consumer | INFO | Mensaje recibido: request_id=06855
2026-04-06 00:02:17,460 | concert_ticketing.adapters.messaging.rabbitmq.consumer | INFO | Mensaje recibido: request_id=06902
2026-04-06 00:02:17,556 | concert_ticketing.adapters.messaging.rabbitmq.consumer | INFO | Mensaje recibido: request_id=06909
2026-04-06 00:02:17,648 | concert_ticketing.adapters.messaging.rabbitmq.consumer | INFO | Mensaje recibido: request_id=06911
2026-04-06 00:02:17,730 | concert_ticketing.adapters.messaging.rabbitmq.consumer | INFO | Mensaje recibido: request_id=06907
2026-04-06 00:02:17,814 | concert_ticketing.adapters.messaging.rabbitmq.consumer | INFO | Mensaje recibido: request_id=06872
2026-04-06 00:02:17,892 | concert_ticketing.adapters.messaging.rabbitmq.consumer | INFO | Mensaje recibido: request_id=06930
2026-04-06 00:02:17,984 | concert_ticketing.adapters.messaging.rabbitmq.consumer | INFO | Mensaje recibido: request_id=06957
2026-04-06 00:02:18,075 | concert_ticketing.adapters.messaging.rabbitmq.consumer | INFO | Mensaje recibido: request_id=06964
2026-04-06 00:02:18,156 | concert_ticketing.adapters.messaging.rabbitmq.consumer | INFO | Mensaje recibido: request_id=06835
2026-04-06 00:02:18,228 | concert_ticketing.adapters.messaging.rabbitmq.consumer | INFO | Mensaje recibido: request_id=06926
2026-04-06 00:02:18,316 | concert_ticketing.adapters.messaging.rabbitmq.consumer | INFO | Mensaje recibido: request_id=06918
2026-04-06 00:02:18,398 | concert_ticketing.adapters.messaging.rabbitmq.consumer | INFO | Mensaje recibido: request_id=06998
2026-04-06 00:02:18,480 | concert_ticketing.adapters.messaging.rabbitmq.consumer | INFO | Mensaje recibido: request_id=07005
2026-04-06 00:02:18,557 | concert_ticketing.adapters.messaging.rabbitmq.consumer | INFO | Mensaje recibido: request_id=07004
2026-04-06 00:02:18,637 | concert_ticketing.adapters.messaging.rabbitmq.consumer | INFO | Mensaje recibido: request_id=06979
2026-04-06 00:02:18,723 | concert_ticketing.adapters.messaging.rabbitmq.consumer | INFO | Mensaje recibido: request_id=06960
2026-04-06 00:02:18,791 | concert_ticketing.adapters.messaging.rabbitmq.consumer | INFO | Mensaje recibido: request_id=07037
2026-04-06 00:02:18,874 | concert_ticketing.adapters.messaging.rabbitmq.consumer | INFO | Mensaje recibido: request_id=06965
2026-04-06 00:02:18,954 | concert_ticketing.adapters.messaging.rabbitmq.consumer | INFO | Mensaje recibido: request_id=07039
2026-04-06 00:02:19,042 | concert_ticketing.adapters.messaging.rabbitmq.consumer | INFO | Mensaje recibido: request_id=07028
2026-04-06 00:02:19,120 | concert_ticketing.adapters.messaging.rabbitmq.consumer | INFO | Mensaje recibido: request_id=07054
2026-04-06 00:02:19,189 | concert_ticketing.adapters.messaging.rabbitmq.consumer | INFO | Mensaje recibido: request_id=07009
2026-04-06 00:02:19,282 | concert_ticketing.adapters.messaging.rabbitmq.consumer | INFO | Mensaje recibido: request_id=07010
2026-04-06 00:02:19,373 | concert_ticketing.adapters.messaging.rabbitmq.consumer | INFO | Mensaje recibido: request_id=07040
2026-04-06 00:02:19,441 | concert_ticketing.adapters.messaging.rabbitmq.consumer | INFO | Mensaje recibido: request_id=07072
2026-04-06 00:02:19,515 | concert_ticketing.adapters.messaging.rabbitmq.consumer | INFO | Mensaje recibido: request_id=07070
2026-04-06 00:02:19,613 | concert_ticketing.adapters.messaging.rabbitmq.consumer | INFO | Mensaje recibido: request_id=06981
2026-04-06 00:02:19,696 | concert_ticketing.adapters.messaging.rabbitmq.consumer | INFO | Mensaje recibido: request_id=07125
2026-04-06 00:02:19,783 | concert_ticketing.adapters.messaging.rabbitmq.consumer | INFO | Mensaje recibido: request_id=07062
2026-04-06 00:02:19,862 | concert_ticketing.adapters.messaging.rabbitmq.consumer | INFO | Mensaje recibido: request_id=07111
2026-04-06 00:02:19,920 | concert_ticketing.adapters.messaging.rabbitmq.consumer | INFO | Mensaje recibido: request_id=07119
2026-04-06 00:02:20,009 | concert_ticketing.adapters.messaging.rabbitmq.consumer | INFO | Mensaje recibido: request_id=07120
2026-04-06 00:02:20,096 | concert_ticketing.adapters.messaging.rabbitmq.consumer | INFO | Mensaje recibido: request_id=07114
2026-04-06 00:02:20,190 | concert_ticketing.adapters.messaging.rabbitmq.consumer | INFO | Mensaje recibido: request_id=07174
2026-04-06 00:02:20,269 | concert_ticketing.adapters.messaging.rabbitmq.consumer | INFO | Mensaje recibido: request_id=07152
2026-04-06 00:02:20,354 | concert_ticketing.adapters.messaging.rabbitmq.consumer | INFO | Mensaje recibido: request_id=07188
2026-04-06 00:02:20,471 | concert_ticketing.adapters.messaging.rabbitmq.consumer | INFO | Mensaje recibido: request_id=07173
2026-04-06 00:02:20,562 | concert_ticketing.adapters.messaging.rabbitmq.consumer | INFO | Mensaje recibido: request_id=07171
2026-04-06 00:02:20,662 | concert_ticketing.adapters.messaging.rabbitmq.consumer | INFO | Mensaje recibido: request_id=07215
2026-04-06 00:02:20,752 | concert_ticketing.adapters.messaging.rabbitmq.consumer | INFO | Mensaje recibido: request_id=07193
2026-04-06 00:02:20,835 | concert_ticketing.adapters.messaging.rabbitmq.consumer | INFO | Mensaje recibido: request_id=07115
2026-04-06 00:02:20,938 | concert_ticketing.adapters.messaging.rabbitmq.consumer | INFO | Mensaje recibido: request_id=07206
2026-04-06 00:02:21,062 | concert_ticketing.adapters.messaging.rabbitmq.consumer | INFO | Mensaje recibido: request_id=07145
2026-04-06 00:02:21,186 | concert_ticketing.adapters.messaging.rabbitmq.consumer | INFO | Mensaje recibido: request_id=07158
2026-04-06 00:02:21,283 | concert_ticketing.adapters.messaging.rabbitmq.consumer | INFO | Mensaje recibido: request_id=07229
2026-04-06 00:02:21,383 | concert_ticketing.adapters.messaging.rabbitmq.consumer | INFO | Mensaje recibido: request_id=07254
2026-04-06 00:02:21,483 | concert_ticketing.adapters.messaging.rabbitmq.consumer | INFO | Mensaje recibido: request_id=07271
2026-04-06 00:02:21,564 | concert_ticketing.adapters.messaging.rabbitmq.consumer | INFO | Mensaje recibido: request_id=07266
2026-04-06 00:02:21,646 | concert_ticketing.adapters.messaging.rabbitmq.consumer | INFO | Mensaje recibido: request_id=07151
2026-04-06 00:02:21,737 | concert_ticketing.adapters.messaging.rabbitmq.consumer | INFO | Mensaje recibido: request_id=07292
2026-04-06 00:02:21,842 | concert_ticketing.adapters.messaging.rabbitmq.consumer | INFO | Mensaje recibido: request_id=07182
2026-04-06 00:02:21,908 | concert_ticketing.adapters.messaging.rabbitmq.consumer | INFO | Mensaje recibido: request_id=07306
2026-04-06 00:02:22,002 | concert_ticketing.adapters.messaging.rabbitmq.consumer | INFO | Mensaje recibido: request_id=07276
2026-04-06 00:02:22,079 | concert_ticketing.adapters.messaging.rabbitmq.consumer | INFO | Mensaje recibido: request_id=07333
2026-04-06 00:02:22,161 | concert_ticketing.adapters.messaging.rabbitmq.consumer | INFO | Mensaje recibido: request_id=07332
2026-04-06 00:02:22,245 | concert_ticketing.adapters.messaging.rabbitmq.consumer | INFO | Mensaje recibido: request_id=07342
2026-04-06 00:02:22,321 | concert_ticketing.adapters.messaging.rabbitmq.consumer | INFO | Mensaje recibido: request_id=07358
2026-04-06 00:02:22,396 | concert_ticketing.adapters.messaging.rabbitmq.consumer | INFO | Mensaje recibido: request_id=07364
2026-04-06 00:02:22,481 | concert_ticketing.adapters.messaging.rabbitmq.consumer | INFO | Mensaje recibido: request_id=07355
2026-04-06 00:02:22,548 | concert_ticketing.adapters.messaging.rabbitmq.consumer | INFO | Mensaje recibido: request_id=07317
2026-04-06 00:02:22,629 | concert_ticketing.adapters.messaging.rabbitmq.consumer | INFO | Mensaje recibido: request_id=07372
2026-04-06 00:02:22,713 | concert_ticketing.adapters.messaging.rabbitmq.consumer | INFO | Mensaje recibido: request_id=07389
2026-04-06 00:02:22,793 | concert_ticketing.adapters.messaging.rabbitmq.consumer | INFO | Mensaje recibido: request_id=07371
2026-04-06 00:02:22,868 | concert_ticketing.adapters.messaging.rabbitmq.consumer | INFO | Mensaje recibido: request_id=07414
2026-04-06 00:02:22,944 | concert_ticketing.adapters.messaging.rabbitmq.consumer | INFO | Mensaje recibido: request_id=07376
2026-04-06 00:02:23,034 | concert_ticketing.adapters.messaging.rabbitmq.consumer | INFO | Mensaje recibido: request_id=07421
2026-04-06 00:02:23,115 | concert_ticketing.adapters.messaging.rabbitmq.consumer | INFO | Mensaje recibido: request_id=07439
2026-04-06 00:02:23,197 | concert_ticketing.adapters.messaging.rabbitmq.consumer | INFO | Mensaje recibido: request_id=07413
2026-04-06 00:02:23,281 | concert_ticketing.adapters.messaging.rabbitmq.consumer | INFO | Mensaje recibido: request_id=07409
2026-04-06 00:02:23,350 | concert_ticketing.adapters.messaging.rabbitmq.consumer | INFO | Mensaje recibido: request_id=07452
2026-04-06 00:02:23,435 | concert_ticketing.adapters.messaging.rabbitmq.consumer | INFO | Mensaje recibido: request_id=07460
2026-04-06 00:02:23,537 | concert_ticketing.adapters.messaging.rabbitmq.consumer | INFO | Mensaje recibido: request_id=07314
2026-04-06 00:02:23,606 | concert_ticketing.adapters.messaging.rabbitmq.consumer | INFO | Mensaje recibido: request_id=07486
2026-04-06 00:02:23,681 | concert_ticketing.adapters.messaging.rabbitmq.consumer | INFO | Mensaje recibido: request_id=07492
2026-04-06 00:02:23,767 | concert_ticketing.adapters.messaging.rabbitmq.consumer | INFO | Mensaje recibido: request_id=07487
2026-04-06 00:02:23,867 | concert_ticketing.adapters.messaging.rabbitmq.consumer | INFO | Mensaje recibido: request_id=07503
2026-04-06 00:02:23,946 | concert_ticketing.adapters.messaging.rabbitmq.consumer | INFO | Mensaje recibido: request_id=07504
2026-04-06 00:02:24,015 | concert_ticketing.adapters.messaging.rabbitmq.consumer | INFO | Mensaje recibido: request_id=07490
2026-04-06 00:02:24,106 | concert_ticketing.adapters.messaging.rabbitmq.consumer | INFO | Mensaje recibido: request_id=07530
2026-04-06 00:02:24,188 | concert_ticketing.adapters.messaging.rabbitmq.consumer | INFO | Mensaje recibido: request_id=07540
2026-04-06 00:02:24,292 | concert_ticketing.adapters.messaging.rabbitmq.consumer | INFO | Mensaje recibido: request_id=07408
2026-04-06 00:02:24,360 | concert_ticketing.adapters.messaging.rabbitmq.consumer | INFO | Mensaje recibido: request_id=07556
2026-04-06 00:02:24,446 | concert_ticketing.adapters.messaging.rabbitmq.consumer | INFO | Mensaje recibido: request_id=07522
2026-04-06 00:02:24,509 | concert_ticketing.adapters.messaging.rabbitmq.consumer | INFO | Mensaje recibido: request_id=07552
2026-04-06 00:02:24,598 | concert_ticketing.adapters.messaging.rabbitmq.consumer | INFO | Mensaje recibido: request_id=07573
2026-04-06 00:02:24,690 | concert_ticketing.adapters.messaging.rabbitmq.consumer | INFO | Mensaje recibido: request_id=07550
2026-04-06 00:02:24,760 | concert_ticketing.adapters.messaging.rabbitmq.consumer | INFO | Mensaje recibido: request_id=07597
2026-04-06 00:02:24,850 | concert_ticketing.adapters.messaging.rabbitmq.consumer | INFO | Mensaje recibido: request_id=07584
2026-04-06 00:02:24,923 | concert_ticketing.adapters.messaging.rabbitmq.consumer | INFO | Mensaje recibido: request_id=07598
2026-04-06 00:02:24,994 | concert_ticketing.adapters.messaging.rabbitmq.consumer | INFO | Mensaje recibido: request_id=07560
2026-04-06 00:02:25,090 | concert_ticketing.adapters.messaging.rabbitmq.consumer | INFO | Mensaje recibido: request_id=07488
2026-04-06 00:02:25,155 | concert_ticketing.adapters.messaging.rabbitmq.consumer | INFO | Mensaje recibido: request_id=07577
2026-04-06 00:02:25,218 | concert_ticketing.adapters.messaging.rabbitmq.consumer | INFO | Mensaje recibido: request_id=07629
2026-04-06 00:02:25,310 | concert_ticketing.adapters.messaging.rabbitmq.consumer | INFO | Mensaje recibido: request_id=07643
2026-04-06 00:02:25,375 | concert_ticketing.adapters.messaging.rabbitmq.consumer | INFO | Mensaje recibido: request_id=07464
2026-04-06 00:02:25,446 | concert_ticketing.adapters.messaging.rabbitmq.consumer | INFO | Mensaje recibido: request_id=07616
2026-04-06 00:02:25,534 | concert_ticketing.adapters.messaging.rabbitmq.consumer | INFO | Mensaje recibido: request_id=07678
2026-04-06 00:02:25,611 | concert_ticketing.adapters.messaging.rabbitmq.consumer | INFO | Mensaje recibido: request_id=07644
2026-04-06 00:02:25,710 | concert_ticketing.adapters.messaging.rabbitmq.consumer | INFO | Mensaje recibido: request_id=07687
2026-04-06 00:02:25,795 | concert_ticketing.adapters.messaging.rabbitmq.consumer | INFO | Mensaje recibido: request_id=07664
2026-04-06 00:02:25,865 | concert_ticketing.adapters.messaging.rabbitmq.consumer | INFO | Mensaje recibido: request_id=07702
2026-04-06 00:02:25,941 | concert_ticketing.adapters.messaging.rabbitmq.consumer | INFO | Mensaje recibido: request_id=07709
2026-04-06 00:02:26,025 | concert_ticketing.adapters.messaging.rabbitmq.consumer | INFO | Mensaje recibido: request_id=07725
2026-04-06 00:02:26,097 | concert_ticketing.adapters.messaging.rabbitmq.consumer | INFO | Mensaje recibido: request_id=07717
2026-04-06 00:02:26,196 | concert_ticketing.adapters.messaging.rabbitmq.consumer | INFO | Mensaje recibido: request_id=07708
2026-04-06 00:02:26,275 | concert_ticketing.adapters.messaging.rabbitmq.consumer | INFO | Mensaje recibido: request_id=07750
2026-04-06 00:02:26,355 | concert_ticketing.adapters.messaging.rabbitmq.consumer | INFO | Mensaje recibido: request_id=07714
2026-04-06 00:02:26,428 | concert_ticketing.adapters.messaging.rabbitmq.consumer | INFO | Mensaje recibido: request_id=07732
2026-04-06 00:02:26,509 | concert_ticketing.adapters.messaging.rabbitmq.consumer | INFO | Mensaje recibido: request_id=07774
2026-04-06 00:02:26,575 | concert_ticketing.adapters.messaging.rabbitmq.consumer | INFO | Mensaje recibido: request_id=07781
2026-04-06 00:02:26,656 | concert_ticketing.adapters.messaging.rabbitmq.consumer | INFO | Mensaje recibido: request_id=07771
2026-04-06 00:02:26,738 | concert_ticketing.adapters.messaging.rabbitmq.consumer | INFO | Mensaje recibido: request_id=07799
2026-04-06 00:02:26,805 | concert_ticketing.adapters.messaging.rabbitmq.consumer | INFO | Mensaje recibido: request_id=07797
2026-04-06 00:02:26,905 | concert_ticketing.adapters.messaging.rabbitmq.consumer | INFO | Mensaje recibido: request_id=07812
2026-04-06 00:02:26,982 | concert_ticketing.adapters.messaging.rabbitmq.consumer | INFO | Mensaje recibido: request_id=07808
2026-04-06 00:02:27,079 | concert_ticketing.adapters.messaging.rabbitmq.consumer | INFO | Mensaje recibido: request_id=07785
2026-04-06 00:02:27,138 | concert_ticketing.adapters.messaging.rabbitmq.consumer | INFO | Mensaje recibido: request_id=07787
2026-04-06 00:02:27,220 | concert_ticketing.adapters.messaging.rabbitmq.consumer | INFO | Mensaje recibido: request_id=07845
2026-04-06 00:02:27,317 | concert_ticketing.adapters.messaging.rabbitmq.consumer | INFO | Mensaje recibido: request_id=07848
2026-04-06 00:02:27,379 | concert_ticketing.adapters.messaging.rabbitmq.consumer | INFO | Mensaje recibido: request_id=07734
2026-04-06 00:02:27,454 | concert_ticketing.adapters.messaging.rabbitmq.consumer | INFO | Mensaje recibido: request_id=07674
2026-04-06 00:02:27,546 | concert_ticketing.adapters.messaging.rabbitmq.consumer | INFO | Mensaje recibido: request_id=07878
2026-04-06 00:02:27,606 | concert_ticketing.adapters.messaging.rabbitmq.consumer | INFO | Mensaje recibido: request_id=07859
2026-04-06 00:02:27,713 | concert_ticketing.adapters.messaging.rabbitmq.consumer | INFO | Mensaje recibido: request_id=07865
2026-04-06 00:02:27,800 | concert_ticketing.adapters.messaging.rabbitmq.consumer | INFO | Mensaje recibido: request_id=07902
2026-04-06 00:02:27,864 | concert_ticketing.adapters.messaging.rabbitmq.consumer | INFO | Mensaje recibido: request_id=07856
2026-04-06 00:02:27,942 | concert_ticketing.adapters.messaging.rabbitmq.consumer | INFO | Mensaje recibido: request_id=07908
2026-04-06 00:02:28,036 | concert_ticketing.adapters.messaging.rabbitmq.consumer | INFO | Mensaje recibido: request_id=07899
2026-04-06 00:02:28,142 | concert_ticketing.adapters.messaging.rabbitmq.consumer | INFO | Mensaje recibido: request_id=07926
2026-04-06 00:02:28,216 | concert_ticketing.adapters.messaging.rabbitmq.consumer | INFO | Mensaje recibido: request_id=07915
2026-04-06 00:02:28,300 | concert_ticketing.adapters.messaging.rabbitmq.consumer | INFO | Mensaje recibido: request_id=07934
2026-04-06 00:02:28,367 | concert_ticketing.adapters.messaging.rabbitmq.consumer | INFO | Mensaje recibido: request_id=07869
2026-04-06 00:02:28,451 | concert_ticketing.adapters.messaging.rabbitmq.consumer | INFO | Mensaje recibido: request_id=07961
2026-04-06 00:02:28,537 | concert_ticketing.adapters.messaging.rabbitmq.consumer | INFO | Mensaje recibido: request_id=07966
2026-04-06 00:02:28,606 | concert_ticketing.adapters.messaging.rabbitmq.consumer | INFO | Mensaje recibido: request_id=07896
2026-04-06 00:02:28,683 | concert_ticketing.adapters.messaging.rabbitmq.consumer | INFO | Mensaje recibido: request_id=07988
2026-04-06 00:02:28,763 | concert_ticketing.adapters.messaging.rabbitmq.consumer | INFO | Mensaje recibido: request_id=07946
2026-04-06 00:02:28,837 | concert_ticketing.adapters.messaging.rabbitmq.consumer | INFO | Mensaje recibido: request_id=07969
2026-04-06 00:02:28,905 | concert_ticketing.adapters.messaging.rabbitmq.consumer | INFO | Mensaje recibido: request_id=08011
2026-04-06 00:02:28,992 | concert_ticketing.adapters.messaging.rabbitmq.consumer | INFO | Mensaje recibido: request_id=07992
2026-04-06 00:02:29,075 | concert_ticketing.adapters.messaging.rabbitmq.consumer | INFO | Mensaje recibido: request_id=08014
2026-04-06 00:02:29,152 | concert_ticketing.adapters.messaging.rabbitmq.consumer | INFO | Mensaje recibido: request_id=07951
2026-04-06 00:02:29,228 | concert_ticketing.adapters.messaging.rabbitmq.consumer | INFO | Mensaje recibido: request_id=08029
2026-04-06 00:02:29,313 | concert_ticketing.adapters.messaging.rabbitmq.consumer | INFO | Mensaje recibido: request_id=08023
2026-04-06 00:02:29,390 | concert_ticketing.adapters.messaging.rabbitmq.consumer | INFO | Mensaje recibido: request_id=08062
2026-04-06 00:02:29,467 | concert_ticketing.adapters.messaging.rabbitmq.consumer | INFO | Mensaje recibido: request_id=08068
2026-04-06 00:02:29,554 | concert_ticketing.adapters.messaging.rabbitmq.consumer | INFO | Mensaje recibido: request_id=08044
2026-04-06 00:02:29,629 | concert_ticketing.adapters.messaging.rabbitmq.consumer | INFO | Mensaje recibido: request_id=08078
2026-04-06 00:02:29,708 | concert_ticketing.adapters.messaging.rabbitmq.consumer | INFO | Mensaje recibido: request_id=08094
2026-04-06 00:02:29,792 | concert_ticketing.adapters.messaging.rabbitmq.consumer | INFO | Mensaje recibido: request_id=08073
2026-04-06 00:02:29,873 | concert_ticketing.adapters.messaging.rabbitmq.consumer | INFO | Mensaje recibido: request_id=08027
2026-04-06 00:02:29,946 | concert_ticketing.adapters.messaging.rabbitmq.consumer | INFO | Mensaje recibido: request_id=08081
2026-04-06 00:02:30,025 | concert_ticketing.adapters.messaging.rabbitmq.consumer | INFO | Mensaje recibido: request_id=08069
2026-04-06 00:02:30,100 | concert_ticketing.adapters.messaging.rabbitmq.consumer | INFO | Mensaje recibido: request_id=08067
2026-04-06 00:02:30,198 | concert_ticketing.adapters.messaging.rabbitmq.consumer | INFO | Mensaje recibido: request_id=08072
2026-04-06 00:02:30,256 | concert_ticketing.adapters.messaging.rabbitmq.consumer | INFO | Mensaje recibido: request_id=08098
2026-04-06 00:02:30,341 | concert_ticketing.adapters.messaging.rabbitmq.consumer | INFO | Mensaje recibido: request_id=08147
2026-04-06 00:02:30,420 | concert_ticketing.adapters.messaging.rabbitmq.consumer | INFO | Mensaje recibido: request_id=08166
2026-04-06 00:02:30,509 | concert_ticketing.adapters.messaging.rabbitmq.consumer | INFO | Mensaje recibido: request_id=08089
2026-04-06 00:02:30,588 | concert_ticketing.adapters.messaging.rabbitmq.consumer | INFO | Mensaje recibido: request_id=08090
2026-04-06 00:02:30,677 | concert_ticketing.adapters.messaging.rabbitmq.consumer | INFO | Mensaje recibido: request_id=08111
2026-04-06 00:02:30,765 | concert_ticketing.adapters.messaging.rabbitmq.consumer | INFO | Mensaje recibido: request_id=08176
2026-04-06 00:02:30,854 | concert_ticketing.adapters.messaging.rabbitmq.consumer | INFO | Mensaje recibido: request_id=08168
2026-04-06 00:02:30,923 | concert_ticketing.adapters.messaging.rabbitmq.consumer | INFO | Mensaje recibido: request_id=08206
2026-04-06 00:02:31,013 | concert_ticketing.adapters.messaging.rabbitmq.consumer | INFO | Mensaje recibido: request_id=08160
2026-04-06 00:02:31,094 | concert_ticketing.adapters.messaging.rabbitmq.consumer | INFO | Mensaje recibido: request_id=08229
2026-04-06 00:02:31,177 | concert_ticketing.adapters.messaging.rabbitmq.consumer | INFO | Mensaje recibido: request_id=08157
2026-04-06 00:02:31,246 | concert_ticketing.adapters.messaging.rabbitmq.consumer | INFO | Mensaje recibido: request_id=08238
2026-04-06 00:02:31,330 | concert_ticketing.adapters.messaging.rabbitmq.consumer | INFO | Mensaje recibido: request_id=08252
2026-04-06 00:02:31,411 | concert_ticketing.adapters.messaging.rabbitmq.consumer | INFO | Mensaje recibido: request_id=08249
2026-04-06 00:02:31,504 | concert_ticketing.adapters.messaging.rabbitmq.consumer | INFO | Mensaje recibido: request_id=08268
2026-04-06 00:02:31,605 | concert_ticketing.adapters.messaging.rabbitmq.consumer | INFO | Mensaje recibido: request_id=08279
2026-04-06 00:02:31,697 | concert_ticketing.adapters.messaging.rabbitmq.consumer | INFO | Mensaje recibido: request_id=08245
2026-04-06 00:02:31,813 | concert_ticketing.adapters.messaging.rabbitmq.consumer | INFO | Mensaje recibido: request_id=08292
2026-04-06 00:02:31,925 | concert_ticketing.adapters.messaging.rabbitmq.consumer | INFO | Mensaje recibido: request_id=08282
2026-04-06 00:02:32,033 | concert_ticketing.adapters.messaging.rabbitmq.consumer | INFO | Mensaje recibido: request_id=08310
2026-04-06 00:02:32,159 | concert_ticketing.adapters.messaging.rabbitmq.consumer | INFO | Mensaje recibido: request_id=08288
2026-04-06 00:02:32,271 | concert_ticketing.adapters.messaging.rabbitmq.consumer | INFO | Mensaje recibido: request_id=08326
2026-04-06 00:02:32,375 | concert_ticketing.adapters.messaging.rabbitmq.consumer | INFO | Mensaje recibido: request_id=08309
2026-04-06 00:02:32,459 | concert_ticketing.adapters.messaging.rabbitmq.consumer | INFO | Mensaje recibido: request_id=08322
2026-04-06 00:02:32,549 | concert_ticketing.adapters.messaging.rabbitmq.consumer | INFO | Mensaje recibido: request_id=08339
2026-04-06 00:02:32,637 | concert_ticketing.adapters.messaging.rabbitmq.consumer | INFO | Mensaje recibido: request_id=08343
2026-04-06 00:02:32,731 | concert_ticketing.adapters.messaging.rabbitmq.consumer | INFO | Mensaje recibido: request_id=08308
2026-04-06 00:02:32,825 | concert_ticketing.adapters.messaging.rabbitmq.consumer | INFO | Mensaje recibido: request_id=08364
2026-04-06 00:02:32,902 | concert_ticketing.adapters.messaging.rabbitmq.consumer | INFO | Mensaje recibido: request_id=08380
2026-04-06 00:02:32,974 | concert_ticketing.adapters.messaging.rabbitmq.consumer | INFO | Mensaje recibido: request_id=08374
2026-04-06 00:02:33,078 | concert_ticketing.adapters.messaging.rabbitmq.consumer | INFO | Mensaje recibido: request_id=08367
2026-04-06 00:02:33,169 | concert_ticketing.adapters.messaging.rabbitmq.consumer | INFO | Mensaje recibido: request_id=08399
2026-04-06 00:02:33,254 | concert_ticketing.adapters.messaging.rabbitmq.consumer | INFO | Mensaje recibido: request_id=08340
2026-04-06 00:02:33,317 | concert_ticketing.adapters.messaging.rabbitmq.consumer | INFO | Mensaje recibido: request_id=08403
2026-04-06 00:02:33,412 | concert_ticketing.adapters.messaging.rabbitmq.consumer | INFO | Mensaje recibido: request_id=08417
2026-04-06 00:02:33,503 | concert_ticketing.adapters.messaging.rabbitmq.consumer | INFO | Mensaje recibido: request_id=08369
2026-04-06 00:02:33,582 | concert_ticketing.adapters.messaging.rabbitmq.consumer | INFO | Mensaje recibido: request_id=08422
2026-04-06 00:02:33,675 | concert_ticketing.adapters.messaging.rabbitmq.consumer | INFO | Mensaje recibido: request_id=08440
2026-04-06 00:02:33,752 | concert_ticketing.adapters.messaging.rabbitmq.consumer | INFO | Mensaje recibido: request_id=08423
2026-04-06 00:02:33,817 | concert_ticketing.adapters.messaging.rabbitmq.consumer | INFO | Mensaje recibido: request_id=08445
2026-04-06 00:02:33,888 | concert_ticketing.adapters.messaging.rabbitmq.consumer | INFO | Mensaje recibido: request_id=08454
2026-04-06 00:02:33,988 | concert_ticketing.adapters.messaging.rabbitmq.consumer | INFO | Mensaje recibido: request_id=08486
2026-04-06 00:02:34,069 | concert_ticketing.adapters.messaging.rabbitmq.consumer | INFO | Mensaje recibido: request_id=08488
2026-04-06 00:02:34,141 | concert_ticketing.adapters.messaging.rabbitmq.consumer | INFO | Mensaje recibido: request_id=08489
2026-04-06 00:02:34,268 | concert_ticketing.adapters.messaging.rabbitmq.consumer | INFO | Mensaje recibido: request_id=08475
2026-04-06 00:02:34,349 | concert_ticketing.adapters.messaging.rabbitmq.consumer | INFO | Mensaje recibido: request_id=08433
2026-04-06 00:02:34,440 | concert_ticketing.adapters.messaging.rabbitmq.consumer | INFO | Mensaje recibido: request_id=08508
2026-04-06 00:02:34,505 | concert_ticketing.adapters.messaging.rabbitmq.consumer | INFO | Mensaje recibido: request_id=08472
2026-04-06 00:02:34,592 | concert_ticketing.adapters.messaging.rabbitmq.consumer | INFO | Mensaje recibido: request_id=08531
2026-04-06 00:02:34,666 | concert_ticketing.adapters.messaging.rabbitmq.consumer | INFO | Mensaje recibido: request_id=08511
2026-04-06 00:02:34,756 | concert_ticketing.adapters.messaging.rabbitmq.consumer | INFO | Mensaje recibido: request_id=08446
2026-04-06 00:02:34,833 | concert_ticketing.adapters.messaging.rabbitmq.consumer | INFO | Mensaje recibido: request_id=08517
2026-04-06 00:02:34,913 | concert_ticketing.adapters.messaging.rabbitmq.consumer | INFO | Mensaje recibido: request_id=08532
2026-04-06 00:02:34,992 | concert_ticketing.adapters.messaging.rabbitmq.consumer | INFO | Mensaje recibido: request_id=08580
2026-04-06 00:02:35,077 | concert_ticketing.adapters.messaging.rabbitmq.consumer | INFO | Mensaje recibido: request_id=08514
2026-04-06 00:02:35,177 | concert_ticketing.adapters.messaging.rabbitmq.consumer | INFO | Mensaje recibido: request_id=08595
2026-04-06 00:02:35,257 | concert_ticketing.adapters.messaging.rabbitmq.consumer | INFO | Mensaje recibido: request_id=08547
2026-04-06 00:02:35,333 | concert_ticketing.adapters.messaging.rabbitmq.consumer | INFO | Mensaje recibido: request_id=08611
2026-04-06 00:02:35,413 | concert_ticketing.adapters.messaging.rabbitmq.consumer | INFO | Mensaje recibido: request_id=08613
2026-04-06 00:02:35,496 | concert_ticketing.adapters.messaging.rabbitmq.consumer | INFO | Mensaje recibido: request_id=08565
2026-04-06 00:02:35,585 | concert_ticketing.adapters.messaging.rabbitmq.consumer | INFO | Mensaje recibido: request_id=08629
2026-04-06 00:02:35,669 | concert_ticketing.adapters.messaging.rabbitmq.consumer | INFO | Mensaje recibido: request_id=08553
2026-04-06 00:02:35,752 | concert_ticketing.adapters.messaging.rabbitmq.consumer | INFO | Mensaje recibido: request_id=08597
2026-04-06 00:02:35,828 | concert_ticketing.adapters.messaging.rabbitmq.consumer | INFO | Mensaje recibido: request_id=08563
2026-04-06 00:02:35,894 | concert_ticketing.adapters.messaging.rabbitmq.consumer | INFO | Mensaje recibido: request_id=08641
2026-04-06 00:02:35,977 | concert_ticketing.adapters.messaging.rabbitmq.consumer | INFO | Mensaje recibido: request_id=08668
2026-04-06 00:02:36,072 | concert_ticketing.adapters.messaging.rabbitmq.consumer | INFO | Mensaje recibido: request_id=08673
2026-04-06 00:02:36,146 | concert_ticketing.adapters.messaging.rabbitmq.consumer | INFO | Mensaje recibido: request_id=08671
2026-04-06 00:02:36,230 | concert_ticketing.adapters.messaging.rabbitmq.consumer | INFO | Mensaje recibido: request_id=08701
2026-04-06 00:02:36,303 | concert_ticketing.adapters.messaging.rabbitmq.consumer | INFO | Mensaje recibido: request_id=08672
2026-04-06 00:02:36,398 | concert_ticketing.adapters.messaging.rabbitmq.consumer | INFO | Mensaje recibido: request_id=08679
2026-04-06 00:02:36,472 | concert_ticketing.adapters.messaging.rabbitmq.consumer | INFO | Mensaje recibido: request_id=08644
2026-04-06 00:02:36,560 | concert_ticketing.adapters.messaging.rabbitmq.consumer | INFO | Mensaje recibido: request_id=08706
2026-04-06 00:02:36,647 | concert_ticketing.adapters.messaging.rabbitmq.consumer | INFO | Mensaje recibido: request_id=08702
2026-04-06 00:02:36,732 | concert_ticketing.adapters.messaging.rabbitmq.consumer | INFO | Mensaje recibido: request_id=08742
2026-04-06 00:02:36,820 | concert_ticketing.adapters.messaging.rabbitmq.consumer | INFO | Mensaje recibido: request_id=08688
2026-04-06 00:02:36,880 | concert_ticketing.adapters.messaging.rabbitmq.consumer | INFO | Mensaje recibido: request_id=08756
2026-04-06 00:02:36,970 | concert_ticketing.adapters.messaging.rabbitmq.consumer | INFO | Mensaje recibido: request_id=08723
2026-04-06 00:02:37,058 | concert_ticketing.adapters.messaging.rabbitmq.consumer | INFO | Mensaje recibido: request_id=08767
2026-04-06 00:02:37,135 | concert_ticketing.adapters.messaging.rabbitmq.consumer | INFO | Mensaje recibido: request_id=08781
2026-04-06 00:02:37,224 | concert_ticketing.adapters.messaging.rabbitmq.consumer | INFO | Mensaje recibido: request_id=08784
2026-04-06 00:02:37,320 | concert_ticketing.adapters.messaging.rabbitmq.consumer | INFO | Mensaje recibido: request_id=08796
2026-04-06 00:02:37,418 | concert_ticketing.adapters.messaging.rabbitmq.consumer | INFO | Mensaje recibido: request_id=08752
2026-04-06 00:02:37,498 | concert_ticketing.adapters.messaging.rabbitmq.consumer | INFO | Mensaje recibido: request_id=08769
2026-04-06 00:02:37,577 | concert_ticketing.adapters.messaging.rabbitmq.consumer | INFO | Mensaje recibido: request_id=08642
2026-04-06 00:02:37,669 | concert_ticketing.adapters.messaging.rabbitmq.consumer | INFO | Mensaje recibido: request_id=08780
2026-04-06 00:02:37,757 | concert_ticketing.adapters.messaging.rabbitmq.consumer | INFO | Mensaje recibido: request_id=08845
2026-04-06 00:02:37,821 | concert_ticketing.adapters.messaging.rabbitmq.consumer | INFO | Mensaje recibido: request_id=08785
2026-04-06 00:02:37,912 | concert_ticketing.adapters.messaging.rabbitmq.consumer | INFO | Mensaje recibido: request_id=08711
2026-04-06 00:02:38,006 | concert_ticketing.adapters.messaging.rabbitmq.consumer | INFO | Mensaje recibido: request_id=08848
2026-04-06 00:02:38,092 | concert_ticketing.adapters.messaging.rabbitmq.consumer | INFO | Mensaje recibido: request_id=08865
2026-04-06 00:02:38,172 | concert_ticketing.adapters.messaging.rabbitmq.consumer | INFO | Mensaje recibido: request_id=08880
2026-04-06 00:02:38,256 | concert_ticketing.adapters.messaging.rabbitmq.consumer | INFO | Mensaje recibido: request_id=08893
2026-04-06 00:02:38,336 | concert_ticketing.adapters.messaging.rabbitmq.consumer | INFO | Mensaje recibido: request_id=08849
2026-04-06 00:02:38,424 | concert_ticketing.adapters.messaging.rabbitmq.consumer | INFO | Mensaje recibido: request_id=08854
2026-04-06 00:02:38,519 | concert_ticketing.adapters.messaging.rabbitmq.consumer | INFO | Mensaje recibido: request_id=08902
2026-04-06 00:02:38,590 | concert_ticketing.adapters.messaging.rabbitmq.consumer | INFO | Mensaje recibido: request_id=08878
2026-04-06 00:02:38,679 | concert_ticketing.adapters.messaging.rabbitmq.consumer | INFO | Mensaje recibido: request_id=08861
2026-04-06 00:02:38,759 | concert_ticketing.adapters.messaging.rabbitmq.consumer | INFO | Mensaje recibido: request_id=08921
2026-04-06 00:02:38,832 | concert_ticketing.adapters.messaging.rabbitmq.consumer | INFO | Mensaje recibido: request_id=08916
2026-04-06 00:02:38,919 | concert_ticketing.adapters.messaging.rabbitmq.consumer | INFO | Mensaje recibido: request_id=08932
2026-04-06 00:02:39,008 | concert_ticketing.adapters.messaging.rabbitmq.consumer | INFO | Mensaje recibido: request_id=08951
2026-04-06 00:02:39,081 | concert_ticketing.adapters.messaging.rabbitmq.consumer | INFO | Mensaje recibido: request_id=08973
2026-04-06 00:02:39,159 | concert_ticketing.adapters.messaging.rabbitmq.consumer | INFO | Mensaje recibido: request_id=08974
2026-04-06 00:02:39,215 | concert_ticketing.adapters.messaging.rabbitmq.consumer | INFO | Mensaje recibido: request_id=08938
2026-04-06 00:02:39,344 | concert_ticketing.adapters.messaging.rabbitmq.consumer | INFO | Mensaje recibido: request_id=08804
2026-04-06 00:02:39,433 | concert_ticketing.adapters.messaging.rabbitmq.consumer | INFO | Mensaje recibido: request_id=09001
2026-04-06 00:02:39,510 | concert_ticketing.adapters.messaging.rabbitmq.consumer | INFO | Mensaje recibido: request_id=09013
2026-04-06 00:02:39,601 | concert_ticketing.adapters.messaging.rabbitmq.consumer | INFO | Mensaje recibido: request_id=08967
2026-04-06 00:02:39,682 | concert_ticketing.adapters.messaging.rabbitmq.consumer | INFO | Mensaje recibido: request_id=09003
2026-04-06 00:02:39,759 | concert_ticketing.adapters.messaging.rabbitmq.consumer | INFO | Mensaje recibido: request_id=09019
2026-04-06 00:02:39,840 | concert_ticketing.adapters.messaging.rabbitmq.consumer | INFO | Mensaje recibido: request_id=09000
2026-04-06 00:02:39,921 | concert_ticketing.adapters.messaging.rabbitmq.consumer | INFO | Mensaje recibido: request_id=09052
2026-04-06 00:02:40,002 | concert_ticketing.adapters.messaging.rabbitmq.consumer | INFO | Mensaje recibido: request_id=09024
2026-04-06 00:02:40,094 | concert_ticketing.adapters.messaging.rabbitmq.consumer | INFO | Mensaje recibido: request_id=09071
2026-04-06 00:02:40,175 | concert_ticketing.adapters.messaging.rabbitmq.consumer | INFO | Mensaje recibido: request_id=09077
2026-04-06 00:02:40,254 | concert_ticketing.adapters.messaging.rabbitmq.consumer | INFO | Mensaje recibido: request_id=09073
2026-04-06 00:02:40,334 | concert_ticketing.adapters.messaging.rabbitmq.consumer | INFO | Mensaje recibido: request_id=09051
2026-04-06 00:02:40,417 | concert_ticketing.adapters.messaging.rabbitmq.consumer | INFO | Mensaje recibido: request_id=09083
2026-04-06 00:02:40,509 | concert_ticketing.adapters.messaging.rabbitmq.consumer | INFO | Mensaje recibido: request_id=09054
2026-04-06 00:02:40,587 | concert_ticketing.adapters.messaging.rabbitmq.consumer | INFO | Mensaje recibido: request_id=09109
2026-04-06 00:02:40,679 | concert_ticketing.adapters.messaging.rabbitmq.consumer | INFO | Mensaje recibido: request_id=09057
2026-04-06 00:02:40,782 | concert_ticketing.adapters.messaging.rabbitmq.consumer | INFO | Mensaje recibido: request_id=08984
2026-04-06 00:02:40,849 | concert_ticketing.adapters.messaging.rabbitmq.consumer | INFO | Mensaje recibido: request_id=09118
2026-04-06 00:02:40,936 | concert_ticketing.adapters.messaging.rabbitmq.consumer | INFO | Mensaje recibido: request_id=09093
2026-04-06 00:02:41,017 | concert_ticketing.adapters.messaging.rabbitmq.consumer | INFO | Mensaje recibido: request_id=09034
2026-04-06 00:02:41,091 | concert_ticketing.adapters.messaging.rabbitmq.consumer | INFO | Mensaje recibido: request_id=09151
2026-04-06 00:02:41,180 | concert_ticketing.adapters.messaging.rabbitmq.consumer | INFO | Mensaje recibido: request_id=09150
2026-04-06 00:02:41,261 | concert_ticketing.adapters.messaging.rabbitmq.consumer | INFO | Mensaje recibido: request_id=09162
2026-04-06 00:02:41,337 | concert_ticketing.adapters.messaging.rabbitmq.consumer | INFO | Mensaje recibido: request_id=09180
2026-04-06 00:02:41,431 | concert_ticketing.adapters.messaging.rabbitmq.consumer | INFO | Mensaje recibido: request_id=09189
2026-04-06 00:02:41,522 | concert_ticketing.adapters.messaging.rabbitmq.consumer | INFO | Mensaje recibido: request_id=09156
2026-04-06 00:02:41,596 | concert_ticketing.adapters.messaging.rabbitmq.consumer | INFO | Mensaje recibido: request_id=09115
2026-04-06 00:02:41,681 | concert_ticketing.adapters.messaging.rabbitmq.consumer | INFO | Mensaje recibido: request_id=09213
2026-04-06 00:02:41,771 | concert_ticketing.adapters.messaging.rabbitmq.consumer | INFO | Mensaje recibido: request_id=09222
2026-04-06 00:02:41,843 | concert_ticketing.adapters.messaging.rabbitmq.consumer | INFO | Mensaje recibido: request_id=09170
2026-04-06 00:02:41,929 | concert_ticketing.adapters.messaging.rabbitmq.consumer | INFO | Mensaje recibido: request_id=09244
2026-04-06 00:02:42,017 | concert_ticketing.adapters.messaging.rabbitmq.consumer | INFO | Mensaje recibido: request_id=09238
2026-04-06 00:02:42,111 | concert_ticketing.adapters.messaging.rabbitmq.consumer | INFO | Mensaje recibido: request_id=09262
2026-04-06 00:02:42,195 | concert_ticketing.adapters.messaging.rabbitmq.consumer | INFO | Mensaje recibido: request_id=09251
2026-04-06 00:02:42,263 | concert_ticketing.adapters.messaging.rabbitmq.consumer | INFO | Mensaje recibido: request_id=09111
2026-04-06 00:02:42,341 | concert_ticketing.adapters.messaging.rabbitmq.consumer | INFO | Mensaje recibido: request_id=09269
2026-04-06 00:02:42,424 | concert_ticketing.adapters.messaging.rabbitmq.consumer | INFO | Mensaje recibido: request_id=09293
2026-04-06 00:02:42,505 | concert_ticketing.adapters.messaging.rabbitmq.consumer | INFO | Mensaje recibido: request_id=09190
2026-04-06 00:02:42,604 | concert_ticketing.adapters.messaging.rabbitmq.consumer | INFO | Mensaje recibido: request_id=09279
2026-04-06 00:02:42,692 | concert_ticketing.adapters.messaging.rabbitmq.consumer | INFO | Mensaje recibido: request_id=09317
2026-04-06 00:02:42,782 | concert_ticketing.adapters.messaging.rabbitmq.consumer | INFO | Mensaje recibido: request_id=09228
2026-04-06 00:02:42,881 | concert_ticketing.adapters.messaging.rabbitmq.consumer | INFO | Mensaje recibido: request_id=09313
2026-04-06 00:02:42,973 | concert_ticketing.adapters.messaging.rabbitmq.consumer | INFO | Mensaje recibido: request_id=09333
2026-04-06 00:02:43,094 | concert_ticketing.adapters.messaging.rabbitmq.consumer | INFO | Mensaje recibido: request_id=09342
2026-04-06 00:02:43,206 | concert_ticketing.adapters.messaging.rabbitmq.consumer | INFO | Mensaje recibido: request_id=09216
2026-04-06 00:02:43,320 | concert_ticketing.adapters.messaging.rabbitmq.consumer | INFO | Mensaje recibido: request_id=09344
2026-04-06 00:02:43,426 | concert_ticketing.adapters.messaging.rabbitmq.consumer | INFO | Mensaje recibido: request_id=09367
2026-04-06 00:02:43,525 | concert_ticketing.adapters.messaging.rabbitmq.consumer | INFO | Mensaje recibido: request_id=09372
2026-04-06 00:02:43,637 | concert_ticketing.adapters.messaging.rabbitmq.consumer | INFO | Mensaje recibido: request_id=09361
2026-04-06 00:02:43,720 | concert_ticketing.adapters.messaging.rabbitmq.consumer | INFO | Mensaje recibido: request_id=09397
2026-04-06 00:02:43,804 | concert_ticketing.adapters.messaging.rabbitmq.consumer | INFO | Mensaje recibido: request_id=09403
2026-04-06 00:02:43,885 | concert_ticketing.adapters.messaging.rabbitmq.consumer | INFO | Mensaje recibido: request_id=09358
2026-04-06 00:02:43,976 | concert_ticketing.adapters.messaging.rabbitmq.consumer | INFO | Mensaje recibido: request_id=09360
2026-04-06 00:02:44,042 | concert_ticketing.adapters.messaging.rabbitmq.consumer | INFO | Mensaje recibido: request_id=09298
2026-04-06 00:02:44,124 | concert_ticketing.adapters.messaging.rabbitmq.consumer | INFO | Mensaje recibido: request_id=09346
2026-04-06 00:02:44,200 | concert_ticketing.adapters.messaging.rabbitmq.consumer | INFO | Mensaje recibido: request_id=09429
2026-04-06 00:02:44,294 | concert_ticketing.adapters.messaging.rabbitmq.consumer | INFO | Mensaje recibido: request_id=09438
2026-04-06 00:02:44,375 | concert_ticketing.adapters.messaging.rabbitmq.consumer | INFO | Mensaje recibido: request_id=09423
2026-04-06 00:02:44,439 | concert_ticketing.adapters.messaging.rabbitmq.consumer | INFO | Mensaje recibido: request_id=09466
2026-04-06 00:02:44,532 | concert_ticketing.adapters.messaging.rabbitmq.consumer | INFO | Mensaje recibido: request_id=09469
2026-04-06 00:02:44,606 | concert_ticketing.adapters.messaging.rabbitmq.consumer | INFO | Mensaje recibido: request_id=09483
2026-04-06 00:02:44,681 | concert_ticketing.adapters.messaging.rabbitmq.consumer | INFO | Mensaje recibido: request_id=09475
2026-04-06 00:02:44,755 | concert_ticketing.adapters.messaging.rabbitmq.consumer | INFO | Mensaje recibido: request_id=09468
2026-04-06 00:02:44,833 | concert_ticketing.adapters.messaging.rabbitmq.consumer | INFO | Mensaje recibido: request_id=09498
2026-04-06 00:02:44,913 | concert_ticketing.adapters.messaging.rabbitmq.consumer | INFO | Mensaje recibido: request_id=09518
2026-04-06 00:02:44,979 | concert_ticketing.adapters.messaging.rabbitmq.consumer | INFO | Mensaje recibido: request_id=09524
2026-04-06 00:02:45,069 | concert_ticketing.adapters.messaging.rabbitmq.consumer | INFO | Mensaje recibido: request_id=09399
2026-04-06 00:02:45,135 | concert_ticketing.adapters.messaging.rabbitmq.consumer | INFO | Mensaje recibido: request_id=09487
2026-04-06 00:02:45,221 | concert_ticketing.adapters.messaging.rabbitmq.consumer | INFO | Mensaje recibido: request_id=09537
2026-04-06 00:02:45,302 | concert_ticketing.adapters.messaging.rabbitmq.consumer | INFO | Mensaje recibido: request_id=09486
2026-04-06 00:02:45,371 | concert_ticketing.adapters.messaging.rabbitmq.consumer | INFO | Mensaje recibido: request_id=09557
2026-04-06 00:02:45,437 | concert_ticketing.adapters.messaging.rabbitmq.consumer | INFO | Mensaje recibido: request_id=09554
2026-04-06 00:02:45,520 | concert_ticketing.adapters.messaging.rabbitmq.consumer | INFO | Mensaje recibido: request_id=09532
2026-04-06 00:02:45,599 | concert_ticketing.adapters.messaging.rabbitmq.consumer | INFO | Mensaje recibido: request_id=09561
2026-04-06 00:02:45,677 | concert_ticketing.adapters.messaging.rabbitmq.consumer | INFO | Mensaje recibido: request_id=09573
2026-04-06 00:02:45,742 | concert_ticketing.adapters.messaging.rabbitmq.consumer | INFO | Mensaje recibido: request_id=09559
2026-04-06 00:02:45,823 | concert_ticketing.adapters.messaging.rabbitmq.consumer | INFO | Mensaje recibido: request_id=09605
2026-04-06 00:02:45,908 | concert_ticketing.adapters.messaging.rabbitmq.consumer | INFO | Mensaje recibido: request_id=09595
2026-04-06 00:02:46,010 | concert_ticketing.adapters.messaging.rabbitmq.consumer | INFO | Mensaje recibido: request_id=09625
2026-04-06 00:02:46,071 | concert_ticketing.adapters.messaging.rabbitmq.consumer | INFO | Mensaje recibido: request_id=09542
2026-04-06 00:02:46,148 | concert_ticketing.adapters.messaging.rabbitmq.consumer | INFO | Mensaje recibido: request_id=09623
2026-04-06 00:02:46,220 | concert_ticketing.adapters.messaging.rabbitmq.consumer | INFO | Mensaje recibido: request_id=09642
2026-04-06 00:02:46,324 | concert_ticketing.adapters.messaging.rabbitmq.consumer | INFO | Mensaje recibido: request_id=09652
2026-04-06 00:02:46,410 | concert_ticketing.adapters.messaging.rabbitmq.consumer | INFO | Mensaje recibido: request_id=09569
2026-04-06 00:02:46,494 | concert_ticketing.adapters.messaging.rabbitmq.consumer | INFO | Mensaje recibido: request_id=09671
2026-04-06 00:02:46,574 | concert_ticketing.adapters.messaging.rabbitmq.consumer | INFO | Mensaje recibido: request_id=09645
2026-04-06 00:02:46,661 | concert_ticketing.adapters.messaging.rabbitmq.consumer | INFO | Mensaje recibido: request_id=09580
2026-04-06 00:02:46,737 | concert_ticketing.adapters.messaging.rabbitmq.consumer | INFO | Mensaje recibido: request_id=09680
2026-04-06 00:02:46,803 | concert_ticketing.adapters.messaging.rabbitmq.consumer | INFO | Mensaje recibido: request_id=09591
2026-04-06 00:02:46,892 | concert_ticketing.adapters.messaging.rabbitmq.consumer | INFO | Mensaje recibido: request_id=09624
2026-04-06 00:02:46,968 | concert_ticketing.adapters.messaging.rabbitmq.consumer | INFO | Mensaje recibido: request_id=09610
2026-04-06 00:02:47,050 | concert_ticketing.adapters.messaging.rabbitmq.consumer | INFO | Mensaje recibido: request_id=09732
2026-04-06 00:02:47,122 | concert_ticketing.adapters.messaging.rabbitmq.consumer | INFO | Mensaje recibido: request_id=09658
2026-04-06 00:02:47,206 | concert_ticketing.adapters.messaging.rabbitmq.consumer | INFO | Mensaje recibido: request_id=09749
2026-04-06 00:02:47,284 | concert_ticketing.adapters.messaging.rabbitmq.consumer | INFO | Mensaje recibido: request_id=09755
2026-04-06 00:02:47,387 | concert_ticketing.adapters.messaging.rabbitmq.consumer | INFO | Mensaje recibido: request_id=09758
2026-04-06 00:02:47,447 | concert_ticketing.adapters.messaging.rabbitmq.consumer | INFO | Mensaje recibido: request_id=09664
2026-04-06 00:02:47,534 | concert_ticketing.adapters.messaging.rabbitmq.consumer | INFO | Mensaje recibido: request_id=09769
2026-04-06 00:02:47,636 | concert_ticketing.adapters.messaging.rabbitmq.consumer | INFO | Mensaje recibido: request_id=09740
2026-04-06 00:02:47,712 | concert_ticketing.adapters.messaging.rabbitmq.consumer | INFO | Mensaje recibido: request_id=09779
2026-04-06 00:02:47,837 | concert_ticketing.adapters.messaging.rabbitmq.consumer | INFO | Mensaje recibido: request_id=09746
2026-04-06 00:02:47,910 | concert_ticketing.adapters.messaging.rabbitmq.consumer | INFO | Mensaje recibido: request_id=09813
2026-04-06 00:02:47,988 | concert_ticketing.adapters.messaging.rabbitmq.consumer | INFO | Mensaje recibido: request_id=09727
2026-04-06 00:02:48,083 | concert_ticketing.adapters.messaging.rabbitmq.consumer | INFO | Mensaje recibido: request_id=09776
2026-04-06 00:02:48,166 | concert_ticketing.adapters.messaging.rabbitmq.consumer | INFO | Mensaje recibido: request_id=09828
2026-04-06 00:02:48,245 | concert_ticketing.adapters.messaging.rabbitmq.consumer | INFO | Mensaje recibido: request_id=09830
2026-04-06 00:02:48,346 | concert_ticketing.adapters.messaging.rabbitmq.consumer | INFO | Mensaje recibido: request_id=09834
2026-04-06 00:02:48,417 | concert_ticketing.adapters.messaging.rabbitmq.consumer | INFO | Mensaje recibido: request_id=09824
2026-04-06 00:02:48,500 | concert_ticketing.adapters.messaging.rabbitmq.consumer | INFO | Mensaje recibido: request_id=09690
2026-04-06 00:02:48,573 | concert_ticketing.adapters.messaging.rabbitmq.consumer | INFO | Mensaje recibido: request_id=09819
2026-04-06 00:02:48,665 | concert_ticketing.adapters.messaging.rabbitmq.consumer | INFO | Mensaje recibido: request_id=09854
2026-04-06 00:02:48,740 | concert_ticketing.adapters.messaging.rabbitmq.consumer | INFO | Mensaje recibido: request_id=09853
2026-04-06 00:02:48,836 | concert_ticketing.adapters.messaging.rabbitmq.consumer | INFO | Mensaje recibido: request_id=09827
2026-04-06 00:02:48,906 | concert_ticketing.adapters.messaging.rabbitmq.consumer | INFO | Mensaje recibido: request_id=09878
2026-04-06 00:02:48,977 | concert_ticketing.adapters.messaging.rabbitmq.consumer | INFO | Mensaje recibido: request_id=09868
2026-04-06 00:02:49,063 | concert_ticketing.adapters.messaging.rabbitmq.consumer | INFO | Mensaje recibido: request_id=09775
2026-04-06 00:02:49,147 | concert_ticketing.adapters.messaging.rabbitmq.consumer | INFO | Mensaje recibido: request_id=09879
2026-04-06 00:02:49,236 | concert_ticketing.adapters.messaging.rabbitmq.consumer | INFO | Mensaje recibido: request_id=09941
2026-04-06 00:02:49,319 | concert_ticketing.adapters.messaging.rabbitmq.consumer | INFO | Mensaje recibido: request_id=09950
2026-04-06 00:02:49,395 | concert_ticketing.adapters.messaging.rabbitmq.consumer | INFO | Mensaje recibido: request_id=09924
2026-04-06 00:02:49,473 | concert_ticketing.adapters.messaging.rabbitmq.consumer | INFO | Mensaje recibido: request_id=09908
2026-04-06 00:02:49,554 | concert_ticketing.adapters.messaging.rabbitmq.consumer | INFO | Mensaje recibido: request_id=09974
2026-04-06 00:02:49,638 | concert_ticketing.adapters.messaging.rabbitmq.consumer | INFO | Mensaje recibido: request_id=09977
2026-04-06 00:02:49,714 | concert_ticketing.adapters.messaging.rabbitmq.consumer | INFO | Mensaje recibido: request_id=09958
2026-04-06 00:02:49,796 | concert_ticketing.adapters.messaging.rabbitmq.consumer | INFO | Mensaje recibido: request_id=09984
2026-04-06 00:02:49,885 | concert_ticketing.adapters.messaging.rabbitmq.consumer | INFO | Mensaje recibido: request_id=09961
2026-04-06 00:02:49,988 | concert_ticketing.adapters.messaging.rabbitmq.consumer | INFO | Mensaje recibido: request_id=10000
2026-04-06 00:02:50,044 | concert_ticketing.adapters.messaging.rabbitmq.consumer | INFO | Mensaje recibido: request_id=10020
2026-04-06 00:02:50,128 | concert_ticketing.adapters.messaging.rabbitmq.consumer | INFO | Mensaje recibido: request_id=09899
2026-04-06 00:02:50,227 | concert_ticketing.adapters.messaging.rabbitmq.consumer | INFO | Mensaje recibido: request_id=10038
2026-04-06 00:02:50,302 | concert_ticketing.adapters.messaging.rabbitmq.consumer | INFO | Mensaje recibido: request_id=10025
2026-04-06 00:02:50,392 | concert_ticketing.adapters.messaging.rabbitmq.consumer | INFO | Mensaje recibido: request_id=10046
2026-04-06 00:02:50,450 | concert_ticketing.adapters.messaging.rabbitmq.consumer | INFO | Mensaje recibido: request_id=10001
2026-04-06 00:02:50,534 | concert_ticketing.adapters.messaging.rabbitmq.consumer | INFO | Mensaje recibido: request_id=10033
2026-04-06 00:02:50,610 | concert_ticketing.adapters.messaging.rabbitmq.consumer | INFO | Mensaje recibido: request_id=09933
2026-04-06 00:02:50,708 | concert_ticketing.adapters.messaging.rabbitmq.consumer | INFO | Mensaje recibido: request_id=10085
2026-04-06 00:02:50,775 | concert_ticketing.adapters.messaging.rabbitmq.consumer | INFO | Mensaje recibido: request_id=10086
2026-04-06 00:02:50,857 | concert_ticketing.adapters.messaging.rabbitmq.consumer | INFO | Mensaje recibido: request_id=10060
2026-04-06 00:02:50,944 | concert_ticketing.adapters.messaging.rabbitmq.consumer | INFO | Mensaje recibido: request_id=10080
2026-04-06 00:02:51,013 | concert_ticketing.adapters.messaging.rabbitmq.consumer | INFO | Mensaje recibido: request_id=10116
2026-04-06 00:02:51,100 | concert_ticketing.adapters.messaging.rabbitmq.consumer | INFO | Mensaje recibido: request_id=10125
2026-04-06 00:02:51,175 | concert_ticketing.adapters.messaging.rabbitmq.consumer | INFO | Mensaje recibido: request_id=10073
2026-04-06 00:02:51,254 | concert_ticketing.adapters.messaging.rabbitmq.consumer | INFO | Mensaje recibido: request_id=10141
2026-04-06 00:02:51,337 | concert_ticketing.adapters.messaging.rabbitmq.consumer | INFO | Mensaje recibido: request_id=10031
2026-04-06 00:02:51,412 | concert_ticketing.adapters.messaging.rabbitmq.consumer | INFO | Mensaje recibido: request_id=10149
2026-04-06 00:02:51,505 | concert_ticketing.adapters.messaging.rabbitmq.consumer | INFO | Mensaje recibido: request_id=10139
2026-04-06 00:02:51,602 | concert_ticketing.adapters.messaging.rabbitmq.consumer | INFO | Mensaje recibido: request_id=10171
2026-04-06 00:02:51,679 | concert_ticketing.adapters.messaging.rabbitmq.consumer | INFO | Mensaje recibido: request_id=10114
2026-04-06 00:02:51,813 | concert_ticketing.adapters.messaging.rabbitmq.consumer | INFO | Mensaje recibido: request_id=10180
2026-04-06 00:02:51,881 | concert_ticketing.adapters.messaging.rabbitmq.consumer | INFO | Mensaje recibido: request_id=09965
2026-04-06 00:02:51,971 | concert_ticketing.adapters.messaging.rabbitmq.consumer | INFO | Mensaje recibido: request_id=10169
2026-04-06 00:02:52,058 | concert_ticketing.adapters.messaging.rabbitmq.consumer | INFO | Mensaje recibido: request_id=10152
2026-04-06 00:02:52,139 | concert_ticketing.adapters.messaging.rabbitmq.consumer | INFO | Mensaje recibido: request_id=10220
2026-04-06 00:02:52,235 | concert_ticketing.adapters.messaging.rabbitmq.consumer | INFO | Mensaje recibido: request_id=10194
2026-04-06 00:02:52,302 | concert_ticketing.adapters.messaging.rabbitmq.consumer | INFO | Mensaje recibido: request_id=10205
2026-04-06 00:02:52,396 | concert_ticketing.adapters.messaging.rabbitmq.consumer | INFO | Mensaje recibido: request_id=10244
2026-04-06 00:02:52,477 | concert_ticketing.adapters.messaging.rabbitmq.consumer | INFO | Mensaje recibido: request_id=10245
2026-04-06 00:02:52,558 | concert_ticketing.adapters.messaging.rabbitmq.consumer | INFO | Mensaje recibido: request_id=10261
2026-04-06 00:02:52,633 | concert_ticketing.adapters.messaging.rabbitmq.consumer | INFO | Mensaje recibido: request_id=10153
2026-04-06 00:02:52,729 | concert_ticketing.adapters.messaging.rabbitmq.consumer | INFO | Mensaje recibido: request_id=10154
2026-04-06 00:02:52,820 | concert_ticketing.adapters.messaging.rabbitmq.consumer | INFO | Mensaje recibido: request_id=10271
2026-04-06 00:02:52,908 | concert_ticketing.adapters.messaging.rabbitmq.consumer | INFO | Mensaje recibido: request_id=10284
2026-04-06 00:02:53,037 | concert_ticketing.adapters.messaging.rabbitmq.consumer | INFO | Mensaje recibido: request_id=10301
2026-04-06 00:02:53,124 | concert_ticketing.adapters.messaging.rabbitmq.consumer | INFO | Mensaje recibido: request_id=10258
2026-04-06 00:02:53,240 | concert_ticketing.adapters.messaging.rabbitmq.consumer | INFO | Mensaje recibido: request_id=10267
2026-04-06 00:02:53,320 | concert_ticketing.adapters.messaging.rabbitmq.consumer | INFO | Mensaje recibido: request_id=10211
2026-04-06 00:02:53,409 | concert_ticketing.adapters.messaging.rabbitmq.consumer | INFO | Mensaje recibido: request_id=10299
2026-04-06 00:02:53,500 | concert_ticketing.adapters.messaging.rabbitmq.consumer | INFO | Mensaje recibido: request_id=10313
2026-04-06 00:02:53,593 | concert_ticketing.adapters.messaging.rabbitmq.consumer | INFO | Mensaje recibido: request_id=10329
2026-04-06 00:02:53,690 | concert_ticketing.adapters.messaging.rabbitmq.consumer | INFO | Mensaje recibido: request_id=10289
2026-04-06 00:02:53,782 | concert_ticketing.adapters.messaging.rabbitmq.consumer | INFO | Mensaje recibido: request_id=10358
2026-04-06 00:02:53,915 | concert_ticketing.adapters.messaging.rabbitmq.consumer | INFO | Mensaje recibido: request_id=10310
2026-04-06 00:02:54,003 | concert_ticketing.adapters.messaging.rabbitmq.consumer | INFO | Mensaje recibido: request_id=10343
2026-04-06 00:02:54,109 | concert_ticketing.adapters.messaging.rabbitmq.consumer | INFO | Mensaje recibido: request_id=10372
2026-04-06 00:02:54,237 | concert_ticketing.adapters.messaging.rabbitmq.consumer | INFO | Mensaje recibido: request_id=10367
2026-04-06 00:02:54,343 | concert_ticketing.adapters.messaging.rabbitmq.consumer | INFO | Mensaje recibido: request_id=10315
2026-04-06 00:02:54,444 | concert_ticketing.adapters.messaging.rabbitmq.consumer | INFO | Mensaje recibido: request_id=10371
2026-04-06 00:02:54,559 | concert_ticketing.adapters.messaging.rabbitmq.consumer | INFO | Mensaje recibido: request_id=10402
2026-04-06 00:02:54,724 | concert_ticketing.adapters.messaging.rabbitmq.consumer | INFO | Mensaje recibido: request_id=10292
2026-04-06 00:02:54,838 | concert_ticketing.adapters.messaging.rabbitmq.consumer | INFO | Mensaje recibido: request_id=10384
2026-04-06 00:02:54,948 | concert_ticketing.adapters.messaging.rabbitmq.consumer | INFO | Mensaje recibido: request_id=10443
2026-04-06 00:02:55,020 | concert_ticketing.adapters.messaging.rabbitmq.consumer | INFO | Mensaje recibido: request_id=10333
2026-04-06 00:02:55,109 | concert_ticketing.adapters.messaging.rabbitmq.consumer | INFO | Mensaje recibido: request_id=10307
2026-04-06 00:02:55,204 | concert_ticketing.adapters.messaging.rabbitmq.consumer | INFO | Mensaje recibido: request_id=10470
2026-04-06 00:02:55,274 | concert_ticketing.adapters.messaging.rabbitmq.consumer | INFO | Mensaje recibido: request_id=10453
2026-04-06 00:02:55,356 | concert_ticketing.adapters.messaging.rabbitmq.consumer | INFO | Mensaje recibido: request_id=10435
2026-04-06 00:02:55,451 | concert_ticketing.adapters.messaging.rabbitmq.consumer | INFO | Mensaje recibido: request_id=10487
2026-04-06 00:02:55,541 | concert_ticketing.adapters.messaging.rabbitmq.consumer | INFO | Mensaje recibido: request_id=10454
2026-04-06 00:02:55,620 | concert_ticketing.adapters.messaging.rabbitmq.consumer | INFO | Mensaje recibido: request_id=10429
2026-04-06 00:02:55,685 | concert_ticketing.adapters.messaging.rabbitmq.consumer | INFO | Mensaje recibido: request_id=10484
2026-04-06 00:02:55,779 | concert_ticketing.adapters.messaging.rabbitmq.consumer | INFO | Mensaje recibido: request_id=10520
2026-04-06 00:02:55,863 | concert_ticketing.adapters.messaging.rabbitmq.consumer | INFO | Mensaje recibido: request_id=10534
2026-04-06 00:02:55,939 | concert_ticketing.adapters.messaging.rabbitmq.consumer | INFO | Mensaje recibido: request_id=10529
2026-04-06 00:02:56,020 | concert_ticketing.adapters.messaging.rabbitmq.consumer | INFO | Mensaje recibido: request_id=10551
2026-04-06 00:02:56,092 | concert_ticketing.adapters.messaging.rabbitmq.consumer | INFO | Mensaje recibido: request_id=10517
2026-04-06 00:02:56,172 | concert_ticketing.adapters.messaging.rabbitmq.consumer | INFO | Mensaje recibido: request_id=10523
2026-04-06 00:02:56,239 | concert_ticketing.adapters.messaging.rabbitmq.consumer | INFO | Mensaje recibido: request_id=10552
2026-04-06 00:02:56,319 | concert_ticketing.adapters.messaging.rabbitmq.consumer | INFO | Mensaje recibido: request_id=10530
2026-04-06 00:02:56,407 | concert_ticketing.adapters.messaging.rabbitmq.consumer | INFO | Mensaje recibido: request_id=10588
2026-04-06 00:02:56,491 | concert_ticketing.adapters.messaging.rabbitmq.consumer | INFO | Mensaje recibido: request_id=10581
2026-04-06 00:02:56,579 | concert_ticketing.adapters.messaging.rabbitmq.consumer | INFO | Mensaje recibido: request_id=10508
2026-04-06 00:02:56,662 | concert_ticketing.adapters.messaging.rabbitmq.consumer | INFO | Mensaje recibido: request_id=10612
2026-04-06 00:02:56,758 | concert_ticketing.adapters.messaging.rabbitmq.consumer | INFO | Mensaje recibido: request_id=10573
2026-04-06 00:02:56,842 | concert_ticketing.adapters.messaging.rabbitmq.consumer | INFO | Mensaje recibido: request_id=10611
2026-04-06 00:02:56,902 | concert_ticketing.adapters.messaging.rabbitmq.consumer | INFO | Mensaje recibido: request_id=10636
2026-04-06 00:02:56,987 | concert_ticketing.adapters.messaging.rabbitmq.consumer | INFO | Mensaje recibido: request_id=10506
2026-04-06 00:02:57,059 | concert_ticketing.adapters.messaging.rabbitmq.consumer | INFO | Mensaje recibido: request_id=10538
2026-04-06 00:02:57,144 | concert_ticketing.adapters.messaging.rabbitmq.consumer | INFO | Mensaje recibido: request_id=10603
2026-04-06 00:02:57,248 | concert_ticketing.adapters.messaging.rabbitmq.consumer | INFO | Mensaje recibido: request_id=10592
2026-04-06 00:02:57,331 | concert_ticketing.adapters.messaging.rabbitmq.consumer | INFO | Mensaje recibido: request_id=10676
2026-04-06 00:02:57,417 | concert_ticketing.adapters.messaging.rabbitmq.consumer | INFO | Mensaje recibido: request_id=10654
2026-04-06 00:02:57,499 | concert_ticketing.adapters.messaging.rabbitmq.consumer | INFO | Mensaje recibido: request_id=10692
2026-04-06 00:02:57,586 | concert_ticketing.adapters.messaging.rabbitmq.consumer | INFO | Mensaje recibido: request_id=10671
2026-04-06 00:02:57,661 | concert_ticketing.adapters.messaging.rabbitmq.consumer | INFO | Mensaje recibido: request_id=10701
2026-04-06 00:02:57,744 | concert_ticketing.adapters.messaging.rabbitmq.consumer | INFO | Mensaje recibido: request_id=10704
2026-04-06 00:02:57,825 | concert_ticketing.adapters.messaging.rabbitmq.consumer | INFO | Mensaje recibido: request_id=10725
2026-04-06 00:02:57,925 | concert_ticketing.adapters.messaging.rabbitmq.consumer | INFO | Mensaje recibido: request_id=10703
2026-04-06 00:02:58,010 | concert_ticketing.adapters.messaging.rabbitmq.consumer | INFO | Mensaje recibido: request_id=10624
2026-04-06 00:02:58,095 | concert_ticketing.adapters.messaging.rabbitmq.consumer | INFO | Mensaje recibido: request_id=10733
2026-04-06 00:02:58,191 | concert_ticketing.adapters.messaging.rabbitmq.consumer | INFO | Mensaje recibido: request_id=10714
2026-04-06 00:02:58,270 | concert_ticketing.adapters.messaging.rabbitmq.consumer | INFO | Mensaje recibido: request_id=10752
2026-04-06 00:02:58,370 | concert_ticketing.adapters.messaging.rabbitmq.consumer | INFO | Mensaje recibido: request_id=10718
2026-04-06 00:02:58,435 | concert_ticketing.adapters.messaging.rabbitmq.consumer | INFO | Mensaje recibido: request_id=10690
2026-04-06 00:02:58,525 | concert_ticketing.adapters.messaging.rabbitmq.consumer | INFO | Mensaje recibido: request_id=10772
2026-04-06 00:02:58,605 | concert_ticketing.adapters.messaging.rabbitmq.consumer | INFO | Mensaje recibido: request_id=10786
2026-04-06 00:02:58,692 | concert_ticketing.adapters.messaging.rabbitmq.consumer | INFO | Mensaje recibido: request_id=10805
2026-04-06 00:02:58,781 | concert_ticketing.adapters.messaging.rabbitmq.consumer | INFO | Mensaje recibido: request_id=10799
2026-04-06 00:02:58,870 | concert_ticketing.adapters.messaging.rabbitmq.consumer | INFO | Mensaje recibido: request_id=10779
2026-04-06 00:02:58,960 | concert_ticketing.adapters.messaging.rabbitmq.consumer | INFO | Mensaje recibido: request_id=10828
2026-04-06 00:02:59,064 | concert_ticketing.adapters.messaging.rabbitmq.consumer | INFO | Mensaje recibido: request_id=10830
2026-04-06 00:02:59,180 | concert_ticketing.adapters.messaging.rabbitmq.consumer | INFO | Mensaje recibido: request_id=10844
2026-04-06 00:02:59,274 | concert_ticketing.adapters.messaging.rabbitmq.consumer | INFO | Mensaje recibido: request_id=10783
2026-04-06 00:02:59,381 | concert_ticketing.adapters.messaging.rabbitmq.consumer | INFO | Mensaje recibido: request_id=10833
2026-04-06 00:02:59,485 | concert_ticketing.adapters.messaging.rabbitmq.consumer | INFO | Mensaje recibido: request_id=10861
2026-04-06 00:02:59,603 | concert_ticketing.adapters.messaging.rabbitmq.consumer | INFO | Mensaje recibido: request_id=10734
2026-04-06 00:02:59,710 | concert_ticketing.adapters.messaging.rabbitmq.consumer | INFO | Mensaje recibido: request_id=10753
2026-04-06 00:02:59,804 | concert_ticketing.adapters.messaging.rabbitmq.consumer | INFO | Mensaje recibido: request_id=10863
2026-04-06 00:02:59,919 | concert_ticketing.adapters.messaging.rabbitmq.consumer | INFO | Mensaje recibido: request_id=10804
2026-04-06 00:02:59,987 | concert_ticketing.adapters.messaging.rabbitmq.consumer | INFO | Mensaje recibido: request_id=10872
2026-04-06 00:03:00,082 | concert_ticketing.adapters.messaging.rabbitmq.consumer | INFO | Mensaje recibido: request_id=10811
2026-04-06 00:03:00,167 | concert_ticketing.adapters.messaging.rabbitmq.consumer | INFO | Mensaje recibido: request_id=10918
2026-04-06 00:03:00,242 | concert_ticketing.adapters.messaging.rabbitmq.consumer | INFO | Mensaje recibido: request_id=10917
2026-04-06 00:03:00,346 | concert_ticketing.adapters.messaging.rabbitmq.consumer | INFO | Mensaje recibido: request_id=10935
2026-04-06 00:03:00,474 | concert_ticketing.adapters.messaging.rabbitmq.consumer | INFO | Mensaje recibido: request_id=10925
2026-04-06 00:03:00,569 | concert_ticketing.adapters.messaging.rabbitmq.consumer | INFO | Mensaje recibido: request_id=10859
2026-04-06 00:03:00,657 | concert_ticketing.adapters.messaging.rabbitmq.consumer | INFO | Mensaje recibido: request_id=10964
2026-04-06 00:03:00,744 | concert_ticketing.adapters.messaging.rabbitmq.consumer | INFO | Mensaje recibido: request_id=10926
2026-04-06 00:03:00,842 | concert_ticketing.adapters.messaging.rabbitmq.consumer | INFO | Mensaje recibido: request_id=10943
2026-04-06 00:03:00,926 | concert_ticketing.adapters.messaging.rabbitmq.consumer | INFO | Mensaje recibido: request_id=10898
2026-04-06 00:03:01,021 | concert_ticketing.adapters.messaging.rabbitmq.consumer | INFO | Mensaje recibido: request_id=10997
2026-04-06 00:03:01,090 | concert_ticketing.adapters.messaging.rabbitmq.consumer | INFO | Mensaje recibido: request_id=10857
2026-04-06 00:03:01,186 | concert_ticketing.adapters.messaging.rabbitmq.consumer | INFO | Mensaje recibido: request_id=10970
2026-04-06 00:03:01,284 | concert_ticketing.adapters.messaging.rabbitmq.consumer | INFO | Mensaje recibido: request_id=10983
2026-04-06 00:03:01,386 | concert_ticketing.adapters.messaging.rabbitmq.consumer | INFO | Mensaje recibido: request_id=11029
2026-04-06 00:03:01,487 | concert_ticketing.adapters.messaging.rabbitmq.consumer | INFO | Mensaje recibido: request_id=11014
2026-04-06 00:03:01,587 | concert_ticketing.adapters.messaging.rabbitmq.consumer | INFO | Mensaje recibido: request_id=10987
2026-04-06 00:03:01,670 | concert_ticketing.adapters.messaging.rabbitmq.consumer | INFO | Mensaje recibido: request_id=11010
2026-04-06 00:03:01,775 | concert_ticketing.adapters.messaging.rabbitmq.consumer | INFO | Mensaje recibido: request_id=10858
2026-04-06 00:03:01,846 | concert_ticketing.adapters.messaging.rabbitmq.consumer | INFO | Mensaje recibido: request_id=11043
2026-04-06 00:03:01,931 | concert_ticketing.adapters.messaging.rabbitmq.consumer | INFO | Mensaje recibido: request_id=11041
2026-04-06 00:03:02,008 | concert_ticketing.adapters.messaging.rabbitmq.consumer | INFO | Mensaje recibido: request_id=11071
2026-04-06 00:03:02,120 | concert_ticketing.adapters.messaging.rabbitmq.consumer | INFO | Mensaje recibido: request_id=11095
2026-04-06 00:03:02,216 | concert_ticketing.adapters.messaging.rabbitmq.consumer | INFO | Mensaje recibido: request_id=11054
2026-04-06 00:03:02,311 | concert_ticketing.adapters.messaging.rabbitmq.consumer | INFO | Mensaje recibido: request_id=11101
2026-04-06 00:03:02,409 | concert_ticketing.adapters.messaging.rabbitmq.consumer | INFO | Mensaje recibido: request_id=11025
2026-04-06 00:03:02,525 | concert_ticketing.adapters.messaging.rabbitmq.consumer | INFO | Mensaje recibido: request_id=11077
2026-04-06 00:03:02,603 | concert_ticketing.adapters.messaging.rabbitmq.consumer | INFO | Mensaje recibido: request_id=11111
2026-04-06 00:03:02,691 | concert_ticketing.adapters.messaging.rabbitmq.consumer | INFO | Mensaje recibido: request_id=11134
2026-04-06 00:03:02,802 | concert_ticketing.adapters.messaging.rabbitmq.consumer | INFO | Mensaje recibido: request_id=11141
2026-04-06 00:03:02,898 | concert_ticketing.adapters.messaging.rabbitmq.consumer | INFO | Mensaje recibido: request_id=11132
2026-04-06 00:03:02,961 | concert_ticketing.adapters.messaging.rabbitmq.consumer | INFO | Mensaje recibido: request_id=11149
2026-04-06 00:03:03,081 | concert_ticketing.adapters.messaging.rabbitmq.consumer | INFO | Mensaje recibido: request_id=11174
2026-04-06 00:03:03,181 | concert_ticketing.adapters.messaging.rabbitmq.consumer | INFO | Mensaje recibido: request_id=11179
2026-04-06 00:03:03,280 | concert_ticketing.adapters.messaging.rabbitmq.consumer | INFO | Mensaje recibido: request_id=11169
2026-04-06 00:03:03,374 | concert_ticketing.adapters.messaging.rabbitmq.consumer | INFO | Mensaje recibido: request_id=11093
2026-04-06 00:03:03,464 | concert_ticketing.adapters.messaging.rabbitmq.consumer | INFO | Mensaje recibido: request_id=11186
2026-04-06 00:03:03,562 | concert_ticketing.adapters.messaging.rabbitmq.consumer | INFO | Mensaje recibido: request_id=11188
2026-04-06 00:03:03,664 | concert_ticketing.adapters.messaging.rabbitmq.consumer | INFO | Mensaje recibido: request_id=11172
2026-04-06 00:03:03,748 | concert_ticketing.adapters.messaging.rabbitmq.consumer | INFO | Mensaje recibido: request_id=11146
2026-04-06 00:03:03,842 | concert_ticketing.adapters.messaging.rabbitmq.consumer | INFO | Mensaje recibido: request_id=11202
2026-04-06 00:03:03,873 | concert_ticketing.adapters.messaging.rabbitmq.consumer | INFO | Mensaje recibido: request_id=11183
2026-04-06 00:03:03,959 | concert_ticketing.adapters.messaging.rabbitmq.consumer | INFO | Mensaje recibido: request_id=11243
2026-04-06 00:03:04,083 | concert_ticketing.adapters.messaging.rabbitmq.consumer | INFO | Mensaje recibido: request_id=11240
2026-04-06 00:03:04,175 | concert_ticketing.adapters.messaging.rabbitmq.consumer | INFO | Mensaje recibido: request_id=11233
2026-04-06 00:03:04,260 | concert_ticketing.adapters.messaging.rabbitmq.consumer | INFO | Mensaje recibido: request_id=11210
2026-04-06 00:03:04,343 | concert_ticketing.adapters.messaging.rabbitmq.consumer | INFO | Mensaje recibido: request_id=11270
2026-04-06 00:03:04,463 | concert_ticketing.adapters.messaging.rabbitmq.consumer | INFO | Mensaje recibido: request_id=11241
2026-04-06 00:03:04,562 | concert_ticketing.adapters.messaging.rabbitmq.consumer | INFO | Mensaje recibido: request_id=11133
2026-04-06 00:03:04,652 | concert_ticketing.adapters.messaging.rabbitmq.consumer | INFO | Mensaje recibido: request_id=11269
2026-04-06 00:03:04,717 | concert_ticketing.adapters.messaging.rabbitmq.consumer | INFO | Mensaje recibido: request_id=11308
2026-04-06 00:03:04,804 | concert_ticketing.adapters.messaging.rabbitmq.consumer | INFO | Mensaje recibido: request_id=11289
2026-04-06 00:03:04,905 | concert_ticketing.adapters.messaging.rabbitmq.consumer | INFO | Mensaje recibido: request_id=11312
2026-04-06 00:03:05,006 | concert_ticketing.adapters.messaging.rabbitmq.consumer | INFO | Mensaje recibido: request_id=11341
2026-04-06 00:03:05,088 | concert_ticketing.adapters.messaging.rabbitmq.consumer | INFO | Mensaje recibido: request_id=11348
2026-04-06 00:03:05,195 | concert_ticketing.adapters.messaging.rabbitmq.consumer | INFO | Mensaje recibido: request_id=11220
2026-04-06 00:03:05,298 | concert_ticketing.adapters.messaging.rabbitmq.consumer | INFO | Mensaje recibido: request_id=11297
2026-04-06 00:03:05,399 | concert_ticketing.adapters.messaging.rabbitmq.consumer | INFO | Mensaje recibido: request_id=11339
2026-04-06 00:03:05,516 | concert_ticketing.adapters.messaging.rabbitmq.consumer | INFO | Mensaje recibido: request_id=11336
2026-04-06 00:03:05,632 | concert_ticketing.adapters.messaging.rabbitmq.consumer | INFO | Mensaje recibido: request_id=11382
2026-04-06 00:03:05,733 | concert_ticketing.adapters.messaging.rabbitmq.consumer | INFO | Mensaje recibido: request_id=11395
2026-04-06 00:03:05,864 | concert_ticketing.adapters.messaging.rabbitmq.consumer | INFO | Mensaje recibido: request_id=11394
2026-04-06 00:03:05,977 | concert_ticketing.adapters.messaging.rabbitmq.consumer | INFO | Mensaje recibido: request_id=11412
2026-04-06 00:03:06,081 | concert_ticketing.adapters.messaging.rabbitmq.consumer | INFO | Mensaje recibido: request_id=11333
2026-04-06 00:03:06,178 | concert_ticketing.adapters.messaging.rabbitmq.consumer | INFO | Mensaje recibido: request_id=11397
2026-04-06 00:03:06,279 | concert_ticketing.adapters.messaging.rabbitmq.consumer | INFO | Mensaje recibido: request_id=11381
2026-04-06 00:03:06,361 | concert_ticketing.adapters.messaging.rabbitmq.consumer | INFO | Mensaje recibido: request_id=11325
2026-04-06 00:03:06,457 | concert_ticketing.adapters.messaging.rabbitmq.consumer | INFO | Mensaje recibido: request_id=11388
2026-04-06 00:03:06,537 | concert_ticketing.adapters.messaging.rabbitmq.consumer | INFO | Mensaje recibido: request_id=11453
2026-04-06 00:03:06,631 | concert_ticketing.adapters.messaging.rabbitmq.consumer | INFO | Mensaje recibido: request_id=11435
2026-04-06 00:03:06,700 | concert_ticketing.adapters.messaging.rabbitmq.consumer | INFO | Mensaje recibido: request_id=11421
2026-04-06 00:03:06,766 | concert_ticketing.adapters.messaging.rabbitmq.consumer | INFO | Mensaje recibido: request_id=11466
2026-04-06 00:03:06,862 | concert_ticketing.adapters.messaging.rabbitmq.consumer | INFO | Mensaje recibido: request_id=11477
2026-04-06 00:03:06,934 | concert_ticketing.adapters.messaging.rabbitmq.consumer | INFO | Mensaje recibido: request_id=11499
2026-04-06 00:03:07,030 | concert_ticketing.adapters.messaging.rabbitmq.consumer | INFO | Mensaje recibido: request_id=11508
2026-04-06 00:03:07,129 | concert_ticketing.adapters.messaging.rabbitmq.consumer | INFO | Mensaje recibido: request_id=11506
2026-04-06 00:03:07,197 | concert_ticketing.adapters.messaging.rabbitmq.consumer | INFO | Mensaje recibido: request_id=11422
2026-04-06 00:03:07,288 | concert_ticketing.adapters.messaging.rabbitmq.consumer | INFO | Mensaje recibido: request_id=11513
2026-04-06 00:03:07,394 | concert_ticketing.adapters.messaging.rabbitmq.consumer | INFO | Mensaje recibido: request_id=11514
2026-04-06 00:03:07,473 | concert_ticketing.adapters.messaging.rabbitmq.consumer | INFO | Mensaje recibido: request_id=11489
2026-04-06 00:03:07,537 | concert_ticketing.adapters.messaging.rabbitmq.consumer | INFO | Mensaje recibido: request_id=11433
2026-04-06 00:03:07,642 | concert_ticketing.adapters.messaging.rabbitmq.consumer | INFO | Mensaje recibido: request_id=11547
2026-04-06 00:03:07,704 | concert_ticketing.adapters.messaging.rabbitmq.consumer | INFO | Mensaje recibido: request_id=11566
2026-04-06 00:03:07,799 | concert_ticketing.adapters.messaging.rabbitmq.consumer | INFO | Mensaje recibido: request_id=11575
2026-04-06 00:03:07,877 | concert_ticketing.adapters.messaging.rabbitmq.consumer | INFO | Mensaje recibido: request_id=11577
2026-04-06 00:03:07,978 | concert_ticketing.adapters.messaging.rabbitmq.consumer | INFO | Mensaje recibido: request_id=11563
2026-04-06 00:03:08,063 | concert_ticketing.adapters.messaging.rabbitmq.consumer | INFO | Mensaje recibido: request_id=11589
2026-04-06 00:03:08,146 | concert_ticketing.adapters.messaging.rabbitmq.consumer | INFO | Mensaje recibido: request_id=11593
2026-04-06 00:03:08,253 | concert_ticketing.adapters.messaging.rabbitmq.consumer | INFO | Mensaje recibido: request_id=11606
2026-04-06 00:03:08,371 | concert_ticketing.adapters.messaging.rabbitmq.consumer | INFO | Mensaje recibido: request_id=11628
2026-04-06 00:03:08,472 | concert_ticketing.adapters.messaging.rabbitmq.consumer | INFO | Mensaje recibido: request_id=11567
2026-04-06 00:03:08,554 | concert_ticketing.adapters.messaging.rabbitmq.consumer | INFO | Mensaje recibido: request_id=11550
2026-04-06 00:03:08,631 | concert_ticketing.adapters.messaging.rabbitmq.consumer | INFO | Mensaje recibido: request_id=11603
2026-04-06 00:03:08,730 | concert_ticketing.adapters.messaging.rabbitmq.consumer | INFO | Mensaje recibido: request_id=11637
2026-04-06 00:03:08,809 | concert_ticketing.adapters.messaging.rabbitmq.consumer | INFO | Mensaje recibido: request_id=11615
2026-04-06 00:03:08,910 | concert_ticketing.adapters.messaging.rabbitmq.consumer | INFO | Mensaje recibido: request_id=11678
2026-04-06 00:03:08,985 | concert_ticketing.adapters.messaging.rabbitmq.consumer | INFO | Mensaje recibido: request_id=11673
2026-04-06 00:03:09,060 | concert_ticketing.adapters.messaging.rabbitmq.consumer | INFO | Mensaje recibido: request_id=11655
2026-04-06 00:03:09,148 | concert_ticketing.adapters.messaging.rabbitmq.consumer | INFO | Mensaje recibido: request_id=11700
2026-04-06 00:03:09,238 | concert_ticketing.adapters.messaging.rabbitmq.consumer | INFO | Mensaje recibido: request_id=11671
2026-04-06 00:03:09,304 | concert_ticketing.adapters.messaging.rabbitmq.consumer | INFO | Mensaje recibido: request_id=11633
2026-04-06 00:03:09,396 | concert_ticketing.adapters.messaging.rabbitmq.consumer | INFO | Mensaje recibido: request_id=11704
2026-04-06 00:03:09,483 | concert_ticketing.adapters.messaging.rabbitmq.consumer | INFO | Mensaje recibido: request_id=11714
2026-04-06 00:03:09,571 | concert_ticketing.adapters.messaging.rabbitmq.consumer | INFO | Mensaje recibido: request_id=11668
2026-04-06 00:03:09,648 | concert_ticketing.adapters.messaging.rabbitmq.consumer | INFO | Mensaje recibido: request_id=11743
2026-04-06 00:03:09,731 | concert_ticketing.adapters.messaging.rabbitmq.consumer | INFO | Mensaje recibido: request_id=11653
2026-04-06 00:03:09,825 | concert_ticketing.adapters.messaging.rabbitmq.consumer | INFO | Mensaje recibido: request_id=11764
2026-04-06 00:03:09,879 | concert_ticketing.adapters.messaging.rabbitmq.consumer | INFO | Mensaje recibido: request_id=11763
2026-04-06 00:03:09,954 | concert_ticketing.adapters.messaging.rabbitmq.consumer | INFO | Mensaje recibido: request_id=11640
2026-04-06 00:03:10,038 | concert_ticketing.adapters.messaging.rabbitmq.consumer | INFO | Mensaje recibido: request_id=11781
2026-04-06 00:03:10,122 | concert_ticketing.adapters.messaging.rabbitmq.consumer | INFO | Mensaje recibido: request_id=11733
2026-04-06 00:03:10,206 | concert_ticketing.adapters.messaging.rabbitmq.consumer | INFO | Mensaje recibido: request_id=11804
2026-04-06 00:03:10,254 | concert_ticketing.adapters.messaging.rabbitmq.consumer | INFO | Mensaje recibido: request_id=11796
2026-04-06 00:03:10,325 | concert_ticketing.adapters.messaging.rabbitmq.consumer | INFO | Mensaje recibido: request_id=11697
2026-04-06 00:03:10,398 | concert_ticketing.adapters.messaging.rabbitmq.consumer | INFO | Mensaje recibido: request_id=11732
2026-04-06 00:03:10,474 | concert_ticketing.adapters.messaging.rabbitmq.consumer | INFO | Mensaje recibido: request_id=11832
2026-04-06 00:03:10,554 | concert_ticketing.adapters.messaging.rabbitmq.consumer | INFO | Mensaje recibido: request_id=11808
2026-04-06 00:03:10,674 | concert_ticketing.adapters.messaging.rabbitmq.consumer | INFO | Mensaje recibido: request_id=11852
2026-04-06 00:03:10,746 | concert_ticketing.adapters.messaging.rabbitmq.consumer | INFO | Mensaje recibido: request_id=11816
2026-04-06 00:03:10,854 | concert_ticketing.adapters.messaging.rabbitmq.consumer | INFO | Mensaje recibido: request_id=11847
2026-04-06 00:03:10,938 | concert_ticketing.adapters.messaging.rabbitmq.consumer | INFO | Mensaje recibido: request_id=11876
2026-04-06 00:03:11,025 | concert_ticketing.adapters.messaging.rabbitmq.consumer | INFO | Mensaje recibido: request_id=11854
2026-04-06 00:03:11,096 | concert_ticketing.adapters.messaging.rabbitmq.consumer | INFO | Mensaje recibido: request_id=11844
2026-04-06 00:03:11,158 | concert_ticketing.adapters.messaging.rabbitmq.consumer | INFO | Mensaje recibido: request_id=11836
2026-04-06 00:03:11,245 | concert_ticketing.adapters.messaging.rabbitmq.consumer | INFO | Mensaje recibido: request_id=11872
2026-04-06 00:03:11,323 | concert_ticketing.adapters.messaging.rabbitmq.consumer | INFO | Mensaje recibido: request_id=11915
2026-04-06 00:03:11,410 | concert_ticketing.adapters.messaging.rabbitmq.consumer | INFO | Mensaje recibido: request_id=11905
2026-04-06 00:03:11,496 | concert_ticketing.adapters.messaging.rabbitmq.consumer | INFO | Mensaje recibido: request_id=11890
2026-04-06 00:03:11,598 | concert_ticketing.adapters.messaging.rabbitmq.consumer | INFO | Mensaje recibido: request_id=11940
2026-04-06 00:03:11,677 | concert_ticketing.adapters.messaging.rabbitmq.consumer | INFO | Mensaje recibido: request_id=11897
2026-04-06 00:03:11,763 | concert_ticketing.adapters.messaging.rabbitmq.consumer | INFO | Mensaje recibido: request_id=11912
2026-04-06 00:03:11,855 | concert_ticketing.adapters.messaging.rabbitmq.consumer | INFO | Mensaje recibido: request_id=11924
2026-04-06 00:03:11,934 | concert_ticketing.adapters.messaging.rabbitmq.consumer | INFO | Mensaje recibido: request_id=11920
2026-04-06 00:03:12,014 | concert_ticketing.adapters.messaging.rabbitmq.consumer | INFO | Mensaje recibido: request_id=11918
2026-04-06 00:03:12,101 | concert_ticketing.adapters.messaging.rabbitmq.consumer | INFO | Mensaje recibido: request_id=11989
2026-04-06 00:03:12,192 | concert_ticketing.adapters.messaging.rabbitmq.consumer | INFO | Mensaje recibido: request_id=11971
2026-04-06 00:03:12,260 | concert_ticketing.adapters.messaging.rabbitmq.consumer | INFO | Mensaje recibido: request_id=11874
2026-04-06 00:03:12,360 | concert_ticketing.adapters.messaging.rabbitmq.consumer | INFO | Mensaje recibido: request_id=12002
2026-04-06 00:03:12,432 | concert_ticketing.adapters.messaging.rabbitmq.consumer | INFO | Mensaje recibido: request_id=12012
2026-04-06 00:03:12,512 | concert_ticketing.adapters.messaging.rabbitmq.consumer | INFO | Mensaje recibido: request_id=12028
2026-04-06 00:03:12,594 | concert_ticketing.adapters.messaging.rabbitmq.consumer | INFO | Mensaje recibido: request_id=12035
2026-04-06 00:03:12,671 | concert_ticketing.adapters.messaging.rabbitmq.consumer | INFO | Mensaje recibido: request_id=12037
2026-04-06 00:03:12,775 | concert_ticketing.adapters.messaging.rabbitmq.consumer | INFO | Mensaje recibido: request_id=12011
2026-04-06 00:03:12,855 | concert_ticketing.adapters.messaging.rabbitmq.consumer | INFO | Mensaje recibido: request_id=12059
2026-04-06 00:03:12,954 | concert_ticketing.adapters.messaging.rabbitmq.consumer | INFO | Mensaje recibido: request_id=12061
2026-04-06 00:03:13,035 | concert_ticketing.adapters.messaging.rabbitmq.consumer | INFO | Mensaje recibido: request_id=12062
2026-04-06 00:03:13,114 | concert_ticketing.adapters.messaging.rabbitmq.consumer | INFO | Mensaje recibido: request_id=12066
2026-04-06 00:03:13,207 | concert_ticketing.adapters.messaging.rabbitmq.consumer | INFO | Mensaje recibido: request_id=12077
2026-04-06 00:03:13,285 | concert_ticketing.adapters.messaging.rabbitmq.consumer | INFO | Mensaje recibido: request_id=12071
2026-04-06 00:03:13,385 | concert_ticketing.adapters.messaging.rabbitmq.consumer | INFO | Mensaje recibido: request_id=12056
2026-04-06 00:03:13,483 | concert_ticketing.adapters.messaging.rabbitmq.consumer | INFO | Mensaje recibido: request_id=12116
2026-04-06 00:03:13,574 | concert_ticketing.adapters.messaging.rabbitmq.consumer | INFO | Mensaje recibido: request_id=12069
2026-04-06 00:03:13,675 | concert_ticketing.adapters.messaging.rabbitmq.consumer | INFO | Mensaje recibido: request_id=12099
2026-04-06 00:03:13,750 | concert_ticketing.adapters.messaging.rabbitmq.consumer | INFO | Mensaje recibido: request_id=12122
2026-04-06 00:03:13,842 | concert_ticketing.adapters.messaging.rabbitmq.consumer | INFO | Mensaje recibido: request_id=12073
2026-04-06 00:03:13,909 | concert_ticketing.adapters.messaging.rabbitmq.consumer | INFO | Mensaje recibido: request_id=12154
2026-04-06 00:03:14,006 | concert_ticketing.adapters.messaging.rabbitmq.consumer | INFO | Mensaje recibido: request_id=12144
2026-04-06 00:03:14,092 | concert_ticketing.adapters.messaging.rabbitmq.consumer | INFO | Mensaje recibido: request_id=12121
2026-04-06 00:03:14,174 | concert_ticketing.adapters.messaging.rabbitmq.consumer | INFO | Mensaje recibido: request_id=12147
2026-04-06 00:03:14,256 | concert_ticketing.adapters.messaging.rabbitmq.consumer | INFO | Mensaje recibido: request_id=12182
2026-04-06 00:03:14,336 | concert_ticketing.adapters.messaging.rabbitmq.consumer | INFO | Mensaje recibido: request_id=12142
2026-04-06 00:03:14,417 | concert_ticketing.adapters.messaging.rabbitmq.consumer | INFO | Mensaje recibido: request_id=12038
2026-04-06 00:03:14,504 | concert_ticketing.adapters.messaging.rabbitmq.consumer | INFO | Mensaje recibido: request_id=12177
2026-04-06 00:03:14,598 | concert_ticketing.adapters.messaging.rabbitmq.consumer | INFO | Mensaje recibido: request_id=12197
2026-04-06 00:03:14,686 | concert_ticketing.adapters.messaging.rabbitmq.consumer | INFO | Mensaje recibido: request_id=12190
2026-04-06 00:03:14,772 | concert_ticketing.adapters.messaging.rabbitmq.consumer | INFO | Mensaje recibido: request_id=12214
2026-04-06 00:03:14,853 | concert_ticketing.adapters.messaging.rabbitmq.consumer | INFO | Mensaje recibido: request_id=12241
2026-04-06 00:03:14,940 | concert_ticketing.adapters.messaging.rabbitmq.consumer | INFO | Mensaje recibido: request_id=12236
2026-04-06 00:03:15,037 | concert_ticketing.adapters.messaging.rabbitmq.consumer | INFO | Mensaje recibido: request_id=12261
2026-04-06 00:03:15,111 | concert_ticketing.adapters.messaging.rabbitmq.consumer | INFO | Mensaje recibido: request_id=12255
2026-04-06 00:03:15,207 | concert_ticketing.adapters.messaging.rabbitmq.consumer | INFO | Mensaje recibido: request_id=12181
2026-04-06 00:03:15,281 | concert_ticketing.adapters.messaging.rabbitmq.consumer | INFO | Mensaje recibido: request_id=12284
2026-04-06 00:03:15,374 | concert_ticketing.adapters.messaging.rabbitmq.consumer | INFO | Mensaje recibido: request_id=12260
2026-04-06 00:03:15,459 | concert_ticketing.adapters.messaging.rabbitmq.consumer | INFO | Mensaje recibido: request_id=12234
2026-04-06 00:03:15,541 | concert_ticketing.adapters.messaging.rabbitmq.consumer | INFO | Mensaje recibido: request_id=12296
2026-04-06 00:03:15,613 | concert_ticketing.adapters.messaging.rabbitmq.consumer | INFO | Mensaje recibido: request_id=12288
2026-04-06 00:03:15,697 | concert_ticketing.adapters.messaging.rabbitmq.consumer | INFO | Mensaje recibido: request_id=12301
2026-04-06 00:03:15,770 | concert_ticketing.adapters.messaging.rabbitmq.consumer | INFO | Mensaje recibido: request_id=12327
2026-04-06 00:03:15,850 | concert_ticketing.adapters.messaging.rabbitmq.consumer | INFO | Mensaje recibido: request_id=12293
2026-04-06 00:03:15,931 | concert_ticketing.adapters.messaging.rabbitmq.consumer | INFO | Mensaje recibido: request_id=12330
2026-04-06 00:03:16,010 | concert_ticketing.adapters.messaging.rabbitmq.consumer | INFO | Mensaje recibido: request_id=12351
2026-04-06 00:03:16,082 | concert_ticketing.adapters.messaging.rabbitmq.consumer | INFO | Mensaje recibido: request_id=12355
2026-04-06 00:03:16,170 | concert_ticketing.adapters.messaging.rabbitmq.consumer | INFO | Mensaje recibido: request_id=12367
2026-04-06 00:03:16,272 | concert_ticketing.adapters.messaging.rabbitmq.consumer | INFO | Mensaje recibido: request_id=12374
2026-04-06 00:03:16,370 | concert_ticketing.adapters.messaging.rabbitmq.consumer | INFO | Mensaje recibido: request_id=12339
2026-04-06 00:03:16,456 | concert_ticketing.adapters.messaging.rabbitmq.consumer | INFO | Mensaje recibido: request_id=12343
2026-04-06 00:03:16,562 | concert_ticketing.adapters.messaging.rabbitmq.consumer | INFO | Mensaje recibido: request_id=12246
2026-04-06 00:03:16,661 | concert_ticketing.adapters.messaging.rabbitmq.consumer | INFO | Mensaje recibido: request_id=12405
2026-04-06 00:03:16,794 | concert_ticketing.adapters.messaging.rabbitmq.consumer | INFO | Mensaje recibido: request_id=12368
2026-04-06 00:03:16,888 | concert_ticketing.adapters.messaging.rabbitmq.consumer | INFO | Mensaje recibido: request_id=12399
2026-04-06 00:03:16,964 | concert_ticketing.adapters.messaging.rabbitmq.consumer | INFO | Mensaje recibido: request_id=12398
2026-04-06 00:03:17,074 | concert_ticketing.adapters.messaging.rabbitmq.consumer | INFO | Mensaje recibido: request_id=12395
2026-04-06 00:03:17,184 | concert_ticketing.adapters.messaging.rabbitmq.consumer | INFO | Mensaje recibido: request_id=12438
2026-04-06 00:03:17,269 | concert_ticketing.adapters.messaging.rabbitmq.consumer | INFO | Mensaje recibido: request_id=12412
2026-04-06 00:03:17,360 | concert_ticketing.adapters.messaging.rabbitmq.consumer | INFO | Mensaje recibido: request_id=12430
2026-04-06 00:03:17,438 | concert_ticketing.adapters.messaging.rabbitmq.consumer | INFO | Mensaje recibido: request_id=12476
2026-04-06 00:03:17,534 | concert_ticketing.adapters.messaging.rabbitmq.consumer | INFO | Mensaje recibido: request_id=12436
2026-04-06 00:03:17,598 | concert_ticketing.adapters.messaging.rabbitmq.consumer | INFO | Mensaje recibido: request_id=12453
2026-04-06 00:03:17,677 | concert_ticketing.adapters.messaging.rabbitmq.consumer | INFO | Mensaje recibido: request_id=12474
2026-04-06 00:03:17,749 | concert_ticketing.adapters.messaging.rabbitmq.consumer | INFO | Mensaje recibido: request_id=12507
2026-04-06 00:03:17,817 | concert_ticketing.adapters.messaging.rabbitmq.consumer | INFO | Mensaje recibido: request_id=12496
2026-04-06 00:03:17,890 | concert_ticketing.adapters.messaging.rabbitmq.consumer | INFO | Mensaje recibido: request_id=12485
2026-04-06 00:03:17,960 | concert_ticketing.adapters.messaging.rabbitmq.consumer | INFO | Mensaje recibido: request_id=12490
2026-04-06 00:03:18,054 | concert_ticketing.adapters.messaging.rabbitmq.consumer | INFO | Mensaje recibido: request_id=12525
2026-04-06 00:03:18,129 | concert_ticketing.adapters.messaging.rabbitmq.consumer | INFO | Mensaje recibido: request_id=12547
2026-04-06 00:03:18,224 | concert_ticketing.adapters.messaging.rabbitmq.consumer | INFO | Mensaje recibido: request_id=12558
2026-04-06 00:03:18,300 | concert_ticketing.adapters.messaging.rabbitmq.consumer | INFO | Mensaje recibido: request_id=12377
2026-04-06 00:03:18,396 | concert_ticketing.adapters.messaging.rabbitmq.consumer | INFO | Mensaje recibido: request_id=12571
2026-04-06 00:03:18,462 | concert_ticketing.adapters.messaging.rabbitmq.consumer | INFO | Mensaje recibido: request_id=12569
2026-04-06 00:03:18,549 | concert_ticketing.adapters.messaging.rabbitmq.consumer | INFO | Mensaje recibido: request_id=12449
2026-04-06 00:03:18,636 | concert_ticketing.adapters.messaging.rabbitmq.consumer | INFO | Mensaje recibido: request_id=12596
2026-04-06 00:03:18,726 | concert_ticketing.adapters.messaging.rabbitmq.consumer | INFO | Mensaje recibido: request_id=12564
2026-04-06 00:03:18,813 | concert_ticketing.adapters.messaging.rabbitmq.consumer | INFO | Mensaje recibido: request_id=12573
2026-04-06 00:03:18,879 | concert_ticketing.adapters.messaging.rabbitmq.consumer | INFO | Mensaje recibido: request_id=12592
2026-04-06 00:03:18,952 | concert_ticketing.adapters.messaging.rabbitmq.consumer | INFO | Mensaje recibido: request_id=12626
2026-04-06 00:03:19,042 | concert_ticketing.adapters.messaging.rabbitmq.consumer | INFO | Mensaje recibido: request_id=12429
2026-04-06 00:03:19,122 | concert_ticketing.adapters.messaging.rabbitmq.consumer | INFO | Mensaje recibido: request_id=12644
2026-04-06 00:03:19,211 | concert_ticketing.adapters.messaging.rabbitmq.consumer | INFO | Mensaje recibido: request_id=12640
2026-04-06 00:03:19,275 | concert_ticketing.adapters.messaging.rabbitmq.consumer | INFO | Mensaje recibido: request_id=12660
2026-04-06 00:03:19,369 | concert_ticketing.adapters.messaging.rabbitmq.consumer | INFO | Mensaje recibido: request_id=12662
2026-04-06 00:03:19,453 | concert_ticketing.adapters.messaging.rabbitmq.consumer | INFO | Mensaje recibido: request_id=12638
2026-04-06 00:03:19,530 | concert_ticketing.adapters.messaging.rabbitmq.consumer | INFO | Mensaje recibido: request_id=12683
2026-04-06 00:03:19,594 | concert_ticketing.adapters.messaging.rabbitmq.consumer | INFO | Mensaje recibido: request_id=12666
2026-04-06 00:03:19,671 | concert_ticketing.adapters.messaging.rabbitmq.consumer | INFO | Mensaje recibido: request_id=12691
2026-04-06 00:03:19,760 | concert_ticketing.adapters.messaging.rabbitmq.consumer | INFO | Mensaje recibido: request_id=12700
2026-04-06 00:03:19,852 | concert_ticketing.adapters.messaging.rabbitmq.consumer | INFO | Mensaje recibido: request_id=12639
2026-04-06 00:03:19,927 | concert_ticketing.adapters.messaging.rabbitmq.consumer | INFO | Mensaje recibido: request_id=12595
2026-04-06 00:03:20,017 | concert_ticketing.adapters.messaging.rabbitmq.consumer | INFO | Mensaje recibido: request_id=12631
2026-04-06 00:03:20,101 | concert_ticketing.adapters.messaging.rabbitmq.consumer | INFO | Mensaje recibido: request_id=12718
2026-04-06 00:03:20,175 | concert_ticketing.adapters.messaging.rabbitmq.consumer | INFO | Mensaje recibido: request_id=12690
2026-04-06 00:03:20,269 | concert_ticketing.adapters.messaging.rabbitmq.consumer | INFO | Mensaje recibido: request_id=12758
2026-04-06 00:03:20,337 | concert_ticketing.adapters.messaging.rabbitmq.consumer | INFO | Mensaje recibido: request_id=12747
2026-04-06 00:03:20,402 | concert_ticketing.adapters.messaging.rabbitmq.consumer | INFO | Mensaje recibido: request_id=12681
2026-04-06 00:03:20,489 | concert_ticketing.adapters.messaging.rabbitmq.consumer | INFO | Mensaje recibido: request_id=12709
2026-04-06 00:03:20,583 | concert_ticketing.adapters.messaging.rabbitmq.consumer | INFO | Mensaje recibido: request_id=12789
2026-04-06 00:03:20,648 | concert_ticketing.adapters.messaging.rabbitmq.consumer | INFO | Mensaje recibido: request_id=12775
2026-04-06 00:03:20,745 | concert_ticketing.adapters.messaging.rabbitmq.consumer | INFO | Mensaje recibido: request_id=12792
2026-04-06 00:03:20,804 | concert_ticketing.adapters.messaging.rabbitmq.consumer | INFO | Mensaje recibido: request_id=12665
2026-04-06 00:03:20,893 | concert_ticketing.adapters.messaging.rabbitmq.consumer | INFO | Mensaje recibido: request_id=12727
2026-04-06 00:03:20,962 | concert_ticketing.adapters.messaging.rabbitmq.consumer | INFO | Mensaje recibido: request_id=12785
2026-04-06 00:03:21,056 | concert_ticketing.adapters.messaging.rabbitmq.consumer | INFO | Mensaje recibido: request_id=12790
2026-04-06 00:03:21,142 | concert_ticketing.adapters.messaging.rabbitmq.consumer | INFO | Mensaje recibido: request_id=12762
2026-04-06 00:03:21,217 | concert_ticketing.adapters.messaging.rabbitmq.consumer | INFO | Mensaje recibido: request_id=12772
2026-04-06 00:03:21,321 | concert_ticketing.adapters.messaging.rabbitmq.consumer | INFO | Mensaje recibido: request_id=12776
2026-04-06 00:03:21,383 | concert_ticketing.adapters.messaging.rabbitmq.consumer | INFO | Mensaje recibido: request_id=12860
2026-04-06 00:03:21,486 | concert_ticketing.adapters.messaging.rabbitmq.consumer | INFO | Mensaje recibido: request_id=12782
2026-04-06 00:03:21,556 | concert_ticketing.adapters.messaging.rabbitmq.consumer | INFO | Mensaje recibido: request_id=12745
2026-04-06 00:03:21,647 | concert_ticketing.adapters.messaging.rabbitmq.consumer | INFO | Mensaje recibido: request_id=12891
2026-04-06 00:03:21,721 | concert_ticketing.adapters.messaging.rabbitmq.consumer | INFO | Mensaje recibido: request_id=12812
2026-04-06 00:03:21,806 | concert_ticketing.adapters.messaging.rabbitmq.consumer | INFO | Mensaje recibido: request_id=12850
2026-04-06 00:03:21,910 | concert_ticketing.adapters.messaging.rabbitmq.consumer | INFO | Mensaje recibido: request_id=12902
2026-04-06 00:03:21,980 | concert_ticketing.adapters.messaging.rabbitmq.consumer | INFO | Mensaje recibido: request_id=12876
2026-04-06 00:03:22,041 | concert_ticketing.adapters.messaging.rabbitmq.consumer | INFO | Mensaje recibido: request_id=12819
2026-04-06 00:03:22,129 | concert_ticketing.adapters.messaging.rabbitmq.consumer | INFO | Mensaje recibido: request_id=12870
2026-04-06 00:03:22,219 | concert_ticketing.adapters.messaging.rabbitmq.consumer | INFO | Mensaje recibido: request_id=12947
2026-04-06 00:03:22,304 | concert_ticketing.adapters.messaging.rabbitmq.consumer | INFO | Mensaje recibido: request_id=12880
2026-04-06 00:03:22,370 | concert_ticketing.adapters.messaging.rabbitmq.consumer | INFO | Mensaje recibido: request_id=12907
2026-04-06 00:03:22,479 | concert_ticketing.adapters.messaging.rabbitmq.consumer | INFO | Mensaje recibido: request_id=12962
2026-04-06 00:03:22,556 | concert_ticketing.adapters.messaging.rabbitmq.consumer | INFO | Mensaje recibido: request_id=12974
2026-04-06 00:03:22,635 | concert_ticketing.adapters.messaging.rabbitmq.consumer | INFO | Mensaje recibido: request_id=12979
2026-04-06 00:03:22,702 | concert_ticketing.adapters.messaging.rabbitmq.consumer | INFO | Mensaje recibido: request_id=12964
2026-04-06 00:03:22,796 | concert_ticketing.adapters.messaging.rabbitmq.consumer | INFO | Mensaje recibido: request_id=12966
2026-04-06 00:03:22,872 | concert_ticketing.adapters.messaging.rabbitmq.consumer | INFO | Mensaje recibido: request_id=12998
2026-04-06 00:03:22,971 | concert_ticketing.adapters.messaging.rabbitmq.consumer | INFO | Mensaje recibido: request_id=12926
2026-04-06 00:03:23,046 | concert_ticketing.adapters.messaging.rabbitmq.consumer | INFO | Mensaje recibido: request_id=12874
2026-04-06 00:03:23,117 | concert_ticketing.adapters.messaging.rabbitmq.consumer | INFO | Mensaje recibido: request_id=13035
2026-04-06 00:03:23,214 | concert_ticketing.adapters.messaging.rabbitmq.consumer | INFO | Mensaje recibido: request_id=13031
2026-04-06 00:03:23,287 | concert_ticketing.adapters.messaging.rabbitmq.consumer | INFO | Mensaje recibido: request_id=13053
2026-04-06 00:03:23,366 | concert_ticketing.adapters.messaging.rabbitmq.consumer | INFO | Mensaje recibido: request_id=12967
2026-04-06 00:03:23,446 | concert_ticketing.adapters.messaging.rabbitmq.consumer | INFO | Mensaje recibido: request_id=12988
2026-04-06 00:03:23,520 | concert_ticketing.adapters.messaging.rabbitmq.consumer | INFO | Mensaje recibido: request_id=13066
2026-04-06 00:03:23,602 | concert_ticketing.adapters.messaging.rabbitmq.consumer | INFO | Mensaje recibido: request_id=13069
2026-04-06 00:03:23,673 | concert_ticketing.adapters.messaging.rabbitmq.consumer | INFO | Mensaje recibido: request_id=13071
2026-04-06 00:03:23,758 | concert_ticketing.adapters.messaging.rabbitmq.consumer | INFO | Mensaje recibido: request_id=13100
2026-04-06 00:03:23,849 | concert_ticketing.adapters.messaging.rabbitmq.consumer | INFO | Mensaje recibido: request_id=13026
2026-04-06 00:03:23,950 | concert_ticketing.adapters.messaging.rabbitmq.consumer | INFO | Mensaje recibido: request_id=13090
2026-04-06 00:03:24,027 | concert_ticketing.adapters.messaging.rabbitmq.consumer | INFO | Mensaje recibido: request_id=13111
2026-04-06 00:03:24,117 | concert_ticketing.adapters.messaging.rabbitmq.consumer | INFO | Mensaje recibido: request_id=13126
2026-04-06 00:03:24,187 | concert_ticketing.adapters.messaging.rabbitmq.consumer | INFO | Mensaje recibido: request_id=13106
2026-04-06 00:03:24,277 | concert_ticketing.adapters.messaging.rabbitmq.consumer | INFO | Mensaje recibido: request_id=12954
2026-04-06 00:03:24,372 | concert_ticketing.adapters.messaging.rabbitmq.consumer | INFO | Mensaje recibido: request_id=13156
2026-04-06 00:03:24,457 | concert_ticketing.adapters.messaging.rabbitmq.consumer | INFO | Mensaje recibido: request_id=13038
2026-04-06 00:03:24,532 | concert_ticketing.adapters.messaging.rabbitmq.consumer | INFO | Mensaje recibido: request_id=13153
2026-04-06 00:03:24,617 | concert_ticketing.adapters.messaging.rabbitmq.consumer | INFO | Mensaje recibido: request_id=13109
2026-04-06 00:03:24,686 | concert_ticketing.adapters.messaging.rabbitmq.consumer | INFO | Mensaje recibido: request_id=13180
2026-04-06 00:03:24,778 | concert_ticketing.adapters.messaging.rabbitmq.consumer | INFO | Mensaje recibido: request_id=13196
2026-04-06 00:03:24,837 | concert_ticketing.adapters.messaging.rabbitmq.consumer | INFO | Mensaje recibido: request_id=13162
2026-04-06 00:03:24,929 | concert_ticketing.adapters.messaging.rabbitmq.consumer | INFO | Mensaje recibido: request_id=13209
2026-04-06 00:03:25,004 | concert_ticketing.adapters.messaging.rabbitmq.consumer | INFO | Mensaje recibido: request_id=13220
2026-04-06 00:03:25,089 | concert_ticketing.adapters.messaging.rabbitmq.consumer | INFO | Mensaje recibido: request_id=13215
2026-04-06 00:03:25,175 | concert_ticketing.adapters.messaging.rabbitmq.consumer | INFO | Mensaje recibido: request_id=13159
2026-04-06 00:03:25,250 | concert_ticketing.adapters.messaging.rabbitmq.consumer | INFO | Mensaje recibido: request_id=13149
2026-04-06 00:03:25,331 | concert_ticketing.adapters.messaging.rabbitmq.consumer | INFO | Mensaje recibido: request_id=13237
2026-04-06 00:03:25,417 | concert_ticketing.adapters.messaging.rabbitmq.consumer | INFO | Mensaje recibido: request_id=13242
2026-04-06 00:03:25,485 | concert_ticketing.adapters.messaging.rabbitmq.consumer | INFO | Mensaje recibido: request_id=13246
2026-04-06 00:03:25,579 | concert_ticketing.adapters.messaging.rabbitmq.consumer | INFO | Mensaje recibido: request_id=13269
2026-04-06 00:03:25,642 | concert_ticketing.adapters.messaging.rabbitmq.consumer | INFO | Mensaje recibido: request_id=13212
2026-04-06 00:03:25,742 | concert_ticketing.adapters.messaging.rabbitmq.consumer | INFO | Mensaje recibido: request_id=13286
2026-04-06 00:03:25,824 | concert_ticketing.adapters.messaging.rabbitmq.consumer | INFO | Mensaje recibido: request_id=13233
2026-04-06 00:03:25,895 | concert_ticketing.adapters.messaging.rabbitmq.consumer | INFO | Mensaje recibido: request_id=13261
2026-04-06 00:03:26,023 | concert_ticketing.adapters.messaging.rabbitmq.consumer | INFO | Mensaje recibido: request_id=13292
2026-04-06 00:03:26,099 | concert_ticketing.adapters.messaging.rabbitmq.consumer | INFO | Mensaje recibido: request_id=13223
2026-04-06 00:03:26,187 | concert_ticketing.adapters.messaging.rabbitmq.consumer | INFO | Mensaje recibido: request_id=13300
2026-04-06 00:03:26,262 | concert_ticketing.adapters.messaging.rabbitmq.consumer | INFO | Mensaje recibido: request_id=13332
2026-04-06 00:03:26,341 | concert_ticketing.adapters.messaging.rabbitmq.consumer | INFO | Mensaje recibido: request_id=13339
2026-04-06 00:03:26,435 | concert_ticketing.adapters.messaging.rabbitmq.consumer | INFO | Mensaje recibido: request_id=13344
2026-04-06 00:03:26,504 | concert_ticketing.adapters.messaging.rabbitmq.consumer | INFO | Mensaje recibido: request_id=13290
2026-04-06 00:03:26,583 | concert_ticketing.adapters.messaging.rabbitmq.consumer | INFO | Mensaje recibido: request_id=13372
2026-04-06 00:03:26,662 | concert_ticketing.adapters.messaging.rabbitmq.consumer | INFO | Mensaje recibido: request_id=13361
2026-04-06 00:03:26,738 | concert_ticketing.adapters.messaging.rabbitmq.consumer | INFO | Mensaje recibido: request_id=13376
2026-04-06 00:03:26,821 | concert_ticketing.adapters.messaging.rabbitmq.consumer | INFO | Mensaje recibido: request_id=13396
2026-04-06 00:03:26,898 | concert_ticketing.adapters.messaging.rabbitmq.consumer | INFO | Mensaje recibido: request_id=13404
2026-04-06 00:03:26,991 | concert_ticketing.adapters.messaging.rabbitmq.consumer | INFO | Mensaje recibido: request_id=13413
2026-04-06 00:03:27,077 | concert_ticketing.adapters.messaging.rabbitmq.consumer | INFO | Mensaje recibido: request_id=13373
2026-04-06 00:03:27,166 | concert_ticketing.adapters.messaging.rabbitmq.consumer | INFO | Mensaje recibido: request_id=13351
2026-04-06 00:03:27,254 | concert_ticketing.adapters.messaging.rabbitmq.consumer | INFO | Mensaje recibido: request_id=13438
2026-04-06 00:03:27,349 | concert_ticketing.adapters.messaging.rabbitmq.consumer | INFO | Mensaje recibido: request_id=13427
2026-04-06 00:03:27,416 | concert_ticketing.adapters.messaging.rabbitmq.consumer | INFO | Mensaje recibido: request_id=13450
2026-04-06 00:03:27,507 | concert_ticketing.adapters.messaging.rabbitmq.consumer | INFO | Mensaje recibido: request_id=13452
2026-04-06 00:03:27,612 | concert_ticketing.adapters.messaging.rabbitmq.consumer | INFO | Mensaje recibido: request_id=13468
2026-04-06 00:03:27,672 | concert_ticketing.adapters.messaging.rabbitmq.consumer | INFO | Mensaje recibido: request_id=13453
2026-04-06 00:03:27,776 | concert_ticketing.adapters.messaging.rabbitmq.consumer | INFO | Mensaje recibido: request_id=13462
2026-04-06 00:03:27,897 | concert_ticketing.adapters.messaging.rabbitmq.consumer | INFO | Mensaje recibido: request_id=13484
2026-04-06 00:03:27,954 | concert_ticketing.adapters.messaging.rabbitmq.consumer | INFO | Mensaje recibido: request_id=13487
2026-04-06 00:03:28,067 | concert_ticketing.adapters.messaging.rabbitmq.consumer | INFO | Mensaje recibido: request_id=13444
2026-04-06 00:03:28,160 | concert_ticketing.adapters.messaging.rabbitmq.consumer | INFO | Mensaje recibido: request_id=13505
2026-04-06 00:03:28,235 | concert_ticketing.adapters.messaging.rabbitmq.consumer | INFO | Mensaje recibido: request_id=13457
2026-04-06 00:03:28,339 | concert_ticketing.adapters.messaging.rabbitmq.consumer | INFO | Mensaje recibido: request_id=13495
2026-04-06 00:03:28,415 | concert_ticketing.adapters.messaging.rabbitmq.consumer | INFO | Mensaje recibido: request_id=13407
2026-04-06 00:03:28,510 | concert_ticketing.adapters.messaging.rabbitmq.consumer | INFO | Mensaje recibido: request_id=13528
2026-04-06 00:03:28,604 | concert_ticketing.adapters.messaging.rabbitmq.consumer | INFO | Mensaje recibido: request_id=13485
2026-04-06 00:03:28,681 | concert_ticketing.adapters.messaging.rabbitmq.consumer | INFO | Mensaje recibido: request_id=13556
2026-04-06 00:03:28,767 | concert_ticketing.adapters.messaging.rabbitmq.consumer | INFO | Mensaje recibido: request_id=13537
2026-04-06 00:03:28,841 | concert_ticketing.adapters.messaging.rabbitmq.consumer | INFO | Mensaje recibido: request_id=13555
2026-04-06 00:03:28,927 | concert_ticketing.adapters.messaging.rabbitmq.consumer | INFO | Mensaje recibido: request_id=13583
2026-04-06 00:03:29,025 | concert_ticketing.adapters.messaging.rabbitmq.consumer | INFO | Mensaje recibido: request_id=13536
2026-04-06 00:03:29,115 | concert_ticketing.adapters.messaging.rabbitmq.consumer | INFO | Mensaje recibido: request_id=13541
2026-04-06 00:03:29,202 | concert_ticketing.adapters.messaging.rabbitmq.consumer | INFO | Mensaje recibido: request_id=13585
2026-04-06 00:03:29,275 | concert_ticketing.adapters.messaging.rabbitmq.consumer | INFO | Mensaje recibido: request_id=13398
2026-04-06 00:03:29,362 | concert_ticketing.adapters.messaging.rabbitmq.consumer | INFO | Mensaje recibido: request_id=13554
2026-04-06 00:03:29,449 | concert_ticketing.adapters.messaging.rabbitmq.consumer | INFO | Mensaje recibido: request_id=13579
2026-04-06 00:03:29,549 | concert_ticketing.adapters.messaging.rabbitmq.consumer | INFO | Mensaje recibido: request_id=13632
2026-04-06 00:03:29,611 | concert_ticketing.adapters.messaging.rabbitmq.consumer | INFO | Mensaje recibido: request_id=13640
2026-04-06 00:03:29,701 | concert_ticketing.adapters.messaging.rabbitmq.consumer | INFO | Mensaje recibido: request_id=13643
2026-04-06 00:03:29,783 | concert_ticketing.adapters.messaging.rabbitmq.consumer | INFO | Mensaje recibido: request_id=13641
2026-04-06 00:03:29,855 | concert_ticketing.adapters.messaging.rabbitmq.consumer | INFO | Mensaje recibido: request_id=13674
2026-04-06 00:03:29,950 | concert_ticketing.adapters.messaging.rabbitmq.consumer | INFO | Mensaje recibido: request_id=13684
2026-04-06 00:03:30,025 | concert_ticketing.adapters.messaging.rabbitmq.consumer | INFO | Mensaje recibido: request_id=13665
2026-04-06 00:03:30,106 | concert_ticketing.adapters.messaging.rabbitmq.consumer | INFO | Mensaje recibido: request_id=13656
2026-04-06 00:03:30,195 | concert_ticketing.adapters.messaging.rabbitmq.consumer | INFO | Mensaje recibido: request_id=13677
2026-04-06 00:03:30,274 | concert_ticketing.adapters.messaging.rabbitmq.consumer | INFO | Mensaje recibido: request_id=13678
2026-04-06 00:03:30,357 | concert_ticketing.adapters.messaging.rabbitmq.consumer | INFO | Mensaje recibido: request_id=13694
2026-04-06 00:03:30,456 | concert_ticketing.adapters.messaging.rabbitmq.consumer | INFO | Mensaje recibido: request_id=13722
2026-04-06 00:03:30,525 | concert_ticketing.adapters.messaging.rabbitmq.consumer | INFO | Mensaje recibido: request_id=13703
2026-04-06 00:03:30,604 | concert_ticketing.adapters.messaging.rabbitmq.consumer | INFO | Mensaje recibido: request_id=13740
2026-04-06 00:03:30,691 | concert_ticketing.adapters.messaging.rabbitmq.consumer | INFO | Mensaje recibido: request_id=13737
2026-04-06 00:03:30,756 | concert_ticketing.adapters.messaging.rabbitmq.consumer | INFO | Mensaje recibido: request_id=13652
2026-04-06 00:03:30,845 | concert_ticketing.adapters.messaging.rabbitmq.consumer | INFO | Mensaje recibido: request_id=13772
2026-04-06 00:03:30,923 | concert_ticketing.adapters.messaging.rabbitmq.consumer | INFO | Mensaje recibido: request_id=13742
2026-04-06 00:03:31,016 | concert_ticketing.adapters.messaging.rabbitmq.consumer | INFO | Mensaje recibido: request_id=13791
2026-04-06 00:03:31,092 | concert_ticketing.adapters.messaging.rabbitmq.consumer | INFO | Mensaje recibido: request_id=13796
2026-04-06 00:03:31,167 | concert_ticketing.adapters.messaging.rabbitmq.consumer | INFO | Mensaje recibido: request_id=13783
2026-04-06 00:03:31,251 | concert_ticketing.adapters.messaging.rabbitmq.consumer | INFO | Mensaje recibido: request_id=13785
2026-04-06 00:03:31,341 | concert_ticketing.adapters.messaging.rabbitmq.consumer | INFO | Mensaje recibido: request_id=13810
2026-04-06 00:03:31,420 | concert_ticketing.adapters.messaging.rabbitmq.consumer | INFO | Mensaje recibido: request_id=13822
2026-04-06 00:03:31,506 | concert_ticketing.adapters.messaging.rabbitmq.consumer | INFO | Mensaje recibido: request_id=13782
2026-04-06 00:03:31,575 | concert_ticketing.adapters.messaging.rabbitmq.consumer | INFO | Mensaje recibido: request_id=13726
2026-04-06 00:03:31,646 | concert_ticketing.adapters.messaging.rabbitmq.consumer | INFO | Mensaje recibido: request_id=13793
2026-04-06 00:03:31,714 | concert_ticketing.adapters.messaging.rabbitmq.consumer | INFO | Mensaje recibido: request_id=13848
2026-04-06 00:03:31,798 | concert_ticketing.adapters.messaging.rabbitmq.consumer | INFO | Mensaje recibido: request_id=13735
2026-04-06 00:03:31,878 | concert_ticketing.adapters.messaging.rabbitmq.consumer | INFO | Mensaje recibido: request_id=13870
2026-04-06 00:03:31,948 | concert_ticketing.adapters.messaging.rabbitmq.consumer | INFO | Mensaje recibido: request_id=13831
2026-04-06 00:03:32,024 | concert_ticketing.adapters.messaging.rabbitmq.consumer | INFO | Mensaje recibido: request_id=13855
2026-04-06 00:03:32,098 | concert_ticketing.adapters.messaging.rabbitmq.consumer | INFO | Mensaje recibido: request_id=13899
2026-04-06 00:03:32,177 | concert_ticketing.adapters.messaging.rabbitmq.consumer | INFO | Mensaje recibido: request_id=13861
2026-04-06 00:03:32,253 | concert_ticketing.adapters.messaging.rabbitmq.consumer | INFO | Mensaje recibido: request_id=13891
2026-04-06 00:03:32,337 | concert_ticketing.adapters.messaging.rabbitmq.consumer | INFO | Mensaje recibido: request_id=13860
2026-04-06 00:03:32,402 | concert_ticketing.adapters.messaging.rabbitmq.consumer | INFO | Mensaje recibido: request_id=13765
2026-04-06 00:03:32,490 | concert_ticketing.adapters.messaging.rabbitmq.consumer | INFO | Mensaje recibido: request_id=13931
2026-04-06 00:03:32,550 | concert_ticketing.adapters.messaging.rabbitmq.consumer | INFO | Mensaje recibido: request_id=13934
2026-04-06 00:03:32,648 | concert_ticketing.adapters.messaging.rabbitmq.consumer | INFO | Mensaje recibido: request_id=13955
2026-04-06 00:03:32,717 | concert_ticketing.adapters.messaging.rabbitmq.consumer | INFO | Mensaje recibido: request_id=13962
2026-04-06 00:03:32,795 | concert_ticketing.adapters.messaging.rabbitmq.consumer | INFO | Mensaje recibido: request_id=13963
2026-04-06 00:03:32,880 | concert_ticketing.adapters.messaging.rabbitmq.consumer | INFO | Mensaje recibido: request_id=13979
2026-04-06 00:03:32,956 | concert_ticketing.adapters.messaging.rabbitmq.consumer | INFO | Mensaje recibido: request_id=13981
2026-04-06 00:03:33,039 | concert_ticketing.adapters.messaging.rabbitmq.consumer | INFO | Mensaje recibido: request_id=13995
2026-04-06 00:03:33,100 | concert_ticketing.adapters.messaging.rabbitmq.consumer | INFO | Mensaje recibido: request_id=13994
2026-04-06 00:03:33,174 | concert_ticketing.adapters.messaging.rabbitmq.consumer | INFO | Mensaje recibido: request_id=13863
2026-04-06 00:03:33,261 | concert_ticketing.adapters.messaging.rabbitmq.consumer | INFO | Mensaje recibido: request_id=13895
2026-04-06 00:03:33,352 | concert_ticketing.adapters.messaging.rabbitmq.consumer | INFO | Mensaje recibido: request_id=13909
2026-04-06 00:03:33,430 | concert_ticketing.adapters.messaging.rabbitmq.consumer | INFO | Mensaje recibido: request_id=14017
2026-04-06 00:03:33,515 | concert_ticketing.adapters.messaging.rabbitmq.consumer | INFO | Mensaje recibido: request_id=14036
2026-04-06 00:03:33,600 | concert_ticketing.adapters.messaging.rabbitmq.consumer | INFO | Mensaje recibido: request_id=14053
2026-04-06 00:03:33,671 | concert_ticketing.adapters.messaging.rabbitmq.consumer | INFO | Mensaje recibido: request_id=14057
2026-04-06 00:03:33,754 | concert_ticketing.adapters.messaging.rabbitmq.consumer | INFO | Mensaje recibido: request_id=14031
2026-04-06 00:03:33,818 | concert_ticketing.adapters.messaging.rabbitmq.consumer | INFO | Mensaje recibido: request_id=14034
2026-04-06 00:03:33,887 | concert_ticketing.adapters.messaging.rabbitmq.consumer | INFO | Mensaje recibido: request_id=14082
2026-04-06 00:03:33,976 | concert_ticketing.adapters.messaging.rabbitmq.consumer | INFO | Mensaje recibido: request_id=13996
2026-04-06 00:03:34,052 | concert_ticketing.adapters.messaging.rabbitmq.consumer | INFO | Mensaje recibido: request_id=14071
2026-04-06 00:03:34,125 | concert_ticketing.adapters.messaging.rabbitmq.consumer | INFO | Mensaje recibido: request_id=14032
2026-04-06 00:03:34,231 | concert_ticketing.adapters.messaging.rabbitmq.consumer | INFO | Mensaje recibido: request_id=14003
2026-04-06 00:03:34,327 | concert_ticketing.adapters.messaging.rabbitmq.consumer | INFO | Mensaje recibido: request_id=14060
2026-04-06 00:03:34,410 | concert_ticketing.adapters.messaging.rabbitmq.consumer | INFO | Mensaje recibido: request_id=14118
2026-04-06 00:03:34,495 | concert_ticketing.adapters.messaging.rabbitmq.consumer | INFO | Mensaje recibido: request_id=14141
2026-04-06 00:03:34,571 | concert_ticketing.adapters.messaging.rabbitmq.consumer | INFO | Mensaje recibido: request_id=14135
2026-04-06 00:03:34,673 | concert_ticketing.adapters.messaging.rabbitmq.consumer | INFO | Mensaje recibido: request_id=14076
2026-04-06 00:03:34,734 | concert_ticketing.adapters.messaging.rabbitmq.consumer | INFO | Mensaje recibido: request_id=14147
2026-04-06 00:03:34,813 | concert_ticketing.adapters.messaging.rabbitmq.consumer | INFO | Mensaje recibido: request_id=14171
2026-04-06 00:03:34,902 | concert_ticketing.adapters.messaging.rabbitmq.consumer | INFO | Mensaje recibido: request_id=14181
2026-04-06 00:03:34,984 | concert_ticketing.adapters.messaging.rabbitmq.consumer | INFO | Mensaje recibido: request_id=14075
2026-04-06 00:03:35,070 | concert_ticketing.adapters.messaging.rabbitmq.consumer | INFO | Mensaje recibido: request_id=14196
2026-04-06 00:03:35,155 | concert_ticketing.adapters.messaging.rabbitmq.consumer | INFO | Mensaje recibido: request_id=14204
2026-04-06 00:03:35,222 | concert_ticketing.adapters.messaging.rabbitmq.consumer | INFO | Mensaje recibido: request_id=14189
2026-04-06 00:03:35,302 | concert_ticketing.adapters.messaging.rabbitmq.consumer | INFO | Mensaje recibido: request_id=14205
2026-04-06 00:03:35,391 | concert_ticketing.adapters.messaging.rabbitmq.consumer | INFO | Mensaje recibido: request_id=14156
2026-04-06 00:03:35,471 | concert_ticketing.adapters.messaging.rabbitmq.consumer | INFO | Mensaje recibido: request_id=14226
2026-04-06 00:03:35,572 | concert_ticketing.adapters.messaging.rabbitmq.consumer | INFO | Mensaje recibido: request_id=14245
2026-04-06 00:03:35,642 | concert_ticketing.adapters.messaging.rabbitmq.consumer | INFO | Mensaje recibido: request_id=14252
2026-04-06 00:03:35,720 | concert_ticketing.adapters.messaging.rabbitmq.consumer | INFO | Mensaje recibido: request_id=14242
2026-04-06 00:03:35,795 | concert_ticketing.adapters.messaging.rabbitmq.consumer | INFO | Mensaje recibido: request_id=14227
2026-04-06 00:03:35,892 | concert_ticketing.adapters.messaging.rabbitmq.consumer | INFO | Mensaje recibido: request_id=14248
2026-04-06 00:03:35,956 | concert_ticketing.adapters.messaging.rabbitmq.consumer | INFO | Mensaje recibido: request_id=14198
2026-04-06 00:03:36,045 | concert_ticketing.adapters.messaging.rabbitmq.consumer | INFO | Mensaje recibido: request_id=14186
2026-04-06 00:03:36,101 | concert_ticketing.adapters.messaging.rabbitmq.consumer | INFO | Mensaje recibido: request_id=14298
2026-04-06 00:03:36,189 | concert_ticketing.adapters.messaging.rabbitmq.consumer | INFO | Mensaje recibido: request_id=14300
2026-04-06 00:03:36,272 | concert_ticketing.adapters.messaging.rabbitmq.consumer | INFO | Mensaje recibido: request_id=14304
2026-04-06 00:03:36,362 | concert_ticketing.adapters.messaging.rabbitmq.consumer | INFO | Mensaje recibido: request_id=14315
2026-04-06 00:03:36,444 | concert_ticketing.adapters.messaging.rabbitmq.consumer | INFO | Mensaje recibido: request_id=14301
2026-04-06 00:03:36,511 | concert_ticketing.adapters.messaging.rabbitmq.consumer | INFO | Mensaje recibido: request_id=14325
2026-04-06 00:03:36,614 | concert_ticketing.adapters.messaging.rabbitmq.consumer | INFO | Mensaje recibido: request_id=14341
2026-04-06 00:03:36,700 | concert_ticketing.adapters.messaging.rabbitmq.consumer | INFO | Mensaje recibido: request_id=14355
2026-04-06 00:03:36,762 | concert_ticketing.adapters.messaging.rabbitmq.consumer | INFO | Mensaje recibido: request_id=14323
2026-04-06 00:03:36,846 | concert_ticketing.adapters.messaging.rabbitmq.consumer | INFO | Mensaje recibido: request_id=14372
2026-04-06 00:03:36,911 | concert_ticketing.adapters.messaging.rabbitmq.consumer | INFO | Mensaje recibido: request_id=14358
2026-04-06 00:03:37,000 | concert_ticketing.adapters.messaging.rabbitmq.consumer | INFO | Mensaje recibido: request_id=14379
2026-04-06 00:03:37,073 | concert_ticketing.adapters.messaging.rabbitmq.consumer | INFO | Mensaje recibido: request_id=14317
2026-04-06 00:03:37,164 | concert_ticketing.adapters.messaging.rabbitmq.consumer | INFO | Mensaje recibido: request_id=14388
2026-04-06 00:03:37,250 | concert_ticketing.adapters.messaging.rabbitmq.consumer | INFO | Mensaje recibido: request_id=14374
2026-04-06 00:03:37,332 | concert_ticketing.adapters.messaging.rabbitmq.consumer | INFO | Mensaje recibido: request_id=14414
2026-04-06 00:03:37,417 | concert_ticketing.adapters.messaging.rabbitmq.consumer | INFO | Mensaje recibido: request_id=14403
2026-04-06 00:03:37,503 | concert_ticketing.adapters.messaging.rabbitmq.consumer | INFO | Mensaje recibido: request_id=14436
2026-04-06 00:03:37,583 | concert_ticketing.adapters.messaging.rabbitmq.consumer | INFO | Mensaje recibido: request_id=14415
2026-04-06 00:03:37,653 | concert_ticketing.adapters.messaging.rabbitmq.consumer | INFO | Mensaje recibido: request_id=14444
2026-04-06 00:03:37,731 | concert_ticketing.adapters.messaging.rabbitmq.consumer | INFO | Mensaje recibido: request_id=14392
2026-04-06 00:03:37,809 | concert_ticketing.adapters.messaging.rabbitmq.consumer | INFO | Mensaje recibido: request_id=14453
2026-04-06 00:03:37,888 | concert_ticketing.adapters.messaging.rabbitmq.consumer | INFO | Mensaje recibido: request_id=14454
2026-04-06 00:03:37,961 | concert_ticketing.adapters.messaging.rabbitmq.consumer | INFO | Mensaje recibido: request_id=14477
2026-04-06 00:03:38,034 | concert_ticketing.adapters.messaging.rabbitmq.consumer | INFO | Mensaje recibido: request_id=14489
2026-04-06 00:03:38,106 | concert_ticketing.adapters.messaging.rabbitmq.consumer | INFO | Mensaje recibido: request_id=14498
2026-04-06 00:03:38,183 | concert_ticketing.adapters.messaging.rabbitmq.consumer | INFO | Mensaje recibido: request_id=14478
2026-04-06 00:03:38,263 | concert_ticketing.adapters.messaging.rabbitmq.consumer | INFO | Mensaje recibido: request_id=14485
2026-04-06 00:03:38,342 | concert_ticketing.adapters.messaging.rabbitmq.consumer | INFO | Mensaje recibido: request_id=14509
2026-04-06 00:03:38,424 | concert_ticketing.adapters.messaging.rabbitmq.consumer | INFO | Mensaje recibido: request_id=14434
2026-04-06 00:03:38,508 | concert_ticketing.adapters.messaging.rabbitmq.consumer | INFO | Mensaje recibido: request_id=14486
2026-04-06 00:03:38,639 | concert_ticketing.adapters.messaging.rabbitmq.consumer | INFO | Mensaje recibido: request_id=14480
2026-04-06 00:03:38,775 | concert_ticketing.adapters.messaging.rabbitmq.consumer | INFO | Mensaje recibido: request_id=14382
2026-04-06 00:03:38,884 | concert_ticketing.adapters.messaging.rabbitmq.consumer | INFO | Mensaje recibido: request_id=14546
2026-04-06 00:03:39,004 | concert_ticketing.adapters.messaging.rabbitmq.consumer | INFO | Mensaje recibido: request_id=14530
2026-04-06 00:03:39,117 | concert_ticketing.adapters.messaging.rabbitmq.consumer | INFO | Mensaje recibido: request_id=14578
2026-04-06 00:03:39,255 | concert_ticketing.adapters.messaging.rabbitmq.consumer | INFO | Mensaje recibido: request_id=14525
2026-04-06 00:03:39,390 | concert_ticketing.adapters.messaging.rabbitmq.consumer | INFO | Mensaje recibido: request_id=14597
2026-04-06 00:03:39,508 | concert_ticketing.adapters.messaging.rabbitmq.consumer | INFO | Mensaje recibido: request_id=14526
2026-04-06 00:03:39,600 | concert_ticketing.adapters.messaging.rabbitmq.consumer | INFO | Mensaje recibido: request_id=14520
2026-04-06 00:03:39,676 | concert_ticketing.adapters.messaging.rabbitmq.consumer | INFO | Mensaje recibido: request_id=14618
2026-04-06 00:03:39,760 | concert_ticketing.adapters.messaging.rabbitmq.consumer | INFO | Mensaje recibido: request_id=14603
2026-04-06 00:03:39,851 | concert_ticketing.adapters.messaging.rabbitmq.consumer | INFO | Mensaje recibido: request_id=14543
2026-04-06 00:03:39,961 | concert_ticketing.adapters.messaging.rabbitmq.consumer | INFO | Mensaje recibido: request_id=14602
2026-04-06 00:03:40,016 | concert_ticketing.adapters.messaging.rabbitmq.consumer | INFO | Mensaje recibido: request_id=14567
2026-04-06 00:03:40,100 | concert_ticketing.adapters.messaging.rabbitmq.consumer | INFO | Mensaje recibido: request_id=14642
2026-04-06 00:03:40,197 | concert_ticketing.adapters.messaging.rabbitmq.consumer | INFO | Mensaje recibido: request_id=14606
2026-04-06 00:03:40,289 | concert_ticketing.adapters.messaging.rabbitmq.consumer | INFO | Mensaje recibido: request_id=14665
2026-04-06 00:03:40,363 | concert_ticketing.adapters.messaging.rabbitmq.consumer | INFO | Mensaje recibido: request_id=14653
2026-04-06 00:03:40,454 | concert_ticketing.adapters.messaging.rabbitmq.consumer | INFO | Mensaje recibido: request_id=14686
2026-04-06 00:03:40,523 | concert_ticketing.adapters.messaging.rabbitmq.consumer | INFO | Mensaje recibido: request_id=14491
2026-04-06 00:03:40,600 | concert_ticketing.adapters.messaging.rabbitmq.consumer | INFO | Mensaje recibido: request_id=14708
2026-04-06 00:03:40,676 | concert_ticketing.adapters.messaging.rabbitmq.consumer | INFO | Mensaje recibido: request_id=14701
2026-04-06 00:03:40,746 | concert_ticketing.adapters.messaging.rabbitmq.consumer | INFO | Mensaje recibido: request_id=14688
2026-04-06 00:03:40,841 | concert_ticketing.adapters.messaging.rabbitmq.consumer | INFO | Mensaje recibido: request_id=14713
2026-04-06 00:03:40,931 | concert_ticketing.adapters.messaging.rabbitmq.consumer | INFO | Mensaje recibido: request_id=14716
2026-04-06 00:03:41,005 | concert_ticketing.adapters.messaging.rabbitmq.consumer | INFO | Mensaje recibido: request_id=14729
2026-04-06 00:03:41,094 | concert_ticketing.adapters.messaging.rabbitmq.consumer | INFO | Mensaje recibido: request_id=14698
2026-04-06 00:03:41,175 | concert_ticketing.adapters.messaging.rabbitmq.consumer | INFO | Mensaje recibido: request_id=14568
2026-04-06 00:03:41,261 | concert_ticketing.adapters.messaging.rabbitmq.consumer | INFO | Mensaje recibido: request_id=14772
2026-04-06 00:03:41,391 | concert_ticketing.adapters.messaging.rabbitmq.consumer | INFO | Mensaje recibido: request_id=14774
2026-04-06 00:03:41,477 | concert_ticketing.adapters.messaging.rabbitmq.consumer | INFO | Mensaje recibido: request_id=14787
2026-04-06 00:03:41,552 | concert_ticketing.adapters.messaging.rabbitmq.consumer | INFO | Mensaje recibido: request_id=14773
2026-04-06 00:03:41,626 | concert_ticketing.adapters.messaging.rabbitmq.consumer | INFO | Mensaje recibido: request_id=14795
2026-04-06 00:03:41,704 | concert_ticketing.adapters.messaging.rabbitmq.consumer | INFO | Mensaje recibido: request_id=14810
2026-04-06 00:03:41,786 | concert_ticketing.adapters.messaging.rabbitmq.consumer | INFO | Mensaje recibido: request_id=14812
2026-04-06 00:03:41,861 | concert_ticketing.adapters.messaging.rabbitmq.consumer | INFO | Mensaje recibido: request_id=14748
2026-04-06 00:03:41,937 | concert_ticketing.adapters.messaging.rabbitmq.consumer | INFO | Mensaje recibido: request_id=14833
2026-04-06 00:03:42,019 | concert_ticketing.adapters.messaging.rabbitmq.consumer | INFO | Mensaje recibido: request_id=14818
2026-04-06 00:03:42,098 | concert_ticketing.adapters.messaging.rabbitmq.consumer | INFO | Mensaje recibido: request_id=14809
2026-04-06 00:03:42,180 | concert_ticketing.adapters.messaging.rabbitmq.consumer | INFO | Mensaje recibido: request_id=14860
2026-04-06 00:03:42,275 | concert_ticketing.adapters.messaging.rabbitmq.consumer | INFO | Mensaje recibido: request_id=14815
2026-04-06 00:03:42,356 | concert_ticketing.adapters.messaging.rabbitmq.consumer | INFO | Mensaje recibido: request_id=14877
2026-04-06 00:03:42,433 | concert_ticketing.adapters.messaging.rabbitmq.consumer | INFO | Mensaje recibido: request_id=14835
2026-04-06 00:03:42,507 | concert_ticketing.adapters.messaging.rabbitmq.consumer | INFO | Mensaje recibido: request_id=14805
2026-04-06 00:03:42,584 | concert_ticketing.adapters.messaging.rabbitmq.consumer | INFO | Mensaje recibido: request_id=14824
2026-04-06 00:03:42,660 | concert_ticketing.adapters.messaging.rabbitmq.consumer | INFO | Mensaje recibido: request_id=14899
2026-04-06 00:03:42,736 | concert_ticketing.adapters.messaging.rabbitmq.consumer | INFO | Mensaje recibido: request_id=14891
2026-04-06 00:03:42,827 | concert_ticketing.adapters.messaging.rabbitmq.consumer | INFO | Mensaje recibido: request_id=14904
2026-04-06 00:03:42,913 | concert_ticketing.adapters.messaging.rabbitmq.consumer | INFO | Mensaje recibido: request_id=14919
2026-04-06 00:03:42,983 | concert_ticketing.adapters.messaging.rabbitmq.consumer | INFO | Mensaje recibido: request_id=14932
2026-04-06 00:03:43,063 | concert_ticketing.adapters.messaging.rabbitmq.consumer | INFO | Mensaje recibido: request_id=14924
2026-04-06 00:03:43,141 | concert_ticketing.adapters.messaging.rabbitmq.consumer | INFO | Mensaje recibido: request_id=14929
2026-04-06 00:03:43,220 | concert_ticketing.adapters.messaging.rabbitmq.consumer | INFO | Mensaje recibido: request_id=14965
2026-04-06 00:03:43,292 | concert_ticketing.adapters.messaging.rabbitmq.consumer | INFO | Mensaje recibido: request_id=14905
2026-04-06 00:03:43,370 | concert_ticketing.adapters.messaging.rabbitmq.consumer | INFO | Mensaje recibido: request_id=14942
2026-04-06 00:03:43,459 | concert_ticketing.adapters.messaging.rabbitmq.consumer | INFO | Mensaje recibido: request_id=14950
2026-04-06 00:03:43,530 | concert_ticketing.adapters.messaging.rabbitmq.consumer | INFO | Mensaje recibido: request_id=14974
2026-04-06 00:03:43,605 | concert_ticketing.adapters.messaging.rabbitmq.consumer | INFO | Mensaje recibido: request_id=14808
2026-04-06 00:03:43,678 | concert_ticketing.adapters.messaging.rabbitmq.consumer | INFO | Mensaje recibido: request_id=15012
2026-04-06 00:03:43,770 | concert_ticketing.adapters.messaging.rabbitmq.consumer | INFO | Mensaje recibido: request_id=15019
2026-04-06 00:03:43,860 | concert_ticketing.adapters.messaging.rabbitmq.consumer | INFO | Mensaje recibido: request_id=15022
2026-04-06 00:03:43,952 | concert_ticketing.adapters.messaging.rabbitmq.consumer | INFO | Mensaje recibido: request_id=14964
2026-04-06 00:03:44,037 | concert_ticketing.adapters.messaging.rabbitmq.consumer | INFO | Mensaje recibido: request_id=15018
2026-04-06 00:03:44,125 | concert_ticketing.adapters.messaging.rabbitmq.consumer | INFO | Mensaje recibido: request_id=14996
2026-04-06 00:03:44,220 | concert_ticketing.adapters.messaging.rabbitmq.consumer | INFO | Mensaje recibido: request_id=14993
2026-04-06 00:03:44,311 | concert_ticketing.adapters.messaging.rabbitmq.consumer | INFO | Mensaje recibido: request_id=15060
2026-04-06 00:03:44,396 | concert_ticketing.adapters.messaging.rabbitmq.consumer | INFO | Mensaje recibido: request_id=15070
2026-04-06 00:03:44,487 | concert_ticketing.adapters.messaging.rabbitmq.consumer | INFO | Mensaje recibido: request_id=15084
2026-04-06 00:03:44,581 | concert_ticketing.adapters.messaging.rabbitmq.consumer | INFO | Mensaje recibido: request_id=15044
2026-04-06 00:03:44,677 | concert_ticketing.adapters.messaging.rabbitmq.consumer | INFO | Mensaje recibido: request_id=15101
2026-04-06 00:03:44,748 | concert_ticketing.adapters.messaging.rabbitmq.consumer | INFO | Mensaje recibido: request_id=15106
2026-04-06 00:03:44,820 | concert_ticketing.adapters.messaging.rabbitmq.consumer | INFO | Mensaje recibido: request_id=15016
2026-04-06 00:03:44,957 | concert_ticketing.adapters.messaging.rabbitmq.consumer | INFO | Mensaje recibido: request_id=15117
2026-04-06 00:03:45,058 | concert_ticketing.adapters.messaging.rabbitmq.consumer | INFO | Mensaje recibido: request_id=15132
2026-04-06 00:03:45,133 | concert_ticketing.adapters.messaging.rabbitmq.consumer | INFO | Mensaje recibido: request_id=14963
2026-04-06 00:03:45,217 | concert_ticketing.adapters.messaging.rabbitmq.consumer | INFO | Mensaje recibido: request_id=15023
2026-04-06 00:03:45,304 | concert_ticketing.adapters.messaging.rabbitmq.consumer | INFO | Mensaje recibido: request_id=15157
2026-04-06 00:03:45,393 | concert_ticketing.adapters.messaging.rabbitmq.consumer | INFO | Mensaje recibido: request_id=15153
2026-04-06 00:03:45,460 | concert_ticketing.adapters.messaging.rabbitmq.consumer | INFO | Mensaje recibido: request_id=15081
2026-04-06 00:03:45,563 | concert_ticketing.adapters.messaging.rabbitmq.consumer | INFO | Mensaje recibido: request_id=15114
2026-04-06 00:03:45,648 | concert_ticketing.adapters.messaging.rabbitmq.consumer | INFO | Mensaje recibido: request_id=15189
2026-04-06 00:03:45,731 | concert_ticketing.adapters.messaging.rabbitmq.consumer | INFO | Mensaje recibido: request_id=15173
2026-04-06 00:03:45,800 | concert_ticketing.adapters.messaging.rabbitmq.consumer | INFO | Mensaje recibido: request_id=15180
2026-04-06 00:03:45,884 | concert_ticketing.adapters.messaging.rabbitmq.consumer | INFO | Mensaje recibido: request_id=15134
2026-04-06 00:03:45,976 | concert_ticketing.adapters.messaging.rabbitmq.consumer | INFO | Mensaje recibido: request_id=15220
2026-04-06 00:03:46,043 | concert_ticketing.adapters.messaging.rabbitmq.consumer | INFO | Mensaje recibido: request_id=15147
2026-04-06 00:03:46,131 | concert_ticketing.adapters.messaging.rabbitmq.consumer | INFO | Mensaje recibido: request_id=15215
2026-04-06 00:03:46,219 | concert_ticketing.adapters.messaging.rabbitmq.consumer | INFO | Mensaje recibido: request_id=15133
2026-04-06 00:03:46,283 | concert_ticketing.adapters.messaging.rabbitmq.consumer | INFO | Mensaje recibido: request_id=15242
2026-04-06 00:03:46,375 | concert_ticketing.adapters.messaging.rabbitmq.consumer | INFO | Mensaje recibido: request_id=15254
2026-04-06 00:03:46,464 | concert_ticketing.adapters.messaging.rabbitmq.consumer | INFO | Mensaje recibido: request_id=15268
2026-04-06 00:03:46,520 | concert_ticketing.adapters.messaging.rabbitmq.consumer | INFO | Mensaje recibido: request_id=15250
2026-04-06 00:03:46,616 | concert_ticketing.adapters.messaging.rabbitmq.consumer | INFO | Mensaje recibido: request_id=15225
2026-04-06 00:03:46,684 | concert_ticketing.adapters.messaging.rabbitmq.consumer | INFO | Mensaje recibido: request_id=15272
2026-04-06 00:03:46,773 | concert_ticketing.adapters.messaging.rabbitmq.consumer | INFO | Mensaje recibido: request_id=15275
2026-04-06 00:03:46,855 | concert_ticketing.adapters.messaging.rabbitmq.consumer | INFO | Mensaje recibido: request_id=15301
2026-04-06 00:03:46,932 | concert_ticketing.adapters.messaging.rabbitmq.consumer | INFO | Mensaje recibido: request_id=15307
2026-04-06 00:03:47,010 | concert_ticketing.adapters.messaging.rabbitmq.consumer | INFO | Mensaje recibido: request_id=15265
2026-04-06 00:03:47,087 | concert_ticketing.adapters.messaging.rabbitmq.consumer | INFO | Mensaje recibido: request_id=15330
2026-04-06 00:03:47,177 | concert_ticketing.adapters.messaging.rabbitmq.consumer | INFO | Mensaje recibido: request_id=15331
2026-04-06 00:03:47,267 | concert_ticketing.adapters.messaging.rabbitmq.consumer | INFO | Mensaje recibido: request_id=15347
2026-04-06 00:03:47,349 | concert_ticketing.adapters.messaging.rabbitmq.consumer | INFO | Mensaje recibido: request_id=15349
2026-04-06 00:03:47,437 | concert_ticketing.adapters.messaging.rabbitmq.consumer | INFO | Mensaje recibido: request_id=15326
2026-04-06 00:03:47,500 | concert_ticketing.adapters.messaging.rabbitmq.consumer | INFO | Mensaje recibido: request_id=15258
2026-04-06 00:03:47,594 | concert_ticketing.adapters.messaging.rabbitmq.consumer | INFO | Mensaje recibido: request_id=15352
2026-04-06 00:03:47,691 | concert_ticketing.adapters.messaging.rabbitmq.consumer | INFO | Mensaje recibido: request_id=15388
2026-04-06 00:03:47,764 | concert_ticketing.adapters.messaging.rabbitmq.consumer | INFO | Mensaje recibido: request_id=15369
2026-04-06 00:03:47,851 | concert_ticketing.adapters.messaging.rabbitmq.consumer | INFO | Mensaje recibido: request_id=15403
2026-04-06 00:03:47,923 | concert_ticketing.adapters.messaging.rabbitmq.consumer | INFO | Mensaje recibido: request_id=15370
2026-04-06 00:03:48,005 | concert_ticketing.adapters.messaging.rabbitmq.consumer | INFO | Mensaje recibido: request_id=15406
2026-04-06 00:03:48,082 | concert_ticketing.adapters.messaging.rabbitmq.consumer | INFO | Mensaje recibido: request_id=15346
2026-04-06 00:03:48,157 | concert_ticketing.adapters.messaging.rabbitmq.consumer | INFO | Mensaje recibido: request_id=15283
2026-04-06 00:03:48,238 | concert_ticketing.adapters.messaging.rabbitmq.consumer | INFO | Mensaje recibido: request_id=15367
2026-04-06 00:03:48,315 | concert_ticketing.adapters.messaging.rabbitmq.consumer | INFO | Mensaje recibido: request_id=15299
2026-04-06 00:03:48,396 | concert_ticketing.adapters.messaging.rabbitmq.consumer | INFO | Mensaje recibido: request_id=15452
2026-04-06 00:03:48,498 | concert_ticketing.adapters.messaging.rabbitmq.consumer | INFO | Mensaje recibido: request_id=15434
2026-04-06 00:03:48,582 | concert_ticketing.adapters.messaging.rabbitmq.consumer | INFO | Mensaje recibido: request_id=15477
2026-04-06 00:03:48,648 | concert_ticketing.adapters.messaging.rabbitmq.consumer | INFO | Mensaje recibido: request_id=15409
2026-04-06 00:03:48,737 | concert_ticketing.adapters.messaging.rabbitmq.consumer | INFO | Mensaje recibido: request_id=15468
2026-04-06 00:03:48,819 | concert_ticketing.adapters.messaging.rabbitmq.consumer | INFO | Mensaje recibido: request_id=15500
2026-04-06 00:03:48,896 | concert_ticketing.adapters.messaging.rabbitmq.consumer | INFO | Mensaje recibido: request_id=15481
2026-04-06 00:03:48,973 | concert_ticketing.adapters.messaging.rabbitmq.consumer | INFO | Mensaje recibido: request_id=15506
2026-04-06 00:03:49,041 | concert_ticketing.adapters.messaging.rabbitmq.consumer | INFO | Mensaje recibido: request_id=15524
2026-04-06 00:03:49,125 | concert_ticketing.adapters.messaging.rabbitmq.consumer | INFO | Mensaje recibido: request_id=15462
2026-04-06 00:03:49,203 | concert_ticketing.adapters.messaging.rabbitmq.consumer | INFO | Mensaje recibido: request_id=15438
2026-04-06 00:03:49,303 | concert_ticketing.adapters.messaging.rabbitmq.consumer | INFO | Mensaje recibido: request_id=15539
2026-04-06 00:03:49,387 | concert_ticketing.adapters.messaging.rabbitmq.consumer | INFO | Mensaje recibido: request_id=15550
2026-04-06 00:03:49,464 | concert_ticketing.adapters.messaging.rabbitmq.consumer | INFO | Mensaje recibido: request_id=15536
2026-04-06 00:03:49,558 | concert_ticketing.adapters.messaging.rabbitmq.consumer | INFO | Mensaje recibido: request_id=15518
2026-04-06 00:03:49,648 | concert_ticketing.adapters.messaging.rabbitmq.consumer | INFO | Mensaje recibido: request_id=15579
2026-04-06 00:03:49,753 | concert_ticketing.adapters.messaging.rabbitmq.consumer | INFO | Mensaje recibido: request_id=15583
2026-04-06 00:03:49,851 | concert_ticketing.adapters.messaging.rabbitmq.consumer | INFO | Mensaje recibido: request_id=15566
2026-04-06 00:03:49,974 | concert_ticketing.adapters.messaging.rabbitmq.consumer | INFO | Mensaje recibido: request_id=15595
2026-04-06 00:03:50,079 | concert_ticketing.adapters.messaging.rabbitmq.consumer | INFO | Mensaje recibido: request_id=15604
2026-04-06 00:03:50,179 | concert_ticketing.adapters.messaging.rabbitmq.consumer | INFO | Mensaje recibido: request_id=15575
2026-04-06 00:03:50,284 | concert_ticketing.adapters.messaging.rabbitmq.consumer | INFO | Mensaje recibido: request_id=15611
2026-04-06 00:03:50,376 | concert_ticketing.adapters.messaging.rabbitmq.consumer | INFO | Mensaje recibido: request_id=15612
2026-04-06 00:03:50,459 | concert_ticketing.adapters.messaging.rabbitmq.consumer | INFO | Mensaje recibido: request_id=15581
2026-04-06 00:03:50,558 | concert_ticketing.adapters.messaging.rabbitmq.consumer | INFO | Mensaje recibido: request_id=15637
2026-04-06 00:03:50,675 | concert_ticketing.adapters.messaging.rabbitmq.consumer | INFO | Mensaje recibido: request_id=15660
2026-04-06 00:03:50,763 | concert_ticketing.adapters.messaging.rabbitmq.consumer | INFO | Mensaje recibido: request_id=15627
2026-04-06 00:03:50,838 | concert_ticketing.adapters.messaging.rabbitmq.consumer | INFO | Mensaje recibido: request_id=15640
2026-04-06 00:03:50,907 | concert_ticketing.adapters.messaging.rabbitmq.consumer | INFO | Mensaje recibido: request_id=15644
2026-04-06 00:03:50,992 | concert_ticketing.adapters.messaging.rabbitmq.consumer | INFO | Mensaje recibido: request_id=15654
2026-04-06 00:03:51,059 | concert_ticketing.adapters.messaging.rabbitmq.consumer | INFO | Mensaje recibido: request_id=15674
2026-04-06 00:03:51,135 | concert_ticketing.adapters.messaging.rabbitmq.consumer | INFO | Mensaje recibido: request_id=15701
2026-04-06 00:03:51,227 | concert_ticketing.adapters.messaging.rabbitmq.consumer | INFO | Mensaje recibido: request_id=15608
2026-04-06 00:03:51,307 | concert_ticketing.adapters.messaging.rabbitmq.consumer | INFO | Mensaje recibido: request_id=15700
2026-04-06 00:03:51,404 | concert_ticketing.adapters.messaging.rabbitmq.consumer | INFO | Mensaje recibido: request_id=15719
2026-04-06 00:03:51,481 | concert_ticketing.adapters.messaging.rabbitmq.consumer | INFO | Mensaje recibido: request_id=15649
2026-04-06 00:03:51,557 | concert_ticketing.adapters.messaging.rabbitmq.consumer | INFO | Mensaje recibido: request_id=15736
2026-04-06 00:03:51,644 | concert_ticketing.adapters.messaging.rabbitmq.consumer | INFO | Mensaje recibido: request_id=15757
2026-04-06 00:03:51,710 | concert_ticketing.adapters.messaging.rabbitmq.consumer | INFO | Mensaje recibido: request_id=15748
2026-04-06 00:03:51,792 | concert_ticketing.adapters.messaging.rabbitmq.consumer | INFO | Mensaje recibido: request_id=15772
2026-04-06 00:03:51,875 | concert_ticketing.adapters.messaging.rabbitmq.consumer | INFO | Mensaje recibido: request_id=15766
2026-04-06 00:03:51,967 | concert_ticketing.adapters.messaging.rabbitmq.consumer | INFO | Mensaje recibido: request_id=15686
2026-04-06 00:03:52,040 | concert_ticketing.adapters.messaging.rabbitmq.consumer | INFO | Mensaje recibido: request_id=15795
2026-04-06 00:03:52,120 | concert_ticketing.adapters.messaging.rabbitmq.consumer | INFO | Mensaje recibido: request_id=15789
2026-04-06 00:03:52,192 | concert_ticketing.adapters.messaging.rabbitmq.consumer | INFO | Mensaje recibido: request_id=15780
2026-04-06 00:03:52,263 | concert_ticketing.adapters.messaging.rabbitmq.consumer | INFO | Mensaje recibido: request_id=15782
2026-04-06 00:03:52,349 | concert_ticketing.adapters.messaging.rabbitmq.consumer | INFO | Mensaje recibido: request_id=15754
2026-04-06 00:03:52,443 | concert_ticketing.adapters.messaging.rabbitmq.consumer | INFO | Mensaje recibido: request_id=15814
2026-04-06 00:03:52,525 | concert_ticketing.adapters.messaging.rabbitmq.consumer | INFO | Mensaje recibido: request_id=15804
2026-04-06 00:03:52,603 | concert_ticketing.adapters.messaging.rabbitmq.consumer | INFO | Mensaje recibido: request_id=15753
2026-04-06 00:03:52,682 | concert_ticketing.adapters.messaging.rabbitmq.consumer | INFO | Mensaje recibido: request_id=15803
2026-04-06 00:03:52,765 | concert_ticketing.adapters.messaging.rabbitmq.consumer | INFO | Mensaje recibido: request_id=15848
2026-04-06 00:03:52,856 | concert_ticketing.adapters.messaging.rabbitmq.consumer | INFO | Mensaje recibido: request_id=15830
2026-04-06 00:03:52,938 | concert_ticketing.adapters.messaging.rabbitmq.consumer | INFO | Mensaje recibido: request_id=15877
2026-04-06 00:03:53,019 | concert_ticketing.adapters.messaging.rabbitmq.consumer | INFO | Mensaje recibido: request_id=15862
2026-04-06 00:03:53,117 | concert_ticketing.adapters.messaging.rabbitmq.consumer | INFO | Mensaje recibido: request_id=15887
2026-04-06 00:03:53,196 | concert_ticketing.adapters.messaging.rabbitmq.consumer | INFO | Mensaje recibido: request_id=15873
2026-04-06 00:03:53,275 | concert_ticketing.adapters.messaging.rabbitmq.consumer | INFO | Mensaje recibido: request_id=15906
2026-04-06 00:03:53,374 | concert_ticketing.adapters.messaging.rabbitmq.consumer | INFO | Mensaje recibido: request_id=15845
2026-04-06 00:03:53,465 | concert_ticketing.adapters.messaging.rabbitmq.consumer | INFO | Mensaje recibido: request_id=15881
2026-04-06 00:03:53,544 | concert_ticketing.adapters.messaging.rabbitmq.consumer | INFO | Mensaje recibido: request_id=15921
2026-04-06 00:03:53,617 | concert_ticketing.adapters.messaging.rabbitmq.consumer | INFO | Mensaje recibido: request_id=15926
2026-04-06 00:03:53,712 | concert_ticketing.adapters.messaging.rabbitmq.consumer | INFO | Mensaje recibido: request_id=15910
2026-04-06 00:03:53,769 | concert_ticketing.adapters.messaging.rabbitmq.consumer | INFO | Mensaje recibido: request_id=15947
2026-04-06 00:03:53,872 | concert_ticketing.adapters.messaging.rabbitmq.consumer | INFO | Mensaje recibido: request_id=15966
2026-04-06 00:03:53,934 | concert_ticketing.adapters.messaging.rabbitmq.consumer | INFO | Mensaje recibido: request_id=15958
2026-04-06 00:03:54,029 | concert_ticketing.adapters.messaging.rabbitmq.consumer | INFO | Mensaje recibido: request_id=15925
2026-04-06 00:03:54,106 | concert_ticketing.adapters.messaging.rabbitmq.consumer | INFO | Mensaje recibido: request_id=15995
2026-04-06 00:03:54,175 | concert_ticketing.adapters.messaging.rabbitmq.consumer | INFO | Mensaje recibido: request_id=15933
2026-04-06 00:03:54,257 | concert_ticketing.adapters.messaging.rabbitmq.consumer | INFO | Mensaje recibido: request_id=16003
2026-04-06 00:03:54,333 | concert_ticketing.adapters.messaging.rabbitmq.consumer | INFO | Mensaje recibido: request_id=16013
2026-04-06 00:03:54,417 | concert_ticketing.adapters.messaging.rabbitmq.consumer | INFO | Mensaje recibido: request_id=15929
2026-04-06 00:03:54,482 | concert_ticketing.adapters.messaging.rabbitmq.consumer | INFO | Mensaje recibido: request_id=16008
2026-04-06 00:03:54,563 | concert_ticketing.adapters.messaging.rabbitmq.consumer | INFO | Mensaje recibido: request_id=15982
2026-04-06 00:03:54,644 | concert_ticketing.adapters.messaging.rabbitmq.consumer | INFO | Mensaje recibido: request_id=15923
2026-04-06 00:03:54,724 | concert_ticketing.adapters.messaging.rabbitmq.consumer | INFO | Mensaje recibido: request_id=16060
2026-04-06 00:03:54,816 | concert_ticketing.adapters.messaging.rabbitmq.consumer | INFO | Mensaje recibido: request_id=16047
2026-04-06 00:03:54,880 | concert_ticketing.adapters.messaging.rabbitmq.consumer | INFO | Mensaje recibido: request_id=15950
2026-04-06 00:03:54,964 | concert_ticketing.adapters.messaging.rabbitmq.consumer | INFO | Mensaje recibido: request_id=15956
2026-04-06 00:03:55,066 | concert_ticketing.adapters.messaging.rabbitmq.consumer | INFO | Mensaje recibido: request_id=16072
2026-04-06 00:03:55,142 | concert_ticketing.adapters.messaging.rabbitmq.consumer | INFO | Mensaje recibido: request_id=16100
2026-04-06 00:03:55,223 | concert_ticketing.adapters.messaging.rabbitmq.consumer | INFO | Mensaje recibido: request_id=16034
2026-04-06 00:03:55,306 | concert_ticketing.adapters.messaging.rabbitmq.consumer | INFO | Mensaje recibido: request_id=16114
2026-04-06 00:03:55,370 | concert_ticketing.adapters.messaging.rabbitmq.consumer | INFO | Mensaje recibido: request_id=16043
2026-04-06 00:03:55,450 | concert_ticketing.adapters.messaging.rabbitmq.consumer | INFO | Mensaje recibido: request_id=16109
2026-04-06 00:03:55,545 | concert_ticketing.adapters.messaging.rabbitmq.consumer | INFO | Mensaje recibido: request_id=16133
2026-04-06 00:03:55,607 | concert_ticketing.adapters.messaging.rabbitmq.consumer | INFO | Mensaje recibido: request_id=16123
2026-04-06 00:03:55,691 | concert_ticketing.adapters.messaging.rabbitmq.consumer | INFO | Mensaje recibido: request_id=16154
2026-04-06 00:03:55,788 | concert_ticketing.adapters.messaging.rabbitmq.consumer | INFO | Mensaje recibido: request_id=16166
2026-04-06 00:03:55,865 | concert_ticketing.adapters.messaging.rabbitmq.consumer | INFO | Mensaje recibido: request_id=16172
2026-04-06 00:03:55,939 | concert_ticketing.adapters.messaging.rabbitmq.consumer | INFO | Mensaje recibido: request_id=15936
2026-04-06 00:03:56,003 | concert_ticketing.adapters.messaging.rabbitmq.consumer | INFO | Mensaje recibido: request_id=16140
2026-04-06 00:03:56,084 | concert_ticketing.adapters.messaging.rabbitmq.consumer | INFO | Mensaje recibido: request_id=16115
2026-04-06 00:03:56,164 | concert_ticketing.adapters.messaging.rabbitmq.consumer | INFO | Mensaje recibido: request_id=16202
2026-04-06 00:03:56,269 | concert_ticketing.adapters.messaging.rabbitmq.consumer | INFO | Mensaje recibido: request_id=16205
2026-04-06 00:03:56,363 | concert_ticketing.adapters.messaging.rabbitmq.consumer | INFO | Mensaje recibido: request_id=16174
2026-04-06 00:03:56,444 | concert_ticketing.adapters.messaging.rabbitmq.consumer | INFO | Mensaje recibido: request_id=16208
2026-04-06 00:03:56,496 | concert_ticketing.adapters.messaging.rabbitmq.consumer | INFO | Mensaje recibido: request_id=16161
2026-04-06 00:03:56,582 | concert_ticketing.adapters.messaging.rabbitmq.consumer | INFO | Mensaje recibido: request_id=16242
2026-04-06 00:03:56,657 | concert_ticketing.adapters.messaging.rabbitmq.consumer | INFO | Mensaje recibido: request_id=16244
2026-04-06 00:03:56,731 | concert_ticketing.adapters.messaging.rabbitmq.consumer | INFO | Mensaje recibido: request_id=16252
2026-04-06 00:03:56,817 | concert_ticketing.adapters.messaging.rabbitmq.consumer | INFO | Mensaje recibido: request_id=16181
2026-04-06 00:03:56,922 | concert_ticketing.adapters.messaging.rabbitmq.consumer | INFO | Mensaje recibido: request_id=16278
2026-04-06 00:03:56,995 | concert_ticketing.adapters.messaging.rabbitmq.consumer | INFO | Mensaje recibido: request_id=16185
2026-04-06 00:03:57,087 | concert_ticketing.adapters.messaging.rabbitmq.consumer | INFO | Mensaje recibido: request_id=16182
2026-04-06 00:03:57,177 | concert_ticketing.adapters.messaging.rabbitmq.consumer | INFO | Mensaje recibido: request_id=16290
2026-04-06 00:03:57,261 | concert_ticketing.adapters.messaging.rabbitmq.consumer | INFO | Mensaje recibido: request_id=16291
2026-04-06 00:03:57,336 | concert_ticketing.adapters.messaging.rabbitmq.consumer | INFO | Mensaje recibido: request_id=16316
2026-04-06 00:03:57,431 | concert_ticketing.adapters.messaging.rabbitmq.consumer | INFO | Mensaje recibido: request_id=16262
2026-04-06 00:03:57,514 | concert_ticketing.adapters.messaging.rabbitmq.consumer | INFO | Mensaje recibido: request_id=16333
2026-04-06 00:03:57,603 | concert_ticketing.adapters.messaging.rabbitmq.consumer | INFO | Mensaje recibido: request_id=16198
2026-04-06 00:03:57,678 | concert_ticketing.adapters.messaging.rabbitmq.consumer | INFO | Mensaje recibido: request_id=16347
2026-04-06 00:03:57,758 | concert_ticketing.adapters.messaging.rabbitmq.consumer | INFO | Mensaje recibido: request_id=16329
2026-04-06 00:03:57,851 | concert_ticketing.adapters.messaging.rabbitmq.consumer | INFO | Mensaje recibido: request_id=16366
2026-04-06 00:03:57,923 | concert_ticketing.adapters.messaging.rabbitmq.consumer | INFO | Mensaje recibido: request_id=16296
2026-04-06 00:03:58,004 | concert_ticketing.adapters.messaging.rabbitmq.consumer | INFO | Mensaje recibido: request_id=16342
2026-04-06 00:03:58,082 | concert_ticketing.adapters.messaging.rabbitmq.consumer | INFO | Mensaje recibido: request_id=16247
2026-04-06 00:03:58,156 | concert_ticketing.adapters.messaging.rabbitmq.consumer | INFO | Mensaje recibido: request_id=16387
2026-04-06 00:03:58,227 | concert_ticketing.adapters.messaging.rabbitmq.consumer | INFO | Mensaje recibido: request_id=16394
2026-04-06 00:03:58,321 | concert_ticketing.adapters.messaging.rabbitmq.consumer | INFO | Mensaje recibido: request_id=16370
2026-04-06 00:03:58,396 | concert_ticketing.adapters.messaging.rabbitmq.consumer | INFO | Mensaje recibido: request_id=16358
2026-04-06 00:03:58,495 | concert_ticketing.adapters.messaging.rabbitmq.consumer | INFO | Mensaje recibido: request_id=16313
2026-04-06 00:03:58,574 | concert_ticketing.adapters.messaging.rabbitmq.consumer | INFO | Mensaje recibido: request_id=16428
2026-04-06 00:03:58,647 | concert_ticketing.adapters.messaging.rabbitmq.consumer | INFO | Mensaje recibido: request_id=16442
2026-04-06 00:03:58,730 | concert_ticketing.adapters.messaging.rabbitmq.consumer | INFO | Mensaje recibido: request_id=16424
2026-04-06 00:03:58,819 | concert_ticketing.adapters.messaging.rabbitmq.consumer | INFO | Mensaje recibido: request_id=16461
2026-04-06 00:03:58,883 | concert_ticketing.adapters.messaging.rabbitmq.consumer | INFO | Mensaje recibido: request_id=16266
2026-04-06 00:03:58,973 | concert_ticketing.adapters.messaging.rabbitmq.consumer | INFO | Mensaje recibido: request_id=16476
2026-04-06 00:03:59,065 | concert_ticketing.adapters.messaging.rabbitmq.consumer | INFO | Mensaje recibido: request_id=16399
2026-04-06 00:03:59,127 | concert_ticketing.adapters.messaging.rabbitmq.consumer | INFO | Mensaje recibido: request_id=16453
2026-04-06 00:03:59,203 | concert_ticketing.adapters.messaging.rabbitmq.consumer | INFO | Mensaje recibido: request_id=16429
2026-04-06 00:03:59,269 | concert_ticketing.adapters.messaging.rabbitmq.consumer | INFO | Mensaje recibido: request_id=16463
2026-04-06 00:03:59,356 | concert_ticketing.adapters.messaging.rabbitmq.consumer | INFO | Mensaje recibido: request_id=16448
2026-04-06 00:03:59,448 | concert_ticketing.adapters.messaging.rabbitmq.consumer | INFO | Mensaje recibido: request_id=16499
2026-04-06 00:03:59,537 | concert_ticketing.adapters.messaging.rabbitmq.consumer | INFO | Mensaje recibido: request_id=16520
2026-04-06 00:03:59,625 | concert_ticketing.adapters.messaging.rabbitmq.consumer | INFO | Mensaje recibido: request_id=16539
2026-04-06 00:03:59,704 | concert_ticketing.adapters.messaging.rabbitmq.consumer | INFO | Mensaje recibido: request_id=16548
2026-04-06 00:03:59,803 | concert_ticketing.adapters.messaging.rabbitmq.consumer | INFO | Mensaje recibido: request_id=16547
2026-04-06 00:03:59,890 | concert_ticketing.adapters.messaging.rabbitmq.consumer | INFO | Mensaje recibido: request_id=16565
2026-04-06 00:03:59,962 | concert_ticketing.adapters.messaging.rabbitmq.consumer | INFO | Mensaje recibido: request_id=16491
2026-04-06 00:04:00,046 | concert_ticketing.adapters.messaging.rabbitmq.consumer | INFO | Mensaje recibido: request_id=16558
2026-04-06 00:04:00,147 | concert_ticketing.adapters.messaging.rabbitmq.consumer | INFO | Mensaje recibido: request_id=16572
2026-04-06 00:04:00,231 | concert_ticketing.adapters.messaging.rabbitmq.consumer | INFO | Mensaje recibido: request_id=16561
2026-04-06 00:04:00,339 | concert_ticketing.adapters.messaging.rabbitmq.consumer | INFO | Mensaje recibido: request_id=16601
2026-04-06 00:04:00,397 | concert_ticketing.adapters.messaging.rabbitmq.consumer | INFO | Mensaje recibido: request_id=16606
2026-04-06 00:04:00,479 | concert_ticketing.adapters.messaging.rabbitmq.consumer | INFO | Mensaje recibido: request_id=16522
2026-04-06 00:04:00,578 | concert_ticketing.adapters.messaging.rabbitmq.consumer | INFO | Mensaje recibido: request_id=16605
2026-04-06 00:04:00,655 | concert_ticketing.adapters.messaging.rabbitmq.consumer | INFO | Mensaje recibido: request_id=16407
2026-04-06 00:04:00,750 | concert_ticketing.adapters.messaging.rabbitmq.consumer | INFO | Mensaje recibido: request_id=16592
2026-04-06 00:04:00,851 | concert_ticketing.adapters.messaging.rabbitmq.consumer | INFO | Mensaje recibido: request_id=16611
2026-04-06 00:04:00,953 | concert_ticketing.adapters.messaging.rabbitmq.consumer | INFO | Mensaje recibido: request_id=16660
2026-04-06 00:04:01,049 | concert_ticketing.adapters.messaging.rabbitmq.consumer | INFO | Mensaje recibido: request_id=16626
2026-04-06 00:04:01,130 | concert_ticketing.adapters.messaging.rabbitmq.consumer | INFO | Mensaje recibido: request_id=16665
2026-04-06 00:04:01,232 | concert_ticketing.adapters.messaging.rabbitmq.consumer | INFO | Mensaje recibido: request_id=16604
2026-04-06 00:04:01,358 | concert_ticketing.adapters.messaging.rabbitmq.consumer | INFO | Mensaje recibido: request_id=16627
2026-04-06 00:04:01,483 | concert_ticketing.adapters.messaging.rabbitmq.consumer | INFO | Mensaje recibido: request_id=16549
2026-04-06 00:04:01,602 | concert_ticketing.adapters.messaging.rabbitmq.consumer | INFO | Mensaje recibido: request_id=16700
2026-04-06 00:04:01,714 | concert_ticketing.adapters.messaging.rabbitmq.consumer | INFO | Mensaje recibido: request_id=16656
2026-04-06 00:04:01,813 | concert_ticketing.adapters.messaging.rabbitmq.consumer | INFO | Mensaje recibido: request_id=16717
2026-04-06 00:04:01,911 | concert_ticketing.adapters.messaging.rabbitmq.consumer | INFO | Mensaje recibido: request_id=16670
2026-04-06 00:04:01,979 | concert_ticketing.adapters.messaging.rabbitmq.consumer | INFO | Mensaje recibido: request_id=16712
2026-04-06 00:04:02,058 | concert_ticketing.adapters.messaging.rabbitmq.consumer | INFO | Mensaje recibido: request_id=16696
2026-04-06 00:04:02,158 | concert_ticketing.adapters.messaging.rabbitmq.consumer | INFO | Mensaje recibido: request_id=16758
2026-04-06 00:04:02,237 | concert_ticketing.adapters.messaging.rabbitmq.consumer | INFO | Mensaje recibido: request_id=16698
2026-04-06 00:04:02,337 | concert_ticketing.adapters.messaging.rabbitmq.consumer | INFO | Mensaje recibido: request_id=16688
2026-04-06 00:04:02,396 | concert_ticketing.adapters.messaging.rabbitmq.consumer | INFO | Mensaje recibido: request_id=16769
2026-04-06 00:04:02,495 | concert_ticketing.adapters.messaging.rabbitmq.consumer | INFO | Mensaje recibido: request_id=16762
2026-04-06 00:04:02,579 | concert_ticketing.adapters.messaging.rabbitmq.consumer | INFO | Mensaje recibido: request_id=16748
2026-04-06 00:04:02,673 | concert_ticketing.adapters.messaging.rabbitmq.consumer | INFO | Mensaje recibido: request_id=16730
2026-04-06 00:04:02,759 | concert_ticketing.adapters.messaging.rabbitmq.consumer | INFO | Mensaje recibido: request_id=16794
2026-04-06 00:04:02,852 | concert_ticketing.adapters.messaging.rabbitmq.consumer | INFO | Mensaje recibido: request_id=16814
2026-04-06 00:04:02,936 | concert_ticketing.adapters.messaging.rabbitmq.consumer | INFO | Mensaje recibido: request_id=16806
2026-04-06 00:04:03,008 | concert_ticketing.adapters.messaging.rabbitmq.consumer | INFO | Mensaje recibido: request_id=16783
2026-04-06 00:04:03,101 | concert_ticketing.adapters.messaging.rabbitmq.consumer | INFO | Mensaje recibido: request_id=16812
2026-04-06 00:04:03,182 | concert_ticketing.adapters.messaging.rabbitmq.consumer | INFO | Mensaje recibido: request_id=16852
2026-04-06 00:04:03,258 | concert_ticketing.adapters.messaging.rabbitmq.consumer | INFO | Mensaje recibido: request_id=16858
2026-04-06 00:04:03,338 | concert_ticketing.adapters.messaging.rabbitmq.consumer | INFO | Mensaje recibido: request_id=16866
2026-04-06 00:04:03,428 | concert_ticketing.adapters.messaging.rabbitmq.consumer | INFO | Mensaje recibido: request_id=16878
2026-04-06 00:04:03,502 | concert_ticketing.adapters.messaging.rabbitmq.consumer | INFO | Mensaje recibido: request_id=16840
2026-04-06 00:04:03,575 | concert_ticketing.adapters.messaging.rabbitmq.consumer | INFO | Mensaje recibido: request_id=16787
2026-04-06 00:04:03,675 | concert_ticketing.adapters.messaging.rabbitmq.consumer | INFO | Mensaje recibido: request_id=16894
2026-04-06 00:04:03,734 | concert_ticketing.adapters.messaging.rabbitmq.consumer | INFO | Mensaje recibido: request_id=16861
2026-04-06 00:04:03,796 | concert_ticketing.adapters.messaging.rabbitmq.consumer | INFO | Mensaje recibido: request_id=16796
2026-04-06 00:04:03,891 | concert_ticketing.adapters.messaging.rabbitmq.consumer | INFO | Mensaje recibido: request_id=16603
2026-04-06 00:04:03,953 | concert_ticketing.adapters.messaging.rabbitmq.consumer | INFO | Mensaje recibido: request_id=16922
2026-04-06 00:04:04,061 | concert_ticketing.adapters.messaging.rabbitmq.consumer | INFO | Mensaje recibido: request_id=16935
2026-04-06 00:04:04,124 | concert_ticketing.adapters.messaging.rabbitmq.consumer | INFO | Mensaje recibido: request_id=16946
2026-04-06 00:04:04,213 | concert_ticketing.adapters.messaging.rabbitmq.consumer | INFO | Mensaje recibido: request_id=16947
2026-04-06 00:04:04,293 | concert_ticketing.adapters.messaging.rabbitmq.consumer | INFO | Mensaje recibido: request_id=16957
2026-04-06 00:04:04,373 | concert_ticketing.adapters.messaging.rabbitmq.consumer | INFO | Mensaje recibido: request_id=16923
2026-04-06 00:04:04,457 | concert_ticketing.adapters.messaging.rabbitmq.consumer | INFO | Mensaje recibido: request_id=16980
2026-04-06 00:04:04,544 | concert_ticketing.adapters.messaging.rabbitmq.consumer | INFO | Mensaje recibido: request_id=16989
2026-04-06 00:04:04,627 | concert_ticketing.adapters.messaging.rabbitmq.consumer | INFO | Mensaje recibido: request_id=16993
2026-04-06 00:04:04,704 | concert_ticketing.adapters.messaging.rabbitmq.consumer | INFO | Mensaje recibido: request_id=16937
2026-04-06 00:04:04,796 | concert_ticketing.adapters.messaging.rabbitmq.consumer | INFO | Mensaje recibido: request_id=16955
2026-04-06 00:04:04,870 | concert_ticketing.adapters.messaging.rabbitmq.consumer | INFO | Mensaje recibido: request_id=17003
2026-04-06 00:04:04,960 | concert_ticketing.adapters.messaging.rabbitmq.consumer | INFO | Mensaje recibido: request_id=17020
2026-04-06 00:04:05,044 | concert_ticketing.adapters.messaging.rabbitmq.consumer | INFO | Mensaje recibido: request_id=16958
2026-04-06 00:04:05,111 | concert_ticketing.adapters.messaging.rabbitmq.consumer | INFO | Mensaje recibido: request_id=17002
2026-04-06 00:04:05,177 | concert_ticketing.adapters.messaging.rabbitmq.consumer | INFO | Mensaje recibido: request_id=17041
2026-04-06 00:04:05,264 | concert_ticketing.adapters.messaging.rabbitmq.consumer | INFO | Mensaje recibido: request_id=16910
2026-04-06 00:04:05,371 | concert_ticketing.adapters.messaging.rabbitmq.consumer | INFO | Mensaje recibido: request_id=16919
2026-04-06 00:04:05,431 | concert_ticketing.adapters.messaging.rabbitmq.consumer | INFO | Mensaje recibido: request_id=17053
2026-04-06 00:04:05,519 | concert_ticketing.adapters.messaging.rabbitmq.consumer | INFO | Mensaje recibido: request_id=17066
2026-04-06 00:04:05,602 | concert_ticketing.adapters.messaging.rabbitmq.consumer | INFO | Mensaje recibido: request_id=17083
2026-04-06 00:04:05,667 | concert_ticketing.adapters.messaging.rabbitmq.consumer | INFO | Mensaje recibido: request_id=17068
2026-04-06 00:04:05,727 | concert_ticketing.adapters.messaging.rabbitmq.consumer | INFO | Mensaje recibido: request_id=17056
2026-04-06 00:04:05,819 | concert_ticketing.adapters.messaging.rabbitmq.consumer | INFO | Mensaje recibido: request_id=17104
2026-04-06 00:04:05,894 | concert_ticketing.adapters.messaging.rabbitmq.consumer | INFO | Mensaje recibido: request_id=17093
2026-04-06 00:04:05,987 | concert_ticketing.adapters.messaging.rabbitmq.consumer | INFO | Mensaje recibido: request_id=17134
2026-04-06 00:04:06,052 | concert_ticketing.adapters.messaging.rabbitmq.consumer | INFO | Mensaje recibido: request_id=17139
2026-04-06 00:04:06,138 | concert_ticketing.adapters.messaging.rabbitmq.consumer | INFO | Mensaje recibido: request_id=17088
2026-04-06 00:04:06,198 | concert_ticketing.adapters.messaging.rabbitmq.consumer | INFO | Mensaje recibido: request_id=17141
2026-04-06 00:04:06,289 | concert_ticketing.adapters.messaging.rabbitmq.consumer | INFO | Mensaje recibido: request_id=17142
2026-04-06 00:04:06,363 | concert_ticketing.adapters.messaging.rabbitmq.consumer | INFO | Mensaje recibido: request_id=17107
2026-04-06 00:04:06,465 | concert_ticketing.adapters.messaging.rabbitmq.consumer | INFO | Mensaje recibido: request_id=17172
2026-04-06 00:04:06,545 | concert_ticketing.adapters.messaging.rabbitmq.consumer | INFO | Mensaje recibido: request_id=17132
2026-04-06 00:04:06,636 | concert_ticketing.adapters.messaging.rabbitmq.consumer | INFO | Mensaje recibido: request_id=17196
2026-04-06 00:04:06,703 | concert_ticketing.adapters.messaging.rabbitmq.consumer | INFO | Mensaje recibido: request_id=17144
2026-04-06 00:04:06,758 | concert_ticketing.adapters.messaging.rabbitmq.consumer | INFO | Mensaje recibido: request_id=17128
2026-04-06 00:04:06,849 | concert_ticketing.adapters.messaging.rabbitmq.consumer | INFO | Mensaje recibido: request_id=17199
2026-04-06 00:04:06,939 | concert_ticketing.adapters.messaging.rabbitmq.consumer | INFO | Mensaje recibido: request_id=17203
2026-04-06 00:04:07,008 | concert_ticketing.adapters.messaging.rabbitmq.consumer | INFO | Mensaje recibido: request_id=17228
2026-04-06 00:04:07,079 | concert_ticketing.adapters.messaging.rabbitmq.consumer | INFO | Mensaje recibido: request_id=17220
2026-04-06 00:04:07,166 | concert_ticketing.adapters.messaging.rabbitmq.consumer | INFO | Mensaje recibido: request_id=17217
2026-04-06 00:04:07,250 | concert_ticketing.adapters.messaging.rabbitmq.consumer | INFO | Mensaje recibido: request_id=17252
2026-04-06 00:04:07,339 | concert_ticketing.adapters.messaging.rabbitmq.consumer | INFO | Mensaje recibido: request_id=17251
2026-04-06 00:04:07,417 | concert_ticketing.adapters.messaging.rabbitmq.consumer | INFO | Mensaje recibido: request_id=17232
2026-04-06 00:04:07,500 | concert_ticketing.adapters.messaging.rabbitmq.consumer | INFO | Mensaje recibido: request_id=17242
2026-04-06 00:04:07,578 | concert_ticketing.adapters.messaging.rabbitmq.consumer | INFO | Mensaje recibido: request_id=17267
2026-04-06 00:04:07,642 | concert_ticketing.adapters.messaging.rabbitmq.consumer | INFO | Mensaje recibido: request_id=17276
2026-04-06 00:04:07,717 | concert_ticketing.adapters.messaging.rabbitmq.consumer | INFO | Mensaje recibido: request_id=17248
2026-04-06 00:04:07,793 | concert_ticketing.adapters.messaging.rabbitmq.consumer | INFO | Mensaje recibido: request_id=17315
2026-04-06 00:04:07,887 | concert_ticketing.adapters.messaging.rabbitmq.consumer | INFO | Mensaje recibido: request_id=17265
2026-04-06 00:04:07,957 | concert_ticketing.adapters.messaging.rabbitmq.consumer | INFO | Mensaje recibido: request_id=17321
2026-04-06 00:04:08,049 | concert_ticketing.adapters.messaging.rabbitmq.consumer | INFO | Mensaje recibido: request_id=17326
2026-04-06 00:04:08,107 | concert_ticketing.adapters.messaging.rabbitmq.consumer | INFO | Mensaje recibido: request_id=17340
2026-04-06 00:04:08,196 | concert_ticketing.adapters.messaging.rabbitmq.consumer | INFO | Mensaje recibido: request_id=17336
2026-04-06 00:04:08,267 | concert_ticketing.adapters.messaging.rabbitmq.consumer | INFO | Mensaje recibido: request_id=17327
2026-04-06 00:04:08,343 | concert_ticketing.adapters.messaging.rabbitmq.consumer | INFO | Mensaje recibido: request_id=17365
2026-04-06 00:04:08,428 | concert_ticketing.adapters.messaging.rabbitmq.consumer | INFO | Mensaje recibido: request_id=17316
2026-04-06 00:04:08,510 | concert_ticketing.adapters.messaging.rabbitmq.consumer | INFO | Mensaje recibido: request_id=17379
2026-04-06 00:04:08,604 | concert_ticketing.adapters.messaging.rabbitmq.consumer | INFO | Mensaje recibido: request_id=17397
2026-04-06 00:04:08,675 | concert_ticketing.adapters.messaging.rabbitmq.consumer | INFO | Mensaje recibido: request_id=17335
2026-04-06 00:04:08,773 | concert_ticketing.adapters.messaging.rabbitmq.consumer | INFO | Mensaje recibido: request_id=17388
2026-04-06 00:04:08,861 | concert_ticketing.adapters.messaging.rabbitmq.consumer | INFO | Mensaje recibido: request_id=17421
2026-04-06 00:04:08,938 | concert_ticketing.adapters.messaging.rabbitmq.consumer | INFO | Mensaje recibido: request_id=17317
2026-04-06 00:04:09,020 | concert_ticketing.adapters.messaging.rabbitmq.consumer | INFO | Mensaje recibido: request_id=17239
2026-04-06 00:04:09,100 | concert_ticketing.adapters.messaging.rabbitmq.consumer | INFO | Mensaje recibido: request_id=17410
2026-04-06 00:04:09,208 | concert_ticketing.adapters.messaging.rabbitmq.consumer | INFO | Mensaje recibido: request_id=17402
2026-04-06 00:04:09,273 | concert_ticketing.adapters.messaging.rabbitmq.consumer | INFO | Mensaje recibido: request_id=17383
2026-04-06 00:04:09,373 | concert_ticketing.adapters.messaging.rabbitmq.consumer | INFO | Mensaje recibido: request_id=17469
2026-04-06 00:04:09,446 | concert_ticketing.adapters.messaging.rabbitmq.consumer | INFO | Mensaje recibido: request_id=17471
2026-04-06 00:04:09,533 | concert_ticketing.adapters.messaging.rabbitmq.consumer | INFO | Mensaje recibido: request_id=17482
2026-04-06 00:04:09,606 | concert_ticketing.adapters.messaging.rabbitmq.consumer | INFO | Mensaje recibido: request_id=17480
2026-04-06 00:04:09,687 | concert_ticketing.adapters.messaging.rabbitmq.consumer | INFO | Mensaje recibido: request_id=17238
2026-04-06 00:04:09,772 | concert_ticketing.adapters.messaging.rabbitmq.consumer | INFO | Mensaje recibido: request_id=17491
2026-04-06 00:04:09,842 | concert_ticketing.adapters.messaging.rabbitmq.consumer | INFO | Mensaje recibido: request_id=17508
2026-04-06 00:04:09,929 | concert_ticketing.adapters.messaging.rabbitmq.consumer | INFO | Mensaje recibido: request_id=17516
2026-04-06 00:04:10,019 | concert_ticketing.adapters.messaging.rabbitmq.consumer | INFO | Mensaje recibido: request_id=17493
2026-04-06 00:04:10,092 | concert_ticketing.adapters.messaging.rabbitmq.consumer | INFO | Mensaje recibido: request_id=17539
2026-04-06 00:04:10,178 | concert_ticketing.adapters.messaging.rabbitmq.consumer | INFO | Mensaje recibido: request_id=17509
2026-04-06 00:04:10,251 | concert_ticketing.adapters.messaging.rabbitmq.consumer | INFO | Mensaje recibido: request_id=17468
2026-04-06 00:04:10,336 | concert_ticketing.adapters.messaging.rabbitmq.consumer | INFO | Mensaje recibido: request_id=17521
2026-04-06 00:04:10,432 | concert_ticketing.adapters.messaging.rabbitmq.consumer | INFO | Mensaje recibido: request_id=17458
2026-04-06 00:04:10,520 | concert_ticketing.adapters.messaging.rabbitmq.consumer | INFO | Mensaje recibido: request_id=17538
2026-04-06 00:04:10,617 | concert_ticketing.adapters.messaging.rabbitmq.consumer | INFO | Mensaje recibido: request_id=17588
2026-04-06 00:04:10,694 | concert_ticketing.adapters.messaging.rabbitmq.consumer | INFO | Mensaje recibido: request_id=17594
2026-04-06 00:04:10,779 | concert_ticketing.adapters.messaging.rabbitmq.consumer | INFO | Mensaje recibido: request_id=17603
2026-04-06 00:04:10,852 | concert_ticketing.adapters.messaging.rabbitmq.consumer | INFO | Mensaje recibido: request_id=17610
2026-04-06 00:04:10,915 | concert_ticketing.adapters.messaging.rabbitmq.consumer | INFO | Mensaje recibido: request_id=17547
2026-04-06 00:04:10,981 | concert_ticketing.adapters.messaging.rabbitmq.consumer | INFO | Mensaje recibido: request_id=17628
2026-04-06 00:04:11,066 | concert_ticketing.adapters.messaging.rabbitmq.consumer | INFO | Mensaje recibido: request_id=17602
2026-04-06 00:04:11,128 | concert_ticketing.adapters.messaging.rabbitmq.consumer | INFO | Mensaje recibido: request_id=17637
2026-04-06 00:04:11,220 | concert_ticketing.adapters.messaging.rabbitmq.consumer | INFO | Mensaje recibido: request_id=17651
2026-04-06 00:04:11,295 | concert_ticketing.adapters.messaging.rabbitmq.consumer | INFO | Mensaje recibido: request_id=17652
2026-04-06 00:04:11,387 | concert_ticketing.adapters.messaging.rabbitmq.consumer | INFO | Mensaje recibido: request_id=17653
2026-04-06 00:04:11,478 | concert_ticketing.adapters.messaging.rabbitmq.consumer | INFO | Mensaje recibido: request_id=17645
2026-04-06 00:04:11,567 | concert_ticketing.adapters.messaging.rabbitmq.consumer | INFO | Mensaje recibido: request_id=17626
2026-04-06 00:04:11,674 | concert_ticketing.adapters.messaging.rabbitmq.consumer | INFO | Mensaje recibido: request_id=17691
2026-04-06 00:04:11,756 | concert_ticketing.adapters.messaging.rabbitmq.consumer | INFO | Mensaje recibido: request_id=17640
2026-04-06 00:04:11,819 | concert_ticketing.adapters.messaging.rabbitmq.consumer | INFO | Mensaje recibido: request_id=17670
2026-04-06 00:04:11,920 | concert_ticketing.adapters.messaging.rabbitmq.consumer | INFO | Mensaje recibido: request_id=17677
2026-04-06 00:04:11,992 | concert_ticketing.adapters.messaging.rabbitmq.consumer | INFO | Mensaje recibido: request_id=17723
2026-04-06 00:04:12,098 | concert_ticketing.adapters.messaging.rabbitmq.consumer | INFO | Mensaje recibido: request_id=17667
2026-04-06 00:04:12,189 | concert_ticketing.adapters.messaging.rabbitmq.consumer | INFO | Mensaje recibido: request_id=17739
2026-04-06 00:04:12,269 | concert_ticketing.adapters.messaging.rabbitmq.consumer | INFO | Mensaje recibido: request_id=17701
2026-04-06 00:04:12,369 | concert_ticketing.adapters.messaging.rabbitmq.consumer | INFO | Mensaje recibido: request_id=17716
2026-04-06 00:04:12,467 | concert_ticketing.adapters.messaging.rabbitmq.consumer | INFO | Mensaje recibido: request_id=17711
2026-04-06 00:04:12,563 | concert_ticketing.adapters.messaging.rabbitmq.consumer | INFO | Mensaje recibido: request_id=17771
2026-04-06 00:04:12,653 | concert_ticketing.adapters.messaging.rabbitmq.consumer | INFO | Mensaje recibido: request_id=17773
2026-04-06 00:04:12,759 | concert_ticketing.adapters.messaging.rabbitmq.consumer | INFO | Mensaje recibido: request_id=17788
2026-04-06 00:04:12,852 | concert_ticketing.adapters.messaging.rabbitmq.consumer | INFO | Mensaje recibido: request_id=17794
2026-04-06 00:04:12,948 | concert_ticketing.adapters.messaging.rabbitmq.consumer | INFO | Mensaje recibido: request_id=17751
2026-04-06 00:04:13,028 | concert_ticketing.adapters.messaging.rabbitmq.consumer | INFO | Mensaje recibido: request_id=17764
2026-04-06 00:04:13,101 | concert_ticketing.adapters.messaging.rabbitmq.consumer | INFO | Mensaje recibido: request_id=17666
2026-04-06 00:04:13,186 | concert_ticketing.adapters.messaging.rabbitmq.consumer | INFO | Mensaje recibido: request_id=17812
2026-04-06 00:04:13,255 | concert_ticketing.adapters.messaging.rabbitmq.consumer | INFO | Mensaje recibido: request_id=17770
2026-04-06 00:04:13,333 | concert_ticketing.adapters.messaging.rabbitmq.consumer | INFO | Mensaje recibido: request_id=17821
2026-04-06 00:04:13,432 | concert_ticketing.adapters.messaging.rabbitmq.consumer | INFO | Mensaje recibido: request_id=17842
2026-04-06 00:04:13,512 | concert_ticketing.adapters.messaging.rabbitmq.consumer | INFO | Mensaje recibido: request_id=17841
2026-04-06 00:04:13,577 | concert_ticketing.adapters.messaging.rabbitmq.consumer | INFO | Mensaje recibido: request_id=17867
2026-04-06 00:04:13,662 | concert_ticketing.adapters.messaging.rabbitmq.consumer | INFO | Mensaje recibido: request_id=17761
2026-04-06 00:04:13,754 | concert_ticketing.adapters.messaging.rabbitmq.consumer | INFO | Mensaje recibido: request_id=17776
2026-04-06 00:04:13,849 | concert_ticketing.adapters.messaging.rabbitmq.consumer | INFO | Mensaje recibido: request_id=17871
2026-04-06 00:04:13,942 | concert_ticketing.adapters.messaging.rabbitmq.consumer | INFO | Mensaje recibido: request_id=17901
2026-04-06 00:04:14,022 | concert_ticketing.adapters.messaging.rabbitmq.consumer | INFO | Mensaje recibido: request_id=17908
2026-04-06 00:04:14,084 | concert_ticketing.adapters.messaging.rabbitmq.consumer | INFO | Mensaje recibido: request_id=17914
2026-04-06 00:04:14,189 | concert_ticketing.adapters.messaging.rabbitmq.consumer | INFO | Mensaje recibido: request_id=17900
2026-04-06 00:04:14,271 | concert_ticketing.adapters.messaging.rabbitmq.consumer | INFO | Mensaje recibido: request_id=17835
2026-04-06 00:04:14,369 | concert_ticketing.adapters.messaging.rabbitmq.consumer | INFO | Mensaje recibido: request_id=17928
2026-04-06 00:04:14,446 | concert_ticketing.adapters.messaging.rabbitmq.consumer | INFO | Mensaje recibido: request_id=17891
2026-04-06 00:04:14,532 | concert_ticketing.adapters.messaging.rabbitmq.consumer | INFO | Mensaje recibido: request_id=17936
2026-04-06 00:04:14,629 | concert_ticketing.adapters.messaging.rabbitmq.consumer | INFO | Mensaje recibido: request_id=17937
2026-04-06 00:04:14,704 | concert_ticketing.adapters.messaging.rabbitmq.consumer | INFO | Mensaje recibido: request_id=17853
2026-04-06 00:04:14,795 | concert_ticketing.adapters.messaging.rabbitmq.consumer | INFO | Mensaje recibido: request_id=17911
2026-04-06 00:04:14,878 | concert_ticketing.adapters.messaging.rabbitmq.consumer | INFO | Mensaje recibido: request_id=17929
2026-04-06 00:04:14,961 | concert_ticketing.adapters.messaging.rabbitmq.consumer | INFO | Mensaje recibido: request_id=17978
2026-04-06 00:04:15,035 | concert_ticketing.adapters.messaging.rabbitmq.consumer | INFO | Mensaje recibido: request_id=17968
2026-04-06 00:04:15,129 | concert_ticketing.adapters.messaging.rabbitmq.consumer | INFO | Mensaje recibido: request_id=17865
2026-04-06 00:04:15,191 | concert_ticketing.adapters.messaging.rabbitmq.consumer | INFO | Mensaje recibido: request_id=17948
2026-04-06 00:04:15,289 | concert_ticketing.adapters.messaging.rabbitmq.consumer | INFO | Mensaje recibido: request_id=17977
2026-04-06 00:04:15,367 | concert_ticketing.adapters.messaging.rabbitmq.consumer | INFO | Mensaje recibido: request_id=18001
2026-04-06 00:04:15,465 | concert_ticketing.adapters.messaging.rabbitmq.consumer | INFO | Mensaje recibido: request_id=18030
2026-04-06 00:04:15,561 | concert_ticketing.adapters.messaging.rabbitmq.consumer | INFO | Mensaje recibido: request_id=18054
2026-04-06 00:04:15,648 | concert_ticketing.adapters.messaging.rabbitmq.consumer | INFO | Mensaje recibido: request_id=18039
2026-04-06 00:04:15,729 | concert_ticketing.adapters.messaging.rabbitmq.consumer | INFO | Mensaje recibido: request_id=18038
2026-04-06 00:04:15,827 | concert_ticketing.adapters.messaging.rabbitmq.consumer | INFO | Mensaje recibido: request_id=18076
2026-04-06 00:04:15,904 | concert_ticketing.adapters.messaging.rabbitmq.consumer | INFO | Mensaje recibido: request_id=17947
2026-04-06 00:04:15,981 | concert_ticketing.adapters.messaging.rabbitmq.consumer | INFO | Mensaje recibido: request_id=17989
2026-04-06 00:04:16,078 | concert_ticketing.adapters.messaging.rabbitmq.consumer | INFO | Mensaje recibido: request_id=18094
2026-04-06 00:04:16,152 | concert_ticketing.adapters.messaging.rabbitmq.consumer | INFO | Mensaje recibido: request_id=18081
2026-04-06 00:04:16,253 | concert_ticketing.adapters.messaging.rabbitmq.consumer | INFO | Mensaje recibido: request_id=18105
2026-04-06 00:04:16,331 | concert_ticketing.adapters.messaging.rabbitmq.consumer | INFO | Mensaje recibido: request_id=18123
2026-04-06 00:04:16,418 | concert_ticketing.adapters.messaging.rabbitmq.consumer | INFO | Mensaje recibido: request_id=18097
2026-04-06 00:04:16,515 | concert_ticketing.adapters.messaging.rabbitmq.consumer | INFO | Mensaje recibido: request_id=18140
2026-04-06 00:04:16,604 | concert_ticketing.adapters.messaging.rabbitmq.consumer | INFO | Mensaje recibido: request_id=18139
2026-04-06 00:04:16,688 | concert_ticketing.adapters.messaging.rabbitmq.consumer | INFO | Mensaje recibido: request_id=18157
2026-04-06 00:04:16,775 | concert_ticketing.adapters.messaging.rabbitmq.consumer | INFO | Mensaje recibido: request_id=18146
2026-04-06 00:04:16,847 | concert_ticketing.adapters.messaging.rabbitmq.consumer | INFO | Mensaje recibido: request_id=18160
2026-04-06 00:04:16,941 | concert_ticketing.adapters.messaging.rabbitmq.consumer | INFO | Mensaje recibido: request_id=18180
2026-04-06 00:04:17,027 | concert_ticketing.adapters.messaging.rabbitmq.consumer | INFO | Mensaje recibido: request_id=17962
2026-04-06 00:04:17,115 | concert_ticketing.adapters.messaging.rabbitmq.consumer | INFO | Mensaje recibido: request_id=18169
2026-04-06 00:04:17,204 | concert_ticketing.adapters.messaging.rabbitmq.consumer | INFO | Mensaje recibido: request_id=18200
2026-04-06 00:04:17,293 | concert_ticketing.adapters.messaging.rabbitmq.consumer | INFO | Mensaje recibido: request_id=18214
2026-04-06 00:04:17,367 | concert_ticketing.adapters.messaging.rabbitmq.consumer | INFO | Mensaje recibido: request_id=18077
2026-04-06 00:04:17,445 | concert_ticketing.adapters.messaging.rabbitmq.consumer | INFO | Mensaje recibido: request_id=18164
2026-04-06 00:04:17,544 | concert_ticketing.adapters.messaging.rabbitmq.consumer | INFO | Mensaje recibido: request_id=18192
2026-04-06 00:04:17,637 | concert_ticketing.adapters.messaging.rabbitmq.consumer | INFO | Mensaje recibido: request_id=18225
2026-04-06 00:04:17,712 | concert_ticketing.adapters.messaging.rabbitmq.consumer | INFO | Mensaje recibido: request_id=18224
2026-04-06 00:04:17,803 | concert_ticketing.adapters.messaging.rabbitmq.consumer | INFO | Mensaje recibido: request_id=18260
2026-04-06 00:04:17,875 | concert_ticketing.adapters.messaging.rabbitmq.consumer | INFO | Mensaje recibido: request_id=18178
2026-04-06 00:04:17,962 | concert_ticketing.adapters.messaging.rabbitmq.consumer | INFO | Mensaje recibido: request_id=18269
2026-04-06 00:04:18,050 | concert_ticketing.adapters.messaging.rabbitmq.consumer | INFO | Mensaje recibido: request_id=18261
2026-04-06 00:04:18,135 | concert_ticketing.adapters.messaging.rabbitmq.consumer | INFO | Mensaje recibido: request_id=18197
2026-04-06 00:04:18,208 | concert_ticketing.adapters.messaging.rabbitmq.consumer | INFO | Mensaje recibido: request_id=18299
2026-04-06 00:04:18,302 | concert_ticketing.adapters.messaging.rabbitmq.consumer | INFO | Mensaje recibido: request_id=18304
2026-04-06 00:04:18,395 | concert_ticketing.adapters.messaging.rabbitmq.consumer | INFO | Mensaje recibido: request_id=18263
2026-04-06 00:04:18,471 | concert_ticketing.adapters.messaging.rabbitmq.consumer | INFO | Mensaje recibido: request_id=18240
2026-04-06 00:04:18,561 | concert_ticketing.adapters.messaging.rabbitmq.consumer | INFO | Mensaje recibido: request_id=18308
2026-04-06 00:04:18,633 | concert_ticketing.adapters.messaging.rabbitmq.consumer | INFO | Mensaje recibido: request_id=18130
2026-04-06 00:04:18,717 | concert_ticketing.adapters.messaging.rabbitmq.consumer | INFO | Mensaje recibido: request_id=18147
2026-04-06 00:04:18,809 | concert_ticketing.adapters.messaging.rabbitmq.consumer | INFO | Mensaje recibido: request_id=18337
2026-04-06 00:04:18,883 | concert_ticketing.adapters.messaging.rabbitmq.consumer | INFO | Mensaje recibido: request_id=18364
2026-04-06 00:04:18,958 | concert_ticketing.adapters.messaging.rabbitmq.consumer | INFO | Mensaje recibido: request_id=18331
2026-04-06 00:04:19,045 | concert_ticketing.adapters.messaging.rabbitmq.consumer | INFO | Mensaje recibido: request_id=18343
2026-04-06 00:04:19,133 | concert_ticketing.adapters.messaging.rabbitmq.consumer | INFO | Mensaje recibido: request_id=18372
2026-04-06 00:04:19,206 | concert_ticketing.adapters.messaging.rabbitmq.consumer | INFO | Mensaje recibido: request_id=18321
2026-04-06 00:04:19,293 | concert_ticketing.adapters.messaging.rabbitmq.consumer | INFO | Mensaje recibido: request_id=18405
2026-04-06 00:04:19,367 | concert_ticketing.adapters.messaging.rabbitmq.consumer | INFO | Mensaje recibido: request_id=18412
2026-04-06 00:04:19,453 | concert_ticketing.adapters.messaging.rabbitmq.consumer | INFO | Mensaje recibido: request_id=18388
2026-04-06 00:04:19,548 | concert_ticketing.adapters.messaging.rabbitmq.consumer | INFO | Mensaje recibido: request_id=18312
2026-04-06 00:04:19,636 | concert_ticketing.adapters.messaging.rabbitmq.consumer | INFO | Mensaje recibido: request_id=18402
2026-04-06 00:04:19,705 | concert_ticketing.adapters.messaging.rabbitmq.consumer | INFO | Mensaje recibido: request_id=18438
2026-04-06 00:04:19,787 | concert_ticketing.adapters.messaging.rabbitmq.consumer | INFO | Mensaje recibido: request_id=18451
2026-04-06 00:04:19,855 | concert_ticketing.adapters.messaging.rabbitmq.consumer | INFO | Mensaje recibido: request_id=18434
2026-04-06 00:04:19,939 | concert_ticketing.adapters.messaging.rabbitmq.consumer | INFO | Mensaje recibido: request_id=18466
2026-04-06 00:04:20,017 | concert_ticketing.adapters.messaging.rabbitmq.consumer | INFO | Mensaje recibido: request_id=18475
2026-04-06 00:04:20,091 | concert_ticketing.adapters.messaging.rabbitmq.consumer | INFO | Mensaje recibido: request_id=18268
2026-04-06 00:04:20,167 | concert_ticketing.adapters.messaging.rabbitmq.consumer | INFO | Mensaje recibido: request_id=18482
2026-04-06 00:04:20,246 | concert_ticketing.adapters.messaging.rabbitmq.consumer | INFO | Mensaje recibido: request_id=18444
2026-04-06 00:04:20,325 | concert_ticketing.adapters.messaging.rabbitmq.consumer | INFO | Mensaje recibido: request_id=18439
2026-04-06 00:04:20,408 | concert_ticketing.adapters.messaging.rabbitmq.consumer | INFO | Mensaje recibido: request_id=18454
2026-04-06 00:04:20,502 | concert_ticketing.adapters.messaging.rabbitmq.consumer | INFO | Mensaje recibido: request_id=18503
2026-04-06 00:04:20,579 | concert_ticketing.adapters.messaging.rabbitmq.consumer | INFO | Mensaje recibido: request_id=18455
2026-04-06 00:04:20,646 | concert_ticketing.adapters.messaging.rabbitmq.consumer | INFO | Mensaje recibido: request_id=18409
2026-04-06 00:04:20,728 | concert_ticketing.adapters.messaging.rabbitmq.consumer | INFO | Mensaje recibido: request_id=18504
2026-04-06 00:04:20,808 | concert_ticketing.adapters.messaging.rabbitmq.consumer | INFO | Mensaje recibido: request_id=18550
2026-04-06 00:04:20,895 | concert_ticketing.adapters.messaging.rabbitmq.consumer | INFO | Mensaje recibido: request_id=18511
2026-04-06 00:04:20,989 | concert_ticketing.adapters.messaging.rabbitmq.consumer | INFO | Mensaje recibido: request_id=18518
2026-04-06 00:04:21,061 | concert_ticketing.adapters.messaging.rabbitmq.consumer | INFO | Mensaje recibido: request_id=18574
2026-04-06 00:04:21,129 | concert_ticketing.adapters.messaging.rabbitmq.consumer | INFO | Mensaje recibido: request_id=18552
2026-04-06 00:04:21,228 | concert_ticketing.adapters.messaging.rabbitmq.consumer | INFO | Mensaje recibido: request_id=18568
2026-04-06 00:04:21,306 | concert_ticketing.adapters.messaging.rabbitmq.consumer | INFO | Mensaje recibido: request_id=18547
2026-04-06 00:04:21,398 | concert_ticketing.adapters.messaging.rabbitmq.consumer | INFO | Mensaje recibido: request_id=18584
2026-04-06 00:04:21,477 | concert_ticketing.adapters.messaging.rabbitmq.consumer | INFO | Mensaje recibido: request_id=18597
2026-04-06 00:04:21,567 | concert_ticketing.adapters.messaging.rabbitmq.consumer | INFO | Mensaje recibido: request_id=18567
2026-04-06 00:04:21,642 | concert_ticketing.adapters.messaging.rabbitmq.consumer | INFO | Mensaje recibido: request_id=18615
2026-04-06 00:04:21,731 | concert_ticketing.adapters.messaging.rabbitmq.consumer | INFO | Mensaje recibido: request_id=18641
2026-04-06 00:04:21,810 | concert_ticketing.adapters.messaging.rabbitmq.consumer | INFO | Mensaje recibido: request_id=18589
2026-04-06 00:04:21,896 | concert_ticketing.adapters.messaging.rabbitmq.consumer | INFO | Mensaje recibido: request_id=18630
2026-04-06 00:04:21,974 | concert_ticketing.adapters.messaging.rabbitmq.consumer | INFO | Mensaje recibido: request_id=18669
2026-04-06 00:04:22,040 | concert_ticketing.adapters.messaging.rabbitmq.consumer | INFO | Mensaje recibido: request_id=18651
2026-04-06 00:04:22,132 | concert_ticketing.adapters.messaging.rabbitmq.consumer | INFO | Mensaje recibido: request_id=18648
2026-04-06 00:04:22,191 | concert_ticketing.adapters.messaging.rabbitmq.consumer | INFO | Mensaje recibido: request_id=18626
2026-04-06 00:04:22,282 | concert_ticketing.adapters.messaging.rabbitmq.consumer | INFO | Mensaje recibido: request_id=18683
2026-04-06 00:04:22,352 | concert_ticketing.adapters.messaging.rabbitmq.consumer | INFO | Mensaje recibido: request_id=18573
2026-04-06 00:04:22,433 | concert_ticketing.adapters.messaging.rabbitmq.consumer | INFO | Mensaje recibido: request_id=18716
2026-04-06 00:04:22,520 | concert_ticketing.adapters.messaging.rabbitmq.consumer | INFO | Mensaje recibido: request_id=18725
2026-04-06 00:04:22,598 | concert_ticketing.adapters.messaging.rabbitmq.consumer | INFO | Mensaje recibido: request_id=18730
2026-04-06 00:04:22,679 | concert_ticketing.adapters.messaging.rabbitmq.consumer | INFO | Mensaje recibido: request_id=18729
2026-04-06 00:04:22,762 | concert_ticketing.adapters.messaging.rabbitmq.consumer | INFO | Mensaje recibido: request_id=18736
2026-04-06 00:04:22,838 | concert_ticketing.adapters.messaging.rabbitmq.consumer | INFO | Mensaje recibido: request_id=18749
2026-04-06 00:04:22,925 | concert_ticketing.adapters.messaging.rabbitmq.consumer | INFO | Mensaje recibido: request_id=18764
2026-04-06 00:04:22,987 | concert_ticketing.adapters.messaging.rabbitmq.consumer | INFO | Mensaje recibido: request_id=18762
2026-04-06 00:04:23,097 | concert_ticketing.adapters.messaging.rabbitmq.consumer | INFO | Mensaje recibido: request_id=18668
2026-04-06 00:04:23,174 | concert_ticketing.adapters.messaging.rabbitmq.consumer | INFO | Mensaje recibido: request_id=18755
2026-04-06 00:04:23,281 | concert_ticketing.adapters.messaging.rabbitmq.consumer | INFO | Mensaje recibido: request_id=18684
2026-04-06 00:04:23,360 | concert_ticketing.adapters.messaging.rabbitmq.consumer | INFO | Mensaje recibido: request_id=18803
2026-04-06 00:04:23,460 | concert_ticketing.adapters.messaging.rabbitmq.consumer | INFO | Mensaje recibido: request_id=18813
2026-04-06 00:04:23,563 | concert_ticketing.adapters.messaging.rabbitmq.consumer | INFO | Mensaje recibido: request_id=18820
2026-04-06 00:04:23,671 | concert_ticketing.adapters.messaging.rabbitmq.consumer | INFO | Mensaje recibido: request_id=18822
2026-04-06 00:04:23,787 | concert_ticketing.adapters.messaging.rabbitmq.consumer | INFO | Mensaje recibido: request_id=18837
2026-04-06 00:04:23,896 | concert_ticketing.adapters.messaging.rabbitmq.consumer | INFO | Mensaje recibido: request_id=18788
2026-04-06 00:04:23,996 | concert_ticketing.adapters.messaging.rabbitmq.consumer | INFO | Mensaje recibido: request_id=18807
2026-04-06 00:04:24,091 | concert_ticketing.adapters.messaging.rabbitmq.consumer | INFO | Mensaje recibido: request_id=18830
2026-04-06 00:04:24,171 | concert_ticketing.adapters.messaging.rabbitmq.consumer | INFO | Mensaje recibido: request_id=18831
2026-04-06 00:04:24,252 | concert_ticketing.adapters.messaging.rabbitmq.consumer | INFO | Mensaje recibido: request_id=18856
2026-04-06 00:04:24,338 | concert_ticketing.adapters.messaging.rabbitmq.consumer | INFO | Mensaje recibido: request_id=18883
2026-04-06 00:04:24,431 | concert_ticketing.adapters.messaging.rabbitmq.consumer | INFO | Mensaje recibido: request_id=18812
2026-04-06 00:04:24,512 | concert_ticketing.adapters.messaging.rabbitmq.consumer | INFO | Mensaje recibido: request_id=18890
2026-04-06 00:04:24,599 | concert_ticketing.adapters.messaging.rabbitmq.consumer | INFO | Mensaje recibido: request_id=18879
2026-04-06 00:04:24,691 | concert_ticketing.adapters.messaging.rabbitmq.consumer | INFO | Mensaje recibido: request_id=18771
2026-04-06 00:04:24,775 | concert_ticketing.adapters.messaging.rabbitmq.consumer | INFO | Mensaje recibido: request_id=18917
2026-04-06 00:04:24,846 | concert_ticketing.adapters.messaging.rabbitmq.consumer | INFO | Mensaje recibido: request_id=18930
2026-04-06 00:04:24,929 | concert_ticketing.adapters.messaging.rabbitmq.consumer | INFO | Mensaje recibido: request_id=18751
2026-04-06 00:04:25,007 | concert_ticketing.adapters.messaging.rabbitmq.consumer | INFO | Mensaje recibido: request_id=18882
2026-04-06 00:04:25,091 | concert_ticketing.adapters.messaging.rabbitmq.consumer | INFO | Mensaje recibido: request_id=18915
2026-04-06 00:04:25,164 | concert_ticketing.adapters.messaging.rabbitmq.consumer | INFO | Mensaje recibido: request_id=18952
2026-04-06 00:04:25,238 | concert_ticketing.adapters.messaging.rabbitmq.consumer | INFO | Mensaje recibido: request_id=18833
2026-04-06 00:04:25,304 | concert_ticketing.adapters.messaging.rabbitmq.consumer | INFO | Mensaje recibido: request_id=18967
2026-04-06 00:04:25,386 | concert_ticketing.adapters.messaging.rabbitmq.consumer | INFO | Mensaje recibido: request_id=18950
2026-04-06 00:04:25,470 | concert_ticketing.adapters.messaging.rabbitmq.consumer | INFO | Mensaje recibido: request_id=18973
2026-04-06 00:04:25,537 | concert_ticketing.adapters.messaging.rabbitmq.consumer | INFO | Mensaje recibido: request_id=18987
2026-04-06 00:04:25,623 | concert_ticketing.adapters.messaging.rabbitmq.consumer | INFO | Mensaje recibido: request_id=18983
2026-04-06 00:04:25,702 | concert_ticketing.adapters.messaging.rabbitmq.consumer | INFO | Mensaje recibido: request_id=18928
2026-04-06 00:04:25,783 | concert_ticketing.adapters.messaging.rabbitmq.consumer | INFO | Mensaje recibido: request_id=18945
2026-04-06 00:04:25,864 | concert_ticketing.adapters.messaging.rabbitmq.consumer | INFO | Mensaje recibido: request_id=19025
2026-04-06 00:04:25,939 | concert_ticketing.adapters.messaging.rabbitmq.consumer | INFO | Mensaje recibido: request_id=18999
2026-04-06 00:04:26,035 | concert_ticketing.adapters.messaging.rabbitmq.consumer | INFO | Mensaje recibido: request_id=19051
2026-04-06 00:04:26,113 | concert_ticketing.adapters.messaging.rabbitmq.consumer | INFO | Mensaje recibido: request_id=19007
2026-04-06 00:04:26,185 | concert_ticketing.adapters.messaging.rabbitmq.consumer | INFO | Mensaje recibido: request_id=19058
2026-04-06 00:04:26,283 | concert_ticketing.adapters.messaging.rabbitmq.consumer | INFO | Mensaje recibido: request_id=19052
2026-04-06 00:04:26,338 | concert_ticketing.adapters.messaging.rabbitmq.consumer | INFO | Mensaje recibido: request_id=19083
2026-04-06 00:04:26,425 | concert_ticketing.adapters.messaging.rabbitmq.consumer | INFO | Mensaje recibido: request_id=19013
2026-04-06 00:04:26,486 | concert_ticketing.adapters.messaging.rabbitmq.consumer | INFO | Mensaje recibido: request_id=19077
2026-04-06 00:04:26,584 | concert_ticketing.adapters.messaging.rabbitmq.consumer | INFO | Mensaje recibido: request_id=19108
2026-04-06 00:04:26,657 | concert_ticketing.adapters.messaging.rabbitmq.consumer | INFO | Mensaje recibido: request_id=19107
2026-04-06 00:04:26,743 | concert_ticketing.adapters.messaging.rabbitmq.consumer | INFO | Mensaje recibido: request_id=19095
2026-04-06 00:04:26,825 | concert_ticketing.adapters.messaging.rabbitmq.consumer | INFO | Mensaje recibido: request_id=19132
2026-04-06 00:04:26,896 | concert_ticketing.adapters.messaging.rabbitmq.consumer | INFO | Mensaje recibido: request_id=19121
2026-04-06 00:04:27,003 | concert_ticketing.adapters.messaging.rabbitmq.consumer | INFO | Mensaje recibido: request_id=19087
2026-04-06 00:04:27,098 | concert_ticketing.adapters.messaging.rabbitmq.consumer | INFO | Mensaje recibido: request_id=19091
2026-04-06 00:04:27,177 | concert_ticketing.adapters.messaging.rabbitmq.consumer | INFO | Mensaje recibido: request_id=19157
2026-04-06 00:04:27,273 | concert_ticketing.adapters.messaging.rabbitmq.consumer | INFO | Mensaje recibido: request_id=19075
2026-04-06 00:04:27,361 | concert_ticketing.adapters.messaging.rabbitmq.consumer | INFO | Mensaje recibido: request_id=19183
2026-04-06 00:04:27,433 | concert_ticketing.adapters.messaging.rabbitmq.consumer | INFO | Mensaje recibido: request_id=19120
2026-04-06 00:04:27,535 | concert_ticketing.adapters.messaging.rabbitmq.consumer | INFO | Mensaje recibido: request_id=18961
2026-04-06 00:04:27,575 | concert_ticketing.adapters.messaging.rabbitmq.consumer | INFO | Mensaje recibido: request_id=19160
2026-04-06 00:04:27,770 | concert_ticketing.adapters.messaging.rabbitmq.consumer | INFO | Mensaje recibido: request_id=19171
2026-04-06 00:04:27,845 | concert_ticketing.adapters.messaging.rabbitmq.consumer | INFO | Mensaje recibido: request_id=19193
2026-04-06 00:04:27,942 | concert_ticketing.adapters.messaging.rabbitmq.consumer | INFO | Mensaje recibido: request_id=19195
2026-04-06 00:04:28,028 | concert_ticketing.adapters.messaging.rabbitmq.consumer | INFO | Mensaje recibido: request_id=19080
2026-04-06 00:04:28,104 | concert_ticketing.adapters.messaging.rabbitmq.consumer | INFO | Mensaje recibido: request_id=19245
2026-04-06 00:04:28,199 | concert_ticketing.adapters.messaging.rabbitmq.consumer | INFO | Mensaje recibido: request_id=19234
2026-04-06 00:04:28,273 | concert_ticketing.adapters.messaging.rabbitmq.consumer | INFO | Mensaje recibido: request_id=19240
2026-04-06 00:04:28,371 | concert_ticketing.adapters.messaging.rabbitmq.consumer | INFO | Mensaje recibido: request_id=19249
2026-04-06 00:04:28,464 | concert_ticketing.adapters.messaging.rabbitmq.consumer | INFO | Mensaje recibido: request_id=19218
2026-04-06 00:04:28,557 | concert_ticketing.adapters.messaging.rabbitmq.consumer | INFO | Mensaje recibido: request_id=19276
2026-04-06 00:04:28,647 | concert_ticketing.adapters.messaging.rabbitmq.consumer | INFO | Mensaje recibido: request_id=19235
2026-04-06 00:04:28,731 | concert_ticketing.adapters.messaging.rabbitmq.consumer | INFO | Mensaje recibido: request_id=19237
2026-04-06 00:04:28,807 | concert_ticketing.adapters.messaging.rabbitmq.consumer | INFO | Mensaje recibido: request_id=19275
2026-04-06 00:04:28,896 | concert_ticketing.adapters.messaging.rabbitmq.consumer | INFO | Mensaje recibido: request_id=19324
2026-04-06 00:04:28,988 | concert_ticketing.adapters.messaging.rabbitmq.consumer | INFO | Mensaje recibido: request_id=19172
2026-04-06 00:04:29,046 | concert_ticketing.adapters.messaging.rabbitmq.consumer | INFO | Mensaje recibido: request_id=19340
2026-04-06 00:04:29,131 | concert_ticketing.adapters.messaging.rabbitmq.consumer | INFO | Mensaje recibido: request_id=19279
2026-04-06 00:04:29,229 | concert_ticketing.adapters.messaging.rabbitmq.consumer | INFO | Mensaje recibido: request_id=19358
2026-04-06 00:04:29,308 | concert_ticketing.adapters.messaging.rabbitmq.consumer | INFO | Mensaje recibido: request_id=19349
2026-04-06 00:04:29,383 | concert_ticketing.adapters.messaging.rabbitmq.consumer | INFO | Mensaje recibido: request_id=19338
2026-04-06 00:04:29,443 | concert_ticketing.adapters.messaging.rabbitmq.consumer | INFO | Mensaje recibido: request_id=19322
2026-04-06 00:04:29,516 | concert_ticketing.adapters.messaging.rabbitmq.consumer | INFO | Mensaje recibido: request_id=19374
2026-04-06 00:04:29,606 | concert_ticketing.adapters.messaging.rabbitmq.consumer | INFO | Mensaje recibido: request_id=19372
2026-04-06 00:04:29,689 | concert_ticketing.adapters.messaging.rabbitmq.consumer | INFO | Mensaje recibido: request_id=19377
2026-04-06 00:04:29,784 | concert_ticketing.adapters.messaging.rabbitmq.consumer | INFO | Mensaje recibido: request_id=19386
2026-04-06 00:04:29,862 | concert_ticketing.adapters.messaging.rabbitmq.consumer | INFO | Mensaje recibido: request_id=19402
2026-04-06 00:04:29,927 | concert_ticketing.adapters.messaging.rabbitmq.consumer | INFO | Mensaje recibido: request_id=19380
2026-04-06 00:04:30,011 | concert_ticketing.adapters.messaging.rabbitmq.consumer | INFO | Mensaje recibido: request_id=19428
2026-04-06 00:04:30,098 | concert_ticketing.adapters.messaging.rabbitmq.consumer | INFO | Mensaje recibido: request_id=19286
2026-04-06 00:04:30,187 | concert_ticketing.adapters.messaging.rabbitmq.consumer | INFO | Mensaje recibido: request_id=19454
2026-04-06 00:04:30,258 | concert_ticketing.adapters.messaging.rabbitmq.consumer | INFO | Mensaje recibido: request_id=19399
2026-04-06 00:04:30,360 | concert_ticketing.adapters.messaging.rabbitmq.consumer | INFO | Mensaje recibido: request_id=19438
2026-04-06 00:04:30,429 | concert_ticketing.adapters.messaging.rabbitmq.consumer | INFO | Mensaje recibido: request_id=19468
2026-04-06 00:04:30,519 | concert_ticketing.adapters.messaging.rabbitmq.consumer | INFO | Mensaje recibido: request_id=19371
2026-04-06 00:04:30,624 | concert_ticketing.adapters.messaging.rabbitmq.consumer | INFO | Mensaje recibido: request_id=19475
2026-04-06 00:04:30,721 | concert_ticketing.adapters.messaging.rabbitmq.consumer | INFO | Mensaje recibido: request_id=19497
2026-04-06 00:04:30,804 | concert_ticketing.adapters.messaging.rabbitmq.consumer | INFO | Mensaje recibido: request_id=19410
2026-04-06 00:04:30,891 | concert_ticketing.adapters.messaging.rabbitmq.consumer | INFO | Mensaje recibido: request_id=19464
2026-04-06 00:04:30,987 | concert_ticketing.adapters.messaging.rabbitmq.consumer | INFO | Mensaje recibido: request_id=19525
2026-04-06 00:04:31,073 | concert_ticketing.adapters.messaging.rabbitmq.consumer | INFO | Mensaje recibido: request_id=19532
2026-04-06 00:04:31,155 | concert_ticketing.adapters.messaging.rabbitmq.consumer | INFO | Mensaje recibido: request_id=19530
2026-04-06 00:04:31,253 | concert_ticketing.adapters.messaging.rabbitmq.consumer | INFO | Mensaje recibido: request_id=19540
2026-04-06 00:04:31,357 | concert_ticketing.adapters.messaging.rabbitmq.consumer | INFO | Mensaje recibido: request_id=19472
2026-04-06 00:04:31,443 | concert_ticketing.adapters.messaging.rabbitmq.consumer | INFO | Mensaje recibido: request_id=19526
2026-04-06 00:04:31,523 | concert_ticketing.adapters.messaging.rabbitmq.consumer | INFO | Mensaje recibido: request_id=19563
2026-04-06 00:04:31,603 | concert_ticketing.adapters.messaging.rabbitmq.consumer | INFO | Mensaje recibido: request_id=19494
2026-04-06 00:04:31,712 | concert_ticketing.adapters.messaging.rabbitmq.consumer | INFO | Mensaje recibido: request_id=19550
2026-04-06 00:04:31,790 | concert_ticketing.adapters.messaging.rabbitmq.consumer | INFO | Mensaje recibido: request_id=19580
2026-04-06 00:04:31,878 | concert_ticketing.adapters.messaging.rabbitmq.consumer | INFO | Mensaje recibido: request_id=19583
2026-04-06 00:04:31,961 | concert_ticketing.adapters.messaging.rabbitmq.consumer | INFO | Mensaje recibido: request_id=19610
2026-04-06 00:04:32,052 | concert_ticketing.adapters.messaging.rabbitmq.consumer | INFO | Mensaje recibido: request_id=19537
2026-04-06 00:04:32,145 | concert_ticketing.adapters.messaging.rabbitmq.consumer | INFO | Mensaje recibido: request_id=19594
2026-04-06 00:04:32,228 | concert_ticketing.adapters.messaging.rabbitmq.consumer | INFO | Mensaje recibido: request_id=19630
2026-04-06 00:04:32,321 | concert_ticketing.adapters.messaging.rabbitmq.consumer | INFO | Mensaje recibido: request_id=19544
2026-04-06 00:04:32,402 | concert_ticketing.adapters.messaging.rabbitmq.consumer | INFO | Mensaje recibido: request_id=19491
2026-04-06 00:04:32,477 | concert_ticketing.adapters.messaging.rabbitmq.consumer | INFO | Mensaje recibido: request_id=19660
2026-04-06 00:04:32,570 | concert_ticketing.adapters.messaging.rabbitmq.consumer | INFO | Mensaje recibido: request_id=19651
2026-04-06 00:04:32,621 | concert_ticketing.adapters.messaging.rabbitmq.consumer | INFO | Mensaje recibido: request_id=19675
2026-04-06 00:04:32,711 | concert_ticketing.adapters.messaging.rabbitmq.consumer | INFO | Mensaje recibido: request_id=19656
2026-04-06 00:04:32,796 | concert_ticketing.adapters.messaging.rabbitmq.consumer | INFO | Mensaje recibido: request_id=19620
2026-04-06 00:04:32,877 | concert_ticketing.adapters.messaging.rabbitmq.consumer | INFO | Mensaje recibido: request_id=19701
2026-04-06 00:04:32,958 | concert_ticketing.adapters.messaging.rabbitmq.consumer | INFO | Mensaje recibido: request_id=19697
2026-04-06 00:04:33,055 | concert_ticketing.adapters.messaging.rabbitmq.consumer | INFO | Mensaje recibido: request_id=19632
2026-04-06 00:04:33,124 | concert_ticketing.adapters.messaging.rabbitmq.consumer | INFO | Mensaje recibido: request_id=19663
2026-04-06 00:04:33,206 | concert_ticketing.adapters.messaging.rabbitmq.consumer | INFO | Mensaje recibido: request_id=19731
2026-04-06 00:04:33,291 | concert_ticketing.adapters.messaging.rabbitmq.consumer | INFO | Mensaje recibido: request_id=19691
2026-04-06 00:04:33,355 | concert_ticketing.adapters.messaging.rabbitmq.consumer | INFO | Mensaje recibido: request_id=19690
2026-04-06 00:04:33,429 | concert_ticketing.adapters.messaging.rabbitmq.consumer | INFO | Mensaje recibido: request_id=19707
2026-04-06 00:04:33,529 | concert_ticketing.adapters.messaging.rabbitmq.consumer | INFO | Mensaje recibido: request_id=19764
2026-04-06 00:04:33,612 | concert_ticketing.adapters.messaging.rabbitmq.consumer | INFO | Mensaje recibido: request_id=19754
2026-04-06 00:04:33,674 | concert_ticketing.adapters.messaging.rabbitmq.consumer | INFO | Mensaje recibido: request_id=19679
2026-04-06 00:04:33,750 | concert_ticketing.adapters.messaging.rabbitmq.consumer | INFO | Mensaje recibido: request_id=19788
2026-04-06 00:04:33,829 | concert_ticketing.adapters.messaging.rabbitmq.consumer | INFO | Mensaje recibido: request_id=19796
2026-04-06 00:04:33,912 | concert_ticketing.adapters.messaging.rabbitmq.consumer | INFO | Mensaje recibido: request_id=19798
2026-04-06 00:04:33,996 | concert_ticketing.adapters.messaging.rabbitmq.consumer | INFO | Mensaje recibido: request_id=19748
2026-04-06 00:04:34,081 | concert_ticketing.adapters.messaging.rabbitmq.consumer | INFO | Mensaje recibido: request_id=19820
2026-04-06 00:04:34,164 | concert_ticketing.adapters.messaging.rabbitmq.consumer | INFO | Mensaje recibido: request_id=19823
2026-04-06 00:04:34,254 | concert_ticketing.adapters.messaging.rabbitmq.consumer | INFO | Mensaje recibido: request_id=19799
2026-04-06 00:04:34,375 | concert_ticketing.adapters.messaging.rabbitmq.consumer | INFO | Mensaje recibido: request_id=19706
2026-04-06 00:04:34,462 | concert_ticketing.adapters.messaging.rabbitmq.consumer | INFO | Mensaje recibido: request_id=19762
2026-04-06 00:04:34,557 | concert_ticketing.adapters.messaging.rabbitmq.consumer | INFO | Mensaje recibido: request_id=19848
2026-04-06 00:04:34,654 | concert_ticketing.adapters.messaging.rabbitmq.consumer | INFO | Mensaje recibido: request_id=19833
2026-04-06 00:04:34,758 | concert_ticketing.adapters.messaging.rabbitmq.consumer | INFO | Mensaje recibido: request_id=19853
2026-04-06 00:04:34,852 | concert_ticketing.adapters.messaging.rabbitmq.consumer | INFO | Mensaje recibido: request_id=19871
2026-04-06 00:04:34,957 | concert_ticketing.adapters.messaging.rabbitmq.consumer | INFO | Mensaje recibido: request_id=19834
2026-04-06 00:04:35,080 | concert_ticketing.adapters.messaging.rabbitmq.consumer | INFO | Mensaje recibido: request_id=19680
2026-04-06 00:04:35,193 | concert_ticketing.adapters.messaging.rabbitmq.consumer | INFO | Mensaje recibido: request_id=19909
2026-04-06 00:04:35,264 | concert_ticketing.adapters.messaging.rabbitmq.consumer | INFO | Mensaje recibido: request_id=19837
2026-04-06 00:04:35,350 | concert_ticketing.adapters.messaging.rabbitmq.consumer | INFO | Mensaje recibido: request_id=19911
2026-04-06 00:04:35,444 | concert_ticketing.adapters.messaging.rabbitmq.consumer | INFO | Mensaje recibido: request_id=19926
2026-04-06 00:04:35,527 | concert_ticketing.adapters.messaging.rabbitmq.consumer | INFO | Mensaje recibido: request_id=19913
2026-04-06 00:04:35,601 | concert_ticketing.adapters.messaging.rabbitmq.consumer | INFO | Mensaje recibido: request_id=19907
2026-04-06 00:04:35,688 | concert_ticketing.adapters.messaging.rabbitmq.consumer | INFO | Mensaje recibido: request_id=19951
2026-04-06 00:04:35,770 | concert_ticketing.adapters.messaging.rabbitmq.consumer | INFO | Mensaje recibido: request_id=19939
2026-04-06 00:04:35,835 | concert_ticketing.adapters.messaging.rabbitmq.consumer | INFO | Mensaje recibido: request_id=19946
2026-04-06 00:04:35,920 | concert_ticketing.adapters.messaging.rabbitmq.consumer | INFO | Mensaje recibido: request_id=19980
2026-04-06 00:04:36,009 | concert_ticketing.adapters.messaging.rabbitmq.consumer | INFO | Mensaje recibido: request_id=19885
2026-04-06 00:04:36,086 | concert_ticketing.adapters.messaging.rabbitmq.consumer | INFO | Mensaje recibido: request_id=19985
2026-04-06 00:04:36,138 | concert_ticketing.adapters.messaging.rabbitmq.consumer | INFO | Mensaje recibido: request_id=19925
2026-04-06 00:04:36,230 | concert_ticketing.adapters.messaging.rabbitmq.consumer | INFO | Mensaje recibido: request_id=19902
2026-04-06 00:04:36,296 | concert_ticketing.adapters.messaging.rabbitmq.consumer | INFO | Mensaje recibido: request_id=19982
2026-04-06 00:04:36,361 | concert_ticketing.adapters.messaging.rabbitmq.consumer | INFO | Mensaje recibido: request_id=19905
2026-04-06 00:04:36,399 | concert_ticketing.adapters.messaging.rabbitmq.consumer | INFO | Mensaje recibido: request_id=19852
