2026-04-06 00:01:01,587 | concert_ticketing.adapters.persistence.redis.connection | INFO | Cliente Redis creado -> localhost:6379/0
2026-04-06 00:01:01,596 | pika.adapters.utils.connection_workflow | INFO | Pika version 1.3.2 connecting to ('::1', 5672, 0, 0)
2026-04-06 00:01:01,596 | pika.adapters.utils.io_services_utils | INFO | Socket connected: <socket.socket fd=696, family=23, type=1, proto=6, laddr=('::1', 57650, 0, 0), raddr=('::1', 5672, 0, 0)>
2026-04-06 00:01:01,598 | pika.adapters.utils.connection_workflow | INFO | Streaming transport linked up: (<pika.adapters.utils.io_services_utils._AsyncPlaintextTransport object at 0x000002B85B6A7EC0>, _StreamingProtocolShim: <SelectConnection PROTOCOL transport=<pika.adapters.utils.io_services_utils._AsyncPlaintextTransport object at 0x000002B85B6A7EC0> params=<ConnectionParameters host=localhost port=5672 virtual_host=/ ssl=False>>).
2026-04-06 00:01:01,649 | pika.adapters.utils.connection_workflow | INFO | AMQPConnector - reporting success: <SelectConnection OPEN transport=<pika.adapters.utils.io_services_utils._AsyncPlaintextTransport object at 0x000002B85B6A7EC0> params=<ConnectionParameters host=localhost port=5672 virtual_host=/ ssl=False>>
2026-04-06 00:01:01,649 | pika.adapters.utils.connection_workflow | INFO | AMQPConnectionWorkflow - reporting success: <SelectConnection OPEN transport=<pika.adapters.utils.io_services_utils._AsyncPlaintextTransport object at 0x000002B85B6A7EC0> params=<ConnectionParameters host=localhost port=5672 virtual_host=/ ssl=False>>
2026-04-06 00:01:01,649 | pika.adapters.blocking_connection | INFO | Connection workflow succeeded: <SelectConnection OPEN transport=<pika.adapters.utils.io_services_utils._AsyncPlaintextTransport object at 0x000002B85B6A7EC0> params=<ConnectionParameters host=localhost port=5672 virtual_host=/ ssl=False>>
2026-04-06 00:01:01,649 | concert_ticketing.adapters.messaging.rabbitmq.connection | INFO | Conexion RabbitMQ establecida -> localhost:5672
2026-04-06 00:01:01,649 | __main__ | INFO | Conexión RabbitMQ establecida (intento 1/10)
2026-04-06 00:01:01,650 | pika.adapters.blocking_connection | INFO | Created channel=1
2026-04-06 00:01:01,653 | concert_ticketing.adapters.messaging.rabbitmq.queue_setup | INFO | Cola 'purchase_requests' declarada.
2026-04-06 00:01:01,654 | concert_ticketing.adapters.messaging.rabbitmq.queue_setup | INFO | Exchange 'purchase_results' declarado.
2026-04-06 00:01:01,654 | __main__ | INFO | Worker iniciado. Consumiendo peticiones de compra...
2026-04-06 00:01:01,655 | concert_ticketing.adapters.messaging.rabbitmq.consumer | INFO | Consumiendo de 'purchase_requests'. Esperando mensajes...
2026-04-06 00:01:08,148 | concert_ticketing.adapters.messaging.rabbitmq.consumer | INFO | Mensaje recibido: request_id=00010
2026-04-06 00:01:08,213 | concert_ticketing.adapters.messaging.rabbitmq.consumer | INFO | Mensaje recibido: request_id=00002
2026-04-06 00:01:08,265 | concert_ticketing.adapters.messaging.rabbitmq.consumer | INFO | Mensaje recibido: request_id=00038
2026-04-06 00:01:08,316 | concert_ticketing.adapters.messaging.rabbitmq.consumer | INFO | Mensaje recibido: request_id=00034
2026-04-06 00:01:08,361 | concert_ticketing.adapters.messaging.rabbitmq.consumer | INFO | Mensaje recibido: request_id=00023
2026-04-06 00:01:08,405 | concert_ticketing.adapters.messaging.rabbitmq.consumer | INFO | Mensaje recibido: request_id=00017
2026-04-06 00:01:08,461 | concert_ticketing.adapters.messaging.rabbitmq.consumer | INFO | Mensaje recibido: request_id=00055
2026-04-06 00:01:08,512 | concert_ticketing.adapters.messaging.rabbitmq.consumer | INFO | Mensaje recibido: request_id=00064
2026-04-06 00:01:08,561 | concert_ticketing.adapters.messaging.rabbitmq.consumer | INFO | Mensaje recibido: request_id=00071
2026-04-06 00:01:08,612 | concert_ticketing.adapters.messaging.rabbitmq.consumer | INFO | Mensaje recibido: request_id=00080
2026-04-06 00:01:08,656 | concert_ticketing.adapters.messaging.rabbitmq.consumer | INFO | Mensaje recibido: request_id=00088
2026-04-06 00:01:08,699 | concert_ticketing.adapters.messaging.rabbitmq.consumer | INFO | Mensaje recibido: request_id=00096
2026-04-06 00:01:08,745 | concert_ticketing.adapters.messaging.rabbitmq.consumer | INFO | Mensaje recibido: request_id=00102
2026-04-06 00:01:08,796 | concert_ticketing.adapters.messaging.rabbitmq.consumer | INFO | Mensaje recibido: request_id=00111
2026-04-06 00:01:08,845 | concert_ticketing.adapters.messaging.rabbitmq.consumer | INFO | Mensaje recibido: request_id=00119
2026-04-06 00:01:08,892 | concert_ticketing.adapters.messaging.rabbitmq.consumer | INFO | Mensaje recibido: request_id=00128
2026-04-06 00:01:08,941 | concert_ticketing.adapters.messaging.rabbitmq.consumer | INFO | Mensaje recibido: request_id=00135
2026-04-06 00:01:08,988 | concert_ticketing.adapters.messaging.rabbitmq.consumer | INFO | Mensaje recibido: request_id=00144
2026-04-06 00:01:09,037 | concert_ticketing.adapters.messaging.rabbitmq.consumer | INFO | Mensaje recibido: request_id=00152
2026-04-06 00:01:09,084 | concert_ticketing.adapters.messaging.rabbitmq.consumer | INFO | Mensaje recibido: request_id=00159
2026-04-06 00:01:09,133 | concert_ticketing.adapters.messaging.rabbitmq.consumer | INFO | Mensaje recibido: request_id=00167
2026-04-06 00:01:09,179 | concert_ticketing.adapters.messaging.rabbitmq.consumer | INFO | Mensaje recibido: request_id=00175
2026-04-06 00:01:09,228 | concert_ticketing.adapters.messaging.rabbitmq.consumer | INFO | Mensaje recibido: request_id=00183
2026-04-06 00:01:09,275 | concert_ticketing.adapters.messaging.rabbitmq.consumer | INFO | Mensaje recibido: request_id=00192
2026-04-06 00:01:09,328 | concert_ticketing.adapters.messaging.rabbitmq.consumer | INFO | Mensaje recibido: request_id=00200
2026-04-06 00:01:09,371 | concert_ticketing.adapters.messaging.rabbitmq.consumer | INFO | Mensaje recibido: request_id=00208
2026-04-06 00:01:09,417 | concert_ticketing.adapters.messaging.rabbitmq.consumer | INFO | Mensaje recibido: request_id=00216
2026-04-06 00:01:09,469 | concert_ticketing.adapters.messaging.rabbitmq.consumer | INFO | Mensaje recibido: request_id=00224
2026-04-06 00:01:09,512 | concert_ticketing.adapters.messaging.rabbitmq.consumer | INFO | Mensaje recibido: request_id=00232
2026-04-06 00:01:09,556 | concert_ticketing.adapters.messaging.rabbitmq.consumer | INFO | Mensaje recibido: request_id=00240
2026-04-06 00:01:09,600 | concert_ticketing.adapters.messaging.rabbitmq.consumer | INFO | Mensaje recibido: request_id=00247
2026-04-06 00:01:09,653 | concert_ticketing.adapters.messaging.rabbitmq.consumer | INFO | Mensaje recibido: request_id=00256
2026-04-06 00:01:09,700 | concert_ticketing.adapters.messaging.rabbitmq.consumer | INFO | Mensaje recibido: request_id=00265
2026-04-06 00:01:09,752 | concert_ticketing.adapters.messaging.rabbitmq.consumer | INFO | Mensaje recibido: request_id=00274
2026-04-06 00:01:09,796 | concert_ticketing.adapters.messaging.rabbitmq.consumer | INFO | Mensaje recibido: request_id=00280
2026-04-06 00:01:09,845 | concert_ticketing.adapters.messaging.rabbitmq.consumer | INFO | Mensaje recibido: request_id=00288
2026-04-06 00:01:09,892 | concert_ticketing.adapters.messaging.rabbitmq.consumer | INFO | Mensaje recibido: request_id=00296
2026-04-06 00:01:09,940 | concert_ticketing.adapters.messaging.rabbitmq.consumer | INFO | Mensaje recibido: request_id=00304
2026-04-06 00:01:09,987 | concert_ticketing.adapters.messaging.rabbitmq.consumer | INFO | Mensaje recibido: request_id=00312
2026-04-06 00:01:10,037 | concert_ticketing.adapters.messaging.rabbitmq.consumer | INFO | Mensaje recibido: request_id=00320
2026-04-06 00:01:10,083 | concert_ticketing.adapters.messaging.rabbitmq.consumer | INFO | Mensaje recibido: request_id=00328
2026-04-06 00:01:10,133 | concert_ticketing.adapters.messaging.rabbitmq.consumer | INFO | Mensaje recibido: request_id=00336
2026-04-06 00:01:10,179 | concert_ticketing.adapters.messaging.rabbitmq.consumer | INFO | Mensaje recibido: request_id=00344
2026-04-06 00:01:10,228 | concert_ticketing.adapters.messaging.rabbitmq.consumer | INFO | Mensaje recibido: request_id=00353
2026-04-06 00:01:10,276 | concert_ticketing.adapters.messaging.rabbitmq.consumer | INFO | Mensaje recibido: request_id=00360
2026-04-06 00:01:10,328 | concert_ticketing.adapters.messaging.rabbitmq.consumer | INFO | Mensaje recibido: request_id=00369
2026-04-06 00:01:10,375 | concert_ticketing.adapters.messaging.rabbitmq.consumer | INFO | Mensaje recibido: request_id=00377
2026-04-06 00:01:10,436 | concert_ticketing.adapters.messaging.rabbitmq.consumer | INFO | Mensaje recibido: request_id=00387
2026-04-06 00:01:10,480 | concert_ticketing.adapters.messaging.rabbitmq.consumer | INFO | Mensaje recibido: request_id=00395
2026-04-06 00:01:10,524 | concert_ticketing.adapters.messaging.rabbitmq.consumer | INFO | Mensaje recibido: request_id=00403
2026-04-06 00:01:10,569 | concert_ticketing.adapters.messaging.rabbitmq.consumer | INFO | Mensaje recibido: request_id=00411
2026-04-06 00:01:10,617 | concert_ticketing.adapters.messaging.rabbitmq.consumer | INFO | Mensaje recibido: request_id=00418
2026-04-06 00:01:10,661 | concert_ticketing.adapters.messaging.rabbitmq.consumer | INFO | Mensaje recibido: request_id=00426
2026-04-06 00:01:10,709 | concert_ticketing.adapters.messaging.rabbitmq.consumer | INFO | Mensaje recibido: request_id=00434
2026-04-06 00:01:10,761 | concert_ticketing.adapters.messaging.rabbitmq.consumer | INFO | Mensaje recibido: request_id=00443
2026-04-06 00:01:10,809 | concert_ticketing.adapters.messaging.rabbitmq.consumer | INFO | Mensaje recibido: request_id=00451
2026-04-06 00:01:10,857 | concert_ticketing.adapters.messaging.rabbitmq.consumer | INFO | Mensaje recibido: request_id=00459
2026-04-06 00:01:10,905 | concert_ticketing.adapters.messaging.rabbitmq.consumer | INFO | Mensaje recibido: request_id=00467
2026-04-06 00:01:10,956 | concert_ticketing.adapters.messaging.rabbitmq.consumer | INFO | Mensaje recibido: request_id=00476
2026-04-06 00:01:11,005 | concert_ticketing.adapters.messaging.rabbitmq.consumer | INFO | Mensaje recibido: request_id=00484
2026-04-06 00:01:11,056 | concert_ticketing.adapters.messaging.rabbitmq.consumer | INFO | Mensaje recibido: request_id=00492
2026-04-06 00:01:11,109 | concert_ticketing.adapters.messaging.rabbitmq.consumer | INFO | Mensaje recibido: request_id=00501
2026-04-06 00:01:11,153 | concert_ticketing.adapters.messaging.rabbitmq.consumer | INFO | Mensaje recibido: request_id=00508
2026-04-06 00:01:11,201 | concert_ticketing.adapters.messaging.rabbitmq.consumer | INFO | Mensaje recibido: request_id=00516
2026-04-06 00:01:11,249 | concert_ticketing.adapters.messaging.rabbitmq.consumer | INFO | Mensaje recibido: request_id=00524
2026-04-06 00:01:11,297 | concert_ticketing.adapters.messaging.rabbitmq.consumer | INFO | Mensaje recibido: request_id=00532
2026-04-06 00:01:11,345 | concert_ticketing.adapters.messaging.rabbitmq.consumer | INFO | Mensaje recibido: request_id=00540
2026-04-06 00:01:11,397 | concert_ticketing.adapters.messaging.rabbitmq.consumer | INFO | Mensaje recibido: request_id=00549
2026-04-06 00:01:11,449 | concert_ticketing.adapters.messaging.rabbitmq.consumer | INFO | Mensaje recibido: request_id=00557
2026-04-06 00:01:11,496 | concert_ticketing.adapters.messaging.rabbitmq.consumer | INFO | Mensaje recibido: request_id=00565
2026-04-06 00:01:11,541 | concert_ticketing.adapters.messaging.rabbitmq.consumer | INFO | Mensaje recibido: request_id=00573
2026-04-06 00:01:11,593 | concert_ticketing.adapters.messaging.rabbitmq.consumer | INFO | Mensaje recibido: request_id=00581
2026-04-06 00:01:11,645 | concert_ticketing.adapters.messaging.rabbitmq.consumer | INFO | Mensaje recibido: request_id=00589
2026-04-06 00:01:11,691 | concert_ticketing.adapters.messaging.rabbitmq.consumer | INFO | Mensaje recibido: request_id=00597
2026-04-06 00:01:11,741 | concert_ticketing.adapters.messaging.rabbitmq.consumer | INFO | Mensaje recibido: request_id=00605
2026-04-06 00:01:11,788 | concert_ticketing.adapters.messaging.rabbitmq.consumer | INFO | Mensaje recibido: request_id=00613
2026-04-06 00:01:11,837 | concert_ticketing.adapters.messaging.rabbitmq.consumer | INFO | Mensaje recibido: request_id=00622
2026-04-06 00:01:11,888 | concert_ticketing.adapters.messaging.rabbitmq.consumer | INFO | Mensaje recibido: request_id=00631
2026-04-06 00:01:11,940 | concert_ticketing.adapters.messaging.rabbitmq.consumer | INFO | Mensaje recibido: request_id=00639
2026-04-06 00:01:11,984 | concert_ticketing.adapters.messaging.rabbitmq.consumer | INFO | Mensaje recibido: request_id=00646
2026-04-06 00:01:12,033 | concert_ticketing.adapters.messaging.rabbitmq.consumer | INFO | Mensaje recibido: request_id=00655
2026-04-06 00:01:12,079 | concert_ticketing.adapters.messaging.rabbitmq.consumer | INFO | Mensaje recibido: request_id=00662
2026-04-06 00:01:12,124 | concert_ticketing.adapters.messaging.rabbitmq.consumer | INFO | Mensaje recibido: request_id=00670
2026-04-06 00:01:12,167 | concert_ticketing.adapters.messaging.rabbitmq.consumer | INFO | Mensaje recibido: request_id=00678
2026-04-06 00:01:12,212 | concert_ticketing.adapters.messaging.rabbitmq.consumer | INFO | Mensaje recibido: request_id=00686
2026-04-06 00:01:12,256 | concert_ticketing.adapters.messaging.rabbitmq.consumer | INFO | Mensaje recibido: request_id=00694
2026-04-06 00:01:12,300 | concert_ticketing.adapters.messaging.rabbitmq.consumer | INFO | Mensaje recibido: request_id=00702
2026-04-06 00:01:12,349 | concert_ticketing.adapters.messaging.rabbitmq.consumer | INFO | Mensaje recibido: request_id=00710
2026-04-06 00:01:12,392 | concert_ticketing.adapters.messaging.rabbitmq.consumer | INFO | Mensaje recibido: request_id=00717
2026-04-06 00:01:12,440 | concert_ticketing.adapters.messaging.rabbitmq.consumer | INFO | Mensaje recibido: request_id=00724
2026-04-06 00:01:12,488 | concert_ticketing.adapters.messaging.rabbitmq.consumer | INFO | Mensaje recibido: request_id=00732
2026-04-06 00:01:12,537 | concert_ticketing.adapters.messaging.rabbitmq.consumer | INFO | Mensaje recibido: request_id=00741
2026-04-06 00:01:12,584 | concert_ticketing.adapters.messaging.rabbitmq.consumer | INFO | Mensaje recibido: request_id=00748
2026-04-06 00:01:12,632 | concert_ticketing.adapters.messaging.rabbitmq.consumer | INFO | Mensaje recibido: request_id=00757
2026-04-06 00:01:12,685 | concert_ticketing.adapters.messaging.rabbitmq.consumer | INFO | Mensaje recibido: request_id=00766
2026-04-06 00:01:12,729 | concert_ticketing.adapters.messaging.rabbitmq.consumer | INFO | Mensaje recibido: request_id=00773
2026-04-06 00:01:12,775 | concert_ticketing.adapters.messaging.rabbitmq.consumer | INFO | Mensaje recibido: request_id=00780
2026-04-06 00:01:12,820 | concert_ticketing.adapters.messaging.rabbitmq.consumer | INFO | Mensaje recibido: request_id=00788
2026-04-06 00:01:12,867 | concert_ticketing.adapters.messaging.rabbitmq.consumer | INFO | Mensaje recibido: request_id=00795
2026-04-06 00:01:12,917 | concert_ticketing.adapters.messaging.rabbitmq.consumer | INFO | Mensaje recibido: request_id=00802
2026-04-06 00:01:12,965 | concert_ticketing.adapters.messaging.rabbitmq.consumer | INFO | Mensaje recibido: request_id=00809
2026-04-06 00:01:13,009 | concert_ticketing.adapters.messaging.rabbitmq.consumer | INFO | Mensaje recibido: request_id=00817
2026-04-06 00:01:13,056 | concert_ticketing.adapters.messaging.rabbitmq.consumer | INFO | Mensaje recibido: request_id=00825
2026-04-06 00:01:13,100 | concert_ticketing.adapters.messaging.rabbitmq.consumer | INFO | Mensaje recibido: request_id=00833
2026-04-06 00:01:13,148 | concert_ticketing.adapters.messaging.rabbitmq.consumer | INFO | Mensaje recibido: request_id=00841
2026-04-06 00:01:13,196 | concert_ticketing.adapters.messaging.rabbitmq.consumer | INFO | Mensaje recibido: request_id=00848
2026-04-06 00:01:13,240 | concert_ticketing.adapters.messaging.rabbitmq.consumer | INFO | Mensaje recibido: request_id=00856
2026-04-06 00:01:13,288 | concert_ticketing.adapters.messaging.rabbitmq.consumer | INFO | Mensaje recibido: request_id=00864
2026-04-06 00:01:13,337 | concert_ticketing.adapters.messaging.rabbitmq.consumer | INFO | Mensaje recibido: request_id=00872
2026-04-06 00:01:13,396 | concert_ticketing.adapters.messaging.rabbitmq.consumer | INFO | Mensaje recibido: request_id=00883
2026-04-06 00:01:13,445 | concert_ticketing.adapters.messaging.rabbitmq.consumer | INFO | Mensaje recibido: request_id=00890
2026-04-06 00:01:13,496 | concert_ticketing.adapters.messaging.rabbitmq.consumer | INFO | Mensaje recibido: request_id=00899
2026-04-06 00:01:13,548 | concert_ticketing.adapters.messaging.rabbitmq.consumer | INFO | Mensaje recibido: request_id=00906
2026-04-06 00:01:13,596 | concert_ticketing.adapters.messaging.rabbitmq.consumer | INFO | Mensaje recibido: request_id=00914
2026-04-06 00:01:13,644 | concert_ticketing.adapters.messaging.rabbitmq.consumer | INFO | Mensaje recibido: request_id=00922
2026-04-06 00:01:13,692 | concert_ticketing.adapters.messaging.rabbitmq.consumer | INFO | Mensaje recibido: request_id=00930
2026-04-06 00:01:13,744 | concert_ticketing.adapters.messaging.rabbitmq.consumer | INFO | Mensaje recibido: request_id=00938
2026-04-06 00:01:13,792 | concert_ticketing.adapters.messaging.rabbitmq.consumer | INFO | Mensaje recibido: request_id=00946
2026-04-06 00:01:13,840 | concert_ticketing.adapters.messaging.rabbitmq.consumer | INFO | Mensaje recibido: request_id=00954
2026-04-06 00:01:13,889 | concert_ticketing.adapters.messaging.rabbitmq.consumer | INFO | Mensaje recibido: request_id=00962
2026-04-06 00:01:13,937 | concert_ticketing.adapters.messaging.rabbitmq.consumer | INFO | Mensaje recibido: request_id=00970
2026-04-06 00:01:13,984 | concert_ticketing.adapters.messaging.rabbitmq.consumer | INFO | Mensaje recibido: request_id=00978
2026-04-06 00:01:14,033 | concert_ticketing.adapters.messaging.rabbitmq.consumer | INFO | Mensaje recibido: request_id=00986
2026-04-06 00:01:14,084 | concert_ticketing.adapters.messaging.rabbitmq.consumer | INFO | Mensaje recibido: request_id=00994
2026-04-06 00:01:14,133 | concert_ticketing.adapters.messaging.rabbitmq.consumer | INFO | Mensaje recibido: request_id=01001
2026-04-06 00:01:14,180 | concert_ticketing.adapters.messaging.rabbitmq.consumer | INFO | Mensaje recibido: request_id=01009
2026-04-06 00:01:14,229 | concert_ticketing.adapters.messaging.rabbitmq.consumer | INFO | Mensaje recibido: request_id=01017
2026-04-06 00:01:14,276 | concert_ticketing.adapters.messaging.rabbitmq.consumer | INFO | Mensaje recibido: request_id=01025
2026-04-06 00:01:14,324 | concert_ticketing.adapters.messaging.rabbitmq.consumer | INFO | Mensaje recibido: request_id=01033
2026-04-06 00:01:14,371 | concert_ticketing.adapters.messaging.rabbitmq.consumer | INFO | Mensaje recibido: request_id=01041
2026-04-06 00:01:14,420 | concert_ticketing.adapters.messaging.rabbitmq.consumer | INFO | Mensaje recibido: request_id=01048
2026-04-06 00:01:14,469 | concert_ticketing.adapters.messaging.rabbitmq.consumer | INFO | Mensaje recibido: request_id=01056
2026-04-06 00:01:14,520 | concert_ticketing.adapters.messaging.rabbitmq.consumer | INFO | Mensaje recibido: request_id=01064
2026-04-06 00:01:14,569 | concert_ticketing.adapters.messaging.rabbitmq.consumer | INFO | Mensaje recibido: request_id=01072
2026-04-06 00:01:14,616 | concert_ticketing.adapters.messaging.rabbitmq.consumer | INFO | Mensaje recibido: request_id=01079
2026-04-06 00:01:14,664 | concert_ticketing.adapters.messaging.rabbitmq.consumer | INFO | Mensaje recibido: request_id=01088
2026-04-06 00:01:14,709 | concert_ticketing.adapters.messaging.rabbitmq.consumer | INFO | Mensaje recibido: request_id=01094
2026-04-06 00:01:14,756 | concert_ticketing.adapters.messaging.rabbitmq.consumer | INFO | Mensaje recibido: request_id=01107
2026-04-06 00:01:14,921 | concert_ticketing.adapters.messaging.rabbitmq.consumer | INFO | Mensaje recibido: request_id=01110
2026-04-06 00:01:15,046 | concert_ticketing.adapters.messaging.rabbitmq.consumer | INFO | Mensaje recibido: request_id=01099
2026-04-06 00:01:15,194 | concert_ticketing.adapters.messaging.rabbitmq.consumer | INFO | Mensaje recibido: request_id=01154
2026-04-06 00:01:15,341 | concert_ticketing.adapters.messaging.rabbitmq.consumer | INFO | Mensaje recibido: request_id=01151
2026-04-06 00:01:15,490 | concert_ticketing.adapters.messaging.rabbitmq.consumer | INFO | Mensaje recibido: request_id=01182
2026-04-06 00:01:15,611 | concert_ticketing.adapters.messaging.rabbitmq.consumer | INFO | Mensaje recibido: request_id=01190
2026-04-06 00:01:15,725 | concert_ticketing.adapters.messaging.rabbitmq.consumer | INFO | Mensaje recibido: request_id=01198
2026-04-06 00:01:15,854 | concert_ticketing.adapters.messaging.rabbitmq.consumer | INFO | Mensaje recibido: request_id=01191
2026-04-06 00:01:16,022 | concert_ticketing.adapters.messaging.rabbitmq.consumer | INFO | Mensaje recibido: request_id=01121
2026-04-06 00:01:16,141 | concert_ticketing.adapters.messaging.rabbitmq.consumer | INFO | Mensaje recibido: request_id=01220
2026-04-06 00:01:16,275 | concert_ticketing.adapters.messaging.rabbitmq.consumer | INFO | Mensaje recibido: request_id=01223
2026-04-06 00:01:16,404 | concert_ticketing.adapters.messaging.rabbitmq.consumer | INFO | Mensaje recibido: request_id=01222
2026-04-06 00:01:16,549 | concert_ticketing.adapters.messaging.rabbitmq.consumer | INFO | Mensaje recibido: request_id=01207
2026-04-06 00:01:16,676 | concert_ticketing.adapters.messaging.rabbitmq.consumer | INFO | Mensaje recibido: request_id=01172
2026-04-06 00:01:16,784 | concert_ticketing.adapters.messaging.rabbitmq.consumer | INFO | Mensaje recibido: request_id=01210
2026-04-06 00:01:16,919 | concert_ticketing.adapters.messaging.rabbitmq.consumer | INFO | Mensaje recibido: request_id=01150
2026-04-06 00:01:17,050 | concert_ticketing.adapters.messaging.rabbitmq.consumer | INFO | Mensaje recibido: request_id=01244
2026-04-06 00:01:17,231 | concert_ticketing.adapters.messaging.rabbitmq.consumer | INFO | Mensaje recibido: request_id=01287
2026-04-06 00:01:17,375 | concert_ticketing.adapters.messaging.rabbitmq.consumer | INFO | Mensaje recibido: request_id=01266
2026-04-06 00:01:17,476 | concert_ticketing.adapters.messaging.rabbitmq.consumer | INFO | Mensaje recibido: request_id=01302
2026-04-06 00:01:17,653 | concert_ticketing.adapters.messaging.rabbitmq.consumer | INFO | Mensaje recibido: request_id=01311
2026-04-06 00:01:17,788 | concert_ticketing.adapters.messaging.rabbitmq.consumer | INFO | Mensaje recibido: request_id=01308
2026-04-06 00:01:17,926 | concert_ticketing.adapters.messaging.rabbitmq.consumer | INFO | Mensaje recibido: request_id=01194
2026-04-06 00:01:18,088 | concert_ticketing.adapters.messaging.rabbitmq.consumer | INFO | Mensaje recibido: request_id=01335
2026-04-06 00:01:18,213 | concert_ticketing.adapters.messaging.rabbitmq.consumer | INFO | Mensaje recibido: request_id=01324
2026-04-06 00:01:18,346 | concert_ticketing.adapters.messaging.rabbitmq.consumer | INFO | Mensaje recibido: request_id=01280
2026-04-06 00:01:18,483 | concert_ticketing.adapters.messaging.rabbitmq.consumer | INFO | Mensaje recibido: request_id=01272
2026-04-06 00:01:18,615 | concert_ticketing.adapters.messaging.rabbitmq.consumer | INFO | Mensaje recibido: request_id=01362
2026-04-06 00:01:18,766 | concert_ticketing.adapters.messaging.rabbitmq.consumer | INFO | Mensaje recibido: request_id=01374
2026-04-06 00:01:18,875 | concert_ticketing.adapters.messaging.rabbitmq.consumer | INFO | Mensaje recibido: request_id=01165
2026-04-06 00:01:19,012 | concert_ticketing.adapters.messaging.rabbitmq.consumer | INFO | Mensaje recibido: request_id=01351
2026-04-06 00:01:19,140 | concert_ticketing.adapters.messaging.rabbitmq.consumer | INFO | Mensaje recibido: request_id=01399
2026-04-06 00:01:19,256 | concert_ticketing.adapters.messaging.rabbitmq.consumer | INFO | Mensaje recibido: request_id=01360
2026-04-06 00:01:19,355 | concert_ticketing.adapters.messaging.rabbitmq.consumer | INFO | Mensaje recibido: request_id=01404
2026-04-06 00:01:19,486 | concert_ticketing.adapters.messaging.rabbitmq.consumer | INFO | Mensaje recibido: request_id=01300
2026-04-06 00:01:19,633 | concert_ticketing.adapters.messaging.rabbitmq.consumer | INFO | Mensaje recibido: request_id=01372
2026-04-06 00:01:19,721 | concert_ticketing.adapters.messaging.rabbitmq.consumer | INFO | Mensaje recibido: request_id=01425
2026-04-06 00:01:19,801 | concert_ticketing.adapters.messaging.rabbitmq.consumer | INFO | Mensaje recibido: request_id=01393
2026-04-06 00:01:19,898 | concert_ticketing.adapters.messaging.rabbitmq.consumer | INFO | Mensaje recibido: request_id=01454
2026-04-06 00:01:19,991 | concert_ticketing.adapters.messaging.rabbitmq.consumer | INFO | Mensaje recibido: request_id=01413
2026-04-06 00:01:20,063 | concert_ticketing.adapters.messaging.rabbitmq.consumer | INFO | Mensaje recibido: request_id=01443
2026-04-06 00:01:20,148 | concert_ticketing.adapters.messaging.rabbitmq.consumer | INFO | Mensaje recibido: request_id=01460
2026-04-06 00:01:20,232 | concert_ticketing.adapters.messaging.rabbitmq.consumer | INFO | Mensaje recibido: request_id=01438
2026-04-06 00:01:20,321 | concert_ticketing.adapters.messaging.rabbitmq.consumer | INFO | Mensaje recibido: request_id=01434
2026-04-06 00:01:20,397 | concert_ticketing.adapters.messaging.rabbitmq.consumer | INFO | Mensaje recibido: request_id=01377
2026-04-06 00:01:20,496 | concert_ticketing.adapters.messaging.rabbitmq.consumer | INFO | Mensaje recibido: request_id=01432
2026-04-06 00:01:20,577 | concert_ticketing.adapters.messaging.rabbitmq.consumer | INFO | Mensaje recibido: request_id=01517
2026-04-06 00:01:20,670 | concert_ticketing.adapters.messaging.rabbitmq.consumer | INFO | Mensaje recibido: request_id=01508
2026-04-06 00:01:20,756 | concert_ticketing.adapters.messaging.rabbitmq.consumer | INFO | Mensaje recibido: request_id=01410
2026-04-06 00:01:20,831 | concert_ticketing.adapters.messaging.rabbitmq.consumer | INFO | Mensaje recibido: request_id=01532
2026-04-06 00:01:20,938 | concert_ticketing.adapters.messaging.rabbitmq.consumer | INFO | Mensaje recibido: request_id=01383
2026-04-06 00:01:21,017 | concert_ticketing.adapters.messaging.rabbitmq.consumer | INFO | Mensaje recibido: request_id=01557
2026-04-06 00:01:21,106 | concert_ticketing.adapters.messaging.rabbitmq.consumer | INFO | Mensaje recibido: request_id=01548
2026-04-06 00:01:21,190 | concert_ticketing.adapters.messaging.rabbitmq.consumer | INFO | Mensaje recibido: request_id=01519
2026-04-06 00:01:21,277 | concert_ticketing.adapters.messaging.rabbitmq.consumer | INFO | Mensaje recibido: request_id=01555
2026-04-06 00:01:21,365 | concert_ticketing.adapters.messaging.rabbitmq.consumer | INFO | Mensaje recibido: request_id=01583
2026-04-06 00:01:21,446 | concert_ticketing.adapters.messaging.rabbitmq.consumer | INFO | Mensaje recibido: request_id=01595
2026-04-06 00:01:21,530 | concert_ticketing.adapters.messaging.rabbitmq.consumer | INFO | Mensaje recibido: request_id=01556
2026-04-06 00:01:21,594 | concert_ticketing.adapters.messaging.rabbitmq.consumer | INFO | Mensaje recibido: request_id=01569
2026-04-06 00:01:21,680 | concert_ticketing.adapters.messaging.rabbitmq.consumer | INFO | Mensaje recibido: request_id=01575
2026-04-06 00:01:21,759 | concert_ticketing.adapters.messaging.rabbitmq.consumer | INFO | Mensaje recibido: request_id=01533
2026-04-06 00:01:21,846 | concert_ticketing.adapters.messaging.rabbitmq.consumer | INFO | Mensaje recibido: request_id=01586
2026-04-06 00:01:21,938 | concert_ticketing.adapters.messaging.rabbitmq.consumer | INFO | Mensaje recibido: request_id=01604
2026-04-06 00:01:22,009 | concert_ticketing.adapters.messaging.rabbitmq.consumer | INFO | Mensaje recibido: request_id=01645
2026-04-06 00:01:22,099 | concert_ticketing.adapters.messaging.rabbitmq.consumer | INFO | Mensaje recibido: request_id=01644
2026-04-06 00:01:22,184 | concert_ticketing.adapters.messaging.rabbitmq.consumer | INFO | Mensaje recibido: request_id=01571
2026-04-06 00:01:22,273 | concert_ticketing.adapters.messaging.rabbitmq.consumer | INFO | Mensaje recibido: request_id=01634
2026-04-06 00:01:22,356 | concert_ticketing.adapters.messaging.rabbitmq.consumer | INFO | Mensaje recibido: request_id=01667
2026-04-06 00:01:22,450 | concert_ticketing.adapters.messaging.rabbitmq.consumer | INFO | Mensaje recibido: request_id=01695
2026-04-06 00:01:22,530 | concert_ticketing.adapters.messaging.rabbitmq.consumer | INFO | Mensaje recibido: request_id=01515
2026-04-06 00:01:22,621 | concert_ticketing.adapters.messaging.rabbitmq.consumer | INFO | Mensaje recibido: request_id=01710
2026-04-06 00:01:22,698 | concert_ticketing.adapters.messaging.rabbitmq.consumer | INFO | Mensaje recibido: request_id=01718
2026-04-06 00:01:22,771 | concert_ticketing.adapters.messaging.rabbitmq.consumer | INFO | Mensaje recibido: request_id=01715
2026-04-06 00:01:22,875 | concert_ticketing.adapters.messaging.rabbitmq.consumer | INFO | Mensaje recibido: request_id=01699
2026-04-06 00:01:22,946 | concert_ticketing.adapters.messaging.rabbitmq.consumer | INFO | Mensaje recibido: request_id=01736
2026-04-06 00:01:23,025 | concert_ticketing.adapters.messaging.rabbitmq.consumer | INFO | Mensaje recibido: request_id=01706
2026-04-06 00:01:23,119 | concert_ticketing.adapters.messaging.rabbitmq.consumer | INFO | Mensaje recibido: request_id=01703
2026-04-06 00:01:23,194 | concert_ticketing.adapters.messaging.rabbitmq.consumer | INFO | Mensaje recibido: request_id=01765
2026-04-06 00:01:23,277 | concert_ticketing.adapters.messaging.rabbitmq.consumer | INFO | Mensaje recibido: request_id=01653
2026-04-06 00:01:23,367 | concert_ticketing.adapters.messaging.rabbitmq.consumer | INFO | Mensaje recibido: request_id=01723
2026-04-06 00:01:23,452 | concert_ticketing.adapters.messaging.rabbitmq.consumer | INFO | Mensaje recibido: request_id=01729
2026-04-06 00:01:23,536 | concert_ticketing.adapters.messaging.rabbitmq.consumer | INFO | Mensaje recibido: request_id=01791
2026-04-06 00:01:23,606 | concert_ticketing.adapters.messaging.rabbitmq.consumer | INFO | Mensaje recibido: request_id=01788
2026-04-06 00:01:23,699 | concert_ticketing.adapters.messaging.rabbitmq.consumer | INFO | Mensaje recibido: request_id=01806
2026-04-06 00:01:23,769 | concert_ticketing.adapters.messaging.rabbitmq.consumer | INFO | Mensaje recibido: request_id=01813
2026-04-06 00:01:23,871 | concert_ticketing.adapters.messaging.rabbitmq.consumer | INFO | Mensaje recibido: request_id=01675
2026-04-06 00:01:23,952 | concert_ticketing.adapters.messaging.rabbitmq.consumer | INFO | Mensaje recibido: request_id=01771
2026-04-06 00:01:24,029 | concert_ticketing.adapters.messaging.rabbitmq.consumer | INFO | Mensaje recibido: request_id=01832
2026-04-06 00:01:24,111 | concert_ticketing.adapters.messaging.rabbitmq.consumer | INFO | Mensaje recibido: request_id=01844
2026-04-06 00:01:24,213 | concert_ticketing.adapters.messaging.rabbitmq.consumer | INFO | Mensaje recibido: request_id=01786
2026-04-06 00:01:24,298 | concert_ticketing.adapters.messaging.rabbitmq.consumer | INFO | Mensaje recibido: request_id=01445
2026-04-06 00:01:24,397 | concert_ticketing.adapters.messaging.rabbitmq.consumer | INFO | Mensaje recibido: request_id=01811
2026-04-06 00:01:24,475 | concert_ticketing.adapters.messaging.rabbitmq.consumer | INFO | Mensaje recibido: request_id=01882
2026-04-06 00:01:24,567 | concert_ticketing.adapters.messaging.rabbitmq.consumer | INFO | Mensaje recibido: request_id=01879
2026-04-06 00:01:24,646 | concert_ticketing.adapters.messaging.rabbitmq.consumer | INFO | Mensaje recibido: request_id=01883
2026-04-06 00:01:24,776 | concert_ticketing.adapters.messaging.rabbitmq.consumer | INFO | Mensaje recibido: request_id=01891
2026-04-06 00:01:24,881 | concert_ticketing.adapters.messaging.rabbitmq.consumer | INFO | Mensaje recibido: request_id=01894
2026-04-06 00:01:24,992 | concert_ticketing.adapters.messaging.rabbitmq.consumer | INFO | Mensaje recibido: request_id=01890
2026-04-06 00:01:25,107 | concert_ticketing.adapters.messaging.rabbitmq.consumer | INFO | Mensaje recibido: request_id=01869
2026-04-06 00:01:25,227 | concert_ticketing.adapters.messaging.rabbitmq.consumer | INFO | Mensaje recibido: request_id=01892
2026-04-06 00:01:25,348 | concert_ticketing.adapters.messaging.rabbitmq.consumer | INFO | Mensaje recibido: request_id=01950
2026-04-06 00:01:25,441 | concert_ticketing.adapters.messaging.rabbitmq.consumer | INFO | Mensaje recibido: request_id=01921
2026-04-06 00:01:25,567 | concert_ticketing.adapters.messaging.rabbitmq.consumer | INFO | Mensaje recibido: request_id=01915
2026-04-06 00:01:25,641 | concert_ticketing.adapters.messaging.rabbitmq.consumer | INFO | Mensaje recibido: request_id=01965
2026-04-06 00:01:25,746 | concert_ticketing.adapters.messaging.rabbitmq.consumer | INFO | Mensaje recibido: request_id=01917
2026-04-06 00:01:25,815 | concert_ticketing.adapters.messaging.rabbitmq.consumer | INFO | Mensaje recibido: request_id=01971
2026-04-06 00:01:25,883 | concert_ticketing.adapters.messaging.rabbitmq.consumer | INFO | Mensaje recibido: request_id=01951
2026-04-06 00:01:25,960 | concert_ticketing.adapters.messaging.rabbitmq.consumer | INFO | Mensaje recibido: request_id=02005
2026-04-06 00:01:26,025 | concert_ticketing.adapters.messaging.rabbitmq.consumer | INFO | Mensaje recibido: request_id=01987
2026-04-06 00:01:26,103 | concert_ticketing.adapters.messaging.rabbitmq.consumer | INFO | Mensaje recibido: request_id=01970
2026-04-06 00:01:26,196 | concert_ticketing.adapters.messaging.rabbitmq.consumer | INFO | Mensaje recibido: request_id=02009
2026-04-06 00:01:26,280 | concert_ticketing.adapters.messaging.rabbitmq.consumer | INFO | Mensaje recibido: request_id=02006
2026-04-06 00:01:26,367 | concert_ticketing.adapters.messaging.rabbitmq.consumer | INFO | Mensaje recibido: request_id=02030
2026-04-06 00:01:26,439 | concert_ticketing.adapters.messaging.rabbitmq.consumer | INFO | Mensaje recibido: request_id=02052
2026-04-06 00:01:26,528 | concert_ticketing.adapters.messaging.rabbitmq.consumer | INFO | Mensaje recibido: request_id=02023
2026-04-06 00:01:26,621 | concert_ticketing.adapters.messaging.rabbitmq.consumer | INFO | Mensaje recibido: request_id=02070
2026-04-06 00:01:26,699 | concert_ticketing.adapters.messaging.rabbitmq.consumer | INFO | Mensaje recibido: request_id=02065
2026-04-06 00:01:26,795 | concert_ticketing.adapters.messaging.rabbitmq.consumer | INFO | Mensaje recibido: request_id=02078
2026-04-06 00:01:26,874 | concert_ticketing.adapters.messaging.rabbitmq.consumer | INFO | Mensaje recibido: request_id=02094
2026-04-06 00:01:26,950 | concert_ticketing.adapters.messaging.rabbitmq.consumer | INFO | Mensaje recibido: request_id=02064
2026-04-06 00:01:27,050 | concert_ticketing.adapters.messaging.rabbitmq.consumer | INFO | Mensaje recibido: request_id=02110
2026-04-06 00:01:27,129 | concert_ticketing.adapters.messaging.rabbitmq.consumer | INFO | Mensaje recibido: request_id=02062
2026-04-06 00:01:27,217 | concert_ticketing.adapters.messaging.rabbitmq.consumer | INFO | Mensaje recibido: request_id=02127
2026-04-06 00:01:27,303 | concert_ticketing.adapters.messaging.rabbitmq.consumer | INFO | Mensaje recibido: request_id=02084
2026-04-06 00:01:27,392 | concert_ticketing.adapters.messaging.rabbitmq.consumer | INFO | Mensaje recibido: request_id=02128
2026-04-06 00:01:27,475 | concert_ticketing.adapters.messaging.rabbitmq.consumer | INFO | Mensaje recibido: request_id=02087
2026-04-06 00:01:27,548 | concert_ticketing.adapters.messaging.rabbitmq.consumer | INFO | Mensaje recibido: request_id=02142
2026-04-06 00:01:27,631 | concert_ticketing.adapters.messaging.rabbitmq.consumer | INFO | Mensaje recibido: request_id=02150
2026-04-06 00:01:27,717 | concert_ticketing.adapters.messaging.rabbitmq.consumer | INFO | Mensaje recibido: request_id=02173
2026-04-06 00:01:27,810 | concert_ticketing.adapters.messaging.rabbitmq.consumer | INFO | Mensaje recibido: request_id=02166
2026-04-06 00:01:27,890 | concert_ticketing.adapters.messaging.rabbitmq.consumer | INFO | Mensaje recibido: request_id=02111
2026-04-06 00:01:27,980 | concert_ticketing.adapters.messaging.rabbitmq.consumer | INFO | Mensaje recibido: request_id=02191
2026-04-06 00:01:28,058 | concert_ticketing.adapters.messaging.rabbitmq.consumer | INFO | Mensaje recibido: request_id=02188
2026-04-06 00:01:28,161 | concert_ticketing.adapters.messaging.rabbitmq.consumer | INFO | Mensaje recibido: request_id=02069
2026-04-06 00:01:28,229 | concert_ticketing.adapters.messaging.rabbitmq.consumer | INFO | Mensaje recibido: request_id=02203
2026-04-06 00:01:28,327 | concert_ticketing.adapters.messaging.rabbitmq.consumer | INFO | Mensaje recibido: request_id=02230
2026-04-06 00:01:28,396 | concert_ticketing.adapters.messaging.rabbitmq.consumer | INFO | Mensaje recibido: request_id=02171
2026-04-06 00:01:28,481 | concert_ticketing.adapters.messaging.rabbitmq.consumer | INFO | Mensaje recibido: request_id=02199
2026-04-06 00:01:28,548 | concert_ticketing.adapters.messaging.rabbitmq.consumer | INFO | Mensaje recibido: request_id=02244
2026-04-06 00:01:28,625 | concert_ticketing.adapters.messaging.rabbitmq.consumer | INFO | Mensaje recibido: request_id=02214
2026-04-06 00:01:28,716 | concert_ticketing.adapters.messaging.rabbitmq.consumer | INFO | Mensaje recibido: request_id=02245
2026-04-06 00:01:28,795 | concert_ticketing.adapters.messaging.rabbitmq.consumer | INFO | Mensaje recibido: request_id=02246
2026-04-06 00:01:28,877 | concert_ticketing.adapters.messaging.rabbitmq.consumer | INFO | Mensaje recibido: request_id=02286
2026-04-06 00:01:28,952 | concert_ticketing.adapters.messaging.rabbitmq.consumer | INFO | Mensaje recibido: request_id=02294
2026-04-06 00:01:29,056 | concert_ticketing.adapters.messaging.rabbitmq.consumer | INFO | Mensaje recibido: request_id=02276
2026-04-06 00:01:29,125 | concert_ticketing.adapters.messaging.rabbitmq.consumer | INFO | Mensaje recibido: request_id=02293
2026-04-06 00:01:29,202 | concert_ticketing.adapters.messaging.rabbitmq.consumer | INFO | Mensaje recibido: request_id=02296
2026-04-06 00:01:29,294 | concert_ticketing.adapters.messaging.rabbitmq.consumer | INFO | Mensaje recibido: request_id=02274
2026-04-06 00:01:29,374 | concert_ticketing.adapters.messaging.rabbitmq.consumer | INFO | Mensaje recibido: request_id=02333
2026-04-06 00:01:29,461 | concert_ticketing.adapters.messaging.rabbitmq.consumer | INFO | Mensaje recibido: request_id=02260
2026-04-06 00:01:29,544 | concert_ticketing.adapters.messaging.rabbitmq.consumer | INFO | Mensaje recibido: request_id=02341
2026-04-06 00:01:29,613 | concert_ticketing.adapters.messaging.rabbitmq.consumer | INFO | Mensaje recibido: request_id=02344
2026-04-06 00:01:29,681 | concert_ticketing.adapters.messaging.rabbitmq.consumer | INFO | Mensaje recibido: request_id=02319
2026-04-06 00:01:29,750 | concert_ticketing.adapters.messaging.rabbitmq.consumer | INFO | Mensaje recibido: request_id=02334
2026-04-06 00:01:29,847 | concert_ticketing.adapters.messaging.rabbitmq.consumer | INFO | Mensaje recibido: request_id=02376
2026-04-06 00:01:29,933 | concert_ticketing.adapters.messaging.rabbitmq.consumer | INFO | Mensaje recibido: request_id=02383
2026-04-06 00:01:30,030 | concert_ticketing.adapters.messaging.rabbitmq.consumer | INFO | Mensaje recibido: request_id=02397
2026-04-06 00:01:30,125 | concert_ticketing.adapters.messaging.rabbitmq.consumer | INFO | Mensaje recibido: request_id=02379
2026-04-06 00:01:30,199 | concert_ticketing.adapters.messaging.rabbitmq.consumer | INFO | Mensaje recibido: request_id=02407
2026-04-06 00:01:30,284 | concert_ticketing.adapters.messaging.rabbitmq.consumer | INFO | Mensaje recibido: request_id=02409
2026-04-06 00:01:30,365 | concert_ticketing.adapters.messaging.rabbitmq.consumer | INFO | Mensaje recibido: request_id=02424
2026-04-06 00:01:30,452 | concert_ticketing.adapters.messaging.rabbitmq.consumer | INFO | Mensaje recibido: request_id=02362
2026-04-06 00:01:30,537 | concert_ticketing.adapters.messaging.rabbitmq.consumer | INFO | Mensaje recibido: request_id=02353
2026-04-06 00:01:30,633 | concert_ticketing.adapters.messaging.rabbitmq.consumer | INFO | Mensaje recibido: request_id=02384
2026-04-06 00:01:30,698 | concert_ticketing.adapters.messaging.rabbitmq.consumer | INFO | Mensaje recibido: request_id=02431
2026-04-06 00:01:30,784 | concert_ticketing.adapters.messaging.rabbitmq.consumer | INFO | Mensaje recibido: request_id=02471
2026-04-06 00:01:30,867 | concert_ticketing.adapters.messaging.rabbitmq.consumer | INFO | Mensaje recibido: request_id=02442
2026-04-06 00:01:30,935 | concert_ticketing.adapters.messaging.rabbitmq.consumer | INFO | Mensaje recibido: request_id=02486
2026-04-06 00:01:31,036 | concert_ticketing.adapters.messaging.rabbitmq.consumer | INFO | Mensaje recibido: request_id=02459
2026-04-06 00:01:31,136 | concert_ticketing.adapters.messaging.rabbitmq.consumer | INFO | Mensaje recibido: request_id=02474
2026-04-06 00:01:31,199 | concert_ticketing.adapters.messaging.rabbitmq.consumer | INFO | Mensaje recibido: request_id=02460
2026-04-06 00:01:31,283 | concert_ticketing.adapters.messaging.rabbitmq.consumer | INFO | Mensaje recibido: request_id=02398
2026-04-06 00:01:31,379 | concert_ticketing.adapters.messaging.rabbitmq.consumer | INFO | Mensaje recibido: request_id=02340
2026-04-06 00:01:31,456 | concert_ticketing.adapters.messaging.rabbitmq.consumer | INFO | Mensaje recibido: request_id=02430
2026-04-06 00:01:31,525 | concert_ticketing.adapters.messaging.rabbitmq.consumer | INFO | Mensaje recibido: request_id=02527
2026-04-06 00:01:31,591 | concert_ticketing.adapters.messaging.rabbitmq.consumer | INFO | Mensaje recibido: request_id=02495
2026-04-06 00:01:31,686 | concert_ticketing.adapters.messaging.rabbitmq.consumer | INFO | Mensaje recibido: request_id=02518
2026-04-06 00:01:31,746 | concert_ticketing.adapters.messaging.rabbitmq.consumer | INFO | Mensaje recibido: request_id=02542
2026-04-06 00:01:31,843 | concert_ticketing.adapters.messaging.rabbitmq.consumer | INFO | Mensaje recibido: request_id=02540
2026-04-06 00:01:31,943 | concert_ticketing.adapters.messaging.rabbitmq.consumer | INFO | Mensaje recibido: request_id=02570
2026-04-06 00:01:32,025 | concert_ticketing.adapters.messaging.rabbitmq.consumer | INFO | Mensaje recibido: request_id=02591
2026-04-06 00:01:32,097 | concert_ticketing.adapters.messaging.rabbitmq.consumer | INFO | Mensaje recibido: request_id=02576
2026-04-06 00:01:32,188 | concert_ticketing.adapters.messaging.rabbitmq.consumer | INFO | Mensaje recibido: request_id=02520
2026-04-06 00:01:32,261 | concert_ticketing.adapters.messaging.rabbitmq.consumer | INFO | Mensaje recibido: request_id=02528
2026-04-06 00:01:32,363 | concert_ticketing.adapters.messaging.rabbitmq.consumer | INFO | Mensaje recibido: request_id=02420
2026-04-06 00:01:32,440 | concert_ticketing.adapters.messaging.rabbitmq.consumer | INFO | Mensaje recibido: request_id=02630
2026-04-06 00:01:32,542 | concert_ticketing.adapters.messaging.rabbitmq.consumer | INFO | Mensaje recibido: request_id=02574
2026-04-06 00:01:32,625 | concert_ticketing.adapters.messaging.rabbitmq.consumer | INFO | Mensaje recibido: request_id=02646
2026-04-06 00:01:32,696 | concert_ticketing.adapters.messaging.rabbitmq.consumer | INFO | Mensaje recibido: request_id=02595
2026-04-06 00:01:32,793 | concert_ticketing.adapters.messaging.rabbitmq.consumer | INFO | Mensaje recibido: request_id=02572
2026-04-06 00:01:32,876 | concert_ticketing.adapters.messaging.rabbitmq.consumer | INFO | Mensaje recibido: request_id=02670
2026-04-06 00:01:32,941 | concert_ticketing.adapters.messaging.rabbitmq.consumer | INFO | Mensaje recibido: request_id=02531
2026-04-06 00:01:33,025 | concert_ticketing.adapters.messaging.rabbitmq.consumer | INFO | Mensaje recibido: request_id=02684
2026-04-06 00:01:33,117 | concert_ticketing.adapters.messaging.rabbitmq.consumer | INFO | Mensaje recibido: request_id=02686
2026-04-06 00:01:33,179 | concert_ticketing.adapters.messaging.rabbitmq.consumer | INFO | Mensaje recibido: request_id=02699
2026-04-06 00:01:33,265 | concert_ticketing.adapters.messaging.rabbitmq.consumer | INFO | Mensaje recibido: request_id=02667
2026-04-06 00:01:33,332 | concert_ticketing.adapters.messaging.rabbitmq.consumer | INFO | Mensaje recibido: request_id=02693
2026-04-06 00:01:33,425 | concert_ticketing.adapters.messaging.rabbitmq.consumer | INFO | Mensaje recibido: request_id=02696
2026-04-06 00:01:33,534 | concert_ticketing.adapters.messaging.rabbitmq.consumer | INFO | Mensaje recibido: request_id=02702
2026-04-06 00:01:33,601 | concert_ticketing.adapters.messaging.rabbitmq.consumer | INFO | Mensaje recibido: request_id=02736
2026-04-06 00:01:33,695 | concert_ticketing.adapters.messaging.rabbitmq.consumer | INFO | Mensaje recibido: request_id=02711
2026-04-06 00:01:33,780 | concert_ticketing.adapters.messaging.rabbitmq.consumer | INFO | Mensaje recibido: request_id=02710
2026-04-06 00:01:33,861 | concert_ticketing.adapters.messaging.rabbitmq.consumer | INFO | Mensaje recibido: request_id=02734
2026-04-06 00:01:33,941 | concert_ticketing.adapters.messaging.rabbitmq.consumer | INFO | Mensaje recibido: request_id=02714
2026-04-06 00:01:34,016 | concert_ticketing.adapters.messaging.rabbitmq.consumer | INFO | Mensaje recibido: request_id=02691
2026-04-06 00:01:34,100 | concert_ticketing.adapters.messaging.rabbitmq.consumer | INFO | Mensaje recibido: request_id=02768
2026-04-06 00:01:34,179 | concert_ticketing.adapters.messaging.rabbitmq.consumer | INFO | Mensaje recibido: request_id=02781
2026-04-06 00:01:34,270 | concert_ticketing.adapters.messaging.rabbitmq.consumer | INFO | Mensaje recibido: request_id=02732
2026-04-06 00:01:34,356 | concert_ticketing.adapters.messaging.rabbitmq.consumer | INFO | Mensaje recibido: request_id=02801
2026-04-06 00:01:34,423 | concert_ticketing.adapters.messaging.rabbitmq.consumer | INFO | Mensaje recibido: request_id=02802
2026-04-06 00:01:34,509 | concert_ticketing.adapters.messaging.rabbitmq.consumer | INFO | Mensaje recibido: request_id=02828
2026-04-06 00:01:34,597 | concert_ticketing.adapters.messaging.rabbitmq.consumer | INFO | Mensaje recibido: request_id=02777
2026-04-06 00:01:34,673 | concert_ticketing.adapters.messaging.rabbitmq.consumer | INFO | Mensaje recibido: request_id=02785
2026-04-06 00:01:34,772 | concert_ticketing.adapters.messaging.rabbitmq.consumer | INFO | Mensaje recibido: request_id=02848
2026-04-06 00:01:34,854 | concert_ticketing.adapters.messaging.rabbitmq.consumer | INFO | Mensaje recibido: request_id=02805
2026-04-06 00:01:34,929 | concert_ticketing.adapters.messaging.rabbitmq.consumer | INFO | Mensaje recibido: request_id=02870
2026-04-06 00:01:35,005 | concert_ticketing.adapters.messaging.rabbitmq.consumer | INFO | Mensaje recibido: request_id=02852
2026-04-06 00:01:35,113 | concert_ticketing.adapters.messaging.rabbitmq.consumer | INFO | Mensaje recibido: request_id=02829
2026-04-06 00:01:35,206 | concert_ticketing.adapters.messaging.rabbitmq.consumer | INFO | Mensaje recibido: request_id=02862
2026-04-06 00:01:35,307 | concert_ticketing.adapters.messaging.rabbitmq.consumer | INFO | Mensaje recibido: request_id=02892
2026-04-06 00:01:35,386 | concert_ticketing.adapters.messaging.rabbitmq.consumer | INFO | Mensaje recibido: request_id=02758
2026-04-06 00:01:35,466 | concert_ticketing.adapters.messaging.rabbitmq.consumer | INFO | Mensaje recibido: request_id=02917
2026-04-06 00:01:35,546 | concert_ticketing.adapters.messaging.rabbitmq.consumer | INFO | Mensaje recibido: request_id=02886
2026-04-06 00:01:35,622 | concert_ticketing.adapters.messaging.rabbitmq.consumer | INFO | Mensaje recibido: request_id=02787
2026-04-06 00:01:35,723 | concert_ticketing.adapters.messaging.rabbitmq.consumer | INFO | Mensaje recibido: request_id=02943
2026-04-06 00:01:35,795 | concert_ticketing.adapters.messaging.rabbitmq.consumer | INFO | Mensaje recibido: request_id=02906
2026-04-06 00:01:35,877 | concert_ticketing.adapters.messaging.rabbitmq.consumer | INFO | Mensaje recibido: request_id=02926
2026-04-06 00:01:35,989 | concert_ticketing.adapters.messaging.rabbitmq.consumer | INFO | Mensaje recibido: request_id=02968
2026-04-06 00:01:36,083 | concert_ticketing.adapters.messaging.rabbitmq.consumer | INFO | Mensaje recibido: request_id=02973
2026-04-06 00:01:36,190 | concert_ticketing.adapters.messaging.rabbitmq.consumer | INFO | Mensaje recibido: request_id=02893
2026-04-06 00:01:36,280 | concert_ticketing.adapters.messaging.rabbitmq.consumer | INFO | Mensaje recibido: request_id=02989
2026-04-06 00:01:36,395 | concert_ticketing.adapters.messaging.rabbitmq.consumer | INFO | Mensaje recibido: request_id=02846
2026-04-06 00:01:36,519 | concert_ticketing.adapters.messaging.rabbitmq.consumer | INFO | Mensaje recibido: request_id=03007
2026-04-06 00:01:36,602 | concert_ticketing.adapters.messaging.rabbitmq.consumer | INFO | Mensaje recibido: request_id=02984
2026-04-06 00:01:36,709 | concert_ticketing.adapters.messaging.rabbitmq.consumer | INFO | Mensaje recibido: request_id=02955
2026-04-06 00:01:36,827 | concert_ticketing.adapters.messaging.rabbitmq.consumer | INFO | Mensaje recibido: request_id=03005
2026-04-06 00:01:36,937 | concert_ticketing.adapters.messaging.rabbitmq.consumer | INFO | Mensaje recibido: request_id=03040
2026-04-06 00:01:37,033 | concert_ticketing.adapters.messaging.rabbitmq.consumer | INFO | Mensaje recibido: request_id=03009
2026-04-06 00:01:37,111 | concert_ticketing.adapters.messaging.rabbitmq.consumer | INFO | Mensaje recibido: request_id=03026
2026-04-06 00:01:37,213 | concert_ticketing.adapters.messaging.rabbitmq.consumer | INFO | Mensaje recibido: request_id=03054
2026-04-06 00:01:37,282 | concert_ticketing.adapters.messaging.rabbitmq.consumer | INFO | Mensaje recibido: request_id=03047
2026-04-06 00:01:37,361 | concert_ticketing.adapters.messaging.rabbitmq.consumer | INFO | Mensaje recibido: request_id=02997
2026-04-06 00:01:37,455 | concert_ticketing.adapters.messaging.rabbitmq.consumer | INFO | Mensaje recibido: request_id=03085
2026-04-06 00:01:37,538 | concert_ticketing.adapters.messaging.rabbitmq.consumer | INFO | Mensaje recibido: request_id=03069
2026-04-06 00:01:37,625 | concert_ticketing.adapters.messaging.rabbitmq.consumer | INFO | Mensaje recibido: request_id=03101
2026-04-06 00:01:37,717 | concert_ticketing.adapters.messaging.rabbitmq.consumer | INFO | Mensaje recibido: request_id=03112
2026-04-06 00:01:37,804 | concert_ticketing.adapters.messaging.rabbitmq.consumer | INFO | Mensaje recibido: request_id=03080
2026-04-06 00:01:37,884 | concert_ticketing.adapters.messaging.rabbitmq.consumer | INFO | Mensaje recibido: request_id=03125
2026-04-06 00:01:37,974 | concert_ticketing.adapters.messaging.rabbitmq.consumer | INFO | Mensaje recibido: request_id=03072
2026-04-06 00:01:38,058 | concert_ticketing.adapters.messaging.rabbitmq.consumer | INFO | Mensaje recibido: request_id=03120
2026-04-06 00:01:38,121 | concert_ticketing.adapters.messaging.rabbitmq.consumer | INFO | Mensaje recibido: request_id=03061
2026-04-06 00:01:38,205 | concert_ticketing.adapters.messaging.rabbitmq.consumer | INFO | Mensaje recibido: request_id=03157
2026-04-06 00:01:38,296 | concert_ticketing.adapters.messaging.rabbitmq.consumer | INFO | Mensaje recibido: request_id=03152
2026-04-06 00:01:38,378 | concert_ticketing.adapters.messaging.rabbitmq.consumer | INFO | Mensaje recibido: request_id=03119
2026-04-06 00:01:38,440 | concert_ticketing.adapters.messaging.rabbitmq.consumer | INFO | Mensaje recibido: request_id=03148
2026-04-06 00:01:38,527 | concert_ticketing.adapters.messaging.rabbitmq.consumer | INFO | Mensaje recibido: request_id=03057
2026-04-06 00:01:38,606 | concert_ticketing.adapters.messaging.rabbitmq.consumer | INFO | Mensaje recibido: request_id=03197
2026-04-06 00:01:38,685 | concert_ticketing.adapters.messaging.rabbitmq.consumer | INFO | Mensaje recibido: request_id=03174
2026-04-06 00:01:38,778 | concert_ticketing.adapters.messaging.rabbitmq.consumer | INFO | Mensaje recibido: request_id=03176
2026-04-06 00:01:38,863 | concert_ticketing.adapters.messaging.rabbitmq.consumer | INFO | Mensaje recibido: request_id=03181
2026-04-06 00:01:38,947 | concert_ticketing.adapters.messaging.rabbitmq.consumer | INFO | Mensaje recibido: request_id=03194
2026-04-06 00:01:39,045 | concert_ticketing.adapters.messaging.rabbitmq.consumer | INFO | Mensaje recibido: request_id=02916
2026-04-06 00:01:39,112 | concert_ticketing.adapters.messaging.rabbitmq.consumer | INFO | Mensaje recibido: request_id=03244
2026-04-06 00:01:39,183 | concert_ticketing.adapters.messaging.rabbitmq.consumer | INFO | Mensaje recibido: request_id=03158
2026-04-06 00:01:39,259 | concert_ticketing.adapters.messaging.rabbitmq.consumer | INFO | Mensaje recibido: request_id=03248
2026-04-06 00:01:39,355 | concert_ticketing.adapters.messaging.rabbitmq.consumer | INFO | Mensaje recibido: request_id=03263
2026-04-06 00:01:39,438 | concert_ticketing.adapters.messaging.rabbitmq.consumer | INFO | Mensaje recibido: request_id=03271
2026-04-06 00:01:39,541 | concert_ticketing.adapters.messaging.rabbitmq.consumer | INFO | Mensaje recibido: request_id=03209
2026-04-06 00:01:39,620 | concert_ticketing.adapters.messaging.rabbitmq.consumer | INFO | Mensaje recibido: request_id=03202
2026-04-06 00:01:39,691 | concert_ticketing.adapters.messaging.rabbitmq.consumer | INFO | Mensaje recibido: request_id=03216
2026-04-06 00:01:39,773 | concert_ticketing.adapters.messaging.rabbitmq.consumer | INFO | Mensaje recibido: request_id=03259
2026-04-06 00:01:39,865 | concert_ticketing.adapters.messaging.rabbitmq.consumer | INFO | Mensaje recibido: request_id=03287
2026-04-06 00:01:39,940 | concert_ticketing.adapters.messaging.rabbitmq.consumer | INFO | Mensaje recibido: request_id=03299
2026-04-06 00:01:40,025 | concert_ticketing.adapters.messaging.rabbitmq.consumer | INFO | Mensaje recibido: request_id=03161
2026-04-06 00:01:40,092 | concert_ticketing.adapters.messaging.rabbitmq.consumer | INFO | Mensaje recibido: request_id=03323
2026-04-06 00:01:40,189 | concert_ticketing.adapters.messaging.rabbitmq.consumer | INFO | Mensaje recibido: request_id=03329
2026-04-06 00:01:40,281 | concert_ticketing.adapters.messaging.rabbitmq.consumer | INFO | Mensaje recibido: request_id=03317
2026-04-06 00:01:40,355 | concert_ticketing.adapters.messaging.rabbitmq.consumer | INFO | Mensaje recibido: request_id=03303
2026-04-06 00:01:40,442 | concert_ticketing.adapters.messaging.rabbitmq.consumer | INFO | Mensaje recibido: request_id=03373
2026-04-06 00:01:40,512 | concert_ticketing.adapters.messaging.rabbitmq.consumer | INFO | Mensaje recibido: request_id=03371
2026-04-06 00:01:40,604 | concert_ticketing.adapters.messaging.rabbitmq.consumer | INFO | Mensaje recibido: request_id=03316
2026-04-06 00:01:40,673 | concert_ticketing.adapters.messaging.rabbitmq.consumer | INFO | Mensaje recibido: request_id=03354
2026-04-06 00:01:40,772 | concert_ticketing.adapters.messaging.rabbitmq.consumer | INFO | Mensaje recibido: request_id=03401
2026-04-06 00:01:40,842 | concert_ticketing.adapters.messaging.rabbitmq.consumer | INFO | Mensaje recibido: request_id=03382
2026-04-06 00:01:40,925 | concert_ticketing.adapters.messaging.rabbitmq.consumer | INFO | Mensaje recibido: request_id=03306
2026-04-06 00:01:41,000 | concert_ticketing.adapters.messaging.rabbitmq.consumer | INFO | Mensaje recibido: request_id=03429
2026-04-06 00:01:41,088 | concert_ticketing.adapters.messaging.rabbitmq.consumer | INFO | Mensaje recibido: request_id=03411
2026-04-06 00:01:41,174 | concert_ticketing.adapters.messaging.rabbitmq.consumer | INFO | Mensaje recibido: request_id=03412
2026-04-06 00:01:41,270 | concert_ticketing.adapters.messaging.rabbitmq.consumer | INFO | Mensaje recibido: request_id=03438
2026-04-06 00:01:41,351 | concert_ticketing.adapters.messaging.rabbitmq.consumer | INFO | Mensaje recibido: request_id=03446
2026-04-06 00:01:41,450 | concert_ticketing.adapters.messaging.rabbitmq.consumer | INFO | Mensaje recibido: request_id=03470
2026-04-06 00:01:41,522 | concert_ticketing.adapters.messaging.rabbitmq.consumer | INFO | Mensaje recibido: request_id=03471
2026-04-06 00:01:41,604 | concert_ticketing.adapters.messaging.rabbitmq.consumer | INFO | Mensaje recibido: request_id=03444
2026-04-06 00:01:41,700 | concert_ticketing.adapters.messaging.rabbitmq.consumer | INFO | Mensaje recibido: request_id=03480
2026-04-06 00:01:41,788 | concert_ticketing.adapters.messaging.rabbitmq.consumer | INFO | Mensaje recibido: request_id=03502
2026-04-06 00:01:41,861 | concert_ticketing.adapters.messaging.rabbitmq.consumer | INFO | Mensaje recibido: request_id=03489
2026-04-06 00:01:41,958 | concert_ticketing.adapters.messaging.rabbitmq.consumer | INFO | Mensaje recibido: request_id=03496
2026-04-06 00:01:42,008 | concert_ticketing.adapters.messaging.rabbitmq.consumer | INFO | Mensaje recibido: request_id=03524
2026-04-06 00:01:42,111 | concert_ticketing.adapters.messaging.rabbitmq.consumer | INFO | Mensaje recibido: request_id=03492
2026-04-06 00:01:42,180 | concert_ticketing.adapters.messaging.rabbitmq.consumer | INFO | Mensaje recibido: request_id=03532
2026-04-06 00:01:42,266 | concert_ticketing.adapters.messaging.rabbitmq.consumer | INFO | Mensaje recibido: request_id=03551
2026-04-06 00:01:42,337 | concert_ticketing.adapters.messaging.rabbitmq.consumer | INFO | Mensaje recibido: request_id=03542
2026-04-06 00:01:42,416 | concert_ticketing.adapters.messaging.rabbitmq.consumer | INFO | Mensaje recibido: request_id=03467
2026-04-06 00:01:42,481 | concert_ticketing.adapters.messaging.rabbitmq.consumer | INFO | Mensaje recibido: request_id=03559
2026-04-06 00:01:42,577 | concert_ticketing.adapters.messaging.rabbitmq.consumer | INFO | Mensaje recibido: request_id=03357
2026-04-06 00:01:42,684 | concert_ticketing.adapters.messaging.rabbitmq.consumer | INFO | Mensaje recibido: request_id=03590
2026-04-06 00:01:42,736 | concert_ticketing.adapters.messaging.rabbitmq.consumer | INFO | Mensaje recibido: request_id=03569
2026-04-06 00:01:42,838 | concert_ticketing.adapters.messaging.rabbitmq.consumer | INFO | Mensaje recibido: request_id=03527
2026-04-06 00:01:42,917 | concert_ticketing.adapters.messaging.rabbitmq.consumer | INFO | Mensaje recibido: request_id=03613
2026-04-06 00:01:43,006 | concert_ticketing.adapters.messaging.rabbitmq.consumer | INFO | Mensaje recibido: request_id=03562
2026-04-06 00:01:43,096 | concert_ticketing.adapters.messaging.rabbitmq.consumer | INFO | Mensaje recibido: request_id=03583
2026-04-06 00:01:43,196 | concert_ticketing.adapters.messaging.rabbitmq.consumer | INFO | Mensaje recibido: request_id=03638
2026-04-06 00:01:43,274 | concert_ticketing.adapters.messaging.rabbitmq.consumer | INFO | Mensaje recibido: request_id=03621
2026-04-06 00:01:43,349 | concert_ticketing.adapters.messaging.rabbitmq.consumer | INFO | Mensaje recibido: request_id=03623
2026-04-06 00:01:43,419 | concert_ticketing.adapters.messaging.rabbitmq.consumer | INFO | Mensaje recibido: request_id=03604
2026-04-06 00:01:43,515 | concert_ticketing.adapters.messaging.rabbitmq.consumer | INFO | Mensaje recibido: request_id=03628
2026-04-06 00:01:43,586 | concert_ticketing.adapters.messaging.rabbitmq.consumer | INFO | Mensaje recibido: request_id=03602
2026-04-06 00:01:43,681 | concert_ticketing.adapters.messaging.rabbitmq.consumer | INFO | Mensaje recibido: request_id=03663
2026-04-06 00:01:43,758 | concert_ticketing.adapters.messaging.rabbitmq.consumer | INFO | Mensaje recibido: request_id=03632
2026-04-06 00:01:43,841 | concert_ticketing.adapters.messaging.rabbitmq.consumer | INFO | Mensaje recibido: request_id=03695
2026-04-06 00:01:43,920 | concert_ticketing.adapters.messaging.rabbitmq.consumer | INFO | Mensaje recibido: request_id=03708
2026-04-06 00:01:44,013 | concert_ticketing.adapters.messaging.rabbitmq.consumer | INFO | Mensaje recibido: request_id=03670
2026-04-06 00:01:44,091 | concert_ticketing.adapters.messaging.rabbitmq.consumer | INFO | Mensaje recibido: request_id=03704
2026-04-06 00:01:44,171 | concert_ticketing.adapters.messaging.rabbitmq.consumer | INFO | Mensaje recibido: request_id=03678
2026-04-06 00:01:44,257 | concert_ticketing.adapters.messaging.rabbitmq.consumer | INFO | Mensaje recibido: request_id=03701
2026-04-06 00:01:44,336 | concert_ticketing.adapters.messaging.rabbitmq.consumer | INFO | Mensaje recibido: request_id=03735
2026-04-06 00:01:44,424 | concert_ticketing.adapters.messaging.rabbitmq.consumer | INFO | Mensaje recibido: request_id=03733
2026-04-06 00:01:44,481 | concert_ticketing.adapters.messaging.rabbitmq.consumer | INFO | Mensaje recibido: request_id=03757
2026-04-06 00:01:44,570 | concert_ticketing.adapters.messaging.rabbitmq.consumer | INFO | Mensaje recibido: request_id=03716
2026-04-06 00:01:44,667 | concert_ticketing.adapters.messaging.rabbitmq.consumer | INFO | Mensaje recibido: request_id=03775
2026-04-06 00:01:44,745 | concert_ticketing.adapters.messaging.rabbitmq.consumer | INFO | Mensaje recibido: request_id=03784
2026-04-06 00:01:44,832 | concert_ticketing.adapters.messaging.rabbitmq.consumer | INFO | Mensaje recibido: request_id=03763
2026-04-06 00:01:44,909 | concert_ticketing.adapters.messaging.rabbitmq.consumer | INFO | Mensaje recibido: request_id=03805
2026-04-06 00:01:44,994 | concert_ticketing.adapters.messaging.rabbitmq.consumer | INFO | Mensaje recibido: request_id=03654
2026-04-06 00:01:45,070 | concert_ticketing.adapters.messaging.rabbitmq.consumer | INFO | Mensaje recibido: request_id=03567
2026-04-06 00:01:45,142 | concert_ticketing.adapters.messaging.rabbitmq.consumer | INFO | Mensaje recibido: request_id=03821
2026-04-06 00:01:45,225 | concert_ticketing.adapters.messaging.rabbitmq.consumer | INFO | Mensaje recibido: request_id=03812
2026-04-06 00:01:45,316 | concert_ticketing.adapters.messaging.rabbitmq.consumer | INFO | Mensaje recibido: request_id=03846
2026-04-06 00:01:45,394 | concert_ticketing.adapters.messaging.rabbitmq.consumer | INFO | Mensaje recibido: request_id=03853
2026-04-06 00:01:45,489 | concert_ticketing.adapters.messaging.rabbitmq.consumer | INFO | Mensaje recibido: request_id=03861
2026-04-06 00:01:45,623 | concert_ticketing.adapters.messaging.rabbitmq.consumer | INFO | Mensaje recibido: request_id=03842
2026-04-06 00:01:45,711 | concert_ticketing.adapters.messaging.rabbitmq.consumer | INFO | Mensaje recibido: request_id=03860
2026-04-06 00:01:45,787 | concert_ticketing.adapters.messaging.rabbitmq.consumer | INFO | Mensaje recibido: request_id=03886
2026-04-06 00:01:45,876 | concert_ticketing.adapters.messaging.rabbitmq.consumer | INFO | Mensaje recibido: request_id=03883
2026-04-06 00:01:45,959 | concert_ticketing.adapters.messaging.rabbitmq.consumer | INFO | Mensaje recibido: request_id=03882
2026-04-06 00:01:46,059 | concert_ticketing.adapters.messaging.rabbitmq.consumer | INFO | Mensaje recibido: request_id=03872
2026-04-06 00:01:46,142 | concert_ticketing.adapters.messaging.rabbitmq.consumer | INFO | Mensaje recibido: request_id=03625
2026-04-06 00:01:46,223 | concert_ticketing.adapters.messaging.rabbitmq.consumer | INFO | Mensaje recibido: request_id=03927
2026-04-06 00:01:46,311 | concert_ticketing.adapters.messaging.rabbitmq.consumer | INFO | Mensaje recibido: request_id=03901
2026-04-06 00:01:46,397 | concert_ticketing.adapters.messaging.rabbitmq.consumer | INFO | Mensaje recibido: request_id=03817
2026-04-06 00:01:46,463 | concert_ticketing.adapters.messaging.rabbitmq.consumer | INFO | Mensaje recibido: request_id=03921
2026-04-06 00:01:46,552 | concert_ticketing.adapters.messaging.rabbitmq.consumer | INFO | Mensaje recibido: request_id=03912
2026-04-06 00:01:46,634 | concert_ticketing.adapters.messaging.rabbitmq.consumer | INFO | Mensaje recibido: request_id=03966
2026-04-06 00:01:46,730 | concert_ticketing.adapters.messaging.rabbitmq.consumer | INFO | Mensaje recibido: request_id=03931
2026-04-06 00:01:46,821 | concert_ticketing.adapters.messaging.rabbitmq.consumer | INFO | Mensaje recibido: request_id=03949
2026-04-06 00:01:46,909 | concert_ticketing.adapters.messaging.rabbitmq.consumer | INFO | Mensaje recibido: request_id=03972
2026-04-06 00:01:46,993 | concert_ticketing.adapters.messaging.rabbitmq.consumer | INFO | Mensaje recibido: request_id=03941
2026-04-06 00:01:47,085 | concert_ticketing.adapters.messaging.rabbitmq.consumer | INFO | Mensaje recibido: request_id=03983
2026-04-06 00:01:47,194 | concert_ticketing.adapters.messaging.rabbitmq.consumer | INFO | Mensaje recibido: request_id=03898
2026-04-06 00:01:47,292 | concert_ticketing.adapters.messaging.rabbitmq.consumer | INFO | Mensaje recibido: request_id=03986
2026-04-06 00:01:47,392 | concert_ticketing.adapters.messaging.rabbitmq.consumer | INFO | Mensaje recibido: request_id=04012
2026-04-06 00:01:47,490 | concert_ticketing.adapters.messaging.rabbitmq.consumer | INFO | Mensaje recibido: request_id=04021
2026-04-06 00:01:47,584 | concert_ticketing.adapters.messaging.rabbitmq.consumer | INFO | Mensaje recibido: request_id=04039
2026-04-06 00:01:47,709 | concert_ticketing.adapters.messaging.rabbitmq.consumer | INFO | Mensaje recibido: request_id=03940
2026-04-06 00:01:47,798 | concert_ticketing.adapters.messaging.rabbitmq.consumer | INFO | Mensaje recibido: request_id=04063
2026-04-06 00:01:47,890 | concert_ticketing.adapters.messaging.rabbitmq.consumer | INFO | Mensaje recibido: request_id=04058
2026-04-06 00:01:47,985 | concert_ticketing.adapters.messaging.rabbitmq.consumer | INFO | Mensaje recibido: request_id=04011
2026-04-06 00:01:48,065 | concert_ticketing.adapters.messaging.rabbitmq.consumer | INFO | Mensaje recibido: request_id=04030
2026-04-06 00:01:48,149 | concert_ticketing.adapters.messaging.rabbitmq.consumer | INFO | Mensaje recibido: request_id=04064
2026-04-06 00:01:48,231 | concert_ticketing.adapters.messaging.rabbitmq.consumer | INFO | Mensaje recibido: request_id=04093
2026-04-06 00:01:48,329 | concert_ticketing.adapters.messaging.rabbitmq.consumer | INFO | Mensaje recibido: request_id=04098
2026-04-06 00:01:48,417 | concert_ticketing.adapters.messaging.rabbitmq.consumer | INFO | Mensaje recibido: request_id=04042
2026-04-06 00:01:48,498 | concert_ticketing.adapters.messaging.rabbitmq.consumer | INFO | Mensaje recibido: request_id=03996
2026-04-06 00:01:48,574 | concert_ticketing.adapters.messaging.rabbitmq.consumer | INFO | Mensaje recibido: request_id=04089
2026-04-06 00:01:48,649 | concert_ticketing.adapters.messaging.rabbitmq.consumer | INFO | Mensaje recibido: request_id=04142
2026-04-06 00:01:48,721 | concert_ticketing.adapters.messaging.rabbitmq.consumer | INFO | Mensaje recibido: request_id=04149
2026-04-06 00:01:48,811 | concert_ticketing.adapters.messaging.rabbitmq.consumer | INFO | Mensaje recibido: request_id=04157
2026-04-06 00:01:48,879 | concert_ticketing.adapters.messaging.rabbitmq.consumer | INFO | Mensaje recibido: request_id=04167
2026-04-06 00:01:48,945 | concert_ticketing.adapters.messaging.rabbitmq.consumer | INFO | Mensaje recibido: request_id=04094
2026-04-06 00:01:49,034 | concert_ticketing.adapters.messaging.rabbitmq.consumer | INFO | Mensaje recibido: request_id=04180
2026-04-06 00:01:49,115 | concert_ticketing.adapters.messaging.rabbitmq.consumer | INFO | Mensaje recibido: request_id=04146
2026-04-06 00:01:49,199 | concert_ticketing.adapters.messaging.rabbitmq.consumer | INFO | Mensaje recibido: request_id=04158
2026-04-06 00:01:49,260 | concert_ticketing.adapters.messaging.rabbitmq.consumer | INFO | Mensaje recibido: request_id=04174
2026-04-06 00:01:49,345 | concert_ticketing.adapters.messaging.rabbitmq.consumer | INFO | Mensaje recibido: request_id=04177
2026-04-06 00:01:49,438 | concert_ticketing.adapters.messaging.rabbitmq.consumer | INFO | Mensaje recibido: request_id=04183
2026-04-06 00:01:49,513 | concert_ticketing.adapters.messaging.rabbitmq.consumer | INFO | Mensaje recibido: request_id=04228
2026-04-06 00:01:49,588 | concert_ticketing.adapters.messaging.rabbitmq.consumer | INFO | Mensaje recibido: request_id=04209
2026-04-06 00:01:49,675 | concert_ticketing.adapters.messaging.rabbitmq.consumer | INFO | Mensaje recibido: request_id=04236
2026-04-06 00:01:49,758 | concert_ticketing.adapters.messaging.rabbitmq.consumer | INFO | Mensaje recibido: request_id=04221
2026-04-06 00:01:49,831 | concert_ticketing.adapters.messaging.rabbitmq.consumer | INFO | Mensaje recibido: request_id=04249
2026-04-06 00:01:49,911 | concert_ticketing.adapters.messaging.rabbitmq.consumer | INFO | Mensaje recibido: request_id=04262
2026-04-06 00:01:49,992 | concert_ticketing.adapters.messaging.rabbitmq.consumer | INFO | Mensaje recibido: request_id=04253
2026-04-06 00:01:50,080 | concert_ticketing.adapters.messaging.rabbitmq.consumer | INFO | Mensaje recibido: request_id=04244
2026-04-06 00:01:50,166 | concert_ticketing.adapters.messaging.rabbitmq.consumer | INFO | Mensaje recibido: request_id=04278
2026-04-06 00:01:50,258 | concert_ticketing.adapters.messaging.rabbitmq.consumer | INFO | Mensaje recibido: request_id=04294
2026-04-06 00:01:50,333 | concert_ticketing.adapters.messaging.rabbitmq.consumer | INFO | Mensaje recibido: request_id=04147
2026-04-06 00:01:50,415 | concert_ticketing.adapters.messaging.rabbitmq.consumer | INFO | Mensaje recibido: request_id=04233
2026-04-06 00:01:50,475 | concert_ticketing.adapters.messaging.rabbitmq.consumer | INFO | Mensaje recibido: request_id=04312
2026-04-06 00:01:50,563 | concert_ticketing.adapters.messaging.rabbitmq.consumer | INFO | Mensaje recibido: request_id=04329
2026-04-06 00:01:50,665 | concert_ticketing.adapters.messaging.rabbitmq.consumer | INFO | Mensaje recibido: request_id=04324
2026-04-06 00:01:50,741 | concert_ticketing.adapters.messaging.rabbitmq.consumer | INFO | Mensaje recibido: request_id=04336
2026-04-06 00:01:50,840 | concert_ticketing.adapters.messaging.rabbitmq.consumer | INFO | Mensaje recibido: request_id=04358
2026-04-06 00:01:50,920 | concert_ticketing.adapters.messaging.rabbitmq.consumer | INFO | Mensaje recibido: request_id=04359
2026-04-06 00:01:50,988 | concert_ticketing.adapters.messaging.rabbitmq.consumer | INFO | Mensaje recibido: request_id=04363
2026-04-06 00:01:51,087 | concert_ticketing.adapters.messaging.rabbitmq.consumer | INFO | Mensaje recibido: request_id=04380
2026-04-06 00:01:51,161 | concert_ticketing.adapters.messaging.rabbitmq.consumer | INFO | Mensaje recibido: request_id=04391
2026-04-06 00:01:51,238 | concert_ticketing.adapters.messaging.rabbitmq.consumer | INFO | Mensaje recibido: request_id=04381
2026-04-06 00:01:51,310 | concert_ticketing.adapters.messaging.rabbitmq.consumer | INFO | Mensaje recibido: request_id=04403
2026-04-06 00:01:51,406 | concert_ticketing.adapters.messaging.rabbitmq.consumer | INFO | Mensaje recibido: request_id=04398
2026-04-06 00:01:51,467 | concert_ticketing.adapters.messaging.rabbitmq.consumer | INFO | Mensaje recibido: request_id=04420
2026-04-06 00:01:51,568 | concert_ticketing.adapters.messaging.rabbitmq.consumer | INFO | Mensaje recibido: request_id=04344
2026-04-06 00:01:51,657 | concert_ticketing.adapters.messaging.rabbitmq.consumer | INFO | Mensaje recibido: request_id=04421
2026-04-06 00:01:51,723 | concert_ticketing.adapters.messaging.rabbitmq.consumer | INFO | Mensaje recibido: request_id=04410
2026-04-06 00:01:51,809 | concert_ticketing.adapters.messaging.rabbitmq.consumer | INFO | Mensaje recibido: request_id=04382
2026-04-06 00:01:51,911 | concert_ticketing.adapters.messaging.rabbitmq.consumer | INFO | Mensaje recibido: request_id=04386
2026-04-06 00:01:51,990 | concert_ticketing.adapters.messaging.rabbitmq.consumer | INFO | Mensaje recibido: request_id=04459
2026-04-06 00:01:52,082 | concert_ticketing.adapters.messaging.rabbitmq.consumer | INFO | Mensaje recibido: request_id=04260
2026-04-06 00:01:52,157 | concert_ticketing.adapters.messaging.rabbitmq.consumer | INFO | Mensaje recibido: request_id=04465
2026-04-06 00:01:52,241 | concert_ticketing.adapters.messaging.rabbitmq.consumer | INFO | Mensaje recibido: request_id=04481
2026-04-06 00:01:52,329 | concert_ticketing.adapters.messaging.rabbitmq.consumer | INFO | Mensaje recibido: request_id=04502
2026-04-06 00:01:52,428 | concert_ticketing.adapters.messaging.rabbitmq.consumer | INFO | Mensaje recibido: request_id=04306
2026-04-06 00:01:52,510 | concert_ticketing.adapters.messaging.rabbitmq.consumer | INFO | Mensaje recibido: request_id=04517
2026-04-06 00:01:52,592 | concert_ticketing.adapters.messaging.rabbitmq.consumer | INFO | Mensaje recibido: request_id=04520
2026-04-06 00:01:52,678 | concert_ticketing.adapters.messaging.rabbitmq.consumer | INFO | Mensaje recibido: request_id=04469
2026-04-06 00:01:52,741 | concert_ticketing.adapters.messaging.rabbitmq.consumer | INFO | Mensaje recibido: request_id=04532
2026-04-06 00:01:52,846 | concert_ticketing.adapters.messaging.rabbitmq.consumer | INFO | Mensaje recibido: request_id=04479
2026-04-06 00:01:52,946 | concert_ticketing.adapters.messaging.rabbitmq.consumer | INFO | Mensaje recibido: request_id=04546
2026-04-06 00:01:53,021 | concert_ticketing.adapters.messaging.rabbitmq.consumer | INFO | Mensaje recibido: request_id=04534
2026-04-06 00:01:53,112 | concert_ticketing.adapters.messaging.rabbitmq.consumer | INFO | Mensaje recibido: request_id=04541
2026-04-06 00:01:53,204 | concert_ticketing.adapters.messaging.rabbitmq.consumer | INFO | Mensaje recibido: request_id=04565
2026-04-06 00:01:53,275 | concert_ticketing.adapters.messaging.rabbitmq.consumer | INFO | Mensaje recibido: request_id=04572
2026-04-06 00:01:53,368 | concert_ticketing.adapters.messaging.rabbitmq.consumer | INFO | Mensaje recibido: request_id=04598
2026-04-06 00:01:53,447 | concert_ticketing.adapters.messaging.rabbitmq.consumer | INFO | Mensaje recibido: request_id=04535
2026-04-06 00:01:53,548 | concert_ticketing.adapters.messaging.rabbitmq.consumer | INFO | Mensaje recibido: request_id=04361
2026-04-06 00:01:53,631 | concert_ticketing.adapters.messaging.rabbitmq.consumer | INFO | Mensaje recibido: request_id=04599
2026-04-06 00:01:53,717 | concert_ticketing.adapters.messaging.rabbitmq.consumer | INFO | Mensaje recibido: request_id=04630
2026-04-06 00:01:53,795 | concert_ticketing.adapters.messaging.rabbitmq.consumer | INFO | Mensaje recibido: request_id=04637
2026-04-06 00:01:53,886 | concert_ticketing.adapters.messaging.rabbitmq.consumer | INFO | Mensaje recibido: request_id=04592
2026-04-06 00:01:53,971 | concert_ticketing.adapters.messaging.rabbitmq.consumer | INFO | Mensaje recibido: request_id=04618
2026-04-06 00:01:54,069 | concert_ticketing.adapters.messaging.rabbitmq.consumer | INFO | Mensaje recibido: request_id=04632
2026-04-06 00:01:54,134 | concert_ticketing.adapters.messaging.rabbitmq.consumer | INFO | Mensaje recibido: request_id=04660
2026-04-06 00:01:54,229 | concert_ticketing.adapters.messaging.rabbitmq.consumer | INFO | Mensaje recibido: request_id=04679
2026-04-06 00:01:54,316 | concert_ticketing.adapters.messaging.rabbitmq.consumer | INFO | Mensaje recibido: request_id=04685
2026-04-06 00:01:54,393 | concert_ticketing.adapters.messaging.rabbitmq.consumer | INFO | Mensaje recibido: request_id=04440
2026-04-06 00:01:54,480 | concert_ticketing.adapters.messaging.rabbitmq.consumer | INFO | Mensaje recibido: request_id=04633
2026-04-06 00:01:54,571 | concert_ticketing.adapters.messaging.rabbitmq.consumer | INFO | Mensaje recibido: request_id=04643
2026-04-06 00:01:54,658 | concert_ticketing.adapters.messaging.rabbitmq.consumer | INFO | Mensaje recibido: request_id=04648
2026-04-06 00:01:54,730 | concert_ticketing.adapters.messaging.rabbitmq.consumer | INFO | Mensaje recibido: request_id=04664
2026-04-06 00:01:54,822 | concert_ticketing.adapters.messaging.rabbitmq.consumer | INFO | Mensaje recibido: request_id=04735
2026-04-06 00:01:54,905 | concert_ticketing.adapters.messaging.rabbitmq.consumer | INFO | Mensaje recibido: request_id=04709
2026-04-06 00:01:54,970 | concert_ticketing.adapters.messaging.rabbitmq.consumer | INFO | Mensaje recibido: request_id=04588
2026-04-06 00:01:55,069 | concert_ticketing.adapters.messaging.rabbitmq.consumer | INFO | Mensaje recibido: request_id=04743
2026-04-06 00:01:55,142 | concert_ticketing.adapters.messaging.rabbitmq.consumer | INFO | Mensaje recibido: request_id=04751
2026-04-06 00:01:55,231 | concert_ticketing.adapters.messaging.rabbitmq.consumer | INFO | Mensaje recibido: request_id=04718
2026-04-06 00:01:55,316 | concert_ticketing.adapters.messaging.rabbitmq.consumer | INFO | Mensaje recibido: request_id=04732
2026-04-06 00:01:55,397 | concert_ticketing.adapters.messaging.rabbitmq.consumer | INFO | Mensaje recibido: request_id=04530
2026-04-06 00:01:55,478 | concert_ticketing.adapters.messaging.rabbitmq.consumer | INFO | Mensaje recibido: request_id=04791
2026-04-06 00:01:55,567 | concert_ticketing.adapters.messaging.rabbitmq.consumer | INFO | Mensaje recibido: request_id=04772
2026-04-06 00:01:55,648 | concert_ticketing.adapters.messaging.rabbitmq.consumer | INFO | Mensaje recibido: request_id=04728
2026-04-06 00:01:55,740 | concert_ticketing.adapters.messaging.rabbitmq.consumer | INFO | Mensaje recibido: request_id=04793
2026-04-06 00:01:55,826 | concert_ticketing.adapters.messaging.rabbitmq.consumer | INFO | Mensaje recibido: request_id=04674
2026-04-06 00:01:55,906 | concert_ticketing.adapters.messaging.rabbitmq.consumer | INFO | Mensaje recibido: request_id=04706
2026-04-06 00:01:55,981 | concert_ticketing.adapters.messaging.rabbitmq.consumer | INFO | Mensaje recibido: request_id=04801
2026-04-06 00:01:56,079 | concert_ticketing.adapters.messaging.rabbitmq.consumer | INFO | Mensaje recibido: request_id=04847
2026-04-06 00:01:56,163 | concert_ticketing.adapters.messaging.rabbitmq.consumer | INFO | Mensaje recibido: request_id=04863
2026-04-06 00:01:56,254 | concert_ticketing.adapters.messaging.rabbitmq.consumer | INFO | Mensaje recibido: request_id=04870
2026-04-06 00:01:56,346 | concert_ticketing.adapters.messaging.rabbitmq.consumer | INFO | Mensaje recibido: request_id=04878
2026-04-06 00:01:56,421 | concert_ticketing.adapters.messaging.rabbitmq.consumer | INFO | Mensaje recibido: request_id=04800
2026-04-06 00:01:56,498 | concert_ticketing.adapters.messaging.rabbitmq.consumer | INFO | Mensaje recibido: request_id=04886
2026-04-06 00:01:56,598 | concert_ticketing.adapters.messaging.rabbitmq.consumer | INFO | Mensaje recibido: request_id=04694
2026-04-06 00:01:56,673 | concert_ticketing.adapters.messaging.rabbitmq.consumer | INFO | Mensaje recibido: request_id=04899
2026-04-06 00:01:56,748 | concert_ticketing.adapters.messaging.rabbitmq.consumer | INFO | Mensaje recibido: request_id=04832
2026-04-06 00:01:56,830 | concert_ticketing.adapters.messaging.rabbitmq.consumer | INFO | Mensaje recibido: request_id=04781
2026-04-06 00:01:56,916 | concert_ticketing.adapters.messaging.rabbitmq.consumer | INFO | Mensaje recibido: request_id=04850
2026-04-06 00:01:56,991 | concert_ticketing.adapters.messaging.rabbitmq.consumer | INFO | Mensaje recibido: request_id=04894
2026-04-06 00:01:57,066 | concert_ticketing.adapters.messaging.rabbitmq.consumer | INFO | Mensaje recibido: request_id=04935
2026-04-06 00:01:57,157 | concert_ticketing.adapters.messaging.rabbitmq.consumer | INFO | Mensaje recibido: request_id=04881
2026-04-06 00:01:57,228 | concert_ticketing.adapters.messaging.rabbitmq.consumer | INFO | Mensaje recibido: request_id=04925
2026-04-06 00:01:57,321 | concert_ticketing.adapters.messaging.rabbitmq.consumer | INFO | Mensaje recibido: request_id=04945
2026-04-06 00:01:57,408 | concert_ticketing.adapters.messaging.rabbitmq.consumer | INFO | Mensaje recibido: request_id=04873
2026-04-06 00:01:57,497 | concert_ticketing.adapters.messaging.rabbitmq.consumer | INFO | Mensaje recibido: request_id=04981
2026-04-06 00:01:57,580 | concert_ticketing.adapters.messaging.rabbitmq.consumer | INFO | Mensaje recibido: request_id=04888
2026-04-06 00:01:57,667 | concert_ticketing.adapters.messaging.rabbitmq.consumer | INFO | Mensaje recibido: request_id=05006
2026-04-06 00:01:57,731 | concert_ticketing.adapters.messaging.rabbitmq.consumer | INFO | Mensaje recibido: request_id=05008
2026-04-06 00:01:57,832 | concert_ticketing.adapters.messaging.rabbitmq.consumer | INFO | Mensaje recibido: request_id=05022
2026-04-06 00:01:57,909 | concert_ticketing.adapters.messaging.rabbitmq.consumer | INFO | Mensaje recibido: request_id=05030
2026-04-06 00:01:57,976 | concert_ticketing.adapters.messaging.rabbitmq.consumer | INFO | Mensaje recibido: request_id=05037
2026-04-06 00:01:58,065 | concert_ticketing.adapters.messaging.rabbitmq.consumer | INFO | Mensaje recibido: request_id=04976
2026-04-06 00:01:58,163 | concert_ticketing.adapters.messaging.rabbitmq.consumer | INFO | Mensaje recibido: request_id=04973
2026-04-06 00:01:58,250 | concert_ticketing.adapters.messaging.rabbitmq.consumer | INFO | Mensaje recibido: request_id=05026
2026-04-06 00:01:58,338 | concert_ticketing.adapters.messaging.rabbitmq.consumer | INFO | Mensaje recibido: request_id=04880
2026-04-06 00:01:58,447 | concert_ticketing.adapters.messaging.rabbitmq.consumer | INFO | Mensaje recibido: request_id=05021
2026-04-06 00:01:58,545 | concert_ticketing.adapters.messaging.rabbitmq.consumer | INFO | Mensaje recibido: request_id=04988
2026-04-06 00:01:58,652 | concert_ticketing.adapters.messaging.rabbitmq.consumer | INFO | Mensaje recibido: request_id=05045
2026-04-06 00:01:58,731 | concert_ticketing.adapters.messaging.rabbitmq.consumer | INFO | Mensaje recibido: request_id=05095
2026-04-06 00:01:58,832 | concert_ticketing.adapters.messaging.rabbitmq.consumer | INFO | Mensaje recibido: request_id=05101
2026-04-06 00:01:58,974 | concert_ticketing.adapters.messaging.rabbitmq.consumer | INFO | Mensaje recibido: request_id=05114
2026-04-06 00:01:59,071 | concert_ticketing.adapters.messaging.rabbitmq.consumer | INFO | Mensaje recibido: request_id=05063
2026-04-06 00:01:59,159 | concert_ticketing.adapters.messaging.rabbitmq.consumer | INFO | Mensaje recibido: request_id=05128
2026-04-06 00:01:59,249 | concert_ticketing.adapters.messaging.rabbitmq.consumer | INFO | Mensaje recibido: request_id=05065
2026-04-06 00:01:59,337 | concert_ticketing.adapters.messaging.rabbitmq.consumer | INFO | Mensaje recibido: request_id=05149
2026-04-06 00:01:59,410 | concert_ticketing.adapters.messaging.rabbitmq.consumer | INFO | Mensaje recibido: request_id=05156
2026-04-06 00:01:59,491 | concert_ticketing.adapters.messaging.rabbitmq.consumer | INFO | Mensaje recibido: request_id=05132
2026-04-06 00:01:59,562 | concert_ticketing.adapters.messaging.rabbitmq.consumer | INFO | Mensaje recibido: request_id=05126
2026-04-06 00:01:59,660 | concert_ticketing.adapters.messaging.rabbitmq.consumer | INFO | Mensaje recibido: request_id=05174
2026-04-06 00:01:59,737 | concert_ticketing.adapters.messaging.rabbitmq.consumer | INFO | Mensaje recibido: request_id=05163
2026-04-06 00:01:59,808 | concert_ticketing.adapters.messaging.rabbitmq.consumer | INFO | Mensaje recibido: request_id=05190
2026-04-06 00:01:59,883 | concert_ticketing.adapters.messaging.rabbitmq.consumer | INFO | Mensaje recibido: request_id=05204
2026-04-06 00:01:59,958 | concert_ticketing.adapters.messaging.rabbitmq.consumer | INFO | Mensaje recibido: request_id=05166
2026-04-06 00:02:00,033 | concert_ticketing.adapters.messaging.rabbitmq.consumer | INFO | Mensaje recibido: request_id=04907
2026-04-06 00:02:00,106 | concert_ticketing.adapters.messaging.rabbitmq.consumer | INFO | Mensaje recibido: request_id=05210
2026-04-06 00:02:00,188 | concert_ticketing.adapters.messaging.rabbitmq.consumer | INFO | Mensaje recibido: request_id=05073
2026-04-06 00:02:00,262 | concert_ticketing.adapters.messaging.rabbitmq.consumer | INFO | Mensaje recibido: request_id=05119
2026-04-06 00:02:00,340 | concert_ticketing.adapters.messaging.rabbitmq.consumer | INFO | Mensaje recibido: request_id=05201
2026-04-06 00:02:00,445 | concert_ticketing.adapters.messaging.rabbitmq.consumer | INFO | Mensaje recibido: request_id=05223
2026-04-06 00:02:00,519 | concert_ticketing.adapters.messaging.rabbitmq.consumer | INFO | Mensaje recibido: request_id=05153
2026-04-06 00:02:00,598 | concert_ticketing.adapters.messaging.rabbitmq.consumer | INFO | Mensaje recibido: request_id=05263
2026-04-06 00:02:00,681 | concert_ticketing.adapters.messaging.rabbitmq.consumer | INFO | Mensaje recibido: request_id=05277
2026-04-06 00:02:00,772 | concert_ticketing.adapters.messaging.rabbitmq.consumer | INFO | Mensaje recibido: request_id=05208
2026-04-06 00:02:00,855 | concert_ticketing.adapters.messaging.rabbitmq.consumer | INFO | Mensaje recibido: request_id=05289
2026-04-06 00:02:00,935 | concert_ticketing.adapters.messaging.rabbitmq.consumer | INFO | Mensaje recibido: request_id=05264
2026-04-06 00:02:01,019 | concert_ticketing.adapters.messaging.rabbitmq.consumer | INFO | Mensaje recibido: request_id=05247
2026-04-06 00:02:01,101 | concert_ticketing.adapters.messaging.rabbitmq.consumer | INFO | Mensaje recibido: request_id=05291
2026-04-06 00:02:01,191 | concert_ticketing.adapters.messaging.rabbitmq.consumer | INFO | Mensaje recibido: request_id=05269
2026-04-06 00:02:01,277 | concert_ticketing.adapters.messaging.rabbitmq.consumer | INFO | Mensaje recibido: request_id=05260
2026-04-06 00:02:01,356 | concert_ticketing.adapters.messaging.rabbitmq.consumer | INFO | Mensaje recibido: request_id=05300
2026-04-06 00:02:01,463 | concert_ticketing.adapters.messaging.rabbitmq.consumer | INFO | Mensaje recibido: request_id=05331
2026-04-06 00:02:01,542 | concert_ticketing.adapters.messaging.rabbitmq.consumer | INFO | Mensaje recibido: request_id=05344
2026-04-06 00:02:01,630 | concert_ticketing.adapters.messaging.rabbitmq.consumer | INFO | Mensaje recibido: request_id=05334
2026-04-06 00:02:01,708 | concert_ticketing.adapters.messaging.rabbitmq.consumer | INFO | Mensaje recibido: request_id=05287
2026-04-06 00:02:01,790 | concert_ticketing.adapters.messaging.rabbitmq.consumer | INFO | Mensaje recibido: request_id=05318
2026-04-06 00:02:01,867 | concert_ticketing.adapters.messaging.rabbitmq.consumer | INFO | Mensaje recibido: request_id=05275
2026-04-06 00:02:01,967 | concert_ticketing.adapters.messaging.rabbitmq.consumer | INFO | Mensaje recibido: request_id=05345
2026-04-06 00:02:02,038 | concert_ticketing.adapters.messaging.rabbitmq.consumer | INFO | Mensaje recibido: request_id=05405
2026-04-06 00:02:02,138 | concert_ticketing.adapters.messaging.rabbitmq.consumer | INFO | Mensaje recibido: request_id=05409
2026-04-06 00:02:02,222 | concert_ticketing.adapters.messaging.rabbitmq.consumer | INFO | Mensaje recibido: request_id=05419
2026-04-06 00:02:02,319 | concert_ticketing.adapters.messaging.rabbitmq.consumer | INFO | Mensaje recibido: request_id=05438
2026-04-06 00:02:02,392 | concert_ticketing.adapters.messaging.rabbitmq.consumer | INFO | Mensaje recibido: request_id=05434
2026-04-06 00:02:02,481 | concert_ticketing.adapters.messaging.rabbitmq.consumer | INFO | Mensaje recibido: request_id=05455
2026-04-06 00:02:02,562 | concert_ticketing.adapters.messaging.rabbitmq.consumer | INFO | Mensaje recibido: request_id=05396
2026-04-06 00:02:02,629 | concert_ticketing.adapters.messaging.rabbitmq.consumer | INFO | Mensaje recibido: request_id=05417
2026-04-06 00:02:02,703 | concert_ticketing.adapters.messaging.rabbitmq.consumer | INFO | Mensaje recibido: request_id=05459
2026-04-06 00:02:02,766 | concert_ticketing.adapters.messaging.rabbitmq.consumer | INFO | Mensaje recibido: request_id=05431
2026-04-06 00:02:02,866 | concert_ticketing.adapters.messaging.rabbitmq.consumer | INFO | Mensaje recibido: request_id=05468
2026-04-06 00:02:02,946 | concert_ticketing.adapters.messaging.rabbitmq.consumer | INFO | Mensaje recibido: request_id=05469
2026-04-06 00:02:03,041 | concert_ticketing.adapters.messaging.rabbitmq.consumer | INFO | Mensaje recibido: request_id=05481
2026-04-06 00:02:03,125 | concert_ticketing.adapters.messaging.rabbitmq.consumer | INFO | Mensaje recibido: request_id=05496
2026-04-06 00:02:03,203 | concert_ticketing.adapters.messaging.rabbitmq.consumer | INFO | Mensaje recibido: request_id=05452
2026-04-06 00:02:03,305 | concert_ticketing.adapters.messaging.rabbitmq.consumer | INFO | Mensaje recibido: request_id=05390
2026-04-06 00:02:03,373 | concert_ticketing.adapters.messaging.rabbitmq.consumer | INFO | Mensaje recibido: request_id=05535
2026-04-06 00:02:03,450 | concert_ticketing.adapters.messaging.rabbitmq.consumer | INFO | Mensaje recibido: request_id=05513
2026-04-06 00:02:03,534 | concert_ticketing.adapters.messaging.rabbitmq.consumer | INFO | Mensaje recibido: request_id=05548
2026-04-06 00:02:03,620 | concert_ticketing.adapters.messaging.rabbitmq.consumer | INFO | Mensaje recibido: request_id=05474
2026-04-06 00:02:03,701 | concert_ticketing.adapters.messaging.rabbitmq.consumer | INFO | Mensaje recibido: request_id=05543
2026-04-06 00:02:03,804 | concert_ticketing.adapters.messaging.rabbitmq.consumer | INFO | Mensaje recibido: request_id=05566
2026-04-06 00:02:03,888 | concert_ticketing.adapters.messaging.rabbitmq.consumer | INFO | Mensaje recibido: request_id=05482
2026-04-06 00:02:03,980 | concert_ticketing.adapters.messaging.rabbitmq.consumer | INFO | Mensaje recibido: request_id=05599
2026-04-06 00:02:04,067 | concert_ticketing.adapters.messaging.rabbitmq.consumer | INFO | Mensaje recibido: request_id=05503
2026-04-06 00:02:04,138 | concert_ticketing.adapters.messaging.rabbitmq.consumer | INFO | Mensaje recibido: request_id=05606
2026-04-06 00:02:04,227 | concert_ticketing.adapters.messaging.rabbitmq.consumer | INFO | Mensaje recibido: request_id=05563
2026-04-06 00:02:04,306 | concert_ticketing.adapters.messaging.rabbitmq.consumer | INFO | Mensaje recibido: request_id=05598
2026-04-06 00:02:04,382 | concert_ticketing.adapters.messaging.rabbitmq.consumer | INFO | Mensaje recibido: request_id=05627
2026-04-06 00:02:04,463 | concert_ticketing.adapters.messaging.rabbitmq.consumer | INFO | Mensaje recibido: request_id=05562
2026-04-06 00:02:04,540 | concert_ticketing.adapters.messaging.rabbitmq.consumer | INFO | Mensaje recibido: request_id=05558
2026-04-06 00:02:04,625 | concert_ticketing.adapters.messaging.rabbitmq.consumer | INFO | Mensaje recibido: request_id=05441
2026-04-06 00:02:04,704 | concert_ticketing.adapters.messaging.rabbitmq.consumer | INFO | Mensaje recibido: request_id=05670
2026-04-06 00:02:04,779 | concert_ticketing.adapters.messaging.rabbitmq.consumer | INFO | Mensaje recibido: request_id=05660
2026-04-06 00:02:04,864 | concert_ticketing.adapters.messaging.rabbitmq.consumer | INFO | Mensaje recibido: request_id=05671
2026-04-06 00:02:04,948 | concert_ticketing.adapters.messaging.rabbitmq.consumer | INFO | Mensaje recibido: request_id=05688
2026-04-06 00:02:05,024 | concert_ticketing.adapters.messaging.rabbitmq.consumer | INFO | Mensaje recibido: request_id=05701
2026-04-06 00:02:05,103 | concert_ticketing.adapters.messaging.rabbitmq.consumer | INFO | Mensaje recibido: request_id=05591
2026-04-06 00:02:05,195 | concert_ticketing.adapters.messaging.rabbitmq.consumer | INFO | Mensaje recibido: request_id=05652
2026-04-06 00:02:05,258 | concert_ticketing.adapters.messaging.rabbitmq.consumer | INFO | Mensaje recibido: request_id=05628
2026-04-06 00:02:05,361 | concert_ticketing.adapters.messaging.rabbitmq.consumer | INFO | Mensaje recibido: request_id=05736
2026-04-06 00:02:05,446 | concert_ticketing.adapters.messaging.rabbitmq.consumer | INFO | Mensaje recibido: request_id=05741
2026-04-06 00:02:05,517 | concert_ticketing.adapters.messaging.rabbitmq.consumer | INFO | Mensaje recibido: request_id=05748
2026-04-06 00:02:05,588 | concert_ticketing.adapters.messaging.rabbitmq.consumer | INFO | Mensaje recibido: request_id=05757
2026-04-06 00:02:05,666 | concert_ticketing.adapters.messaging.rabbitmq.consumer | INFO | Mensaje recibido: request_id=05683
2026-04-06 00:02:05,764 | concert_ticketing.adapters.messaging.rabbitmq.consumer | INFO | Mensaje recibido: request_id=05725
2026-04-06 00:02:05,848 | concert_ticketing.adapters.messaging.rabbitmq.consumer | INFO | Mensaje recibido: request_id=05720
2026-04-06 00:02:05,912 | concert_ticketing.adapters.messaging.rabbitmq.consumer | INFO | Mensaje recibido: request_id=05708
2026-04-06 00:02:05,992 | concert_ticketing.adapters.messaging.rabbitmq.consumer | INFO | Mensaje recibido: request_id=05753
2026-04-06 00:02:06,077 | concert_ticketing.adapters.messaging.rabbitmq.consumer | INFO | Mensaje recibido: request_id=05806
2026-04-06 00:02:06,163 | concert_ticketing.adapters.messaging.rabbitmq.consumer | INFO | Mensaje recibido: request_id=05723
2026-04-06 00:02:06,244 | concert_ticketing.adapters.messaging.rabbitmq.consumer | INFO | Mensaje recibido: request_id=05679
2026-04-06 00:02:06,326 | concert_ticketing.adapters.messaging.rabbitmq.consumer | INFO | Mensaje recibido: request_id=05831
2026-04-06 00:02:06,405 | concert_ticketing.adapters.messaging.rabbitmq.consumer | INFO | Mensaje recibido: request_id=05702
2026-04-06 00:02:06,498 | concert_ticketing.adapters.messaging.rabbitmq.consumer | INFO | Mensaje recibido: request_id=05830
2026-04-06 00:02:06,575 | concert_ticketing.adapters.messaging.rabbitmq.consumer | INFO | Mensaje recibido: request_id=05854
2026-04-06 00:02:06,662 | concert_ticketing.adapters.messaging.rabbitmq.consumer | INFO | Mensaje recibido: request_id=05826
2026-04-06 00:02:06,750 | concert_ticketing.adapters.messaging.rabbitmq.consumer | INFO | Mensaje recibido: request_id=05798
2026-04-06 00:02:06,821 | concert_ticketing.adapters.messaging.rabbitmq.consumer | INFO | Mensaje recibido: request_id=05879
2026-04-06 00:02:06,895 | concert_ticketing.adapters.messaging.rabbitmq.consumer | INFO | Mensaje recibido: request_id=05859
2026-04-06 00:02:06,999 | concert_ticketing.adapters.messaging.rabbitmq.consumer | INFO | Mensaje recibido: request_id=05864
2026-04-06 00:02:07,073 | concert_ticketing.adapters.messaging.rabbitmq.consumer | INFO | Mensaje recibido: request_id=05893
2026-04-06 00:02:07,162 | concert_ticketing.adapters.messaging.rabbitmq.consumer | INFO | Mensaje recibido: request_id=05911
2026-04-06 00:02:07,242 | concert_ticketing.adapters.messaging.rabbitmq.consumer | INFO | Mensaje recibido: request_id=05899
2026-04-06 00:02:07,308 | concert_ticketing.adapters.messaging.rabbitmq.consumer | INFO | Mensaje recibido: request_id=05919
2026-04-06 00:02:07,396 | concert_ticketing.adapters.messaging.rabbitmq.consumer | INFO | Mensaje recibido: request_id=05927
2026-04-06 00:02:07,472 | concert_ticketing.adapters.messaging.rabbitmq.consumer | INFO | Mensaje recibido: request_id=05881
2026-04-06 00:02:07,573 | concert_ticketing.adapters.messaging.rabbitmq.consumer | INFO | Mensaje recibido: request_id=05950
2026-04-06 00:02:07,670 | concert_ticketing.adapters.messaging.rabbitmq.consumer | INFO | Mensaje recibido: request_id=05953
2026-04-06 00:02:07,758 | concert_ticketing.adapters.messaging.rabbitmq.consumer | INFO | Mensaje recibido: request_id=05957
2026-04-06 00:02:07,832 | concert_ticketing.adapters.messaging.rabbitmq.consumer | INFO | Mensaje recibido: request_id=05972
2026-04-06 00:02:07,916 | concert_ticketing.adapters.messaging.rabbitmq.consumer | INFO | Mensaje recibido: request_id=05948
2026-04-06 00:02:07,996 | concert_ticketing.adapters.messaging.rabbitmq.consumer | INFO | Mensaje recibido: request_id=05878
2026-04-06 00:02:08,090 | concert_ticketing.adapters.messaging.rabbitmq.consumer | INFO | Mensaje recibido: request_id=05967
2026-04-06 00:02:08,175 | concert_ticketing.adapters.messaging.rabbitmq.consumer | INFO | Mensaje recibido: request_id=05977
2026-04-06 00:02:08,263 | concert_ticketing.adapters.messaging.rabbitmq.consumer | INFO | Mensaje recibido: request_id=05959
2026-04-06 00:02:08,344 | concert_ticketing.adapters.messaging.rabbitmq.consumer | INFO | Mensaje recibido: request_id=05993
2026-04-06 00:02:08,407 | concert_ticketing.adapters.messaging.rabbitmq.consumer | INFO | Mensaje recibido: request_id=05857
2026-04-06 00:02:08,496 | concert_ticketing.adapters.messaging.rabbitmq.consumer | INFO | Mensaje recibido: request_id=06007
2026-04-06 00:02:08,562 | concert_ticketing.adapters.messaging.rabbitmq.consumer | INFO | Mensaje recibido: request_id=06022
2026-04-06 00:02:08,642 | concert_ticketing.adapters.messaging.rabbitmq.consumer | INFO | Mensaje recibido: request_id=05955
2026-04-06 00:02:08,721 | concert_ticketing.adapters.messaging.rabbitmq.consumer | INFO | Mensaje recibido: request_id=06051
2026-04-06 00:02:08,819 | concert_ticketing.adapters.messaging.rabbitmq.consumer | INFO | Mensaje recibido: request_id=06044
2026-04-06 00:02:08,893 | concert_ticketing.adapters.messaging.rabbitmq.consumer | INFO | Mensaje recibido: request_id=06067
2026-04-06 00:02:08,959 | concert_ticketing.adapters.messaging.rabbitmq.consumer | INFO | Mensaje recibido: request_id=06054
2026-04-06 00:02:09,031 | concert_ticketing.adapters.messaging.rabbitmq.consumer | INFO | Mensaje recibido: request_id=06075
2026-04-06 00:02:09,113 | concert_ticketing.adapters.messaging.rabbitmq.consumer | INFO | Mensaje recibido: request_id=06006
2026-04-06 00:02:09,188 | concert_ticketing.adapters.messaging.rabbitmq.consumer | INFO | Mensaje recibido: request_id=06059
2026-04-06 00:02:09,267 | concert_ticketing.adapters.messaging.rabbitmq.consumer | INFO | Mensaje recibido: request_id=06021
2026-04-06 00:02:09,366 | concert_ticketing.adapters.messaging.rabbitmq.consumer | INFO | Mensaje recibido: request_id=06126
2026-04-06 00:02:09,460 | concert_ticketing.adapters.messaging.rabbitmq.consumer | INFO | Mensaje recibido: request_id=06124
2026-04-06 00:02:09,551 | concert_ticketing.adapters.messaging.rabbitmq.consumer | INFO | Mensaje recibido: request_id=06133
2026-04-06 00:02:09,652 | concert_ticketing.adapters.messaging.rabbitmq.consumer | INFO | Mensaje recibido: request_id=06150
2026-04-06 00:02:09,734 | concert_ticketing.adapters.messaging.rabbitmq.consumer | INFO | Mensaje recibido: request_id=06149
2026-04-06 00:02:09,833 | concert_ticketing.adapters.messaging.rabbitmq.consumer | INFO | Mensaje recibido: request_id=06138
2026-04-06 00:02:09,937 | concert_ticketing.adapters.messaging.rabbitmq.consumer | INFO | Mensaje recibido: request_id=06165
2026-04-06 00:02:10,067 | concert_ticketing.adapters.messaging.rabbitmq.consumer | INFO | Mensaje recibido: request_id=06105
2026-04-06 00:02:10,142 | concert_ticketing.adapters.messaging.rabbitmq.consumer | INFO | Mensaje recibido: request_id=06187
2026-04-06 00:02:10,241 | concert_ticketing.adapters.messaging.rabbitmq.consumer | INFO | Mensaje recibido: request_id=06107
2026-04-06 00:02:10,315 | concert_ticketing.adapters.messaging.rabbitmq.consumer | INFO | Mensaje recibido: request_id=06193
2026-04-06 00:02:10,398 | concert_ticketing.adapters.messaging.rabbitmq.consumer | INFO | Mensaje recibido: request_id=06205
2026-04-06 00:02:10,496 | concert_ticketing.adapters.messaging.rabbitmq.consumer | INFO | Mensaje recibido: request_id=06076
2026-04-06 00:02:10,542 | concert_ticketing.adapters.messaging.rabbitmq.consumer | INFO | Mensaje recibido: request_id=06227
2026-04-06 00:02:10,638 | concert_ticketing.adapters.messaging.rabbitmq.consumer | INFO | Mensaje recibido: request_id=06230
2026-04-06 00:02:10,716 | concert_ticketing.adapters.messaging.rabbitmq.consumer | INFO | Mensaje recibido: request_id=06242
2026-04-06 00:02:10,779 | concert_ticketing.adapters.messaging.rabbitmq.consumer | INFO | Mensaje recibido: request_id=06247
2026-04-06 00:02:10,845 | concert_ticketing.adapters.messaging.rabbitmq.consumer | INFO | Mensaje recibido: request_id=06239
2026-04-06 00:02:10,917 | concert_ticketing.adapters.messaging.rabbitmq.consumer | INFO | Mensaje recibido: request_id=06213
2026-04-06 00:02:10,995 | concert_ticketing.adapters.messaging.rabbitmq.consumer | INFO | Mensaje recibido: request_id=06271
2026-04-06 00:02:11,055 | concert_ticketing.adapters.messaging.rabbitmq.consumer | INFO | Mensaje recibido: request_id=06276
2026-04-06 00:02:11,146 | concert_ticketing.adapters.messaging.rabbitmq.consumer | INFO | Mensaje recibido: request_id=06280
2026-04-06 00:02:11,210 | concert_ticketing.adapters.messaging.rabbitmq.consumer | INFO | Mensaje recibido: request_id=06281
2026-04-06 00:02:11,320 | concert_ticketing.adapters.messaging.rabbitmq.consumer | INFO | Mensaje recibido: request_id=06291
2026-04-06 00:02:11,444 | concert_ticketing.adapters.messaging.rabbitmq.consumer | INFO | Mensaje recibido: request_id=06320
2026-04-06 00:02:11,524 | concert_ticketing.adapters.messaging.rabbitmq.consumer | INFO | Mensaje recibido: request_id=06296
2026-04-06 00:02:11,606 | concert_ticketing.adapters.messaging.rabbitmq.consumer | INFO | Mensaje recibido: request_id=06317
2026-04-06 00:02:11,684 | concert_ticketing.adapters.messaging.rabbitmq.consumer | INFO | Mensaje recibido: request_id=06208
2026-04-06 00:02:11,758 | concert_ticketing.adapters.messaging.rabbitmq.consumer | INFO | Mensaje recibido: request_id=06332
2026-04-06 00:02:11,825 | concert_ticketing.adapters.messaging.rabbitmq.consumer | INFO | Mensaje recibido: request_id=06344
2026-04-06 00:02:11,923 | concert_ticketing.adapters.messaging.rabbitmq.consumer | INFO | Mensaje recibido: request_id=06365
2026-04-06 00:02:12,000 | concert_ticketing.adapters.messaging.rabbitmq.consumer | INFO | Mensaje recibido: request_id=06375
2026-04-06 00:02:12,080 | concert_ticketing.adapters.messaging.rabbitmq.consumer | INFO | Mensaje recibido: request_id=06382
2026-04-06 00:02:12,173 | concert_ticketing.adapters.messaging.rabbitmq.consumer | INFO | Mensaje recibido: request_id=06311
2026-04-06 00:02:12,249 | concert_ticketing.adapters.messaging.rabbitmq.consumer | INFO | Mensaje recibido: request_id=06391
2026-04-06 00:02:12,324 | concert_ticketing.adapters.messaging.rabbitmq.consumer | INFO | Mensaje recibido: request_id=06405
2026-04-06 00:02:12,408 | concert_ticketing.adapters.messaging.rabbitmq.consumer | INFO | Mensaje recibido: request_id=06395
2026-04-06 00:02:12,467 | concert_ticketing.adapters.messaging.rabbitmq.consumer | INFO | Mensaje recibido: request_id=06411
2026-04-06 00:02:12,557 | concert_ticketing.adapters.messaging.rabbitmq.consumer | INFO | Mensaje recibido: request_id=06430
2026-04-06 00:02:12,637 | concert_ticketing.adapters.messaging.rabbitmq.consumer | INFO | Mensaje recibido: request_id=06431
2026-04-06 00:02:12,744 | concert_ticketing.adapters.messaging.rabbitmq.consumer | INFO | Mensaje recibido: request_id=06448
2026-04-06 00:02:12,842 | concert_ticketing.adapters.messaging.rabbitmq.consumer | INFO | Mensaje recibido: request_id=06446
2026-04-06 00:02:12,905 | concert_ticketing.adapters.messaging.rabbitmq.consumer | INFO | Mensaje recibido: request_id=06445
2026-04-06 00:02:12,981 | concert_ticketing.adapters.messaging.rabbitmq.consumer | INFO | Mensaje recibido: request_id=06409
2026-04-06 00:02:13,055 | concert_ticketing.adapters.messaging.rabbitmq.consumer | INFO | Mensaje recibido: request_id=06443
2026-04-06 00:02:13,131 | concert_ticketing.adapters.messaging.rabbitmq.consumer | INFO | Mensaje recibido: request_id=06477
2026-04-06 00:02:13,215 | concert_ticketing.adapters.messaging.rabbitmq.consumer | INFO | Mensaje recibido: request_id=06493
2026-04-06 00:02:13,290 | concert_ticketing.adapters.messaging.rabbitmq.consumer | INFO | Mensaje recibido: request_id=06408
2026-04-06 00:02:13,365 | concert_ticketing.adapters.messaging.rabbitmq.consumer | INFO | Mensaje recibido: request_id=06494
2026-04-06 00:02:13,458 | concert_ticketing.adapters.messaging.rabbitmq.consumer | INFO | Mensaje recibido: request_id=06499
2026-04-06 00:02:13,546 | concert_ticketing.adapters.messaging.rabbitmq.consumer | INFO | Mensaje recibido: request_id=06526
2026-04-06 00:02:13,620 | concert_ticketing.adapters.messaging.rabbitmq.consumer | INFO | Mensaje recibido: request_id=06524
2026-04-06 00:02:13,705 | concert_ticketing.adapters.messaging.rabbitmq.consumer | INFO | Mensaje recibido: request_id=06487
2026-04-06 00:02:13,804 | concert_ticketing.adapters.messaging.rabbitmq.consumer | INFO | Mensaje recibido: request_id=06550
2026-04-06 00:02:13,899 | concert_ticketing.adapters.messaging.rabbitmq.consumer | INFO | Mensaje recibido: request_id=06548
2026-04-06 00:02:13,972 | concert_ticketing.adapters.messaging.rabbitmq.consumer | INFO | Mensaje recibido: request_id=06535
2026-04-06 00:02:14,042 | concert_ticketing.adapters.messaging.rabbitmq.consumer | INFO | Mensaje recibido: request_id=06542
2026-04-06 00:02:14,130 | concert_ticketing.adapters.messaging.rabbitmq.consumer | INFO | Mensaje recibido: request_id=06397
2026-04-06 00:02:14,219 | concert_ticketing.adapters.messaging.rabbitmq.consumer | INFO | Mensaje recibido: request_id=06577
2026-04-06 00:02:14,294 | concert_ticketing.adapters.messaging.rabbitmq.consumer | INFO | Mensaje recibido: request_id=06585
2026-04-06 00:02:14,373 | concert_ticketing.adapters.messaging.rabbitmq.consumer | INFO | Mensaje recibido: request_id=06597
2026-04-06 00:02:14,458 | concert_ticketing.adapters.messaging.rabbitmq.consumer | INFO | Mensaje recibido: request_id=06447
2026-04-06 00:02:14,541 | concert_ticketing.adapters.messaging.rabbitmq.consumer | INFO | Mensaje recibido: request_id=06588
2026-04-06 00:02:14,631 | concert_ticketing.adapters.messaging.rabbitmq.consumer | INFO | Mensaje recibido: request_id=06584
2026-04-06 00:02:14,729 | concert_ticketing.adapters.messaging.rabbitmq.consumer | INFO | Mensaje recibido: request_id=06639
2026-04-06 00:02:14,819 | concert_ticketing.adapters.messaging.rabbitmq.consumer | INFO | Mensaje recibido: request_id=06613
2026-04-06 00:02:14,896 | concert_ticketing.adapters.messaging.rabbitmq.consumer | INFO | Mensaje recibido: request_id=06633
2026-04-06 00:02:14,977 | concert_ticketing.adapters.messaging.rabbitmq.consumer | INFO | Mensaje recibido: request_id=06629
2026-04-06 00:02:15,049 | concert_ticketing.adapters.messaging.rabbitmq.consumer | INFO | Mensaje recibido: request_id=06647
2026-04-06 00:02:15,118 | concert_ticketing.adapters.messaging.rabbitmq.consumer | INFO | Mensaje recibido: request_id=06601
2026-04-06 00:02:15,197 | concert_ticketing.adapters.messaging.rabbitmq.consumer | INFO | Mensaje recibido: request_id=06529
2026-04-06 00:02:15,284 | concert_ticketing.adapters.messaging.rabbitmq.consumer | INFO | Mensaje recibido: request_id=06695
2026-04-06 00:02:15,363 | concert_ticketing.adapters.messaging.rabbitmq.consumer | INFO | Mensaje recibido: request_id=06696
2026-04-06 00:02:15,446 | concert_ticketing.adapters.messaging.rabbitmq.consumer | INFO | Mensaje recibido: request_id=06689
2026-04-06 00:02:15,515 | concert_ticketing.adapters.messaging.rabbitmq.consumer | INFO | Mensaje recibido: request_id=06621
2026-04-06 00:02:15,595 | concert_ticketing.adapters.messaging.rabbitmq.consumer | INFO | Mensaje recibido: request_id=06726
2026-04-06 00:02:15,669 | concert_ticketing.adapters.messaging.rabbitmq.consumer | INFO | Mensaje recibido: request_id=06717
2026-04-06 00:02:15,738 | concert_ticketing.adapters.messaging.rabbitmq.consumer | INFO | Mensaje recibido: request_id=06735
2026-04-06 00:02:15,814 | concert_ticketing.adapters.messaging.rabbitmq.consumer | INFO | Mensaje recibido: request_id=06740
2026-04-06 00:02:15,897 | concert_ticketing.adapters.messaging.rabbitmq.consumer | INFO | Mensaje recibido: request_id=06756
2026-04-06 00:02:15,971 | concert_ticketing.adapters.messaging.rabbitmq.consumer | INFO | Mensaje recibido: request_id=06592
2026-04-06 00:02:16,056 | concert_ticketing.adapters.messaging.rabbitmq.consumer | INFO | Mensaje recibido: request_id=06637
2026-04-06 00:02:16,119 | concert_ticketing.adapters.messaging.rabbitmq.consumer | INFO | Mensaje recibido: request_id=06771
2026-04-06 00:02:16,208 | concert_ticketing.adapters.messaging.rabbitmq.consumer | INFO | Mensaje recibido: request_id=06768
2026-04-06 00:02:16,292 | concert_ticketing.adapters.messaging.rabbitmq.consumer | INFO | Mensaje recibido: request_id=06797
2026-04-06 00:02:16,379 | concert_ticketing.adapters.messaging.rabbitmq.consumer | INFO | Mensaje recibido: request_id=06807
2026-04-06 00:02:16,467 | concert_ticketing.adapters.messaging.rabbitmq.consumer | INFO | Mensaje recibido: request_id=06814
2026-04-06 00:02:16,556 | concert_ticketing.adapters.messaging.rabbitmq.consumer | INFO | Mensaje recibido: request_id=06648
2026-04-06 00:02:16,654 | concert_ticketing.adapters.messaging.rabbitmq.consumer | INFO | Mensaje recibido: request_id=06804
2026-04-06 00:02:16,741 | concert_ticketing.adapters.messaging.rabbitmq.consumer | INFO | Mensaje recibido: request_id=06839
2026-04-06 00:02:16,824 | concert_ticketing.adapters.messaging.rabbitmq.consumer | INFO | Mensaje recibido: request_id=06808
2026-04-06 00:02:16,893 | concert_ticketing.adapters.messaging.rabbitmq.consumer | INFO | Mensaje recibido: request_id=06805
2026-04-06 00:02:16,986 | concert_ticketing.adapters.messaging.rabbitmq.consumer | INFO | Mensaje recibido: request_id=06766
2026-04-06 00:02:17,077 | concert_ticketing.adapters.messaging.rabbitmq.consumer | INFO | Mensaje recibido: request_id=06843
2026-04-06 00:02:17,129 | concert_ticketing.adapters.messaging.rabbitmq.consumer | INFO | Mensaje recibido: request_id=06682
2026-04-06 00:02:17,219 | concert_ticketing.adapters.messaging.rabbitmq.consumer | INFO | Mensaje recibido: request_id=06861
2026-04-06 00:02:17,308 | concert_ticketing.adapters.messaging.rabbitmq.consumer | INFO | Mensaje recibido: request_id=06878
2026-04-06 00:02:17,392 | concert_ticketing.adapters.messaging.rabbitmq.consumer | INFO | Mensaje recibido: request_id=06901
2026-04-06 00:02:17,483 | concert_ticketing.adapters.messaging.rabbitmq.consumer | INFO | Mensaje recibido: request_id=06864
2026-04-06 00:02:17,564 | concert_ticketing.adapters.messaging.rabbitmq.consumer | INFO | Mensaje recibido: request_id=06800
2026-04-06 00:02:17,652 | concert_ticketing.adapters.messaging.rabbitmq.consumer | INFO | Mensaje recibido: request_id=06857
2026-04-06 00:02:17,740 | concert_ticketing.adapters.messaging.rabbitmq.consumer | INFO | Mensaje recibido: request_id=06928
2026-04-06 00:02:17,819 | concert_ticketing.adapters.messaging.rabbitmq.consumer | INFO | Mensaje recibido: request_id=06831
2026-04-06 00:02:17,898 | concert_ticketing.adapters.messaging.rabbitmq.consumer | INFO | Mensaje recibido: request_id=06941
2026-04-06 00:02:17,985 | concert_ticketing.adapters.messaging.rabbitmq.consumer | INFO | Mensaje recibido: request_id=06910
2026-04-06 00:02:18,077 | concert_ticketing.adapters.messaging.rabbitmq.consumer | INFO | Mensaje recibido: request_id=06876
2026-04-06 00:02:18,160 | concert_ticketing.adapters.messaging.rabbitmq.consumer | INFO | Mensaje recibido: request_id=06969
2026-04-06 00:02:18,238 | concert_ticketing.adapters.messaging.rabbitmq.consumer | INFO | Mensaje recibido: request_id=06962
2026-04-06 00:02:18,325 | concert_ticketing.adapters.messaging.rabbitmq.consumer | INFO | Mensaje recibido: request_id=06982
2026-04-06 00:02:18,398 | concert_ticketing.adapters.messaging.rabbitmq.consumer | INFO | Mensaje recibido: request_id=06880
2026-04-06 00:02:18,492 | concert_ticketing.adapters.messaging.rabbitmq.consumer | INFO | Mensaje recibido: request_id=06974
2026-04-06 00:02:18,575 | concert_ticketing.adapters.messaging.rabbitmq.consumer | INFO | Mensaje recibido: request_id=06877
2026-04-06 00:02:18,654 | concert_ticketing.adapters.messaging.rabbitmq.consumer | INFO | Mensaje recibido: request_id=07023
2026-04-06 00:02:18,740 | concert_ticketing.adapters.messaging.rabbitmq.consumer | INFO | Mensaje recibido: request_id=07018
2026-04-06 00:02:18,800 | concert_ticketing.adapters.messaging.rabbitmq.consumer | INFO | Mensaje recibido: request_id=06997
2026-04-06 00:02:18,884 | concert_ticketing.adapters.messaging.rabbitmq.consumer | INFO | Mensaje recibido: request_id=06921
2026-04-06 00:02:18,963 | concert_ticketing.adapters.messaging.rabbitmq.consumer | INFO | Mensaje recibido: request_id=07052
2026-04-06 00:02:19,057 | concert_ticketing.adapters.messaging.rabbitmq.consumer | INFO | Mensaje recibido: request_id=06970
2026-04-06 00:02:19,123 | concert_ticketing.adapters.messaging.rabbitmq.consumer | INFO | Mensaje recibido: request_id=07027
2026-04-06 00:02:19,212 | concert_ticketing.adapters.messaging.rabbitmq.consumer | INFO | Mensaje recibido: request_id=07002
2026-04-06 00:02:19,292 | concert_ticketing.adapters.messaging.rabbitmq.consumer | INFO | Mensaje recibido: request_id=07015
2026-04-06 00:02:19,380 | concert_ticketing.adapters.messaging.rabbitmq.consumer | INFO | Mensaje recibido: request_id=07095
2026-04-06 00:02:19,466 | concert_ticketing.adapters.messaging.rabbitmq.consumer | INFO | Mensaje recibido: request_id=07102
2026-04-06 00:02:19,527 | concert_ticketing.adapters.messaging.rabbitmq.consumer | INFO | Mensaje recibido: request_id=07044
2026-04-06 00:02:19,620 | concert_ticketing.adapters.messaging.rabbitmq.consumer | INFO | Mensaje recibido: request_id=07049
2026-04-06 00:02:19,696 | concert_ticketing.adapters.messaging.rabbitmq.consumer | INFO | Mensaje recibido: request_id=07022
2026-04-06 00:02:19,788 | concert_ticketing.adapters.messaging.rabbitmq.consumer | INFO | Mensaje recibido: request_id=07041
2026-04-06 00:02:19,877 | concert_ticketing.adapters.messaging.rabbitmq.consumer | INFO | Mensaje recibido: request_id=07126
2026-04-06 00:02:19,941 | concert_ticketing.adapters.messaging.rabbitmq.consumer | INFO | Mensaje recibido: request_id=07150
2026-04-06 00:02:20,031 | concert_ticketing.adapters.messaging.rabbitmq.consumer | INFO | Mensaje recibido: request_id=07097
2026-04-06 00:02:20,105 | concert_ticketing.adapters.messaging.rabbitmq.consumer | INFO | Mensaje recibido: request_id=07142
2026-04-06 00:02:20,192 | concert_ticketing.adapters.messaging.rabbitmq.consumer | INFO | Mensaje recibido: request_id=07138
2026-04-06 00:02:20,292 | concert_ticketing.adapters.messaging.rabbitmq.consumer | INFO | Mensaje recibido: request_id=07184
2026-04-06 00:02:20,362 | concert_ticketing.adapters.messaging.rabbitmq.consumer | INFO | Mensaje recibido: request_id=07143
2026-04-06 00:02:20,471 | concert_ticketing.adapters.messaging.rabbitmq.consumer | INFO | Mensaje recibido: request_id=07190
2026-04-06 00:02:20,565 | concert_ticketing.adapters.messaging.rabbitmq.consumer | INFO | Mensaje recibido: request_id=07153
2026-04-06 00:02:20,674 | concert_ticketing.adapters.messaging.rabbitmq.consumer | INFO | Mensaje recibido: request_id=07169
2026-04-06 00:02:20,763 | concert_ticketing.adapters.messaging.rabbitmq.consumer | INFO | Mensaje recibido: request_id=07131
2026-04-06 00:02:20,856 | concert_ticketing.adapters.messaging.rabbitmq.consumer | INFO | Mensaje recibido: request_id=07141
2026-04-06 00:02:20,969 | concert_ticketing.adapters.messaging.rabbitmq.consumer | INFO | Mensaje recibido: request_id=07197
2026-04-06 00:02:21,062 | concert_ticketing.adapters.messaging.rabbitmq.consumer | INFO | Mensaje recibido: request_id=07130
2026-04-06 00:02:21,194 | concert_ticketing.adapters.messaging.rabbitmq.consumer | INFO | Mensaje recibido: request_id=07214
2026-04-06 00:02:21,306 | concert_ticketing.adapters.messaging.rabbitmq.consumer | INFO | Mensaje recibido: request_id=07221
2026-04-06 00:02:21,399 | concert_ticketing.adapters.messaging.rabbitmq.consumer | INFO | Mensaje recibido: request_id=07262
2026-04-06 00:02:21,483 | concert_ticketing.adapters.messaging.rabbitmq.consumer | INFO | Mensaje recibido: request_id=07210
2026-04-06 00:02:21,586 | concert_ticketing.adapters.messaging.rabbitmq.consumer | INFO | Mensaje recibido: request_id=07286
2026-04-06 00:02:21,649 | concert_ticketing.adapters.messaging.rabbitmq.consumer | INFO | Mensaje recibido: request_id=07227
2026-04-06 00:02:21,760 | concert_ticketing.adapters.messaging.rabbitmq.consumer | INFO | Mensaje recibido: request_id=07301
2026-04-06 00:02:21,855 | concert_ticketing.adapters.messaging.rabbitmq.consumer | INFO | Mensaje recibido: request_id=07284
2026-04-06 00:02:21,926 | concert_ticketing.adapters.messaging.rabbitmq.consumer | INFO | Mensaje recibido: request_id=07166
2026-04-06 00:02:22,015 | concert_ticketing.adapters.messaging.rabbitmq.consumer | INFO | Mensaje recibido: request_id=07261
2026-04-06 00:02:22,079 | concert_ticketing.adapters.messaging.rabbitmq.consumer | INFO | Mensaje recibido: request_id=07327
2026-04-06 00:02:22,165 | concert_ticketing.adapters.messaging.rabbitmq.consumer | INFO | Mensaje recibido: request_id=07265
2026-04-06 00:02:22,253 | concert_ticketing.adapters.messaging.rabbitmq.consumer | INFO | Mensaje recibido: request_id=07311
2026-04-06 00:02:22,326 | concert_ticketing.adapters.messaging.rabbitmq.consumer | INFO | Mensaje recibido: request_id=07341
2026-04-06 00:02:22,415 | concert_ticketing.adapters.messaging.rabbitmq.consumer | INFO | Mensaje recibido: request_id=07296
2026-04-06 00:02:22,504 | concert_ticketing.adapters.messaging.rabbitmq.consumer | INFO | Mensaje recibido: request_id=07325
2026-04-06 00:02:22,559 | concert_ticketing.adapters.messaging.rabbitmq.consumer | INFO | Mensaje recibido: request_id=07354
2026-04-06 00:02:22,648 | concert_ticketing.adapters.messaging.rabbitmq.consumer | INFO | Mensaje recibido: request_id=07391
2026-04-06 00:02:22,717 | concert_ticketing.adapters.messaging.rabbitmq.consumer | INFO | Mensaje recibido: request_id=07379
2026-04-06 00:02:22,798 | concert_ticketing.adapters.messaging.rabbitmq.consumer | INFO | Mensaje recibido: request_id=07398
2026-04-06 00:02:22,876 | concert_ticketing.adapters.messaging.rabbitmq.consumer | INFO | Mensaje recibido: request_id=07308
2026-04-06 00:02:22,951 | concert_ticketing.adapters.messaging.rabbitmq.consumer | INFO | Mensaje recibido: request_id=07380
2026-04-06 00:02:23,053 | concert_ticketing.adapters.messaging.rabbitmq.consumer | INFO | Mensaje recibido: request_id=07403
2026-04-06 00:02:23,123 | concert_ticketing.adapters.messaging.rabbitmq.consumer | INFO | Mensaje recibido: request_id=07410
2026-04-06 00:02:23,208 | concert_ticketing.adapters.messaging.rabbitmq.consumer | INFO | Mensaje recibido: request_id=07407
2026-04-06 00:02:23,284 | concert_ticketing.adapters.messaging.rabbitmq.consumer | INFO | Mensaje recibido: request_id=07300
2026-04-06 00:02:23,371 | concert_ticketing.adapters.messaging.rabbitmq.consumer | INFO | Mensaje recibido: request_id=07462
2026-04-06 00:02:23,442 | concert_ticketing.adapters.messaging.rabbitmq.consumer | INFO | Mensaje recibido: request_id=07468
2026-04-06 00:02:23,546 | concert_ticketing.adapters.messaging.rabbitmq.consumer | INFO | Mensaje recibido: request_id=07458
2026-04-06 00:02:23,629 | concert_ticketing.adapters.messaging.rabbitmq.consumer | INFO | Mensaje recibido: request_id=07428
2026-04-06 00:02:23,686 | concert_ticketing.adapters.messaging.rabbitmq.consumer | INFO | Mensaje recibido: request_id=07480
2026-04-06 00:02:23,784 | concert_ticketing.adapters.messaging.rabbitmq.consumer | INFO | Mensaje recibido: request_id=07280
2026-04-06 00:02:23,875 | concert_ticketing.adapters.messaging.rabbitmq.consumer | INFO | Mensaje recibido: request_id=07401
2026-04-06 00:02:23,948 | concert_ticketing.adapters.messaging.rabbitmq.consumer | INFO | Mensaje recibido: request_id=07417
2026-04-06 00:02:24,033 | concert_ticketing.adapters.messaging.rabbitmq.consumer | INFO | Mensaje recibido: request_id=07497
2026-04-06 00:02:24,129 | concert_ticketing.adapters.messaging.rabbitmq.consumer | INFO | Mensaje recibido: request_id=07524
2026-04-06 00:02:24,199 | concert_ticketing.adapters.messaging.rabbitmq.consumer | INFO | Mensaje recibido: request_id=07534
2026-04-06 00:02:24,299 | concert_ticketing.adapters.messaging.rabbitmq.consumer | INFO | Mensaje recibido: request_id=07527
2026-04-06 00:02:24,369 | concert_ticketing.adapters.messaging.rabbitmq.consumer | INFO | Mensaje recibido: request_id=07518
2026-04-06 00:02:24,452 | concert_ticketing.adapters.messaging.rabbitmq.consumer | INFO | Mensaje recibido: request_id=07533
2026-04-06 00:02:24,530 | concert_ticketing.adapters.messaging.rabbitmq.consumer | INFO | Mensaje recibido: request_id=07559
2026-04-06 00:02:24,601 | concert_ticketing.adapters.messaging.rabbitmq.consumer | INFO | Mensaje recibido: request_id=07571
2026-04-06 00:02:24,690 | concert_ticketing.adapters.messaging.rabbitmq.consumer | INFO | Mensaje recibido: request_id=07572
2026-04-06 00:02:24,783 | concert_ticketing.adapters.messaging.rabbitmq.consumer | INFO | Mensaje recibido: request_id=07465
2026-04-06 00:02:24,855 | concert_ticketing.adapters.messaging.rabbitmq.consumer | INFO | Mensaje recibido: request_id=07578
2026-04-06 00:02:24,946 | concert_ticketing.adapters.messaging.rabbitmq.consumer | INFO | Mensaje recibido: request_id=07614
2026-04-06 00:02:25,017 | concert_ticketing.adapters.messaging.rabbitmq.consumer | INFO | Mensaje recibido: request_id=07622
2026-04-06 00:02:25,096 | concert_ticketing.adapters.messaging.rabbitmq.consumer | INFO | Mensaje recibido: request_id=07609
2026-04-06 00:02:25,162 | concert_ticketing.adapters.messaging.rabbitmq.consumer | INFO | Mensaje recibido: request_id=07580
2026-04-06 00:02:25,238 | concert_ticketing.adapters.messaging.rabbitmq.consumer | INFO | Mensaje recibido: request_id=07637
2026-04-06 00:02:25,310 | concert_ticketing.adapters.messaging.rabbitmq.consumer | INFO | Mensaje recibido: request_id=07627
2026-04-06 00:02:25,378 | concert_ticketing.adapters.messaging.rabbitmq.consumer | INFO | Mensaje recibido: request_id=07649
2026-04-06 00:02:25,454 | concert_ticketing.adapters.messaging.rabbitmq.consumer | INFO | Mensaje recibido: request_id=07663
2026-04-06 00:02:25,540 | concert_ticketing.adapters.messaging.rabbitmq.consumer | INFO | Mensaje recibido: request_id=07639
2026-04-06 00:02:25,631 | concert_ticketing.adapters.messaging.rabbitmq.consumer | INFO | Mensaje recibido: request_id=07635
2026-04-06 00:02:25,712 | concert_ticketing.adapters.messaging.rabbitmq.consumer | INFO | Mensaje recibido: request_id=07694
2026-04-06 00:02:25,798 | concert_ticketing.adapters.messaging.rabbitmq.consumer | INFO | Mensaje recibido: request_id=07688
2026-04-06 00:02:25,872 | concert_ticketing.adapters.messaging.rabbitmq.consumer | INFO | Mensaje recibido: request_id=07695
2026-04-06 00:02:25,958 | concert_ticketing.adapters.messaging.rabbitmq.consumer | INFO | Mensaje recibido: request_id=07719
2026-04-06 00:02:26,036 | concert_ticketing.adapters.messaging.rabbitmq.consumer | INFO | Mensaje recibido: request_id=07691
2026-04-06 00:02:26,098 | concert_ticketing.adapters.messaging.rabbitmq.consumer | INFO | Mensaje recibido: request_id=07686
2026-04-06 00:02:26,202 | concert_ticketing.adapters.messaging.rabbitmq.consumer | INFO | Mensaje recibido: request_id=07641
2026-04-06 00:02:26,281 | concert_ticketing.adapters.messaging.rabbitmq.consumer | INFO | Mensaje recibido: request_id=07728
2026-04-06 00:02:26,363 | concert_ticketing.adapters.messaging.rabbitmq.consumer | INFO | Mensaje recibido: request_id=07737
2026-04-06 00:02:26,434 | concert_ticketing.adapters.messaging.rabbitmq.consumer | INFO | Mensaje recibido: request_id=07765
2026-04-06 00:02:26,513 | concert_ticketing.adapters.messaging.rabbitmq.consumer | INFO | Mensaje recibido: request_id=07722
2026-04-06 00:02:26,582 | concert_ticketing.adapters.messaging.rabbitmq.consumer | INFO | Mensaje recibido: request_id=07762
2026-04-06 00:02:26,675 | concert_ticketing.adapters.messaging.rabbitmq.consumer | INFO | Mensaje recibido: request_id=07650
2026-04-06 00:02:26,742 | concert_ticketing.adapters.messaging.rabbitmq.consumer | INFO | Mensaje recibido: request_id=07784
2026-04-06 00:02:26,817 | concert_ticketing.adapters.messaging.rabbitmq.consumer | INFO | Mensaje recibido: request_id=07806
2026-04-06 00:02:26,923 | concert_ticketing.adapters.messaging.rabbitmq.consumer | INFO | Mensaje recibido: request_id=07685
2026-04-06 00:02:26,996 | concert_ticketing.adapters.messaging.rabbitmq.consumer | INFO | Mensaje recibido: request_id=07804
2026-04-06 00:02:27,090 | concert_ticketing.adapters.messaging.rabbitmq.consumer | INFO | Mensaje recibido: request_id=07794
2026-04-06 00:02:27,156 | concert_ticketing.adapters.messaging.rabbitmq.consumer | INFO | Mensaje recibido: request_id=07777
2026-04-06 00:02:27,240 | concert_ticketing.adapters.messaging.rabbitmq.consumer | INFO | Mensaje recibido: request_id=07837
2026-04-06 00:02:27,317 | concert_ticketing.adapters.messaging.rabbitmq.consumer | INFO | Mensaje recibido: request_id=07849
2026-04-06 00:02:27,387 | concert_ticketing.adapters.messaging.rabbitmq.consumer | INFO | Mensaje recibido: request_id=07855
2026-04-06 00:02:27,461 | concert_ticketing.adapters.messaging.rabbitmq.consumer | INFO | Mensaje recibido: request_id=07761
2026-04-06 00:02:27,554 | concert_ticketing.adapters.messaging.rabbitmq.consumer | INFO | Mensaje recibido: request_id=07832
2026-04-06 00:02:27,629 | concert_ticketing.adapters.messaging.rabbitmq.consumer | INFO | Mensaje recibido: request_id=07886
2026-04-06 00:02:27,718 | concert_ticketing.adapters.messaging.rabbitmq.consumer | INFO | Mensaje recibido: request_id=07871
2026-04-06 00:02:27,802 | concert_ticketing.adapters.messaging.rabbitmq.consumer | INFO | Mensaje recibido: request_id=07814
2026-04-06 00:02:27,885 | concert_ticketing.adapters.messaging.rabbitmq.consumer | INFO | Mensaje recibido: request_id=07910
2026-04-06 00:02:27,960 | concert_ticketing.adapters.messaging.rabbitmq.consumer | INFO | Mensaje recibido: request_id=07917
2026-04-06 00:02:28,046 | concert_ticketing.adapters.messaging.rabbitmq.consumer | INFO | Mensaje recibido: request_id=07877
2026-04-06 00:02:28,144 | concert_ticketing.adapters.messaging.rabbitmq.consumer | INFO | Mensaje recibido: request_id=07909
2026-04-06 00:02:28,231 | concert_ticketing.adapters.messaging.rabbitmq.consumer | INFO | Mensaje recibido: request_id=07938
2026-04-06 00:02:28,308 | concert_ticketing.adapters.messaging.rabbitmq.consumer | INFO | Mensaje recibido: request_id=07944
2026-04-06 00:02:28,370 | concert_ticketing.adapters.messaging.rabbitmq.consumer | INFO | Mensaje recibido: request_id=07755
2026-04-06 00:02:28,455 | concert_ticketing.adapters.messaging.rabbitmq.consumer | INFO | Mensaje recibido: request_id=07948
2026-04-06 00:02:28,542 | concert_ticketing.adapters.messaging.rabbitmq.consumer | INFO | Mensaje recibido: request_id=07962
2026-04-06 00:02:28,625 | concert_ticketing.adapters.messaging.rabbitmq.consumer | INFO | Mensaje recibido: request_id=07892
2026-04-06 00:02:28,706 | concert_ticketing.adapters.messaging.rabbitmq.consumer | INFO | Mensaje recibido: request_id=07929
2026-04-06 00:02:28,770 | concert_ticketing.adapters.messaging.rabbitmq.consumer | INFO | Mensaje recibido: request_id=07979
2026-04-06 00:02:28,844 | concert_ticketing.adapters.messaging.rabbitmq.consumer | INFO | Mensaje recibido: request_id=07982
2026-04-06 00:02:28,921 | concert_ticketing.adapters.messaging.rabbitmq.consumer | INFO | Mensaje recibido: request_id=08010
2026-04-06 00:02:29,007 | concert_ticketing.adapters.messaging.rabbitmq.consumer | INFO | Mensaje recibido: request_id=07901
2026-04-06 00:02:29,084 | concert_ticketing.adapters.messaging.rabbitmq.consumer | INFO | Mensaje recibido: request_id=08013
2026-04-06 00:02:29,155 | concert_ticketing.adapters.messaging.rabbitmq.consumer | INFO | Mensaje recibido: request_id=07978
2026-04-06 00:02:29,236 | concert_ticketing.adapters.messaging.rabbitmq.consumer | INFO | Mensaje recibido: request_id=07905
2026-04-06 00:02:29,314 | concert_ticketing.adapters.messaging.rabbitmq.consumer | INFO | Mensaje recibido: request_id=07857
2026-04-06 00:02:29,409 | concert_ticketing.adapters.messaging.rabbitmq.consumer | INFO | Mensaje recibido: request_id=07861
2026-04-06 00:02:29,474 | concert_ticketing.adapters.messaging.rabbitmq.consumer | INFO | Mensaje recibido: request_id=08004
2026-04-06 00:02:29,564 | concert_ticketing.adapters.messaging.rabbitmq.consumer | INFO | Mensaje recibido: request_id=07949
2026-04-06 00:02:29,645 | concert_ticketing.adapters.messaging.rabbitmq.consumer | INFO | Mensaje recibido: request_id=08087
2026-04-06 00:02:29,709 | concert_ticketing.adapters.messaging.rabbitmq.consumer | INFO | Mensaje recibido: request_id=08021
2026-04-06 00:02:29,805 | concert_ticketing.adapters.messaging.rabbitmq.consumer | INFO | Mensaje recibido: request_id=08056
2026-04-06 00:02:29,874 | concert_ticketing.adapters.messaging.rabbitmq.consumer | INFO | Mensaje recibido: request_id=08070
2026-04-06 00:02:29,958 | concert_ticketing.adapters.messaging.rabbitmq.consumer | INFO | Mensaje recibido: request_id=07996
2026-04-06 00:02:30,045 | concert_ticketing.adapters.messaging.rabbitmq.consumer | INFO | Mensaje recibido: request_id=08127
2026-04-06 00:02:30,116 | concert_ticketing.adapters.messaging.rabbitmq.consumer | INFO | Mensaje recibido: request_id=08123
2026-04-06 00:02:30,203 | concert_ticketing.adapters.messaging.rabbitmq.consumer | INFO | Mensaje recibido: request_id=08101
2026-04-06 00:02:30,275 | concert_ticketing.adapters.messaging.rabbitmq.consumer | INFO | Mensaje recibido: request_id=08150
2026-04-06 00:02:30,355 | concert_ticketing.adapters.messaging.rabbitmq.consumer | INFO | Mensaje recibido: request_id=08039
2026-04-06 00:02:30,436 | concert_ticketing.adapters.messaging.rabbitmq.consumer | INFO | Mensaje recibido: request_id=08144
2026-04-06 00:02:30,525 | concert_ticketing.adapters.messaging.rabbitmq.consumer | INFO | Mensaje recibido: request_id=08174
2026-04-06 00:02:30,594 | concert_ticketing.adapters.messaging.rabbitmq.consumer | INFO | Mensaje recibido: request_id=08017
2026-04-06 00:02:30,695 | concert_ticketing.adapters.messaging.rabbitmq.consumer | INFO | Mensaje recibido: request_id=08185
2026-04-06 00:02:30,767 | concert_ticketing.adapters.messaging.rabbitmq.consumer | INFO | Mensaje recibido: request_id=08198
2026-04-06 00:02:30,862 | concert_ticketing.adapters.messaging.rabbitmq.consumer | INFO | Mensaje recibido: request_id=08151
2026-04-06 00:02:30,944 | concert_ticketing.adapters.messaging.rabbitmq.consumer | INFO | Mensaje recibido: request_id=08214
2026-04-06 00:02:31,016 | concert_ticketing.adapters.messaging.rabbitmq.consumer | INFO | Mensaje recibido: request_id=08200
2026-04-06 00:02:31,095 | concert_ticketing.adapters.messaging.rabbitmq.consumer | INFO | Mensaje recibido: request_id=08222
2026-04-06 00:02:31,184 | concert_ticketing.adapters.messaging.rabbitmq.consumer | INFO | Mensaje recibido: request_id=08153
2026-04-06 00:02:31,250 | concert_ticketing.adapters.messaging.rabbitmq.consumer | INFO | Mensaje recibido: request_id=08201
2026-04-06 00:02:31,333 | concert_ticketing.adapters.messaging.rabbitmq.consumer | INFO | Mensaje recibido: request_id=08213
2026-04-06 00:02:31,435 | concert_ticketing.adapters.messaging.rabbitmq.consumer | INFO | Mensaje recibido: request_id=08256
2026-04-06 00:02:31,521 | concert_ticketing.adapters.messaging.rabbitmq.consumer | INFO | Mensaje recibido: request_id=08271
2026-04-06 00:02:31,628 | concert_ticketing.adapters.messaging.rabbitmq.consumer | INFO | Mensaje recibido: request_id=08207
2026-04-06 00:02:31,727 | concert_ticketing.adapters.messaging.rabbitmq.consumer | INFO | Mensaje recibido: request_id=08287
2026-04-06 00:02:31,827 | concert_ticketing.adapters.messaging.rabbitmq.consumer | INFO | Mensaje recibido: request_id=08285
2026-04-06 00:02:31,935 | concert_ticketing.adapters.messaging.rabbitmq.consumer | INFO | Mensaje recibido: request_id=08270
2026-04-06 00:02:32,035 | concert_ticketing.adapters.messaging.rabbitmq.consumer | INFO | Mensaje recibido: request_id=08302
2026-04-06 00:02:32,169 | concert_ticketing.adapters.messaging.rabbitmq.consumer | INFO | Mensaje recibido: request_id=08307
2026-04-06 00:02:32,275 | concert_ticketing.adapters.messaging.rabbitmq.consumer | INFO | Mensaje recibido: request_id=08149
2026-04-06 00:02:32,378 | concert_ticketing.adapters.messaging.rabbitmq.consumer | INFO | Mensaje recibido: request_id=08300
2026-04-06 00:02:32,467 | concert_ticketing.adapters.messaging.rabbitmq.consumer | INFO | Mensaje recibido: request_id=08289
2026-04-06 00:02:32,567 | concert_ticketing.adapters.messaging.rabbitmq.consumer | INFO | Mensaje recibido: request_id=08291
2026-04-06 00:02:32,658 | concert_ticketing.adapters.messaging.rabbitmq.consumer | INFO | Mensaje recibido: request_id=08294
2026-04-06 00:02:32,750 | concert_ticketing.adapters.messaging.rabbitmq.consumer | INFO | Mensaje recibido: request_id=08195
2026-04-06 00:02:32,846 | concert_ticketing.adapters.messaging.rabbitmq.consumer | INFO | Mensaje recibido: request_id=08349
2026-04-06 00:02:32,909 | concert_ticketing.adapters.messaging.rabbitmq.consumer | INFO | Mensaje recibido: request_id=08337
2026-04-06 00:02:32,996 | concert_ticketing.adapters.messaging.rabbitmq.consumer | INFO | Mensaje recibido: request_id=08390
2026-04-06 00:02:33,083 | concert_ticketing.adapters.messaging.rabbitmq.consumer | INFO | Mensaje recibido: request_id=08398
2026-04-06 00:02:33,171 | concert_ticketing.adapters.messaging.rabbitmq.consumer | INFO | Mensaje recibido: request_id=08400
2026-04-06 00:02:33,256 | concert_ticketing.adapters.messaging.rabbitmq.consumer | INFO | Mensaje recibido: request_id=08414
2026-04-06 00:02:33,342 | concert_ticketing.adapters.messaging.rabbitmq.consumer | INFO | Mensaje recibido: request_id=08354
2026-04-06 00:02:33,433 | concert_ticketing.adapters.messaging.rabbitmq.consumer | INFO | Mensaje recibido: request_id=08389
2026-04-06 00:02:33,506 | concert_ticketing.adapters.messaging.rabbitmq.consumer | INFO | Mensaje recibido: request_id=08365
2026-04-06 00:02:33,598 | concert_ticketing.adapters.messaging.rabbitmq.consumer | INFO | Mensaje recibido: request_id=08387
2026-04-06 00:02:33,677 | concert_ticketing.adapters.messaging.rabbitmq.consumer | INFO | Mensaje recibido: request_id=08455
2026-04-06 00:02:33,767 | concert_ticketing.adapters.messaging.rabbitmq.consumer | INFO | Mensaje recibido: request_id=08461
2026-04-06 00:02:33,842 | concert_ticketing.adapters.messaging.rabbitmq.consumer | INFO | Mensaje recibido: request_id=08450
2026-04-06 00:02:33,909 | concert_ticketing.adapters.messaging.rabbitmq.consumer | INFO | Mensaje recibido: request_id=08477
2026-04-06 00:02:34,000 | concert_ticketing.adapters.messaging.rabbitmq.consumer | INFO | Mensaje recibido: request_id=08402
2026-04-06 00:02:34,076 | concert_ticketing.adapters.messaging.rabbitmq.consumer | INFO | Mensaje recibido: request_id=08396
2026-04-06 00:02:34,162 | concert_ticketing.adapters.messaging.rabbitmq.consumer | INFO | Mensaje recibido: request_id=08502
2026-04-06 00:02:34,277 | concert_ticketing.adapters.messaging.rabbitmq.consumer | INFO | Mensaje recibido: request_id=08383
2026-04-06 00:02:34,351 | concert_ticketing.adapters.messaging.rabbitmq.consumer | INFO | Mensaje recibido: request_id=08510
2026-04-06 00:02:34,441 | concert_ticketing.adapters.messaging.rabbitmq.consumer | INFO | Mensaje recibido: request_id=08500
2026-04-06 00:02:34,506 | concert_ticketing.adapters.messaging.rabbitmq.consumer | INFO | Mensaje recibido: request_id=08526
2026-04-06 00:02:34,597 | concert_ticketing.adapters.messaging.rabbitmq.consumer | INFO | Mensaje recibido: request_id=08539
2026-04-06 00:02:34,671 | concert_ticketing.adapters.messaging.rabbitmq.consumer | INFO | Mensaje recibido: request_id=08392
2026-04-06 00:02:34,764 | concert_ticketing.adapters.messaging.rabbitmq.consumer | INFO | Mensaje recibido: request_id=08516
2026-04-06 00:02:34,850 | concert_ticketing.adapters.messaging.rabbitmq.consumer | INFO | Mensaje recibido: request_id=08538
2026-04-06 00:02:34,929 | concert_ticketing.adapters.messaging.rabbitmq.consumer | INFO | Mensaje recibido: request_id=08536
2026-04-06 00:02:35,014 | concert_ticketing.adapters.messaging.rabbitmq.consumer | INFO | Mensaje recibido: request_id=08559
2026-04-06 00:02:35,098 | concert_ticketing.adapters.messaging.rabbitmq.consumer | INFO | Mensaje recibido: request_id=08590
2026-04-06 00:02:35,183 | concert_ticketing.adapters.messaging.rabbitmq.consumer | INFO | Mensaje recibido: request_id=08542
2026-04-06 00:02:35,266 | concert_ticketing.adapters.messaging.rabbitmq.consumer | INFO | Mensaje recibido: request_id=08598
2026-04-06 00:02:35,340 | concert_ticketing.adapters.messaging.rabbitmq.consumer | INFO | Mensaje recibido: request_id=08513
2026-04-06 00:02:35,422 | concert_ticketing.adapters.messaging.rabbitmq.consumer | INFO | Mensaje recibido: request_id=08591
2026-04-06 00:02:35,503 | concert_ticketing.adapters.messaging.rabbitmq.consumer | INFO | Mensaje recibido: request_id=08592
2026-04-06 00:02:35,601 | concert_ticketing.adapters.messaging.rabbitmq.consumer | INFO | Mensaje recibido: request_id=08607
2026-04-06 00:02:35,675 | concert_ticketing.adapters.messaging.rabbitmq.consumer | INFO | Mensaje recibido: request_id=08615
2026-04-06 00:02:35,763 | concert_ticketing.adapters.messaging.rabbitmq.consumer | INFO | Mensaje recibido: request_id=08606
2026-04-06 00:02:35,832 | concert_ticketing.adapters.messaging.rabbitmq.consumer | INFO | Mensaje recibido: request_id=08661
2026-04-06 00:02:35,914 | concert_ticketing.adapters.messaging.rabbitmq.consumer | INFO | Mensaje recibido: request_id=08669
2026-04-06 00:02:35,996 | concert_ticketing.adapters.messaging.rabbitmq.consumer | INFO | Mensaje recibido: request_id=08670
2026-04-06 00:02:36,073 | concert_ticketing.adapters.messaging.rabbitmq.consumer | INFO | Mensaje recibido: request_id=08568
2026-04-06 00:02:36,148 | concert_ticketing.adapters.messaging.rabbitmq.consumer | INFO | Mensaje recibido: request_id=08684
2026-04-06 00:02:36,231 | concert_ticketing.adapters.messaging.rabbitmq.consumer | INFO | Mensaje recibido: request_id=08626
2026-04-06 00:02:36,317 | concert_ticketing.adapters.messaging.rabbitmq.consumer | INFO | Mensaje recibido: request_id=08703
2026-04-06 00:02:36,409 | concert_ticketing.adapters.messaging.rabbitmq.consumer | INFO | Mensaje recibido: request_id=08637
2026-04-06 00:02:36,491 | concert_ticketing.adapters.messaging.rabbitmq.consumer | INFO | Mensaje recibido: request_id=08690
2026-04-06 00:02:36,563 | concert_ticketing.adapters.messaging.rabbitmq.consumer | INFO | Mensaje recibido: request_id=08724
2026-04-06 00:02:36,652 | concert_ticketing.adapters.messaging.rabbitmq.consumer | INFO | Mensaje recibido: request_id=08734
2026-04-06 00:02:36,740 | concert_ticketing.adapters.messaging.rabbitmq.consumer | INFO | Mensaje recibido: request_id=08726
2026-04-06 00:02:36,829 | concert_ticketing.adapters.messaging.rabbitmq.consumer | INFO | Mensaje recibido: request_id=08700
2026-04-06 00:02:36,898 | concert_ticketing.adapters.messaging.rabbitmq.consumer | INFO | Mensaje recibido: request_id=08766
2026-04-06 00:02:36,977 | concert_ticketing.adapters.messaging.rabbitmq.consumer | INFO | Mensaje recibido: request_id=08765
2026-04-06 00:02:37,066 | concert_ticketing.adapters.messaging.rabbitmq.consumer | INFO | Mensaje recibido: request_id=08750
2026-04-06 00:02:37,148 | concert_ticketing.adapters.messaging.rabbitmq.consumer | INFO | Mensaje recibido: request_id=08699
2026-04-06 00:02:37,237 | concert_ticketing.adapters.messaging.rabbitmq.consumer | INFO | Mensaje recibido: request_id=08782
2026-04-06 00:02:37,338 | concert_ticketing.adapters.messaging.rabbitmq.consumer | INFO | Mensaje recibido: request_id=08704
2026-04-06 00:02:37,435 | concert_ticketing.adapters.messaging.rabbitmq.consumer | INFO | Mensaje recibido: request_id=08815
2026-04-06 00:02:37,508 | concert_ticketing.adapters.messaging.rabbitmq.consumer | INFO | Mensaje recibido: request_id=08731
2026-04-06 00:02:37,584 | concert_ticketing.adapters.messaging.rabbitmq.consumer | INFO | Mensaje recibido: request_id=08799
2026-04-06 00:02:37,673 | concert_ticketing.adapters.messaging.rabbitmq.consumer | INFO | Mensaje recibido: request_id=08837
2026-04-06 00:02:37,759 | concert_ticketing.adapters.messaging.rabbitmq.consumer | INFO | Mensaje recibido: request_id=08764
2026-04-06 00:02:37,846 | concert_ticketing.adapters.messaging.rabbitmq.consumer | INFO | Mensaje recibido: request_id=08790
2026-04-06 00:02:37,932 | concert_ticketing.adapters.messaging.rabbitmq.consumer | INFO | Mensaje recibido: request_id=08860
2026-04-06 00:02:38,017 | concert_ticketing.adapters.messaging.rabbitmq.consumer | INFO | Mensaje recibido: request_id=08786
2026-04-06 00:02:38,113 | concert_ticketing.adapters.messaging.rabbitmq.consumer | INFO | Mensaje recibido: request_id=08833
2026-04-06 00:02:38,177 | concert_ticketing.adapters.messaging.rabbitmq.consumer | INFO | Mensaje recibido: request_id=08831
2026-04-06 00:02:38,260 | concert_ticketing.adapters.messaging.rabbitmq.consumer | INFO | Mensaje recibido: request_id=08887
2026-04-06 00:02:38,356 | concert_ticketing.adapters.messaging.rabbitmq.consumer | INFO | Mensaje recibido: request_id=08903
2026-04-06 00:02:38,426 | concert_ticketing.adapters.messaging.rabbitmq.consumer | INFO | Mensaje recibido: request_id=08899
2026-04-06 00:02:38,520 | concert_ticketing.adapters.messaging.rabbitmq.consumer | INFO | Mensaje recibido: request_id=08911
2026-04-06 00:02:38,611 | concert_ticketing.adapters.messaging.rabbitmq.consumer | INFO | Mensaje recibido: request_id=08794
2026-04-06 00:02:38,684 | concert_ticketing.adapters.messaging.rabbitmq.consumer | INFO | Mensaje recibido: request_id=08906
2026-04-06 00:02:38,775 | concert_ticketing.adapters.messaging.rabbitmq.consumer | INFO | Mensaje recibido: request_id=08886
2026-04-06 00:02:38,846 | concert_ticketing.adapters.messaging.rabbitmq.consumer | INFO | Mensaje recibido: request_id=08949
2026-04-06 00:02:38,933 | concert_ticketing.adapters.messaging.rabbitmq.consumer | INFO | Mensaje recibido: request_id=08912
2026-04-06 00:02:39,020 | concert_ticketing.adapters.messaging.rabbitmq.consumer | INFO | Mensaje recibido: request_id=08947
2026-04-06 00:02:39,088 | concert_ticketing.adapters.messaging.rabbitmq.consumer | INFO | Mensaje recibido: request_id=08956
2026-04-06 00:02:39,162 | concert_ticketing.adapters.messaging.rabbitmq.consumer | INFO | Mensaje recibido: request_id=08965
2026-04-06 00:02:39,258 | concert_ticketing.adapters.messaging.rabbitmq.consumer | INFO | Mensaje recibido: request_id=08989
2026-04-06 00:02:39,348 | concert_ticketing.adapters.messaging.rabbitmq.consumer | INFO | Mensaje recibido: request_id=08987
2026-04-06 00:02:39,451 | concert_ticketing.adapters.messaging.rabbitmq.consumer | INFO | Mensaje recibido: request_id=08939
2026-04-06 00:02:39,532 | concert_ticketing.adapters.messaging.rabbitmq.consumer | INFO | Mensaje recibido: request_id=08990
2026-04-06 00:02:39,613 | concert_ticketing.adapters.messaging.rabbitmq.consumer | INFO | Mensaje recibido: request_id=08873
2026-04-06 00:02:39,682 | concert_ticketing.adapters.messaging.rabbitmq.consumer | INFO | Mensaje recibido: request_id=09029
2026-04-06 00:02:39,773 | concert_ticketing.adapters.messaging.rabbitmq.consumer | INFO | Mensaje recibido: request_id=08966
2026-04-06 00:02:39,849 | concert_ticketing.adapters.messaging.rabbitmq.consumer | INFO | Mensaje recibido: request_id=09044
2026-04-06 00:02:39,923 | concert_ticketing.adapters.messaging.rabbitmq.consumer | INFO | Mensaje recibido: request_id=09009
2026-04-06 00:02:40,011 | concert_ticketing.adapters.messaging.rabbitmq.consumer | INFO | Mensaje recibido: request_id=09010
2026-04-06 00:02:40,095 | concert_ticketing.adapters.messaging.rabbitmq.consumer | INFO | Mensaje recibido: request_id=08943
2026-04-06 00:02:40,177 | concert_ticketing.adapters.messaging.rabbitmq.consumer | INFO | Mensaje recibido: request_id=09039
2026-04-06 00:02:40,267 | concert_ticketing.adapters.messaging.rabbitmq.consumer | INFO | Mensaje recibido: request_id=09066
2026-04-06 00:02:40,349 | concert_ticketing.adapters.messaging.rabbitmq.consumer | INFO | Mensaje recibido: request_id=09095
2026-04-06 00:02:40,429 | concert_ticketing.adapters.messaging.rabbitmq.consumer | INFO | Mensaje recibido: request_id=09035
2026-04-06 00:02:40,514 | concert_ticketing.adapters.messaging.rabbitmq.consumer | INFO | Mensaje recibido: request_id=09110
2026-04-06 00:02:40,592 | concert_ticketing.adapters.messaging.rabbitmq.consumer | INFO | Mensaje recibido: request_id=09016
2026-04-06 00:02:40,684 | concert_ticketing.adapters.messaging.rabbitmq.consumer | INFO | Mensaje recibido: request_id=09127
2026-04-06 00:02:40,784 | concert_ticketing.adapters.messaging.rabbitmq.consumer | INFO | Mensaje recibido: request_id=08961
2026-04-06 00:02:40,870 | concert_ticketing.adapters.messaging.rabbitmq.consumer | INFO | Mensaje recibido: request_id=09142
2026-04-06 00:02:40,944 | concert_ticketing.adapters.messaging.rabbitmq.consumer | INFO | Mensaje recibido: request_id=09101
2026-04-06 00:02:41,025 | concert_ticketing.adapters.messaging.rabbitmq.consumer | INFO | Mensaje recibido: request_id=09158
2026-04-06 00:02:41,096 | concert_ticketing.adapters.messaging.rabbitmq.consumer | INFO | Mensaje recibido: request_id=09120
2026-04-06 00:02:41,187 | concert_ticketing.adapters.messaging.rabbitmq.consumer | INFO | Mensaje recibido: request_id=09173
2026-04-06 00:02:41,265 | concert_ticketing.adapters.messaging.rabbitmq.consumer | INFO | Mensaje recibido: request_id=09147
2026-04-06 00:02:41,355 | concert_ticketing.adapters.messaging.rabbitmq.consumer | INFO | Mensaje recibido: request_id=09122
2026-04-06 00:02:41,448 | concert_ticketing.adapters.messaging.rabbitmq.consumer | INFO | Mensaje recibido: request_id=09181
2026-04-06 00:02:41,534 | concert_ticketing.adapters.messaging.rabbitmq.consumer | INFO | Mensaje recibido: request_id=09172
2026-04-06 00:02:41,619 | concert_ticketing.adapters.messaging.rabbitmq.consumer | INFO | Mensaje recibido: request_id=09174
2026-04-06 00:02:41,683 | concert_ticketing.adapters.messaging.rabbitmq.consumer | INFO | Mensaje recibido: request_id=09136
2026-04-06 00:02:41,784 | concert_ticketing.adapters.messaging.rabbitmq.consumer | INFO | Mensaje recibido: request_id=09204
2026-04-06 00:02:41,849 | concert_ticketing.adapters.messaging.rabbitmq.consumer | INFO | Mensaje recibido: request_id=09236
2026-04-06 00:02:41,940 | concert_ticketing.adapters.messaging.rabbitmq.consumer | INFO | Mensaje recibido: request_id=09205
2026-04-06 00:02:42,019 | concert_ticketing.adapters.messaging.rabbitmq.consumer | INFO | Mensaje recibido: request_id=09247
2026-04-06 00:02:42,119 | concert_ticketing.adapters.messaging.rabbitmq.consumer | INFO | Mensaje recibido: request_id=09254
2026-04-06 00:02:42,195 | concert_ticketing.adapters.messaging.rabbitmq.consumer | INFO | Mensaje recibido: request_id=09207
2026-04-06 00:02:42,283 | concert_ticketing.adapters.messaging.rabbitmq.consumer | INFO | Mensaje recibido: request_id=09008
2026-04-06 00:02:42,352 | concert_ticketing.adapters.messaging.rabbitmq.consumer | INFO | Mensaje recibido: request_id=09264
2026-04-06 00:02:42,434 | concert_ticketing.adapters.messaging.rabbitmq.consumer | INFO | Mensaje recibido: request_id=08983
2026-04-06 00:02:42,528 | concert_ticketing.adapters.messaging.rabbitmq.consumer | INFO | Mensaje recibido: request_id=09303
2026-04-06 00:02:42,614 | concert_ticketing.adapters.messaging.rabbitmq.consumer | INFO | Mensaje recibido: request_id=09270
2026-04-06 00:02:42,717 | concert_ticketing.adapters.messaging.rabbitmq.consumer | INFO | Mensaje recibido: request_id=09301
2026-04-06 00:02:42,785 | concert_ticketing.adapters.messaging.rabbitmq.consumer | INFO | Mensaje recibido: request_id=09314
2026-04-06 00:02:42,895 | concert_ticketing.adapters.messaging.rabbitmq.consumer | INFO | Mensaje recibido: request_id=09318
2026-04-06 00:02:42,994 | concert_ticketing.adapters.messaging.rabbitmq.consumer | INFO | Mensaje recibido: request_id=09232
2026-04-06 00:02:43,124 | concert_ticketing.adapters.messaging.rabbitmq.consumer | INFO | Mensaje recibido: request_id=09350
2026-04-06 00:02:43,216 | concert_ticketing.adapters.messaging.rabbitmq.consumer | INFO | Mensaje recibido: request_id=09357
2026-04-06 00:02:43,329 | concert_ticketing.adapters.messaging.rabbitmq.consumer | INFO | Mensaje recibido: request_id=09359
2026-04-06 00:02:43,439 | concert_ticketing.adapters.messaging.rabbitmq.consumer | INFO | Mensaje recibido: request_id=09321
2026-04-06 00:02:43,532 | concert_ticketing.adapters.messaging.rabbitmq.consumer | INFO | Mensaje recibido: request_id=09353
2026-04-06 00:02:43,647 | concert_ticketing.adapters.messaging.rabbitmq.consumer | INFO | Mensaje recibido: request_id=09381
2026-04-06 00:02:43,731 | concert_ticketing.adapters.messaging.rabbitmq.consumer | INFO | Mensaje recibido: request_id=09375
2026-04-06 00:02:43,806 | concert_ticketing.adapters.messaging.rabbitmq.consumer | INFO | Mensaje recibido: request_id=09386
2026-04-06 00:02:43,892 | concert_ticketing.adapters.messaging.rabbitmq.consumer | INFO | Mensaje recibido: request_id=09302
2026-04-06 00:02:43,991 | concert_ticketing.adapters.messaging.rabbitmq.consumer | INFO | Mensaje recibido: request_id=09407
2026-04-06 00:02:44,048 | concert_ticketing.adapters.messaging.rabbitmq.consumer | INFO | Mensaje recibido: request_id=09422
2026-04-06 00:02:44,125 | concert_ticketing.adapters.messaging.rabbitmq.consumer | INFO | Mensaje recibido: request_id=09430
2026-04-06 00:02:44,207 | concert_ticketing.adapters.messaging.rabbitmq.consumer | INFO | Mensaje recibido: request_id=09443
2026-04-06 00:02:44,296 | concert_ticketing.adapters.messaging.rabbitmq.consumer | INFO | Mensaje recibido: request_id=09387
2026-04-06 00:02:44,379 | concert_ticketing.adapters.messaging.rabbitmq.consumer | INFO | Mensaje recibido: request_id=09455
2026-04-06 00:02:44,462 | concert_ticketing.adapters.messaging.rabbitmq.consumer | INFO | Mensaje recibido: request_id=09446
2026-04-06 00:02:44,550 | concert_ticketing.adapters.messaging.rabbitmq.consumer | INFO | Mensaje recibido: request_id=09453
2026-04-06 00:02:44,617 | concert_ticketing.adapters.messaging.rabbitmq.consumer | INFO | Mensaje recibido: request_id=09463
2026-04-06 00:02:44,684 | concert_ticketing.adapters.messaging.rabbitmq.consumer | INFO | Mensaje recibido: request_id=09471
2026-04-06 00:02:44,774 | concert_ticketing.adapters.messaging.rabbitmq.consumer | INFO | Mensaje recibido: request_id=09433
2026-04-06 00:02:44,842 | concert_ticketing.adapters.messaging.rabbitmq.consumer | INFO | Mensaje recibido: request_id=09460
2026-04-06 00:02:44,934 | concert_ticketing.adapters.messaging.rabbitmq.consumer | INFO | Mensaje recibido: request_id=09365
2026-04-06 00:02:45,000 | concert_ticketing.adapters.messaging.rabbitmq.consumer | INFO | Mensaje recibido: request_id=09436
2026-04-06 00:02:45,069 | concert_ticketing.adapters.messaging.rabbitmq.consumer | INFO | Mensaje recibido: request_id=09497
2026-04-06 00:02:45,155 | concert_ticketing.adapters.messaging.rabbitmq.consumer | INFO | Mensaje recibido: request_id=09541
2026-04-06 00:02:45,238 | concert_ticketing.adapters.messaging.rabbitmq.consumer | INFO | Mensaje recibido: request_id=09534
2026-04-06 00:02:45,322 | concert_ticketing.adapters.messaging.rabbitmq.consumer | INFO | Mensaje recibido: request_id=09552
2026-04-06 00:02:45,379 | concert_ticketing.adapters.messaging.rabbitmq.consumer | INFO | Mensaje recibido: request_id=09508
2026-04-06 00:02:45,441 | concert_ticketing.adapters.messaging.rabbitmq.consumer | INFO | Mensaje recibido: request_id=09545
2026-04-06 00:02:45,528 | concert_ticketing.adapters.messaging.rabbitmq.consumer | INFO | Mensaje recibido: request_id=09522
2026-04-06 00:02:45,605 | concert_ticketing.adapters.messaging.rabbitmq.consumer | INFO | Mensaje recibido: request_id=09583
2026-04-06 00:02:45,678 | concert_ticketing.adapters.messaging.rabbitmq.consumer | INFO | Mensaje recibido: request_id=09567
2026-04-06 00:02:45,750 | concert_ticketing.adapters.messaging.rabbitmq.consumer | INFO | Mensaje recibido: request_id=09598
2026-04-06 00:02:45,831 | concert_ticketing.adapters.messaging.rabbitmq.consumer | INFO | Mensaje recibido: request_id=09608
2026-04-06 00:02:45,913 | concert_ticketing.adapters.messaging.rabbitmq.consumer | INFO | Mensaje recibido: request_id=09615
2026-04-06 00:02:46,013 | concert_ticketing.adapters.messaging.rabbitmq.consumer | INFO | Mensaje recibido: request_id=09547
2026-04-06 00:02:46,071 | concert_ticketing.adapters.messaging.rabbitmq.consumer | INFO | Mensaje recibido: request_id=09527
2026-04-06 00:02:46,158 | concert_ticketing.adapters.messaging.rabbitmq.consumer | INFO | Mensaje recibido: request_id=09603
2026-04-06 00:02:46,242 | concert_ticketing.adapters.messaging.rabbitmq.consumer | INFO | Mensaje recibido: request_id=09544
2026-04-06 00:02:46,330 | concert_ticketing.adapters.messaging.rabbitmq.consumer | INFO | Mensaje recibido: request_id=09654
2026-04-06 00:02:46,414 | concert_ticketing.adapters.messaging.rabbitmq.consumer | INFO | Mensaje recibido: request_id=09661
2026-04-06 00:02:46,496 | concert_ticketing.adapters.messaging.rabbitmq.consumer | INFO | Mensaje recibido: request_id=09496
2026-04-06 00:02:46,592 | concert_ticketing.adapters.messaging.rabbitmq.consumer | INFO | Mensaje recibido: request_id=09589
2026-04-06 00:02:46,665 | concert_ticketing.adapters.messaging.rabbitmq.consumer | INFO | Mensaje recibido: request_id=09675
2026-04-06 00:02:46,756 | concert_ticketing.adapters.messaging.rabbitmq.consumer | INFO | Mensaje recibido: request_id=09651
2026-04-06 00:02:46,825 | concert_ticketing.adapters.messaging.rabbitmq.consumer | INFO | Mensaje recibido: request_id=09710
2026-04-06 00:02:46,902 | concert_ticketing.adapters.messaging.rabbitmq.consumer | INFO | Mensaje recibido: request_id=09700
2026-04-06 00:02:46,971 | concert_ticketing.adapters.messaging.rabbitmq.consumer | INFO | Mensaje recibido: request_id=09722
2026-04-06 00:02:47,057 | concert_ticketing.adapters.messaging.rabbitmq.consumer | INFO | Mensaje recibido: request_id=09693
2026-04-06 00:02:47,140 | concert_ticketing.adapters.messaging.rabbitmq.consumer | INFO | Mensaje recibido: request_id=09734
2026-04-06 00:02:47,227 | concert_ticketing.adapters.messaging.rabbitmq.consumer | INFO | Mensaje recibido: request_id=09745
2026-04-06 00:02:47,292 | concert_ticketing.adapters.messaging.rabbitmq.consumer | INFO | Mensaje recibido: request_id=09750
2026-04-06 00:02:47,392 | concert_ticketing.adapters.messaging.rabbitmq.consumer | INFO | Mensaje recibido: request_id=09766
2026-04-06 00:02:47,466 | concert_ticketing.adapters.messaging.rabbitmq.consumer | INFO | Mensaje recibido: request_id=09774
2026-04-06 00:02:47,554 | concert_ticketing.adapters.messaging.rabbitmq.consumer | INFO | Mensaje recibido: request_id=09474
2026-04-06 00:02:47,655 | concert_ticketing.adapters.messaging.rabbitmq.consumer | INFO | Mensaje recibido: request_id=09743
2026-04-06 00:02:47,731 | concert_ticketing.adapters.messaging.rabbitmq.consumer | INFO | Mensaje recibido: request_id=09799
2026-04-06 00:02:47,846 | concert_ticketing.adapters.messaging.rabbitmq.consumer | INFO | Mensaje recibido: request_id=09665
2026-04-06 00:02:47,921 | concert_ticketing.adapters.messaging.rabbitmq.consumer | INFO | Mensaje recibido: request_id=09806
2026-04-06 00:02:47,993 | concert_ticketing.adapters.messaging.rabbitmq.consumer | INFO | Mensaje recibido: request_id=09747
2026-04-06 00:02:48,089 | concert_ticketing.adapters.messaging.rabbitmq.consumer | INFO | Mensaje recibido: request_id=09709
2026-04-06 00:02:48,183 | concert_ticketing.adapters.messaging.rabbitmq.consumer | INFO | Mensaje recibido: request_id=09838
2026-04-06 00:02:48,249 | concert_ticketing.adapters.messaging.rabbitmq.consumer | INFO | Mensaje recibido: request_id=09764
2026-04-06 00:02:48,351 | concert_ticketing.adapters.messaging.rabbitmq.consumer | INFO | Mensaje recibido: request_id=09821
2026-04-06 00:02:48,438 | concert_ticketing.adapters.messaging.rabbitmq.consumer | INFO | Mensaje recibido: request_id=09862
2026-04-06 00:02:48,513 | concert_ticketing.adapters.messaging.rabbitmq.consumer | INFO | Mensaje recibido: request_id=09839
2026-04-06 00:02:48,596 | concert_ticketing.adapters.messaging.rabbitmq.consumer | INFO | Mensaje recibido: request_id=09814
2026-04-06 00:02:48,667 | concert_ticketing.adapters.messaging.rabbitmq.consumer | INFO | Mensaje recibido: request_id=09860
2026-04-06 00:02:48,754 | concert_ticketing.adapters.messaging.rabbitmq.consumer | INFO | Mensaje recibido: request_id=09888
2026-04-06 00:02:48,844 | concert_ticketing.adapters.messaging.rabbitmq.consumer | INFO | Mensaje recibido: request_id=09877
2026-04-06 00:02:48,915 | concert_ticketing.adapters.messaging.rabbitmq.consumer | INFO | Mensaje recibido: request_id=09894
2026-04-06 00:02:48,996 | concert_ticketing.adapters.messaging.rabbitmq.consumer | INFO | Mensaje recibido: request_id=09880
2026-04-06 00:02:49,084 | concert_ticketing.adapters.messaging.rabbitmq.consumer | INFO | Mensaje recibido: request_id=09927
2026-04-06 00:02:49,157 | concert_ticketing.adapters.messaging.rabbitmq.consumer | INFO | Mensaje recibido: request_id=09925
2026-04-06 00:02:49,256 | concert_ticketing.adapters.messaging.rabbitmq.consumer | INFO | Mensaje recibido: request_id=09889
2026-04-06 00:02:49,321 | concert_ticketing.adapters.messaging.rabbitmq.consumer | INFO | Mensaje recibido: request_id=09913
2026-04-06 00:02:49,399 | concert_ticketing.adapters.messaging.rabbitmq.consumer | INFO | Mensaje recibido: request_id=09948
2026-04-06 00:02:49,477 | concert_ticketing.adapters.messaging.rabbitmq.consumer | INFO | Mensaje recibido: request_id=09926
2026-04-06 00:02:49,566 | concert_ticketing.adapters.messaging.rabbitmq.consumer | INFO | Mensaje recibido: request_id=09959
2026-04-06 00:02:49,654 | concert_ticketing.adapters.messaging.rabbitmq.consumer | INFO | Mensaje recibido: request_id=09856
2026-04-06 00:02:49,731 | concert_ticketing.adapters.messaging.rabbitmq.consumer | INFO | Mensaje recibido: request_id=09991
2026-04-06 00:02:49,803 | concert_ticketing.adapters.messaging.rabbitmq.consumer | INFO | Mensaje recibido: request_id=09997
2026-04-06 00:02:49,889 | concert_ticketing.adapters.messaging.rabbitmq.consumer | INFO | Mensaje recibido: request_id=09843
2026-04-06 00:02:49,988 | concert_ticketing.adapters.messaging.rabbitmq.consumer | INFO | Mensaje recibido: request_id=09973
2026-04-06 00:02:50,073 | concert_ticketing.adapters.messaging.rabbitmq.consumer | INFO | Mensaje recibido: request_id=09917
2026-04-06 00:02:50,144 | concert_ticketing.adapters.messaging.rabbitmq.consumer | INFO | Mensaje recibido: request_id=10030
2026-04-06 00:02:50,229 | concert_ticketing.adapters.messaging.rabbitmq.consumer | INFO | Mensaje recibido: request_id=09993
2026-04-06 00:02:50,314 | concert_ticketing.adapters.messaging.rabbitmq.consumer | INFO | Mensaje recibido: request_id=10022
2026-04-06 00:02:50,393 | concert_ticketing.adapters.messaging.rabbitmq.consumer | INFO | Mensaje recibido: request_id=09919
2026-04-06 00:02:50,458 | concert_ticketing.adapters.messaging.rabbitmq.consumer | INFO | Mensaje recibido: request_id=10057
2026-04-06 00:02:50,541 | concert_ticketing.adapters.messaging.rabbitmq.consumer | INFO | Mensaje recibido: request_id=10070
2026-04-06 00:02:50,624 | concert_ticketing.adapters.messaging.rabbitmq.consumer | INFO | Mensaje recibido: request_id=10068
2026-04-06 00:02:50,711 | concert_ticketing.adapters.messaging.rabbitmq.consumer | INFO | Mensaje recibido: request_id=10044
2026-04-06 00:02:50,780 | concert_ticketing.adapters.messaging.rabbitmq.consumer | INFO | Mensaje recibido: request_id=10055
2026-04-06 00:02:50,862 | concert_ticketing.adapters.messaging.rabbitmq.consumer | INFO | Mensaje recibido: request_id=10101
2026-04-06 00:02:50,948 | concert_ticketing.adapters.messaging.rabbitmq.consumer | INFO | Mensaje recibido: request_id=09976
2026-04-06 00:02:51,033 | concert_ticketing.adapters.messaging.rabbitmq.consumer | INFO | Mensaje recibido: request_id=10006
2026-04-06 00:02:51,120 | concert_ticketing.adapters.messaging.rabbitmq.consumer | INFO | Mensaje recibido: request_id=10121
2026-04-06 00:02:51,185 | concert_ticketing.adapters.messaging.rabbitmq.consumer | INFO | Mensaje recibido: request_id=10093
2026-04-06 00:02:51,273 | concert_ticketing.adapters.messaging.rabbitmq.consumer | INFO | Mensaje recibido: request_id=10126
2026-04-06 00:02:51,338 | concert_ticketing.adapters.messaging.rabbitmq.consumer | INFO | Mensaje recibido: request_id=09966
2026-04-06 00:02:51,434 | concert_ticketing.adapters.messaging.rabbitmq.consumer | INFO | Mensaje recibido: request_id=10158
2026-04-06 00:02:51,529 | concert_ticketing.adapters.messaging.rabbitmq.consumer | INFO | Mensaje recibido: request_id=10167
2026-04-06 00:02:51,606 | concert_ticketing.adapters.messaging.rabbitmq.consumer | INFO | Mensaje recibido: request_id=10077
2026-04-06 00:02:51,680 | concert_ticketing.adapters.messaging.rabbitmq.consumer | INFO | Mensaje recibido: request_id=10074
2026-04-06 00:02:51,816 | concert_ticketing.adapters.messaging.rabbitmq.consumer | INFO | Mensaje recibido: request_id=10181
2026-04-06 00:02:51,897 | concert_ticketing.adapters.messaging.rabbitmq.consumer | INFO | Mensaje recibido: request_id=10186
2026-04-06 00:02:51,993 | concert_ticketing.adapters.messaging.rabbitmq.consumer | INFO | Mensaje recibido: request_id=10182
2026-04-06 00:02:52,081 | concert_ticketing.adapters.messaging.rabbitmq.consumer | INFO | Mensaje recibido: request_id=10215
2026-04-06 00:02:52,154 | concert_ticketing.adapters.messaging.rabbitmq.consumer | INFO | Mensaje recibido: request_id=10191
2026-04-06 00:02:52,244 | concert_ticketing.adapters.messaging.rabbitmq.consumer | INFO | Mensaje recibido: request_id=10170
2026-04-06 00:02:52,317 | concert_ticketing.adapters.messaging.rabbitmq.consumer | INFO | Mensaje recibido: request_id=10216
2026-04-06 00:02:52,410 | concert_ticketing.adapters.messaging.rabbitmq.consumer | INFO | Mensaje recibido: request_id=10195
2026-04-06 00:02:52,490 | concert_ticketing.adapters.messaging.rabbitmq.consumer | INFO | Mensaje recibido: request_id=10065
2026-04-06 00:02:52,560 | concert_ticketing.adapters.messaging.rabbitmq.consumer | INFO | Mensaje recibido: request_id=10221
2026-04-06 00:02:52,639 | concert_ticketing.adapters.messaging.rabbitmq.consumer | INFO | Mensaje recibido: request_id=10240
2026-04-06 00:02:52,735 | concert_ticketing.adapters.messaging.rabbitmq.consumer | INFO | Mensaje recibido: request_id=10232
2026-04-06 00:02:52,824 | concert_ticketing.adapters.messaging.rabbitmq.consumer | INFO | Mensaje recibido: request_id=10247
2026-04-06 00:02:52,917 | concert_ticketing.adapters.messaging.rabbitmq.consumer | INFO | Mensaje recibido: request_id=10242
2026-04-06 00:02:53,042 | concert_ticketing.adapters.messaging.rabbitmq.consumer | INFO | Mensaje recibido: request_id=10228
2026-04-06 00:02:53,131 | concert_ticketing.adapters.messaging.rabbitmq.consumer | INFO | Mensaje recibido: request_id=10304
2026-04-06 00:02:53,257 | concert_ticketing.adapters.messaging.rabbitmq.consumer | INFO | Mensaje recibido: request_id=10286
2026-04-06 00:02:53,321 | concert_ticketing.adapters.messaging.rabbitmq.consumer | INFO | Mensaje recibido: request_id=10318
2026-04-06 00:02:53,415 | concert_ticketing.adapters.messaging.rabbitmq.consumer | INFO | Mensaje recibido: request_id=10130
2026-04-06 00:02:53,504 | concert_ticketing.adapters.messaging.rabbitmq.consumer | INFO | Mensaje recibido: request_id=10293
2026-04-06 00:02:53,602 | concert_ticketing.adapters.messaging.rabbitmq.consumer | INFO | Mensaje recibido: request_id=10311
2026-04-06 00:02:53,696 | concert_ticketing.adapters.messaging.rabbitmq.consumer | INFO | Mensaje recibido: request_id=10350
2026-04-06 00:02:53,816 | concert_ticketing.adapters.messaging.rabbitmq.consumer | INFO | Mensaje recibido: request_id=10282
2026-04-06 00:02:53,934 | concert_ticketing.adapters.messaging.rabbitmq.consumer | INFO | Mensaje recibido: request_id=10336
2026-04-06 00:02:54,023 | concert_ticketing.adapters.messaging.rabbitmq.consumer | INFO | Mensaje recibido: request_id=10375
2026-04-06 00:02:54,137 | concert_ticketing.adapters.messaging.rabbitmq.consumer | INFO | Mensaje recibido: request_id=10217
2026-04-06 00:02:54,248 | concert_ticketing.adapters.messaging.rabbitmq.consumer | INFO | Mensaje recibido: request_id=10349
2026-04-06 00:02:54,351 | concert_ticketing.adapters.messaging.rabbitmq.consumer | INFO | Mensaje recibido: request_id=10405
2026-04-06 00:02:54,464 | concert_ticketing.adapters.messaging.rabbitmq.consumer | INFO | Mensaje recibido: request_id=10362
2026-04-06 00:02:54,574 | concert_ticketing.adapters.messaging.rabbitmq.consumer | INFO | Mensaje recibido: request_id=10378
2026-04-06 00:02:54,741 | concert_ticketing.adapters.messaging.rabbitmq.consumer | INFO | Mensaje recibido: request_id=10430
2026-04-06 00:02:54,850 | concert_ticketing.adapters.messaging.rabbitmq.consumer | INFO | Mensaje recibido: request_id=10387
2026-04-06 00:02:54,953 | concert_ticketing.adapters.messaging.rabbitmq.consumer | INFO | Mensaje recibido: request_id=10436
2026-04-06 00:02:55,030 | concert_ticketing.adapters.messaging.rabbitmq.consumer | INFO | Mensaje recibido: request_id=10450
2026-04-06 00:02:55,129 | concert_ticketing.adapters.messaging.rabbitmq.consumer | INFO | Mensaje recibido: request_id=10463
2026-04-06 00:02:55,220 | concert_ticketing.adapters.messaging.rabbitmq.consumer | INFO | Mensaje recibido: request_id=10434
2026-04-06 00:02:55,294 | concert_ticketing.adapters.messaging.rabbitmq.consumer | INFO | Mensaje recibido: request_id=10382
2026-04-06 00:02:55,378 | concert_ticketing.adapters.messaging.rabbitmq.consumer | INFO | Mensaje recibido: request_id=10465
2026-04-06 00:02:55,472 | concert_ticketing.adapters.messaging.rabbitmq.consumer | INFO | Mensaje recibido: request_id=10421
2026-04-06 00:02:55,545 | concert_ticketing.adapters.messaging.rabbitmq.consumer | INFO | Mensaje recibido: request_id=10344
2026-04-06 00:02:55,638 | concert_ticketing.adapters.messaging.rabbitmq.consumer | INFO | Mensaje recibido: request_id=10420
2026-04-06 00:02:55,707 | concert_ticketing.adapters.messaging.rabbitmq.consumer | INFO | Mensaje recibido: request_id=10518
2026-04-06 00:02:55,790 | concert_ticketing.adapters.messaging.rabbitmq.consumer | INFO | Mensaje recibido: request_id=10491
2026-04-06 00:02:55,867 | concert_ticketing.adapters.messaging.rabbitmq.consumer | INFO | Mensaje recibido: request_id=10494
2026-04-06 00:02:55,946 | concert_ticketing.adapters.messaging.rabbitmq.consumer | INFO | Mensaje recibido: request_id=10510
2026-04-06 00:02:56,022 | concert_ticketing.adapters.messaging.rabbitmq.consumer | INFO | Mensaje recibido: request_id=10543
2026-04-06 00:02:56,094 | concert_ticketing.adapters.messaging.rabbitmq.consumer | INFO | Mensaje recibido: request_id=10519
2026-04-06 00:02:56,182 | concert_ticketing.adapters.messaging.rabbitmq.consumer | INFO | Mensaje recibido: request_id=10499
2026-04-06 00:02:56,241 | concert_ticketing.adapters.messaging.rabbitmq.consumer | INFO | Mensaje recibido: request_id=10544
2026-04-06 00:02:56,339 | concert_ticketing.adapters.messaging.rabbitmq.consumer | INFO | Mensaje recibido: request_id=10582
2026-04-06 00:02:56,429 | concert_ticketing.adapters.messaging.rabbitmq.consumer | INFO | Mensaje recibido: request_id=10555
2026-04-06 00:02:56,505 | concert_ticketing.adapters.messaging.rabbitmq.consumer | INFO | Mensaje recibido: request_id=10598
2026-04-06 00:02:56,591 | concert_ticketing.adapters.messaging.rabbitmq.consumer | INFO | Mensaje recibido: request_id=10567
2026-04-06 00:02:56,670 | concert_ticketing.adapters.messaging.rabbitmq.consumer | INFO | Mensaje recibido: request_id=10583
2026-04-06 00:02:56,766 | concert_ticketing.adapters.messaging.rabbitmq.consumer | INFO | Mensaje recibido: request_id=10620
2026-04-06 00:02:56,844 | concert_ticketing.adapters.messaging.rabbitmq.consumer | INFO | Mensaje recibido: request_id=10628
2026-04-06 00:02:56,914 | concert_ticketing.adapters.messaging.rabbitmq.consumer | INFO | Mensaje recibido: request_id=10637
2026-04-06 00:02:56,994 | concert_ticketing.adapters.messaging.rabbitmq.consumer | INFO | Mensaje recibido: request_id=10647
2026-04-06 00:02:57,064 | concert_ticketing.adapters.messaging.rabbitmq.consumer | INFO | Mensaje recibido: request_id=10644
2026-04-06 00:02:57,154 | concert_ticketing.adapters.messaging.rabbitmq.consumer | INFO | Mensaje recibido: request_id=10646
2026-04-06 00:02:57,248 | concert_ticketing.adapters.messaging.rabbitmq.consumer | INFO | Mensaje recibido: request_id=10669
2026-04-06 00:02:57,337 | concert_ticketing.adapters.messaging.rabbitmq.consumer | INFO | Mensaje recibido: request_id=10651
2026-04-06 00:02:57,424 | concert_ticketing.adapters.messaging.rabbitmq.consumer | INFO | Mensaje recibido: request_id=10483
2026-04-06 00:02:57,512 | concert_ticketing.adapters.messaging.rabbitmq.consumer | INFO | Mensaje recibido: request_id=10685
2026-04-06 00:02:57,606 | concert_ticketing.adapters.messaging.rabbitmq.consumer | INFO | Mensaje recibido: request_id=10678
2026-04-06 00:02:57,671 | concert_ticketing.adapters.messaging.rabbitmq.consumer | INFO | Mensaje recibido: request_id=10680
2026-04-06 00:02:57,751 | concert_ticketing.adapters.messaging.rabbitmq.consumer | INFO | Mensaje recibido: request_id=10604
2026-04-06 00:02:57,828 | concert_ticketing.adapters.messaging.rabbitmq.consumer | INFO | Mensaje recibido: request_id=10702
2026-04-06 00:02:57,933 | concert_ticketing.adapters.messaging.rabbitmq.consumer | INFO | Mensaje recibido: request_id=10721
2026-04-06 00:02:58,014 | concert_ticketing.adapters.messaging.rabbitmq.consumer | INFO | Mensaje recibido: request_id=10700
2026-04-06 00:02:58,117 | concert_ticketing.adapters.messaging.rabbitmq.consumer | INFO | Mensaje recibido: request_id=10740
2026-04-06 00:02:58,200 | concert_ticketing.adapters.messaging.rabbitmq.consumer | INFO | Mensaje recibido: request_id=10743
2026-04-06 00:02:58,278 | concert_ticketing.adapters.messaging.rabbitmq.consumer | INFO | Mensaje recibido: request_id=10745
2026-04-06 00:02:58,374 | concert_ticketing.adapters.messaging.rabbitmq.consumer | INFO | Mensaje recibido: request_id=10766
2026-04-06 00:02:58,435 | concert_ticketing.adapters.messaging.rabbitmq.consumer | INFO | Mensaje recibido: request_id=10719
2026-04-06 00:02:58,537 | concert_ticketing.adapters.messaging.rabbitmq.consumer | INFO | Mensaje recibido: request_id=10781
2026-04-06 00:02:58,629 | concert_ticketing.adapters.messaging.rabbitmq.consumer | INFO | Mensaje recibido: request_id=10675
2026-04-06 00:02:58,721 | concert_ticketing.adapters.messaging.rabbitmq.consumer | INFO | Mensaje recibido: request_id=10754
2026-04-06 00:02:58,800 | concert_ticketing.adapters.messaging.rabbitmq.consumer | INFO | Mensaje recibido: request_id=10771
2026-04-06 00:02:58,887 | concert_ticketing.adapters.messaging.rabbitmq.consumer | INFO | Mensaje recibido: request_id=10816
2026-04-06 00:02:58,971 | concert_ticketing.adapters.messaging.rabbitmq.consumer | INFO | Mensaje recibido: request_id=10819
2026-04-06 00:02:59,115 | concert_ticketing.adapters.messaging.rabbitmq.consumer | INFO | Mensaje recibido: request_id=10840
2026-04-06 00:02:59,208 | concert_ticketing.adapters.messaging.rabbitmq.consumer | INFO | Mensaje recibido: request_id=10838
2026-04-06 00:02:59,296 | concert_ticketing.adapters.messaging.rabbitmq.consumer | INFO | Mensaje recibido: request_id=10855
2026-04-06 00:02:59,383 | concert_ticketing.adapters.messaging.rabbitmq.consumer | INFO | Mensaje recibido: request_id=10795
2026-04-06 00:02:59,506 | concert_ticketing.adapters.messaging.rabbitmq.consumer | INFO | Mensaje recibido: request_id=10767
2026-04-06 00:02:59,629 | concert_ticketing.adapters.messaging.rabbitmq.consumer | INFO | Mensaje recibido: request_id=10854
2026-04-06 00:02:59,727 | concert_ticketing.adapters.messaging.rabbitmq.consumer | INFO | Mensaje recibido: request_id=10879
2026-04-06 00:02:59,815 | concert_ticketing.adapters.messaging.rabbitmq.consumer | INFO | Mensaje recibido: request_id=10868
2026-04-06 00:02:59,919 | concert_ticketing.adapters.messaging.rabbitmq.consumer | INFO | Mensaje recibido: request_id=10901
2026-04-06 00:03:00,008 | concert_ticketing.adapters.messaging.rabbitmq.consumer | INFO | Mensaje recibido: request_id=10874
2026-04-06 00:03:00,087 | concert_ticketing.adapters.messaging.rabbitmq.consumer | INFO | Mensaje recibido: request_id=10877
2026-04-06 00:03:00,174 | concert_ticketing.adapters.messaging.rabbitmq.consumer | INFO | Mensaje recibido: request_id=10802
2026-04-06 00:03:00,256 | concert_ticketing.adapters.messaging.rabbitmq.consumer | INFO | Mensaje recibido: request_id=10870
2026-04-06 00:03:00,368 | concert_ticketing.adapters.messaging.rabbitmq.consumer | INFO | Mensaje recibido: request_id=10944
2026-04-06 00:03:00,485 | concert_ticketing.adapters.messaging.rabbitmq.consumer | INFO | Mensaje recibido: request_id=10881
2026-04-06 00:03:00,576 | concert_ticketing.adapters.messaging.rabbitmq.consumer | INFO | Mensaje recibido: request_id=10933
2026-04-06 00:03:00,663 | concert_ticketing.adapters.messaging.rabbitmq.consumer | INFO | Mensaje recibido: request_id=10950
2026-04-06 00:03:00,765 | concert_ticketing.adapters.messaging.rabbitmq.consumer | INFO | Mensaje recibido: request_id=10976
2026-04-06 00:03:00,845 | concert_ticketing.adapters.messaging.rabbitmq.consumer | INFO | Mensaje recibido: request_id=10981
2026-04-06 00:03:00,931 | concert_ticketing.adapters.messaging.rabbitmq.consumer | INFO | Mensaje recibido: request_id=10969
2026-04-06 00:03:01,029 | concert_ticketing.adapters.messaging.rabbitmq.consumer | INFO | Mensaje recibido: request_id=10968
2026-04-06 00:03:01,111 | concert_ticketing.adapters.messaging.rabbitmq.consumer | INFO | Mensaje recibido: request_id=11004
2026-04-06 00:03:01,194 | concert_ticketing.adapters.messaging.rabbitmq.consumer | INFO | Mensaje recibido: request_id=10992
2026-04-06 00:03:01,300 | concert_ticketing.adapters.messaging.rabbitmq.consumer | INFO | Mensaje recibido: request_id=10946
2026-04-06 00:03:01,388 | concert_ticketing.adapters.messaging.rabbitmq.consumer | INFO | Mensaje recibido: request_id=11021
2026-04-06 00:03:01,517 | concert_ticketing.adapters.messaging.rabbitmq.consumer | INFO | Mensaje recibido: request_id=10936
2026-04-06 00:03:01,605 | concert_ticketing.adapters.messaging.rabbitmq.consumer | INFO | Mensaje recibido: request_id=11047
2026-04-06 00:03:01,677 | concert_ticketing.adapters.messaging.rabbitmq.consumer | INFO | Mensaje recibido: request_id=11039
2026-04-06 00:03:01,779 | concert_ticketing.adapters.messaging.rabbitmq.consumer | INFO | Mensaje recibido: request_id=11044
2026-04-06 00:03:01,855 | concert_ticketing.adapters.messaging.rabbitmq.consumer | INFO | Mensaje recibido: request_id=11069
2026-04-06 00:03:01,945 | concert_ticketing.adapters.messaging.rabbitmq.consumer | INFO | Mensaje recibido: request_id=11017
2026-04-06 00:03:02,029 | concert_ticketing.adapters.messaging.rabbitmq.consumer | INFO | Mensaje recibido: request_id=11037
2026-04-06 00:03:02,142 | concert_ticketing.adapters.messaging.rabbitmq.consumer | INFO | Mensaje recibido: request_id=11065
2026-04-06 00:03:02,228 | concert_ticketing.adapters.messaging.rabbitmq.consumer | INFO | Mensaje recibido: request_id=11102
2026-04-06 00:03:02,319 | concert_ticketing.adapters.messaging.rabbitmq.consumer | INFO | Mensaje recibido: request_id=11099
2026-04-06 00:03:02,414 | concert_ticketing.adapters.messaging.rabbitmq.consumer | INFO | Mensaje recibido: request_id=11085
2026-04-06 00:03:02,541 | concert_ticketing.adapters.messaging.rabbitmq.consumer | INFO | Mensaje recibido: request_id=11094
2026-04-06 00:03:02,620 | concert_ticketing.adapters.messaging.rabbitmq.consumer | INFO | Mensaje recibido: request_id=11126
2026-04-06 00:03:02,710 | concert_ticketing.adapters.messaging.rabbitmq.consumer | INFO | Mensaje recibido: request_id=11143
2026-04-06 00:03:02,810 | concert_ticketing.adapters.messaging.rabbitmq.consumer | INFO | Mensaje recibido: request_id=11148
2026-04-06 00:03:02,898 | concert_ticketing.adapters.messaging.rabbitmq.consumer | INFO | Mensaje recibido: request_id=11096
2026-04-06 00:03:02,986 | concert_ticketing.adapters.messaging.rabbitmq.consumer | INFO | Mensaje recibido: request_id=11166
2026-04-06 00:03:03,087 | concert_ticketing.adapters.messaging.rabbitmq.consumer | INFO | Mensaje recibido: request_id=11115
2026-04-06 00:03:03,203 | concert_ticketing.adapters.messaging.rabbitmq.consumer | INFO | Mensaje recibido: request_id=11105
2026-04-06 00:03:03,284 | concert_ticketing.adapters.messaging.rabbitmq.consumer | INFO | Mensaje recibido: request_id=11158
2026-04-06 00:03:03,392 | concert_ticketing.adapters.messaging.rabbitmq.consumer | INFO | Mensaje recibido: request_id=11173
2026-04-06 00:03:03,479 | concert_ticketing.adapters.messaging.rabbitmq.consumer | INFO | Mensaje recibido: request_id=11160
2026-04-06 00:03:03,579 | concert_ticketing.adapters.messaging.rabbitmq.consumer | INFO | Mensaje recibido: request_id=11215
2026-04-06 00:03:03,671 | concert_ticketing.adapters.messaging.rabbitmq.consumer | INFO | Mensaje recibido: request_id=11216
2026-04-06 00:03:03,751 | concert_ticketing.adapters.messaging.rabbitmq.consumer | INFO | Mensaje recibido: request_id=11119
2026-04-06 00:03:03,861 | concert_ticketing.adapters.messaging.rabbitmq.consumer | INFO | Mensaje recibido: request_id=11239
2026-04-06 00:03:03,987 | concert_ticketing.adapters.messaging.rabbitmq.consumer | INFO | Mensaje recibido: request_id=11221
2026-04-06 00:03:04,107 | concert_ticketing.adapters.messaging.rabbitmq.consumer | INFO | Mensaje recibido: request_id=11217
2026-04-06 00:03:04,203 | concert_ticketing.adapters.messaging.rabbitmq.consumer | INFO | Mensaje recibido: request_id=11271
2026-04-06 00:03:04,292 | concert_ticketing.adapters.messaging.rabbitmq.consumer | INFO | Mensaje recibido: request_id=11263
2026-04-06 00:03:04,370 | concert_ticketing.adapters.messaging.rabbitmq.consumer | INFO | Mensaje recibido: request_id=11276
2026-04-06 00:03:04,489 | concert_ticketing.adapters.messaging.rabbitmq.consumer | INFO | Mensaje recibido: request_id=11285
2026-04-06 00:03:04,588 | concert_ticketing.adapters.messaging.rabbitmq.consumer | INFO | Mensaje recibido: request_id=11214
2026-04-06 00:03:04,684 | concert_ticketing.adapters.messaging.rabbitmq.consumer | INFO | Mensaje recibido: request_id=11295
2026-04-06 00:03:04,738 | concert_ticketing.adapters.messaging.rabbitmq.consumer | INFO | Mensaje recibido: request_id=11268
2026-04-06 00:03:04,817 | concert_ticketing.adapters.messaging.rabbitmq.consumer | INFO | Mensaje recibido: request_id=11286
2026-04-06 00:03:04,929 | concert_ticketing.adapters.messaging.rabbitmq.consumer | INFO | Mensaje recibido: request_id=11335
2026-04-06 00:03:05,020 | concert_ticketing.adapters.messaging.rabbitmq.consumer | INFO | Mensaje recibido: request_id=11311
2026-04-06 00:03:05,113 | concert_ticketing.adapters.messaging.rabbitmq.consumer | INFO | Mensaje recibido: request_id=11246
2026-04-06 00:03:05,222 | concert_ticketing.adapters.messaging.rabbitmq.consumer | INFO | Mensaje recibido: request_id=11356
2026-04-06 00:03:05,314 | concert_ticketing.adapters.messaging.rabbitmq.consumer | INFO | Mensaje recibido: request_id=11261
2026-04-06 00:03:05,428 | concert_ticketing.adapters.messaging.rabbitmq.consumer | INFO | Mensaje recibido: request_id=11373
2026-04-06 00:03:05,531 | concert_ticketing.adapters.messaging.rabbitmq.consumer | INFO | Mensaje recibido: request_id=11342
2026-04-06 00:03:05,661 | concert_ticketing.adapters.messaging.rabbitmq.consumer | INFO | Mensaje recibido: request_id=11385
2026-04-06 00:03:05,762 | concert_ticketing.adapters.messaging.rabbitmq.consumer | INFO | Mensaje recibido: request_id=11376
2026-04-06 00:03:05,909 | concert_ticketing.adapters.messaging.rabbitmq.consumer | INFO | Mensaje recibido: request_id=11253
2026-04-06 00:03:06,011 | concert_ticketing.adapters.messaging.rabbitmq.consumer | INFO | Mensaje recibido: request_id=11259
2026-04-06 00:03:06,099 | concert_ticketing.adapters.messaging.rabbitmq.consumer | INFO | Mensaje recibido: request_id=11396
2026-04-06 00:03:06,209 | concert_ticketing.adapters.messaging.rabbitmq.consumer | INFO | Mensaje recibido: request_id=11416
2026-04-06 00:03:06,288 | concert_ticketing.adapters.messaging.rabbitmq.consumer | INFO | Mensaje recibido: request_id=11405
2026-04-06 00:03:06,395 | concert_ticketing.adapters.messaging.rabbitmq.consumer | INFO | Mensaje recibido: request_id=11305
2026-04-06 00:03:06,481 | concert_ticketing.adapters.messaging.rabbitmq.consumer | INFO | Mensaje recibido: request_id=11410
2026-04-06 00:03:06,556 | concert_ticketing.adapters.messaging.rabbitmq.consumer | INFO | Mensaje recibido: request_id=11415
2026-04-06 00:03:06,641 | concert_ticketing.adapters.messaging.rabbitmq.consumer | INFO | Mensaje recibido: request_id=11429
2026-04-06 00:03:06,723 | concert_ticketing.adapters.messaging.rabbitmq.consumer | INFO | Mensaje recibido: request_id=11402
2026-04-06 00:03:06,790 | concert_ticketing.adapters.messaging.rabbitmq.consumer | INFO | Mensaje recibido: request_id=11321
2026-04-06 00:03:06,882 | concert_ticketing.adapters.messaging.rabbitmq.consumer | INFO | Mensaje recibido: request_id=11384
2026-04-06 00:03:06,959 | concert_ticketing.adapters.messaging.rabbitmq.consumer | INFO | Mensaje recibido: request_id=11469
2026-04-06 00:03:07,059 | concert_ticketing.adapters.messaging.rabbitmq.consumer | INFO | Mensaje recibido: request_id=11456
2026-04-06 00:03:07,142 | concert_ticketing.adapters.messaging.rabbitmq.consumer | INFO | Mensaje recibido: request_id=11411
2026-04-06 00:03:07,216 | concert_ticketing.adapters.messaging.rabbitmq.consumer | INFO | Mensaje recibido: request_id=11503
2026-04-06 00:03:07,308 | concert_ticketing.adapters.messaging.rabbitmq.consumer | INFO | Mensaje recibido: request_id=11533
2026-04-06 00:03:07,402 | concert_ticketing.adapters.messaging.rabbitmq.consumer | INFO | Mensaje recibido: request_id=11541
2026-04-06 00:03:07,480 | concert_ticketing.adapters.messaging.rabbitmq.consumer | INFO | Mensaje recibido: request_id=11512
2026-04-06 00:03:07,558 | concert_ticketing.adapters.messaging.rabbitmq.consumer | INFO | Mensaje recibido: request_id=11490
2026-04-06 00:03:07,644 | concert_ticketing.adapters.messaging.rabbitmq.consumer | INFO | Mensaje recibido: request_id=11559
2026-04-06 00:03:07,737 | concert_ticketing.adapters.messaging.rabbitmq.consumer | INFO | Mensaje recibido: request_id=11558
2026-04-06 00:03:07,829 | concert_ticketing.adapters.messaging.rabbitmq.consumer | INFO | Mensaje recibido: request_id=11555
2026-04-06 00:03:07,897 | concert_ticketing.adapters.messaging.rabbitmq.consumer | INFO | Mensaje recibido: request_id=11590
2026-04-06 00:03:07,995 | concert_ticketing.adapters.messaging.rabbitmq.consumer | INFO | Mensaje recibido: request_id=11484
2026-04-06 00:03:08,091 | concert_ticketing.adapters.messaging.rabbitmq.consumer | INFO | Mensaje recibido: request_id=11605
2026-04-06 00:03:08,181 | concert_ticketing.adapters.messaging.rabbitmq.consumer | INFO | Mensaje recibido: request_id=11596
2026-04-06 00:03:08,287 | concert_ticketing.adapters.messaging.rabbitmq.consumer | INFO | Mensaje recibido: request_id=11582
2026-04-06 00:03:08,396 | concert_ticketing.adapters.messaging.rabbitmq.consumer | INFO | Mensaje recibido: request_id=11630
2026-04-06 00:03:08,478 | concert_ticketing.adapters.messaging.rabbitmq.consumer | INFO | Mensaje recibido: request_id=11602
2026-04-06 00:03:08,581 | concert_ticketing.adapters.messaging.rabbitmq.consumer | INFO | Mensaje recibido: request_id=11625
2026-04-06 00:03:08,666 | concert_ticketing.adapters.messaging.rabbitmq.consumer | INFO | Mensaje recibido: request_id=11646
2026-04-06 00:03:08,744 | concert_ticketing.adapters.messaging.rabbitmq.consumer | INFO | Mensaje recibido: request_id=11627
2026-04-06 00:03:08,840 | concert_ticketing.adapters.messaging.rabbitmq.consumer | INFO | Mensaje recibido: request_id=11650
2026-04-06 00:03:08,934 | concert_ticketing.adapters.messaging.rabbitmq.consumer | INFO | Mensaje recibido: request_id=11679
2026-04-06 00:03:09,007 | concert_ticketing.adapters.messaging.rabbitmq.consumer | INFO | Mensaje recibido: request_id=11685
2026-04-06 00:03:09,087 | concert_ticketing.adapters.messaging.rabbitmq.consumer | INFO | Mensaje recibido: request_id=11599
2026-04-06 00:03:09,174 | concert_ticketing.adapters.messaging.rabbitmq.consumer | INFO | Mensaje recibido: request_id=11686
2026-04-06 00:03:09,262 | concert_ticketing.adapters.messaging.rabbitmq.consumer | INFO | Mensaje recibido: request_id=11711
2026-04-06 00:03:09,328 | concert_ticketing.adapters.messaging.rabbitmq.consumer | INFO | Mensaje recibido: request_id=11707
2026-04-06 00:03:09,419 | concert_ticketing.adapters.messaging.rabbitmq.consumer | INFO | Mensaje recibido: request_id=11727
2026-04-06 00:03:09,508 | concert_ticketing.adapters.messaging.rabbitmq.consumer | INFO | Mensaje recibido: request_id=11693
2026-04-06 00:03:09,586 | concert_ticketing.adapters.messaging.rabbitmq.consumer | INFO | Mensaje recibido: request_id=11692
2026-04-06 00:03:09,674 | concert_ticketing.adapters.messaging.rabbitmq.consumer | INFO | Mensaje recibido: request_id=11736
2026-04-06 00:03:09,762 | concert_ticketing.adapters.messaging.rabbitmq.consumer | INFO | Mensaje recibido: request_id=11759
2026-04-06 00:03:09,846 | concert_ticketing.adapters.messaging.rabbitmq.consumer | INFO | Mensaje recibido: request_id=11740
2026-04-06 00:03:09,909 | concert_ticketing.adapters.messaging.rabbitmq.consumer | INFO | Mensaje recibido: request_id=11765
2026-04-06 00:03:09,971 | concert_ticketing.adapters.messaging.rabbitmq.consumer | INFO | Mensaje recibido: request_id=11771
2026-04-06 00:03:10,066 | concert_ticketing.adapters.messaging.rabbitmq.consumer | INFO | Mensaje recibido: request_id=11751
2026-04-06 00:03:10,137 | concert_ticketing.adapters.messaging.rabbitmq.consumer | INFO | Mensaje recibido: request_id=11799
2026-04-06 00:03:10,217 | concert_ticketing.adapters.messaging.rabbitmq.consumer | INFO | Mensaje recibido: request_id=11654
2026-04-06 00:03:10,275 | concert_ticketing.adapters.messaging.rabbitmq.consumer | INFO | Mensaje recibido: request_id=11638
2026-04-06 00:03:10,344 | concert_ticketing.adapters.messaging.rabbitmq.consumer | INFO | Mensaje recibido: request_id=11801
2026-04-06 00:03:10,417 | concert_ticketing.adapters.messaging.rabbitmq.consumer | INFO | Mensaje recibido: request_id=11828
2026-04-06 00:03:10,500 | concert_ticketing.adapters.messaging.rabbitmq.consumer | INFO | Mensaje recibido: request_id=11827
2026-04-06 00:03:10,563 | concert_ticketing.adapters.messaging.rabbitmq.consumer | INFO | Mensaje recibido: request_id=11782
2026-04-06 00:03:10,691 | concert_ticketing.adapters.messaging.rabbitmq.consumer | INFO | Mensaje recibido: request_id=11834
2026-04-06 00:03:10,779 | concert_ticketing.adapters.messaging.rabbitmq.consumer | INFO | Mensaje recibido: request_id=11744
2026-04-06 00:03:10,873 | concert_ticketing.adapters.messaging.rabbitmq.consumer | INFO | Mensaje recibido: request_id=11843
2026-04-06 00:03:10,965 | concert_ticketing.adapters.messaging.rabbitmq.consumer | INFO | Mensaje recibido: request_id=11879
2026-04-06 00:03:11,048 | concert_ticketing.adapters.messaging.rabbitmq.consumer | INFO | Mensaje recibido: request_id=11853
2026-04-06 00:03:11,119 | concert_ticketing.adapters.messaging.rabbitmq.consumer | INFO | Mensaje recibido: request_id=11892
2026-04-06 00:03:11,201 | concert_ticketing.adapters.messaging.rabbitmq.consumer | INFO | Mensaje recibido: request_id=11886
2026-04-06 00:03:11,255 | concert_ticketing.adapters.messaging.rabbitmq.consumer | INFO | Mensaje recibido: request_id=11858
2026-04-06 00:03:11,331 | concert_ticketing.adapters.messaging.rabbitmq.consumer | INFO | Mensaje recibido: request_id=11901
2026-04-06 00:03:11,446 | concert_ticketing.adapters.messaging.rabbitmq.consumer | INFO | Mensaje recibido: request_id=11927
2026-04-06 00:03:11,521 | concert_ticketing.adapters.messaging.rabbitmq.consumer | INFO | Mensaje recibido: request_id=11856
2026-04-06 00:03:11,600 | concert_ticketing.adapters.messaging.rabbitmq.consumer | INFO | Mensaje recibido: request_id=11907
2026-04-06 00:03:11,699 | concert_ticketing.adapters.messaging.rabbitmq.consumer | INFO | Mensaje recibido: request_id=11952
2026-04-06 00:03:11,781 | concert_ticketing.adapters.messaging.rabbitmq.consumer | INFO | Mensaje recibido: request_id=11950
2026-04-06 00:03:11,871 | concert_ticketing.adapters.messaging.rabbitmq.consumer | INFO | Mensaje recibido: request_id=11893
2026-04-06 00:03:11,956 | concert_ticketing.adapters.messaging.rabbitmq.consumer | INFO | Mensaje recibido: request_id=11865
2026-04-06 00:03:12,041 | concert_ticketing.adapters.messaging.rabbitmq.consumer | INFO | Mensaje recibido: request_id=11946
2026-04-06 00:03:12,121 | concert_ticketing.adapters.messaging.rabbitmq.consumer | INFO | Mensaje recibido: request_id=11934
2026-04-06 00:03:12,216 | concert_ticketing.adapters.messaging.rabbitmq.consumer | INFO | Mensaje recibido: request_id=11998
2026-04-06 00:03:12,281 | concert_ticketing.adapters.messaging.rabbitmq.consumer | INFO | Mensaje recibido: request_id=11985
2026-04-06 00:03:12,383 | concert_ticketing.adapters.messaging.rabbitmq.consumer | INFO | Mensaje recibido: request_id=12015
2026-04-06 00:03:12,461 | concert_ticketing.adapters.messaging.rabbitmq.consumer | INFO | Mensaje recibido: request_id=12022
2026-04-06 00:03:12,539 | concert_ticketing.adapters.messaging.rabbitmq.consumer | INFO | Mensaje recibido: request_id=11992
2026-04-06 00:03:12,620 | concert_ticketing.adapters.messaging.rabbitmq.consumer | INFO | Mensaje recibido: request_id=12029
2026-04-06 00:03:12,700 | concert_ticketing.adapters.messaging.rabbitmq.consumer | INFO | Mensaje recibido: request_id=12010
2026-04-06 00:03:12,800 | concert_ticketing.adapters.messaging.rabbitmq.consumer | INFO | Mensaje recibido: request_id=11999
2026-04-06 00:03:12,887 | concert_ticketing.adapters.messaging.rabbitmq.consumer | INFO | Mensaje recibido: request_id=12048
2026-04-06 00:03:12,978 | concert_ticketing.adapters.messaging.rabbitmq.consumer | INFO | Mensaje recibido: request_id=12064
2026-04-06 00:03:13,048 | concert_ticketing.adapters.messaging.rabbitmq.consumer | INFO | Mensaje recibido: request_id=11988
2026-04-06 00:03:13,140 | concert_ticketing.adapters.messaging.rabbitmq.consumer | INFO | Mensaje recibido: request_id=12053
2026-04-06 00:03:13,229 | concert_ticketing.adapters.messaging.rabbitmq.consumer | INFO | Mensaje recibido: request_id=12092
2026-04-06 00:03:13,306 | concert_ticketing.adapters.messaging.rabbitmq.consumer | INFO | Mensaje recibido: request_id=12084
2026-04-06 00:03:13,407 | concert_ticketing.adapters.messaging.rabbitmq.consumer | INFO | Mensaje recibido: request_id=12057
2026-04-06 00:03:13,516 | concert_ticketing.adapters.messaging.rabbitmq.consumer | INFO | Mensaje recibido: request_id=12089
2026-04-06 00:03:13,610 | concert_ticketing.adapters.messaging.rabbitmq.consumer | INFO | Mensaje recibido: request_id=12085
2026-04-06 00:03:13,687 | concert_ticketing.adapters.messaging.rabbitmq.consumer | INFO | Mensaje recibido: request_id=11977
2026-04-06 00:03:13,767 | concert_ticketing.adapters.messaging.rabbitmq.consumer | INFO | Mensaje recibido: request_id=12086
2026-04-06 00:03:13,866 | concert_ticketing.adapters.messaging.rabbitmq.consumer | INFO | Mensaje recibido: request_id=12127
2026-04-06 00:03:13,929 | concert_ticketing.adapters.messaging.rabbitmq.consumer | INFO | Mensaje recibido: request_id=12098
2026-04-06 00:03:14,029 | concert_ticketing.adapters.messaging.rabbitmq.consumer | INFO | Mensaje recibido: request_id=12168
2026-04-06 00:03:14,112 | concert_ticketing.adapters.messaging.rabbitmq.consumer | INFO | Mensaje recibido: request_id=12174
2026-04-06 00:03:14,208 | concert_ticketing.adapters.messaging.rabbitmq.consumer | INFO | Mensaje recibido: request_id=12155
2026-04-06 00:03:14,273 | concert_ticketing.adapters.messaging.rabbitmq.consumer | INFO | Mensaje recibido: request_id=12140
2026-04-06 00:03:14,356 | concert_ticketing.adapters.messaging.rabbitmq.consumer | INFO | Mensaje recibido: request_id=12189
2026-04-06 00:03:14,441 | concert_ticketing.adapters.messaging.rabbitmq.consumer | INFO | Mensaje recibido: request_id=12206
2026-04-06 00:03:14,527 | concert_ticketing.adapters.messaging.rabbitmq.consumer | INFO | Mensaje recibido: request_id=12188
2026-04-06 00:03:14,617 | concert_ticketing.adapters.messaging.rabbitmq.consumer | INFO | Mensaje recibido: request_id=12222
2026-04-06 00:03:14,706 | concert_ticketing.adapters.messaging.rabbitmq.consumer | INFO | Mensaje recibido: request_id=12229
2026-04-06 00:03:14,800 | concert_ticketing.adapters.messaging.rabbitmq.consumer | INFO | Mensaje recibido: request_id=12238
2026-04-06 00:03:14,873 | concert_ticketing.adapters.messaging.rabbitmq.consumer | INFO | Mensaje recibido: request_id=12224
2026-04-06 00:03:14,966 | concert_ticketing.adapters.messaging.rabbitmq.consumer | INFO | Mensaje recibido: request_id=12218
2026-04-06 00:03:15,045 | concert_ticketing.adapters.messaging.rabbitmq.consumer | INFO | Mensaje recibido: request_id=12196
2026-04-06 00:03:15,124 | concert_ticketing.adapters.messaging.rabbitmq.consumer | INFO | Mensaje recibido: request_id=12262
2026-04-06 00:03:15,220 | concert_ticketing.adapters.messaging.rabbitmq.consumer | INFO | Mensaje recibido: request_id=12270
2026-04-06 00:03:15,307 | concert_ticketing.adapters.messaging.rabbitmq.consumer | INFO | Mensaje recibido: request_id=12272
2026-04-06 00:03:15,386 | concert_ticketing.adapters.messaging.rabbitmq.consumer | INFO | Mensaje recibido: request_id=12285
2026-04-06 00:03:15,482 | concert_ticketing.adapters.messaging.rabbitmq.consumer | INFO | Mensaje recibido: request_id=12258
2026-04-06 00:03:15,556 | concert_ticketing.adapters.messaging.rabbitmq.consumer | INFO | Mensaje recibido: request_id=12304
2026-04-06 00:03:15,636 | concert_ticketing.adapters.messaging.rabbitmq.consumer | INFO | Mensaje recibido: request_id=12217
2026-04-06 00:03:15,709 | concert_ticketing.adapters.messaging.rabbitmq.consumer | INFO | Mensaje recibido: request_id=12138
2026-04-06 00:03:15,791 | concert_ticketing.adapters.messaging.rabbitmq.consumer | INFO | Mensaje recibido: request_id=12245
2026-04-06 00:03:15,869 | concert_ticketing.adapters.messaging.rabbitmq.consumer | INFO | Mensaje recibido: request_id=12335
2026-04-06 00:03:15,954 | concert_ticketing.adapters.messaging.rabbitmq.consumer | INFO | Mensaje recibido: request_id=12334
2026-04-06 00:03:16,032 | concert_ticketing.adapters.messaging.rabbitmq.consumer | INFO | Mensaje recibido: request_id=12312
2026-04-06 00:03:16,105 | concert_ticketing.adapters.messaging.rabbitmq.consumer | INFO | Mensaje recibido: request_id=12227
2026-04-06 00:03:16,185 | concert_ticketing.adapters.messaging.rabbitmq.consumer | INFO | Mensaje recibido: request_id=12372
2026-04-06 00:03:16,294 | concert_ticketing.adapters.messaging.rabbitmq.consumer | INFO | Mensaje recibido: request_id=12369
2026-04-06 00:03:16,405 | concert_ticketing.adapters.messaging.rabbitmq.consumer | INFO | Mensaje recibido: request_id=12216
2026-04-06 00:03:16,490 | concert_ticketing.adapters.messaging.rabbitmq.consumer | INFO | Mensaje recibido: request_id=12317
2026-04-06 00:03:16,603 | concert_ticketing.adapters.messaging.rabbitmq.consumer | INFO | Mensaje recibido: request_id=12407
2026-04-06 00:03:16,689 | concert_ticketing.adapters.messaging.rabbitmq.consumer | INFO | Mensaje recibido: request_id=12414
2026-04-06 00:03:16,820 | concert_ticketing.adapters.messaging.rabbitmq.consumer | INFO | Mensaje recibido: request_id=12422
2026-04-06 00:03:16,913 | concert_ticketing.adapters.messaging.rabbitmq.consumer | INFO | Mensaje recibido: request_id=12391
2026-04-06 00:03:17,008 | concert_ticketing.adapters.messaging.rabbitmq.consumer | INFO | Mensaje recibido: request_id=12379
2026-04-06 00:03:17,121 | concert_ticketing.adapters.messaging.rabbitmq.consumer | INFO | Mensaje recibido: request_id=12310
2026-04-06 00:03:17,207 | concert_ticketing.adapters.messaging.rabbitmq.consumer | INFO | Mensaje recibido: request_id=12447
2026-04-06 00:03:17,286 | concert_ticketing.adapters.messaging.rabbitmq.consumer | INFO | Mensaje recibido: request_id=12424
2026-04-06 00:03:17,389 | concert_ticketing.adapters.messaging.rabbitmq.consumer | INFO | Mensaje recibido: request_id=12437
2026-04-06 00:03:17,466 | concert_ticketing.adapters.messaging.rabbitmq.consumer | INFO | Mensaje recibido: request_id=12460
2026-04-06 00:03:17,550 | concert_ticketing.adapters.messaging.rabbitmq.consumer | INFO | Mensaje recibido: request_id=12435
2026-04-06 00:03:17,612 | concert_ticketing.adapters.messaging.rabbitmq.consumer | INFO | Mensaje recibido: request_id=12468
2026-04-06 00:03:17,684 | concert_ticketing.adapters.messaging.rabbitmq.consumer | INFO | Mensaje recibido: request_id=12465
2026-04-06 00:03:17,761 | concert_ticketing.adapters.messaging.rabbitmq.consumer | INFO | Mensaje recibido: request_id=12491
2026-04-06 00:03:17,833 | concert_ticketing.adapters.messaging.rabbitmq.consumer | INFO | Mensaje recibido: request_id=12517
2026-04-06 00:03:17,896 | concert_ticketing.adapters.messaging.rabbitmq.consumer | INFO | Mensaje recibido: request_id=12497
2026-04-06 00:03:17,986 | concert_ticketing.adapters.messaging.rabbitmq.consumer | INFO | Mensaje recibido: request_id=12533
2026-04-06 00:03:18,071 | concert_ticketing.adapters.messaging.rabbitmq.consumer | INFO | Mensaje recibido: request_id=12534
2026-04-06 00:03:18,155 | concert_ticketing.adapters.messaging.rabbitmq.consumer | INFO | Mensaje recibido: request_id=12532
2026-04-06 00:03:18,245 | concert_ticketing.adapters.messaging.rabbitmq.consumer | INFO | Mensaje recibido: request_id=12552
2026-04-06 00:03:18,321 | concert_ticketing.adapters.messaging.rabbitmq.consumer | INFO | Mensaje recibido: request_id=12548
2026-04-06 00:03:18,409 | concert_ticketing.adapters.messaging.rabbitmq.consumer | INFO | Mensaje recibido: request_id=12359
2026-04-06 00:03:18,489 | concert_ticketing.adapters.messaging.rabbitmq.consumer | INFO | Mensaje recibido: request_id=12580
2026-04-06 00:03:18,573 | concert_ticketing.adapters.messaging.rabbitmq.consumer | INFO | Mensaje recibido: request_id=12540
2026-04-06 00:03:18,649 | concert_ticketing.adapters.messaging.rabbitmq.consumer | INFO | Mensaje recibido: request_id=12563
2026-04-06 00:03:18,748 | concert_ticketing.adapters.messaging.rabbitmq.consumer | INFO | Mensaje recibido: request_id=12606
2026-04-06 00:03:18,833 | concert_ticketing.adapters.messaging.rabbitmq.consumer | INFO | Mensaje recibido: request_id=12598
2026-04-06 00:03:18,898 | concert_ticketing.adapters.messaging.rabbitmq.consumer | INFO | Mensaje recibido: request_id=12614
2026-04-06 00:03:18,978 | concert_ticketing.adapters.messaging.rabbitmq.consumer | INFO | Mensaje recibido: request_id=12621
2026-04-06 00:03:19,070 | concert_ticketing.adapters.messaging.rabbitmq.consumer | INFO | Mensaje recibido: request_id=12560
2026-04-06 00:03:19,129 | concert_ticketing.adapters.messaging.rabbitmq.consumer | INFO | Mensaje recibido: request_id=12636
2026-04-06 00:03:19,217 | concert_ticketing.adapters.messaging.rabbitmq.consumer | INFO | Mensaje recibido: request_id=12629
2026-04-06 00:03:19,310 | concert_ticketing.adapters.messaging.rabbitmq.consumer | INFO | Mensaje recibido: request_id=12588
2026-04-06 00:03:19,384 | concert_ticketing.adapters.messaging.rabbitmq.consumer | INFO | Mensaje recibido: request_id=12603
2026-04-06 00:03:19,480 | concert_ticketing.adapters.messaging.rabbitmq.consumer | INFO | Mensaje recibido: request_id=12637
2026-04-06 00:03:19,532 | concert_ticketing.adapters.messaging.rabbitmq.consumer | INFO | Mensaje recibido: request_id=12677
2026-04-06 00:03:19,623 | concert_ticketing.adapters.messaging.rabbitmq.consumer | INFO | Mensaje recibido: request_id=12694
2026-04-06 00:03:19,694 | concert_ticketing.adapters.messaging.rabbitmq.consumer | INFO | Mensaje recibido: request_id=12659
2026-04-06 00:03:19,785 | concert_ticketing.adapters.messaging.rabbitmq.consumer | INFO | Mensaje recibido: request_id=12635
2026-04-06 00:03:19,858 | concert_ticketing.adapters.messaging.rabbitmq.consumer | INFO | Mensaje recibido: request_id=12685
2026-04-06 00:03:19,952 | concert_ticketing.adapters.messaging.rabbitmq.consumer | INFO | Mensaje recibido: request_id=12673
2026-04-06 00:03:20,044 | concert_ticketing.adapters.messaging.rabbitmq.consumer | INFO | Mensaje recibido: request_id=12736
2026-04-06 00:03:20,125 | concert_ticketing.adapters.messaging.rabbitmq.consumer | INFO | Mensaje recibido: request_id=12679
2026-04-06 00:03:20,200 | concert_ticketing.adapters.messaging.rabbitmq.consumer | INFO | Mensaje recibido: request_id=12713
2026-04-06 00:03:20,291 | concert_ticketing.adapters.messaging.rabbitmq.consumer | INFO | Mensaje recibido: request_id=12759
2026-04-06 00:03:20,356 | concert_ticketing.adapters.messaging.rabbitmq.consumer | INFO | Mensaje recibido: request_id=12750
2026-04-06 00:03:20,413 | concert_ticketing.adapters.messaging.rabbitmq.consumer | INFO | Mensaje recibido: request_id=12707
2026-04-06 00:03:20,519 | concert_ticketing.adapters.messaging.rabbitmq.consumer | INFO | Mensaje recibido: request_id=12708
2026-04-06 00:03:20,592 | concert_ticketing.adapters.messaging.rabbitmq.consumer | INFO | Mensaje recibido: request_id=12744
2026-04-06 00:03:20,674 | concert_ticketing.adapters.messaging.rabbitmq.consumer | INFO | Mensaje recibido: request_id=12796
2026-04-06 00:03:20,751 | concert_ticketing.adapters.messaging.rabbitmq.consumer | INFO | Mensaje recibido: request_id=12795
2026-04-06 00:03:20,833 | concert_ticketing.adapters.messaging.rabbitmq.consumer | INFO | Mensaje recibido: request_id=12755
2026-04-06 00:03:20,914 | concert_ticketing.adapters.messaging.rabbitmq.consumer | INFO | Mensaje recibido: request_id=12814
2026-04-06 00:03:20,986 | concert_ticketing.adapters.messaging.rabbitmq.consumer | INFO | Mensaje recibido: request_id=12719
2026-04-06 00:03:21,077 | concert_ticketing.adapters.messaging.rabbitmq.consumer | INFO | Mensaje recibido: request_id=12822
2026-04-06 00:03:21,162 | concert_ticketing.adapters.messaging.rabbitmq.consumer | INFO | Mensaje recibido: request_id=12794
2026-04-06 00:03:21,239 | concert_ticketing.adapters.messaging.rabbitmq.consumer | INFO | Mensaje recibido: request_id=12788
2026-04-06 00:03:21,338 | concert_ticketing.adapters.messaging.rabbitmq.consumer | INFO | Mensaje recibido: request_id=12844
2026-04-06 00:03:21,405 | concert_ticketing.adapters.messaging.rabbitmq.consumer | INFO | Mensaje recibido: request_id=12869
2026-04-06 00:03:21,493 | concert_ticketing.adapters.messaging.rabbitmq.consumer | INFO | Mensaje recibido: request_id=12802
2026-04-06 00:03:21,581 | concert_ticketing.adapters.messaging.rabbitmq.consumer | INFO | Mensaje recibido: request_id=12753
2026-04-06 00:03:21,678 | concert_ticketing.adapters.messaging.rabbitmq.consumer | INFO | Mensaje recibido: request_id=12852
2026-04-06 00:03:21,731 | concert_ticketing.adapters.messaging.rabbitmq.consumer | INFO | Mensaje recibido: request_id=12889
2026-04-06 00:03:21,830 | concert_ticketing.adapters.messaging.rabbitmq.consumer | INFO | Mensaje recibido: request_id=12897
2026-04-06 00:03:21,917 | concert_ticketing.adapters.messaging.rabbitmq.consumer | INFO | Mensaje recibido: request_id=12895
2026-04-06 00:03:22,004 | concert_ticketing.adapters.messaging.rabbitmq.consumer | INFO | Mensaje recibido: request_id=12925
2026-04-06 00:03:22,063 | concert_ticketing.adapters.messaging.rabbitmq.consumer | INFO | Mensaje recibido: request_id=12901
2026-04-06 00:03:22,147 | concert_ticketing.adapters.messaging.rabbitmq.consumer | INFO | Mensaje recibido: request_id=12942
2026-04-06 00:03:22,230 | concert_ticketing.adapters.messaging.rabbitmq.consumer | INFO | Mensaje recibido: request_id=12937
2026-04-06 00:03:22,317 | concert_ticketing.adapters.messaging.rabbitmq.consumer | INFO | Mensaje recibido: request_id=12938
2026-04-06 00:03:22,412 | concert_ticketing.adapters.messaging.rabbitmq.consumer | INFO | Mensaje recibido: request_id=12956
2026-04-06 00:03:22,503 | concert_ticketing.adapters.messaging.rabbitmq.consumer | INFO | Mensaje recibido: request_id=12910
2026-04-06 00:03:22,575 | concert_ticketing.adapters.messaging.rabbitmq.consumer | INFO | Mensaje recibido: request_id=12828
2026-04-06 00:03:22,642 | concert_ticketing.adapters.messaging.rabbitmq.consumer | INFO | Mensaje recibido: request_id=12941
2026-04-06 00:03:22,731 | concert_ticketing.adapters.messaging.rabbitmq.consumer | INFO | Mensaje recibido: request_id=12989
2026-04-06 00:03:22,821 | concert_ticketing.adapters.messaging.rabbitmq.consumer | INFO | Mensaje recibido: request_id=12993
2026-04-06 00:03:22,898 | concert_ticketing.adapters.messaging.rabbitmq.consumer | INFO | Mensaje recibido: request_id=13014
2026-04-06 00:03:22,995 | concert_ticketing.adapters.messaging.rabbitmq.consumer | INFO | Mensaje recibido: request_id=12968
2026-04-06 00:03:23,069 | concert_ticketing.adapters.messaging.rabbitmq.consumer | INFO | Mensaje recibido: request_id=13002
2026-04-06 00:03:23,133 | concert_ticketing.adapters.messaging.rabbitmq.consumer | INFO | Mensaje recibido: request_id=13015
2026-04-06 00:03:23,227 | concert_ticketing.adapters.messaging.rabbitmq.consumer | INFO | Mensaje recibido: request_id=13030
2026-04-06 00:03:23,311 | concert_ticketing.adapters.messaging.rabbitmq.consumer | INFO | Mensaje recibido: request_id=13047
2026-04-06 00:03:23,389 | concert_ticketing.adapters.messaging.rabbitmq.consumer | INFO | Mensaje recibido: request_id=13061
2026-04-06 00:03:23,471 | concert_ticketing.adapters.messaging.rabbitmq.consumer | INFO | Mensaje recibido: request_id=13058
2026-04-06 00:03:23,541 | concert_ticketing.adapters.messaging.rabbitmq.consumer | INFO | Mensaje recibido: request_id=13077
2026-04-06 00:03:23,613 | concert_ticketing.adapters.messaging.rabbitmq.consumer | INFO | Mensaje recibido: request_id=12923
2026-04-06 00:03:23,702 | concert_ticketing.adapters.messaging.rabbitmq.consumer | INFO | Mensaje recibido: request_id=13080
2026-04-06 00:03:23,784 | concert_ticketing.adapters.messaging.rabbitmq.consumer | INFO | Mensaje recibido: request_id=12930
2026-04-06 00:03:23,879 | concert_ticketing.adapters.messaging.rabbitmq.consumer | INFO | Mensaje recibido: request_id=13105
2026-04-06 00:03:23,970 | concert_ticketing.adapters.messaging.rabbitmq.consumer | INFO | Mensaje recibido: request_id=13092
2026-04-06 00:03:24,050 | concert_ticketing.adapters.messaging.rabbitmq.consumer | INFO | Mensaje recibido: request_id=13110
2026-04-06 00:03:24,136 | concert_ticketing.adapters.messaging.rabbitmq.consumer | INFO | Mensaje recibido: request_id=13112
2026-04-06 00:03:24,208 | concert_ticketing.adapters.messaging.rabbitmq.consumer | INFO | Mensaje recibido: request_id=13141
2026-04-06 00:03:24,305 | concert_ticketing.adapters.messaging.rabbitmq.consumer | INFO | Mensaje recibido: request_id=13123
2026-04-06 00:03:24,393 | concert_ticketing.adapters.messaging.rabbitmq.consumer | INFO | Mensaje recibido: request_id=13157
2026-04-06 00:03:24,477 | concert_ticketing.adapters.messaging.rabbitmq.consumer | INFO | Mensaje recibido: request_id=13152
2026-04-06 00:03:24,554 | concert_ticketing.adapters.messaging.rabbitmq.consumer | INFO | Mensaje recibido: request_id=13158
2026-04-06 00:03:24,637 | concert_ticketing.adapters.messaging.rabbitmq.consumer | INFO | Mensaje recibido: request_id=13182
2026-04-06 00:03:24,721 | concert_ticketing.adapters.messaging.rabbitmq.consumer | INFO | Mensaje recibido: request_id=13134
2026-04-06 00:03:24,792 | concert_ticketing.adapters.messaging.rabbitmq.consumer | INFO | Mensaje recibido: request_id=13178
2026-04-06 00:03:24,863 | concert_ticketing.adapters.messaging.rabbitmq.consumer | INFO | Mensaje recibido: request_id=13184
2026-04-06 00:03:24,945 | concert_ticketing.adapters.messaging.rabbitmq.consumer | INFO | Mensaje recibido: request_id=13191
2026-04-06 00:03:25,024 | concert_ticketing.adapters.messaging.rabbitmq.consumer | INFO | Mensaje recibido: request_id=13096
2026-04-06 00:03:25,112 | concert_ticketing.adapters.messaging.rabbitmq.consumer | INFO | Mensaje recibido: request_id=13203
2026-04-06 00:03:25,191 | concert_ticketing.adapters.messaging.rabbitmq.consumer | INFO | Mensaje recibido: request_id=13210
2026-04-06 00:03:25,273 | concert_ticketing.adapters.messaging.rabbitmq.consumer | INFO | Mensaje recibido: request_id=13224
2026-04-06 00:03:25,361 | concert_ticketing.adapters.messaging.rabbitmq.consumer | INFO | Mensaje recibido: request_id=13176
2026-04-06 00:03:25,438 | concert_ticketing.adapters.messaging.rabbitmq.consumer | INFO | Mensaje recibido: request_id=13230
2026-04-06 00:03:25,514 | concert_ticketing.adapters.messaging.rabbitmq.consumer | INFO | Mensaje recibido: request_id=13252
2026-04-06 00:03:25,584 | concert_ticketing.adapters.messaging.rabbitmq.consumer | INFO | Mensaje recibido: request_id=13250
2026-04-06 00:03:25,662 | concert_ticketing.adapters.messaging.rabbitmq.consumer | INFO | Mensaje recibido: request_id=13102
2026-04-06 00:03:25,747 | concert_ticketing.adapters.messaging.rabbitmq.consumer | INFO | Mensaje recibido: request_id=13213
2026-04-06 00:03:25,834 | concert_ticketing.adapters.messaging.rabbitmq.consumer | INFO | Mensaje recibido: request_id=13095
2026-04-06 00:03:25,967 | concert_ticketing.adapters.messaging.rabbitmq.consumer | INFO | Mensaje recibido: request_id=13265
2026-04-06 00:03:26,042 | concert_ticketing.adapters.messaging.rabbitmq.consumer | INFO | Mensaje recibido: request_id=13202
2026-04-06 00:03:26,124 | concert_ticketing.adapters.messaging.rabbitmq.consumer | INFO | Mensaje recibido: request_id=13326
2026-04-06 00:03:26,210 | concert_ticketing.adapters.messaging.rabbitmq.consumer | INFO | Mensaje recibido: request_id=13321
2026-04-06 00:03:26,286 | concert_ticketing.adapters.messaging.rabbitmq.consumer | INFO | Mensaje recibido: request_id=13235
2026-04-06 00:03:26,364 | concert_ticketing.adapters.messaging.rabbitmq.consumer | INFO | Mensaje recibido: request_id=13323
2026-04-06 00:03:26,454 | concert_ticketing.adapters.messaging.rabbitmq.consumer | INFO | Mensaje recibido: request_id=13358
2026-04-06 00:03:26,535 | concert_ticketing.adapters.messaging.rabbitmq.consumer | INFO | Mensaje recibido: request_id=13359
2026-04-06 00:03:26,604 | concert_ticketing.adapters.messaging.rabbitmq.consumer | INFO | Mensaje recibido: request_id=13374
2026-04-06 00:03:26,679 | concert_ticketing.adapters.messaging.rabbitmq.consumer | INFO | Mensaje recibido: request_id=13381
2026-04-06 00:03:26,754 | concert_ticketing.adapters.messaging.rabbitmq.consumer | INFO | Mensaje recibido: request_id=13383
2026-04-06 00:03:26,836 | concert_ticketing.adapters.messaging.rabbitmq.consumer | INFO | Mensaje recibido: request_id=13350
2026-04-06 00:03:26,917 | concert_ticketing.adapters.messaging.rabbitmq.consumer | INFO | Mensaje recibido: request_id=13360
2026-04-06 00:03:27,007 | concert_ticketing.adapters.messaging.rabbitmq.consumer | INFO | Mensaje recibido: request_id=13263
2026-04-06 00:03:27,095 | concert_ticketing.adapters.messaging.rabbitmq.consumer | INFO | Mensaje recibido: request_id=13422
2026-04-06 00:03:27,194 | concert_ticketing.adapters.messaging.rabbitmq.consumer | INFO | Mensaje recibido: request_id=13341
2026-04-06 00:03:27,275 | concert_ticketing.adapters.messaging.rabbitmq.consumer | INFO | Mensaje recibido: request_id=13352
2026-04-06 00:03:27,377 | concert_ticketing.adapters.messaging.rabbitmq.consumer | INFO | Mensaje recibido: request_id=13446
2026-04-06 00:03:27,442 | concert_ticketing.adapters.messaging.rabbitmq.consumer | INFO | Mensaje recibido: request_id=13305
2026-04-06 00:03:27,525 | concert_ticketing.adapters.messaging.rabbitmq.consumer | INFO | Mensaje recibido: request_id=13441
2026-04-06 00:03:27,618 | concert_ticketing.adapters.messaging.rabbitmq.consumer | INFO | Mensaje recibido: request_id=13456
2026-04-06 00:03:27,728 | concert_ticketing.adapters.messaging.rabbitmq.consumer | INFO | Mensaje recibido: request_id=13390
2026-04-06 00:03:27,804 | concert_ticketing.adapters.messaging.rabbitmq.consumer | INFO | Mensaje recibido: request_id=13400
2026-04-06 00:03:27,912 | concert_ticketing.adapters.messaging.rabbitmq.consumer | INFO | Mensaje recibido: request_id=13418
2026-04-06 00:03:27,994 | concert_ticketing.adapters.messaging.rabbitmq.consumer | INFO | Mensaje recibido: request_id=13501
2026-04-06 00:03:28,096 | concert_ticketing.adapters.messaging.rabbitmq.consumer | INFO | Mensaje recibido: request_id=13465
2026-04-06 00:03:28,184 | concert_ticketing.adapters.messaging.rabbitmq.consumer | INFO | Mensaje recibido: request_id=13483
2026-04-06 00:03:28,259 | concert_ticketing.adapters.messaging.rabbitmq.consumer | INFO | Mensaje recibido: request_id=13523
2026-04-06 00:03:28,359 | concert_ticketing.adapters.messaging.rabbitmq.consumer | INFO | Mensaje recibido: request_id=13493
2026-04-06 00:03:28,444 | concert_ticketing.adapters.messaging.rabbitmq.consumer | INFO | Mensaje recibido: request_id=13500
2026-04-06 00:03:28,538 | concert_ticketing.adapters.messaging.rabbitmq.consumer | INFO | Mensaje recibido: request_id=13543
2026-04-06 00:03:28,623 | concert_ticketing.adapters.messaging.rabbitmq.consumer | INFO | Mensaje recibido: request_id=13538
2026-04-06 00:03:28,703 | concert_ticketing.adapters.messaging.rabbitmq.consumer | INFO | Mensaje recibido: request_id=13565
2026-04-06 00:03:28,785 | concert_ticketing.adapters.messaging.rabbitmq.consumer | INFO | Mensaje recibido: request_id=13563
2026-04-06 00:03:28,871 | concert_ticketing.adapters.messaging.rabbitmq.consumer | INFO | Mensaje recibido: request_id=13474
2026-04-06 00:03:28,951 | concert_ticketing.adapters.messaging.rabbitmq.consumer | INFO | Mensaje recibido: request_id=13471
2026-04-06 00:03:29,053 | concert_ticketing.adapters.messaging.rabbitmq.consumer | INFO | Mensaje recibido: request_id=13599
2026-04-06 00:03:29,133 | concert_ticketing.adapters.messaging.rabbitmq.consumer | INFO | Mensaje recibido: request_id=13606
2026-04-06 00:03:29,221 | concert_ticketing.adapters.messaging.rabbitmq.consumer | INFO | Mensaje recibido: request_id=13613
2026-04-06 00:03:29,298 | concert_ticketing.adapters.messaging.rabbitmq.consumer | INFO | Mensaje recibido: request_id=13591
2026-04-06 00:03:29,378 | concert_ticketing.adapters.messaging.rabbitmq.consumer | INFO | Mensaje recibido: request_id=13614
2026-04-06 00:03:29,465 | concert_ticketing.adapters.messaging.rabbitmq.consumer | INFO | Mensaje recibido: request_id=13605
2026-04-06 00:03:29,570 | concert_ticketing.adapters.messaging.rabbitmq.consumer | INFO | Mensaje recibido: request_id=13642
2026-04-06 00:03:29,644 | concert_ticketing.adapters.messaging.rabbitmq.consumer | INFO | Mensaje recibido: request_id=13638
2026-04-06 00:03:29,720 | concert_ticketing.adapters.messaging.rabbitmq.consumer | INFO | Mensaje recibido: request_id=13662
2026-04-06 00:03:29,789 | concert_ticketing.adapters.messaging.rabbitmq.consumer | INFO | Mensaje recibido: request_id=13626
2026-04-06 00:03:29,884 | concert_ticketing.adapters.messaging.rabbitmq.consumer | INFO | Mensaje recibido: request_id=13604
2026-04-06 00:03:29,970 | concert_ticketing.adapters.messaging.rabbitmq.consumer | INFO | Mensaje recibido: request_id=13532
2026-04-06 00:03:30,048 | concert_ticketing.adapters.messaging.rabbitmq.consumer | INFO | Mensaje recibido: request_id=13547
2026-04-06 00:03:30,133 | concert_ticketing.adapters.messaging.rabbitmq.consumer | INFO | Mensaje recibido: request_id=13680
2026-04-06 00:03:30,220 | concert_ticketing.adapters.messaging.rabbitmq.consumer | INFO | Mensaje recibido: request_id=13675
2026-04-06 00:03:30,287 | concert_ticketing.adapters.messaging.rabbitmq.consumer | INFO | Mensaje recibido: request_id=13661
2026-04-06 00:03:30,379 | concert_ticketing.adapters.messaging.rabbitmq.consumer | INFO | Mensaje recibido: request_id=13620
2026-04-06 00:03:30,464 | concert_ticketing.adapters.messaging.rabbitmq.consumer | INFO | Mensaje recibido: request_id=13693
2026-04-06 00:03:30,546 | concert_ticketing.adapters.messaging.rabbitmq.consumer | INFO | Mensaje recibido: request_id=13741
2026-04-06 00:03:30,631 | concert_ticketing.adapters.messaging.rabbitmq.consumer | INFO | Mensaje recibido: request_id=13712
2026-04-06 00:03:30,694 | concert_ticketing.adapters.messaging.rabbitmq.consumer | INFO | Mensaje recibido: request_id=13728
2026-04-06 00:03:30,792 | concert_ticketing.adapters.messaging.rabbitmq.consumer | INFO | Mensaje recibido: request_id=13663
2026-04-06 00:03:30,857 | concert_ticketing.adapters.messaging.rabbitmq.consumer | INFO | Mensaje recibido: request_id=13757
2026-04-06 00:03:30,941 | concert_ticketing.adapters.messaging.rabbitmq.consumer | INFO | Mensaje recibido: request_id=13738
2026-04-06 00:03:31,035 | concert_ticketing.adapters.messaging.rabbitmq.consumer | INFO | Mensaje recibido: request_id=13792
2026-04-06 00:03:31,117 | concert_ticketing.adapters.messaging.rabbitmq.consumer | INFO | Mensaje recibido: request_id=13695
2026-04-06 00:03:31,200 | concert_ticketing.adapters.messaging.rabbitmq.consumer | INFO | Mensaje recibido: request_id=13736
2026-04-06 00:03:31,273 | concert_ticketing.adapters.messaging.rabbitmq.consumer | INFO | Mensaje recibido: request_id=13781
2026-04-06 00:03:31,367 | concert_ticketing.adapters.messaging.rabbitmq.consumer | INFO | Mensaje recibido: request_id=13823
2026-04-06 00:03:31,446 | concert_ticketing.adapters.messaging.rabbitmq.consumer | INFO | Mensaje recibido: request_id=13784
2026-04-06 00:03:31,520 | concert_ticketing.adapters.messaging.rabbitmq.consumer | INFO | Mensaje recibido: request_id=13838
2026-04-06 00:03:31,596 | concert_ticketing.adapters.messaging.rabbitmq.consumer | INFO | Mensaje recibido: request_id=13771
2026-04-06 00:03:31,662 | concert_ticketing.adapters.messaging.rabbitmq.consumer | INFO | Mensaje recibido: request_id=13842
2026-04-06 00:03:31,741 | concert_ticketing.adapters.messaging.rabbitmq.consumer | INFO | Mensaje recibido: request_id=13808
2026-04-06 00:03:31,817 | concert_ticketing.adapters.messaging.rabbitmq.consumer | INFO | Mensaje recibido: request_id=13869
2026-04-06 00:03:31,898 | concert_ticketing.adapters.messaging.rabbitmq.consumer | INFO | Mensaje recibido: request_id=13826
2026-04-06 00:03:31,981 | concert_ticketing.adapters.messaging.rabbitmq.consumer | INFO | Mensaje recibido: request_id=13886
2026-04-06 00:03:32,053 | concert_ticketing.adapters.messaging.rabbitmq.consumer | INFO | Mensaje recibido: request_id=13802
2026-04-06 00:03:32,114 | concert_ticketing.adapters.messaging.rabbitmq.consumer | INFO | Mensaje recibido: request_id=13893
2026-04-06 00:03:32,206 | concert_ticketing.adapters.messaging.rabbitmq.consumer | INFO | Mensaje recibido: request_id=13896
2026-04-06 00:03:32,275 | concert_ticketing.adapters.messaging.rabbitmq.consumer | INFO | Mensaje recibido: request_id=13916
2026-04-06 00:03:32,356 | concert_ticketing.adapters.messaging.rabbitmq.consumer | INFO | Mensaje recibido: request_id=13926
2026-04-06 00:03:32,435 | concert_ticketing.adapters.messaging.rabbitmq.consumer | INFO | Mensaje recibido: request_id=13919
2026-04-06 00:03:32,504 | concert_ticketing.adapters.messaging.rabbitmq.consumer | INFO | Mensaje recibido: request_id=13940
2026-04-06 00:03:32,587 | concert_ticketing.adapters.messaging.rabbitmq.consumer | INFO | Mensaje recibido: request_id=13932
2026-04-06 00:03:32,673 | concert_ticketing.adapters.messaging.rabbitmq.consumer | INFO | Mensaje recibido: request_id=13847
2026-04-06 00:03:32,749 | concert_ticketing.adapters.messaging.rabbitmq.consumer | INFO | Mensaje recibido: request_id=13862
2026-04-06 00:03:32,820 | concert_ticketing.adapters.messaging.rabbitmq.consumer | INFO | Mensaje recibido: request_id=13965
2026-04-06 00:03:32,898 | concert_ticketing.adapters.messaging.rabbitmq.consumer | INFO | Mensaje recibido: request_id=13952
2026-04-06 00:03:32,988 | concert_ticketing.adapters.messaging.rabbitmq.consumer | INFO | Mensaje recibido: request_id=13929
2026-04-06 00:03:33,044 | concert_ticketing.adapters.messaging.rabbitmq.consumer | INFO | Mensaje recibido: request_id=13982
2026-04-06 00:03:33,125 | concert_ticketing.adapters.messaging.rabbitmq.consumer | INFO | Mensaje recibido: request_id=13985
2026-04-06 00:03:33,194 | concert_ticketing.adapters.messaging.rabbitmq.consumer | INFO | Mensaje recibido: request_id=14013
2026-04-06 00:03:33,292 | concert_ticketing.adapters.messaging.rabbitmq.consumer | INFO | Mensaje recibido: request_id=14022
2026-04-06 00:03:33,373 | concert_ticketing.adapters.messaging.rabbitmq.consumer | INFO | Mensaje recibido: request_id=14030
2026-04-06 00:03:33,454 | concert_ticketing.adapters.messaging.rabbitmq.consumer | INFO | Mensaje recibido: request_id=14010
2026-04-06 00:03:33,541 | concert_ticketing.adapters.messaging.rabbitmq.consumer | INFO | Mensaje recibido: request_id=14046
2026-04-06 00:03:33,606 | concert_ticketing.adapters.messaging.rabbitmq.consumer | INFO | Mensaje recibido: request_id=13921
2026-04-06 00:03:33,692 | concert_ticketing.adapters.messaging.rabbitmq.consumer | INFO | Mensaje recibido: request_id=14061
2026-04-06 00:03:33,770 | concert_ticketing.adapters.messaging.rabbitmq.consumer | INFO | Mensaje recibido: request_id=14051
2026-04-06 00:03:33,845 | concert_ticketing.adapters.messaging.rabbitmq.consumer | INFO | Mensaje recibido: request_id=13941
2026-04-06 00:03:33,912 | concert_ticketing.adapters.messaging.rabbitmq.consumer | INFO | Mensaje recibido: request_id=14058
2026-04-06 00:03:33,994 | concert_ticketing.adapters.messaging.rabbitmq.consumer | INFO | Mensaje recibido: request_id=14094
2026-04-06 00:03:34,069 | concert_ticketing.adapters.messaging.rabbitmq.consumer | INFO | Mensaje recibido: request_id=14101
2026-04-06 00:03:34,161 | concert_ticketing.adapters.messaging.rabbitmq.consumer | INFO | Mensaje recibido: request_id=14044
2026-04-06 00:03:34,258 | concert_ticketing.adapters.messaging.rabbitmq.consumer | INFO | Mensaje recibido: request_id=14110
2026-04-06 00:03:34,350 | concert_ticketing.adapters.messaging.rabbitmq.consumer | INFO | Mensaje recibido: request_id=14067
2026-04-06 00:03:34,423 | concert_ticketing.adapters.messaging.rabbitmq.consumer | INFO | Mensaje recibido: request_id=14116
2026-04-06 00:03:34,521 | concert_ticketing.adapters.messaging.rabbitmq.consumer | INFO | Mensaje recibido: request_id=14143
2026-04-06 00:03:34,591 | concert_ticketing.adapters.messaging.rabbitmq.consumer | INFO | Mensaje recibido: request_id=14068
2026-04-06 00:03:34,685 | concert_ticketing.adapters.messaging.rabbitmq.consumer | INFO | Mensaje recibido: request_id=14151
2026-04-06 00:03:34,752 | concert_ticketing.adapters.messaging.rabbitmq.consumer | INFO | Mensaje recibido: request_id=14137
2026-04-06 00:03:34,833 | concert_ticketing.adapters.messaging.rabbitmq.consumer | INFO | Mensaje recibido: request_id=14139
2026-04-06 00:03:34,925 | concert_ticketing.adapters.messaging.rabbitmq.consumer | INFO | Mensaje recibido: request_id=14182
2026-04-06 00:03:35,004 | concert_ticketing.adapters.messaging.rabbitmq.consumer | INFO | Mensaje recibido: request_id=14191
2026-04-06 00:03:35,077 | concert_ticketing.adapters.messaging.rabbitmq.consumer | INFO | Mensaje recibido: request_id=14185
2026-04-06 00:03:35,179 | concert_ticketing.adapters.messaging.rabbitmq.consumer | INFO | Mensaje recibido: request_id=14195
2026-04-06 00:03:35,241 | concert_ticketing.adapters.messaging.rabbitmq.consumer | INFO | Mensaje recibido: request_id=14213
2026-04-06 00:03:35,329 | concert_ticketing.adapters.messaging.rabbitmq.consumer | INFO | Mensaje recibido: request_id=14215
2026-04-06 00:03:35,411 | concert_ticketing.adapters.messaging.rabbitmq.consumer | INFO | Mensaje recibido: request_id=14179
2026-04-06 00:03:35,492 | concert_ticketing.adapters.messaging.rabbitmq.consumer | INFO | Mensaje recibido: request_id=14170
2026-04-06 00:03:35,574 | concert_ticketing.adapters.messaging.rabbitmq.consumer | INFO | Mensaje recibido: request_id=14241
2026-04-06 00:03:35,647 | concert_ticketing.adapters.messaging.rabbitmq.consumer | INFO | Mensaje recibido: request_id=14224
2026-04-06 00:03:35,739 | concert_ticketing.adapters.messaging.rabbitmq.consumer | INFO | Mensaje recibido: request_id=14257
2026-04-06 00:03:35,821 | concert_ticketing.adapters.messaging.rabbitmq.consumer | INFO | Mensaje recibido: request_id=14206
2026-04-06 00:03:35,904 | concert_ticketing.adapters.messaging.rabbitmq.consumer | INFO | Mensaje recibido: request_id=14184
2026-04-06 00:03:35,988 | concert_ticketing.adapters.messaging.rabbitmq.consumer | INFO | Mensaje recibido: request_id=14285
2026-04-06 00:03:36,054 | concert_ticketing.adapters.messaging.rabbitmq.consumer | INFO | Mensaje recibido: request_id=14188
2026-04-06 00:03:36,125 | concert_ticketing.adapters.messaging.rabbitmq.consumer | INFO | Mensaje recibido: request_id=14273
2026-04-06 00:03:36,212 | concert_ticketing.adapters.messaging.rabbitmq.consumer | INFO | Mensaje recibido: request_id=14261
2026-04-06 00:03:36,294 | concert_ticketing.adapters.messaging.rabbitmq.consumer | INFO | Mensaje recibido: request_id=14019
2026-04-06 00:03:36,387 | concert_ticketing.adapters.messaging.rabbitmq.consumer | INFO | Mensaje recibido: request_id=14326
2026-04-06 00:03:36,454 | concert_ticketing.adapters.messaging.rabbitmq.consumer | INFO | Mensaje recibido: request_id=14190
2026-04-06 00:03:36,545 | concert_ticketing.adapters.messaging.rabbitmq.consumer | INFO | Mensaje recibido: request_id=14342
2026-04-06 00:03:36,622 | concert_ticketing.adapters.messaging.rabbitmq.consumer | INFO | Mensaje recibido: request_id=14348
2026-04-06 00:03:36,705 | concert_ticketing.adapters.messaging.rabbitmq.consumer | INFO | Mensaje recibido: request_id=14351
2026-04-06 00:03:36,791 | concert_ticketing.adapters.messaging.rabbitmq.consumer | INFO | Mensaje recibido: request_id=14320
2026-04-06 00:03:36,855 | concert_ticketing.adapters.messaging.rabbitmq.consumer | INFO | Mensaje recibido: request_id=14197
2026-04-06 00:03:36,933 | concert_ticketing.adapters.messaging.rabbitmq.consumer | INFO | Mensaje recibido: request_id=14380
2026-04-06 00:03:37,019 | concert_ticketing.adapters.messaging.rabbitmq.consumer | INFO | Mensaje recibido: request_id=14389
2026-04-06 00:03:37,098 | concert_ticketing.adapters.messaging.rabbitmq.consumer | INFO | Mensaje recibido: request_id=14366
2026-04-06 00:03:37,182 | concert_ticketing.adapters.messaging.rabbitmq.consumer | INFO | Mensaje recibido: request_id=14356
2026-04-06 00:03:37,261 | concert_ticketing.adapters.messaging.rabbitmq.consumer | INFO | Mensaje recibido: request_id=14377
2026-04-06 00:03:37,355 | concert_ticketing.adapters.messaging.rabbitmq.consumer | INFO | Mensaje recibido: request_id=14423
2026-04-06 00:03:37,427 | concert_ticketing.adapters.messaging.rabbitmq.consumer | INFO | Mensaje recibido: request_id=14307
2026-04-06 00:03:37,516 | concert_ticketing.adapters.messaging.rabbitmq.consumer | INFO | Mensaje recibido: request_id=14339
2026-04-06 00:03:37,605 | concert_ticketing.adapters.messaging.rabbitmq.consumer | INFO | Mensaje recibido: request_id=14422
2026-04-06 00:03:37,677 | concert_ticketing.adapters.messaging.rabbitmq.consumer | INFO | Mensaje recibido: request_id=14421
2026-04-06 00:03:37,760 | concert_ticketing.adapters.messaging.rabbitmq.consumer | INFO | Mensaje recibido: request_id=14344
2026-04-06 00:03:37,834 | concert_ticketing.adapters.messaging.rabbitmq.consumer | INFO | Mensaje recibido: request_id=14469
2026-04-06 00:03:37,910 | concert_ticketing.adapters.messaging.rabbitmq.consumer | INFO | Mensaje recibido: request_id=14476
2026-04-06 00:03:37,980 | concert_ticketing.adapters.messaging.rabbitmq.consumer | INFO | Mensaje recibido: request_id=14475
2026-04-06 00:03:38,064 | concert_ticketing.adapters.messaging.rabbitmq.consumer | INFO | Mensaje recibido: request_id=14433
2026-04-06 00:03:38,137 | concert_ticketing.adapters.messaging.rabbitmq.consumer | INFO | Mensaje recibido: request_id=14492
2026-04-06 00:03:38,206 | concert_ticketing.adapters.messaging.rabbitmq.consumer | INFO | Mensaje recibido: request_id=14510
2026-04-06 00:03:38,282 | concert_ticketing.adapters.messaging.rabbitmq.consumer | INFO | Mensaje recibido: request_id=14429
2026-04-06 00:03:38,361 | concert_ticketing.adapters.messaging.rabbitmq.consumer | INFO | Mensaje recibido: request_id=14460
2026-04-06 00:03:38,446 | concert_ticketing.adapters.messaging.rabbitmq.consumer | INFO | Mensaje recibido: request_id=14532
2026-04-06 00:03:38,549 | concert_ticketing.adapters.messaging.rabbitmq.consumer | INFO | Mensaje recibido: request_id=14487
2026-04-06 00:03:38,648 | concert_ticketing.adapters.messaging.rabbitmq.consumer | INFO | Mensaje recibido: request_id=14506
2026-04-06 00:03:38,811 | concert_ticketing.adapters.messaging.rabbitmq.consumer | INFO | Mensaje recibido: request_id=14497
2026-04-06 00:03:38,914 | concert_ticketing.adapters.messaging.rabbitmq.consumer | INFO | Mensaje recibido: request_id=14566
2026-04-06 00:03:39,026 | concert_ticketing.adapters.messaging.rabbitmq.consumer | INFO | Mensaje recibido: request_id=14455
2026-04-06 00:03:39,146 | concert_ticketing.adapters.messaging.rabbitmq.consumer | INFO | Mensaje recibido: request_id=14537
2026-04-06 00:03:39,281 | concert_ticketing.adapters.messaging.rabbitmq.consumer | INFO | Mensaje recibido: request_id=14590
2026-04-06 00:03:39,426 | concert_ticketing.adapters.messaging.rabbitmq.consumer | INFO | Mensaje recibido: request_id=14589
2026-04-06 00:03:39,539 | concert_ticketing.adapters.messaging.rabbitmq.consumer | INFO | Mensaje recibido: request_id=14593
2026-04-06 00:03:39,606 | concert_ticketing.adapters.messaging.rabbitmq.consumer | INFO | Mensaje recibido: request_id=14612
2026-04-06 00:03:39,695 | concert_ticketing.adapters.messaging.rabbitmq.consumer | INFO | Mensaje recibido: request_id=14619
2026-04-06 00:03:39,792 | concert_ticketing.adapters.messaging.rabbitmq.consumer | INFO | Mensaje recibido: request_id=14622
2026-04-06 00:03:39,880 | concert_ticketing.adapters.messaging.rabbitmq.consumer | INFO | Mensaje recibido: request_id=14598
2026-04-06 00:03:39,966 | concert_ticketing.adapters.messaging.rabbitmq.consumer | INFO | Mensaje recibido: request_id=14601
2026-04-06 00:03:40,053 | concert_ticketing.adapters.messaging.rabbitmq.consumer | INFO | Mensaje recibido: request_id=14625
2026-04-06 00:03:40,123 | concert_ticketing.adapters.messaging.rabbitmq.consumer | INFO | Mensaje recibido: request_id=14654
2026-04-06 00:03:40,209 | concert_ticketing.adapters.messaging.rabbitmq.consumer | INFO | Mensaje recibido: request_id=14595
2026-04-06 00:03:40,304 | concert_ticketing.adapters.messaging.rabbitmq.consumer | INFO | Mensaje recibido: request_id=14544
2026-04-06 00:03:40,384 | concert_ticketing.adapters.messaging.rabbitmq.consumer | INFO | Mensaje recibido: request_id=14582
2026-04-06 00:03:40,463 | concert_ticketing.adapters.messaging.rabbitmq.consumer | INFO | Mensaje recibido: request_id=14675
2026-04-06 00:03:40,542 | concert_ticketing.adapters.messaging.rabbitmq.consumer | INFO | Mensaje recibido: request_id=14700
2026-04-06 00:03:40,623 | concert_ticketing.adapters.messaging.rabbitmq.consumer | INFO | Mensaje recibido: request_id=14637
2026-04-06 00:03:40,682 | concert_ticketing.adapters.messaging.rabbitmq.consumer | INFO | Mensaje recibido: request_id=14704
2026-04-06 00:03:40,766 | concert_ticketing.adapters.messaging.rabbitmq.consumer | INFO | Mensaje recibido: request_id=14724
2026-04-06 00:03:40,861 | concert_ticketing.adapters.messaging.rabbitmq.consumer | INFO | Mensaje recibido: request_id=14721
2026-04-06 00:03:40,952 | concert_ticketing.adapters.messaging.rabbitmq.consumer | INFO | Mensaje recibido: request_id=14697
2026-04-06 00:03:41,023 | concert_ticketing.adapters.messaging.rabbitmq.consumer | INFO | Mensaje recibido: request_id=14545
2026-04-06 00:03:41,106 | concert_ticketing.adapters.messaging.rabbitmq.consumer | INFO | Mensaje recibido: request_id=14723
2026-04-06 00:03:41,194 | concert_ticketing.adapters.messaging.rabbitmq.consumer | INFO | Mensaje recibido: request_id=14740
2026-04-06 00:03:41,300 | concert_ticketing.adapters.messaging.rabbitmq.consumer | INFO | Mensaje recibido: request_id=14709
2026-04-06 00:03:41,407 | concert_ticketing.adapters.messaging.rabbitmq.consumer | INFO | Mensaje recibido: request_id=14770
2026-04-06 00:03:41,495 | concert_ticketing.adapters.messaging.rabbitmq.consumer | INFO | Mensaje recibido: request_id=14788
2026-04-06 00:03:41,579 | concert_ticketing.adapters.messaging.rabbitmq.consumer | INFO | Mensaje recibido: request_id=14751
2026-04-06 00:03:41,648 | concert_ticketing.adapters.messaging.rabbitmq.consumer | INFO | Mensaje recibido: request_id=14804
2026-04-06 00:03:41,717 | concert_ticketing.adapters.messaging.rabbitmq.consumer | INFO | Mensaje recibido: request_id=14781
2026-04-06 00:03:41,808 | concert_ticketing.adapters.messaging.rabbitmq.consumer | INFO | Mensaje recibido: request_id=14823
2026-04-06 00:03:41,880 | concert_ticketing.adapters.messaging.rabbitmq.consumer | INFO | Mensaje recibido: request_id=14674
2026-04-06 00:03:41,958 | concert_ticketing.adapters.messaging.rabbitmq.consumer | INFO | Mensaje recibido: request_id=14836
2026-04-06 00:03:42,042 | concert_ticketing.adapters.messaging.rabbitmq.consumer | INFO | Mensaje recibido: request_id=14846
2026-04-06 00:03:42,122 | concert_ticketing.adapters.messaging.rabbitmq.consumer | INFO | Mensaje recibido: request_id=14840
2026-04-06 00:03:42,202 | concert_ticketing.adapters.messaging.rabbitmq.consumer | INFO | Mensaje recibido: request_id=14862
2026-04-06 00:03:42,290 | concert_ticketing.adapters.messaging.rabbitmq.consumer | INFO | Mensaje recibido: request_id=14864
2026-04-06 00:03:42,383 | concert_ticketing.adapters.messaging.rabbitmq.consumer | INFO | Mensaje recibido: request_id=14878
2026-04-06 00:03:42,458 | concert_ticketing.adapters.messaging.rabbitmq.consumer | INFO | Mensaje recibido: request_id=14852
2026-04-06 00:03:42,515 | concert_ticketing.adapters.messaging.rabbitmq.consumer | INFO | Mensaje recibido: request_id=14807
2026-04-06 00:03:42,595 | concert_ticketing.adapters.messaging.rabbitmq.consumer | INFO | Mensaje recibido: request_id=14892
2026-04-06 00:03:42,676 | concert_ticketing.adapters.messaging.rabbitmq.consumer | INFO | Mensaje recibido: request_id=14856
2026-04-06 00:03:42,749 | concert_ticketing.adapters.messaging.rabbitmq.consumer | INFO | Mensaje recibido: request_id=14910
2026-04-06 00:03:42,835 | concert_ticketing.adapters.messaging.rabbitmq.consumer | INFO | Mensaje recibido: request_id=14829
2026-04-06 00:03:42,923 | concert_ticketing.adapters.messaging.rabbitmq.consumer | INFO | Mensaje recibido: request_id=14866
2026-04-06 00:03:43,004 | concert_ticketing.adapters.messaging.rabbitmq.consumer | INFO | Mensaje recibido: request_id=14907
2026-04-06 00:03:43,071 | concert_ticketing.adapters.messaging.rabbitmq.consumer | INFO | Mensaje recibido: request_id=14912
2026-04-06 00:03:43,163 | concert_ticketing.adapters.messaging.rabbitmq.consumer | INFO | Mensaje recibido: request_id=14957
2026-04-06 00:03:43,242 | concert_ticketing.adapters.messaging.rabbitmq.consumer | INFO | Mensaje recibido: request_id=14967
2026-04-06 00:03:43,321 | concert_ticketing.adapters.messaging.rabbitmq.consumer | INFO | Mensaje recibido: request_id=14937
2026-04-06 00:03:43,398 | concert_ticketing.adapters.messaging.rabbitmq.consumer | INFO | Mensaje recibido: request_id=14945
2026-04-06 00:03:43,468 | concert_ticketing.adapters.messaging.rabbitmq.consumer | INFO | Mensaje recibido: request_id=14939
2026-04-06 00:03:43,548 | concert_ticketing.adapters.messaging.rabbitmq.consumer | INFO | Mensaje recibido: request_id=14961
2026-04-06 00:03:43,631 | concert_ticketing.adapters.messaging.rabbitmq.consumer | INFO | Mensaje recibido: request_id=15000
2026-04-06 00:03:43,708 | concert_ticketing.adapters.messaging.rabbitmq.consumer | INFO | Mensaje recibido: request_id=14933
2026-04-06 00:03:43,796 | concert_ticketing.adapters.messaging.rabbitmq.consumer | INFO | Mensaje recibido: request_id=14970
2026-04-06 00:03:43,882 | concert_ticketing.adapters.messaging.rabbitmq.consumer | INFO | Mensaje recibido: request_id=15031
2026-04-06 00:03:43,964 | concert_ticketing.adapters.messaging.rabbitmq.consumer | INFO | Mensaje recibido: request_id=15007
2026-04-06 00:03:44,050 | concert_ticketing.adapters.messaging.rabbitmq.consumer | INFO | Mensaje recibido: request_id=15039
2026-04-06 00:03:44,161 | concert_ticketing.adapters.messaging.rabbitmq.consumer | INFO | Mensaje recibido: request_id=15054
2026-04-06 00:03:44,244 | concert_ticketing.adapters.messaging.rabbitmq.consumer | INFO | Mensaje recibido: request_id=14966
2026-04-06 00:03:44,332 | concert_ticketing.adapters.messaging.rabbitmq.consumer | INFO | Mensaje recibido: request_id=15048
2026-04-06 00:03:44,424 | concert_ticketing.adapters.messaging.rabbitmq.consumer | INFO | Mensaje recibido: request_id=14995
2026-04-06 00:03:44,500 | concert_ticketing.adapters.messaging.rabbitmq.consumer | INFO | Mensaje recibido: request_id=15068
2026-04-06 00:03:44,610 | concert_ticketing.adapters.messaging.rabbitmq.consumer | INFO | Mensaje recibido: request_id=15085
2026-04-06 00:03:44,689 | concert_ticketing.adapters.messaging.rabbitmq.consumer | INFO | Mensaje recibido: request_id=15033
2026-04-06 00:03:44,766 | concert_ticketing.adapters.messaging.rabbitmq.consumer | INFO | Mensaje recibido: request_id=15055
2026-04-06 00:03:44,844 | concert_ticketing.adapters.messaging.rabbitmq.consumer | INFO | Mensaje recibido: request_id=15107
2026-04-06 00:03:44,980 | concert_ticketing.adapters.messaging.rabbitmq.consumer | INFO | Mensaje recibido: request_id=15095
2026-04-06 00:03:45,079 | concert_ticketing.adapters.messaging.rabbitmq.consumer | INFO | Mensaje recibido: request_id=15126
2026-04-06 00:03:45,146 | concert_ticketing.adapters.messaging.rabbitmq.consumer | INFO | Mensaje recibido: request_id=15093
2026-04-06 00:03:45,244 | concert_ticketing.adapters.messaging.rabbitmq.consumer | INFO | Mensaje recibido: request_id=15099
2026-04-06 00:03:45,315 | concert_ticketing.adapters.messaging.rabbitmq.consumer | INFO | Mensaje recibido: request_id=15139
2026-04-06 00:03:45,402 | concert_ticketing.adapters.messaging.rabbitmq.consumer | INFO | Mensaje recibido: request_id=15100
2026-04-06 00:03:45,483 | concert_ticketing.adapters.messaging.rabbitmq.consumer | INFO | Mensaje recibido: request_id=15172
2026-04-06 00:03:45,581 | concert_ticketing.adapters.messaging.rabbitmq.consumer | INFO | Mensaje recibido: request_id=15182
2026-04-06 00:03:45,670 | concert_ticketing.adapters.messaging.rabbitmq.consumer | INFO | Mensaje recibido: request_id=15191
2026-04-06 00:03:45,746 | concert_ticketing.adapters.messaging.rabbitmq.consumer | INFO | Mensaje recibido: request_id=15184
2026-04-06 00:03:45,832 | concert_ticketing.adapters.messaging.rabbitmq.consumer | INFO | Mensaje recibido: request_id=15118
2026-04-06 00:03:45,910 | concert_ticketing.adapters.messaging.rabbitmq.consumer | INFO | Mensaje recibido: request_id=15178
2026-04-06 00:03:45,988 | concert_ticketing.adapters.messaging.rabbitmq.consumer | INFO | Mensaje recibido: request_id=15149
2026-04-06 00:03:46,069 | concert_ticketing.adapters.messaging.rabbitmq.consumer | INFO | Mensaje recibido: request_id=15224
2026-04-06 00:03:46,155 | concert_ticketing.adapters.messaging.rabbitmq.consumer | INFO | Mensaje recibido: request_id=15192
2026-04-06 00:03:46,224 | concert_ticketing.adapters.messaging.rabbitmq.consumer | INFO | Mensaje recibido: request_id=15174
2026-04-06 00:03:46,304 | concert_ticketing.adapters.messaging.rabbitmq.consumer | INFO | Mensaje recibido: request_id=15253
2026-04-06 00:03:46,392 | concert_ticketing.adapters.messaging.rabbitmq.consumer | INFO | Mensaje recibido: request_id=15237
2026-04-06 00:03:46,471 | concert_ticketing.adapters.messaging.rabbitmq.consumer | INFO | Mensaje recibido: request_id=15197
2026-04-06 00:03:46,545 | concert_ticketing.adapters.messaging.rabbitmq.consumer | INFO | Mensaje recibido: request_id=15276
2026-04-06 00:03:46,625 | concert_ticketing.adapters.messaging.rabbitmq.consumer | INFO | Mensaje recibido: request_id=15181
2026-04-06 00:03:46,704 | concert_ticketing.adapters.messaging.rabbitmq.consumer | INFO | Mensaje recibido: request_id=15226
2026-04-06 00:03:46,794 | concert_ticketing.adapters.messaging.rabbitmq.consumer | INFO | Mensaje recibido: request_id=15296
2026-04-06 00:03:46,877 | concert_ticketing.adapters.messaging.rabbitmq.consumer | INFO | Mensaje recibido: request_id=15278
2026-04-06 00:03:46,967 | concert_ticketing.adapters.messaging.rabbitmq.consumer | INFO | Mensaje recibido: request_id=15240
2026-04-06 00:03:47,034 | concert_ticketing.adapters.messaging.rabbitmq.consumer | INFO | Mensaje recibido: request_id=15261
2026-04-06 00:03:47,111 | concert_ticketing.adapters.messaging.rabbitmq.consumer | INFO | Mensaje recibido: request_id=15334
2026-04-06 00:03:47,196 | concert_ticketing.adapters.messaging.rabbitmq.consumer | INFO | Mensaje recibido: request_id=15317
2026-04-06 00:03:47,289 | concert_ticketing.adapters.messaging.rabbitmq.consumer | INFO | Mensaje recibido: request_id=15341
2026-04-06 00:03:47,370 | concert_ticketing.adapters.messaging.rabbitmq.consumer | INFO | Mensaje recibido: request_id=15300
2026-04-06 00:03:47,445 | concert_ticketing.adapters.messaging.rabbitmq.consumer | INFO | Mensaje recibido: request_id=15328
2026-04-06 00:03:47,533 | concert_ticketing.adapters.messaging.rabbitmq.consumer | INFO | Mensaje recibido: request_id=15292
2026-04-06 00:03:47,606 | concert_ticketing.adapters.messaging.rabbitmq.consumer | INFO | Mensaje recibido: request_id=15239
2026-04-06 00:03:47,695 | concert_ticketing.adapters.messaging.rabbitmq.consumer | INFO | Mensaje recibido: request_id=15273
2026-04-06 00:03:47,783 | concert_ticketing.adapters.messaging.rabbitmq.consumer | INFO | Mensaje recibido: request_id=15398
2026-04-06 00:03:47,866 | concert_ticketing.adapters.messaging.rabbitmq.consumer | INFO | Mensaje recibido: request_id=15345
2026-04-06 00:03:47,944 | concert_ticketing.adapters.messaging.rabbitmq.consumer | INFO | Mensaje recibido: request_id=15384
2026-04-06 00:03:48,021 | concert_ticketing.adapters.messaging.rabbitmq.consumer | INFO | Mensaje recibido: request_id=15394
2026-04-06 00:03:48,100 | concert_ticketing.adapters.messaging.rabbitmq.consumer | INFO | Mensaje recibido: request_id=15269
2026-04-06 00:03:48,171 | concert_ticketing.adapters.messaging.rabbitmq.consumer | INFO | Mensaje recibido: request_id=15279
2026-04-06 00:03:48,269 | concert_ticketing.adapters.messaging.rabbitmq.consumer | INFO | Mensaje recibido: request_id=15348
2026-04-06 00:03:48,333 | concert_ticketing.adapters.messaging.rabbitmq.consumer | INFO | Mensaje recibido: request_id=15313
2026-04-06 00:03:48,423 | concert_ticketing.adapters.messaging.rabbitmq.consumer | INFO | Mensaje recibido: request_id=15431
2026-04-06 00:03:48,516 | concert_ticketing.adapters.messaging.rabbitmq.consumer | INFO | Mensaje recibido: request_id=15472
2026-04-06 00:03:48,590 | concert_ticketing.adapters.messaging.rabbitmq.consumer | INFO | Mensaje recibido: request_id=15371
2026-04-06 00:03:48,671 | concert_ticketing.adapters.messaging.rabbitmq.consumer | INFO | Mensaje recibido: request_id=15484
2026-04-06 00:03:48,746 | concert_ticketing.adapters.messaging.rabbitmq.consumer | INFO | Mensaje recibido: request_id=15461
2026-04-06 00:03:48,844 | concert_ticketing.adapters.messaging.rabbitmq.consumer | INFO | Mensaje recibido: request_id=15504
2026-04-06 00:03:48,905 | concert_ticketing.adapters.messaging.rabbitmq.consumer | INFO | Mensaje recibido: request_id=15495
2026-04-06 00:03:48,989 | concert_ticketing.adapters.messaging.rabbitmq.consumer | INFO | Mensaje recibido: request_id=15517
2026-04-06 00:03:49,061 | concert_ticketing.adapters.messaging.rabbitmq.consumer | INFO | Mensaje recibido: request_id=15458
2026-04-06 00:03:49,144 | concert_ticketing.adapters.messaging.rabbitmq.consumer | INFO | Mensaje recibido: request_id=15527
2026-04-06 00:03:49,230 | concert_ticketing.adapters.messaging.rabbitmq.consumer | INFO | Mensaje recibido: request_id=15522
2026-04-06 00:03:49,317 | concert_ticketing.adapters.messaging.rabbitmq.consumer | INFO | Mensaje recibido: request_id=15476
2026-04-06 00:03:49,418 | concert_ticketing.adapters.messaging.rabbitmq.consumer | INFO | Mensaje recibido: request_id=15494
2026-04-06 00:03:49,488 | concert_ticketing.adapters.messaging.rabbitmq.consumer | INFO | Mensaje recibido: request_id=15567
2026-04-06 00:03:49,587 | concert_ticketing.adapters.messaging.rabbitmq.consumer | INFO | Mensaje recibido: request_id=15487
2026-04-06 00:03:49,667 | concert_ticketing.adapters.messaging.rabbitmq.consumer | INFO | Mensaje recibido: request_id=15574
2026-04-06 00:03:49,777 | concert_ticketing.adapters.messaging.rabbitmq.consumer | INFO | Mensaje recibido: request_id=15507
2026-04-06 00:03:49,880 | concert_ticketing.adapters.messaging.rabbitmq.consumer | INFO | Mensaje recibido: request_id=15598
2026-04-06 00:03:49,999 | concert_ticketing.adapters.messaging.rabbitmq.consumer | INFO | Mensaje recibido: request_id=15414
2026-04-06 00:03:50,095 | concert_ticketing.adapters.messaging.rabbitmq.consumer | INFO | Mensaje recibido: request_id=15605
2026-04-06 00:03:50,217 | concert_ticketing.adapters.messaging.rabbitmq.consumer | INFO | Mensaje recibido: request_id=15543
2026-04-06 00:03:50,314 | concert_ticketing.adapters.messaging.rabbitmq.consumer | INFO | Mensaje recibido: request_id=15630
2026-04-06 00:03:50,385 | concert_ticketing.adapters.messaging.rabbitmq.consumer | INFO | Mensaje recibido: request_id=15602
2026-04-06 00:03:50,476 | concert_ticketing.adapters.messaging.rabbitmq.consumer | INFO | Mensaje recibido: request_id=15600
2026-04-06 00:03:50,602 | concert_ticketing.adapters.messaging.rabbitmq.consumer | INFO | Mensaje recibido: request_id=15634
2026-04-06 00:03:50,696 | concert_ticketing.adapters.messaging.rabbitmq.consumer | INFO | Mensaje recibido: request_id=15544
2026-04-06 00:03:50,785 | concert_ticketing.adapters.messaging.rabbitmq.consumer | INFO | Mensaje recibido: request_id=15643
2026-04-06 00:03:50,869 | concert_ticketing.adapters.messaging.rabbitmq.consumer | INFO | Mensaje recibido: request_id=15629
2026-04-06 00:03:50,927 | concert_ticketing.adapters.messaging.rabbitmq.consumer | INFO | Mensaje recibido: request_id=15684
2026-04-06 00:03:51,013 | concert_ticketing.adapters.messaging.rabbitmq.consumer | INFO | Mensaje recibido: request_id=15676
2026-04-06 00:03:51,079 | concert_ticketing.adapters.messaging.rabbitmq.consumer | INFO | Mensaje recibido: request_id=15694
2026-04-06 00:03:51,173 | concert_ticketing.adapters.messaging.rabbitmq.consumer | INFO | Mensaje recibido: request_id=15561
2026-04-06 00:03:51,250 | concert_ticketing.adapters.messaging.rabbitmq.consumer | INFO | Mensaje recibido: request_id=15691
2026-04-06 00:03:51,335 | concert_ticketing.adapters.messaging.rabbitmq.consumer | INFO | Mensaje recibido: request_id=15726
2026-04-06 00:03:51,418 | concert_ticketing.adapters.messaging.rabbitmq.consumer | INFO | Mensaje recibido: request_id=15668
2026-04-06 00:03:51,496 | concert_ticketing.adapters.messaging.rabbitmq.consumer | INFO | Mensaje recibido: request_id=15697
2026-04-06 00:03:51,574 | concert_ticketing.adapters.messaging.rabbitmq.consumer | INFO | Mensaje recibido: request_id=15695
2026-04-06 00:03:51,656 | concert_ticketing.adapters.messaging.rabbitmq.consumer | INFO | Mensaje recibido: request_id=15711
2026-04-06 00:03:51,728 | concert_ticketing.adapters.messaging.rabbitmq.consumer | INFO | Mensaje recibido: request_id=15765
2026-04-06 00:03:51,815 | concert_ticketing.adapters.messaging.rabbitmq.consumer | INFO | Mensaje recibido: request_id=15682
2026-04-06 00:03:51,897 | concert_ticketing.adapters.messaging.rabbitmq.consumer | INFO | Mensaje recibido: request_id=15764
2026-04-06 00:03:51,992 | concert_ticketing.adapters.messaging.rabbitmq.consumer | INFO | Mensaje recibido: request_id=15727
2026-04-06 00:03:52,054 | concert_ticketing.adapters.messaging.rabbitmq.consumer | INFO | Mensaje recibido: request_id=15747
2026-04-06 00:03:52,132 | concert_ticketing.adapters.messaging.rabbitmq.consumer | INFO | Mensaje recibido: request_id=15775
2026-04-06 00:03:52,210 | concert_ticketing.adapters.messaging.rabbitmq.consumer | INFO | Mensaje recibido: request_id=15812
2026-04-06 00:03:52,295 | concert_ticketing.adapters.messaging.rabbitmq.consumer | INFO | Mensaje recibido: request_id=15703
2026-04-06 00:03:52,367 | concert_ticketing.adapters.messaging.rabbitmq.consumer | INFO | Mensaje recibido: request_id=15829
2026-04-06 00:03:52,454 | concert_ticketing.adapters.messaging.rabbitmq.consumer | INFO | Mensaje recibido: request_id=15831
2026-04-06 00:03:52,548 | concert_ticketing.adapters.messaging.rabbitmq.consumer | INFO | Mensaje recibido: request_id=15822
2026-04-06 00:03:52,629 | concert_ticketing.adapters.messaging.rabbitmq.consumer | INFO | Mensaje recibido: request_id=15846
2026-04-06 00:03:52,704 | concert_ticketing.adapters.messaging.rabbitmq.consumer | INFO | Mensaje recibido: request_id=15777
2026-04-06 00:03:52,787 | concert_ticketing.adapters.messaging.rabbitmq.consumer | INFO | Mensaje recibido: request_id=15870
2026-04-06 00:03:52,869 | concert_ticketing.adapters.messaging.rabbitmq.consumer | INFO | Mensaje recibido: request_id=15869
2026-04-06 00:03:52,954 | concert_ticketing.adapters.messaging.rabbitmq.consumer | INFO | Mensaje recibido: request_id=15818
2026-04-06 00:03:53,042 | concert_ticketing.adapters.messaging.rabbitmq.consumer | INFO | Mensaje recibido: request_id=15809
2026-04-06 00:03:53,133 | concert_ticketing.adapters.messaging.rabbitmq.consumer | INFO | Mensaje recibido: request_id=15841
2026-04-06 00:03:53,211 | concert_ticketing.adapters.messaging.rabbitmq.consumer | INFO | Mensaje recibido: request_id=15897
2026-04-06 00:03:53,299 | concert_ticketing.adapters.messaging.rabbitmq.consumer | INFO | Mensaje recibido: request_id=15918
2026-04-06 00:03:53,399 | concert_ticketing.adapters.messaging.rabbitmq.consumer | INFO | Mensaje recibido: request_id=15868
2026-04-06 00:03:53,489 | concert_ticketing.adapters.messaging.rabbitmq.consumer | INFO | Mensaje recibido: request_id=15889
2026-04-06 00:03:53,549 | concert_ticketing.adapters.messaging.rabbitmq.consumer | INFO | Mensaje recibido: request_id=15940
2026-04-06 00:03:53,633 | concert_ticketing.adapters.messaging.rabbitmq.consumer | INFO | Mensaje recibido: request_id=15937
2026-04-06 00:03:53,721 | concert_ticketing.adapters.messaging.rabbitmq.consumer | INFO | Mensaje recibido: request_id=15945
2026-04-06 00:03:53,806 | concert_ticketing.adapters.messaging.rabbitmq.consumer | INFO | Mensaje recibido: request_id=15859
2026-04-06 00:03:53,876 | concert_ticketing.adapters.messaging.rabbitmq.consumer | INFO | Mensaje recibido: request_id=15882
2026-04-06 00:03:53,957 | concert_ticketing.adapters.messaging.rabbitmq.consumer | INFO | Mensaje recibido: request_id=15860
2026-04-06 00:03:54,050 | concert_ticketing.adapters.messaging.rabbitmq.consumer | INFO | Mensaje recibido: request_id=15970
2026-04-06 00:03:54,119 | concert_ticketing.adapters.messaging.rabbitmq.consumer | INFO | Mensaje recibido: request_id=15964
2026-04-06 00:03:54,196 | concert_ticketing.adapters.messaging.rabbitmq.consumer | INFO | Mensaje recibido: request_id=15996
2026-04-06 00:03:54,275 | concert_ticketing.adapters.messaging.rabbitmq.consumer | INFO | Mensaje recibido: request_id=16007
2026-04-06 00:03:54,356 | concert_ticketing.adapters.messaging.rabbitmq.consumer | INFO | Mensaje recibido: request_id=16021
2026-04-06 00:03:54,438 | concert_ticketing.adapters.messaging.rabbitmq.consumer | INFO | Mensaje recibido: request_id=16029
2026-04-06 00:03:54,513 | concert_ticketing.adapters.messaging.rabbitmq.consumer | INFO | Mensaje recibido: request_id=15988
2026-04-06 00:03:54,570 | concert_ticketing.adapters.messaging.rabbitmq.consumer | INFO | Mensaje recibido: request_id=16023
2026-04-06 00:03:54,677 | concert_ticketing.adapters.messaging.rabbitmq.consumer | INFO | Mensaje recibido: request_id=16056
2026-04-06 00:03:54,750 | concert_ticketing.adapters.messaging.rabbitmq.consumer | INFO | Mensaje recibido: request_id=16062
2026-04-06 00:03:54,821 | concert_ticketing.adapters.messaging.rabbitmq.consumer | INFO | Mensaje recibido: request_id=16069
2026-04-06 00:03:54,903 | concert_ticketing.adapters.messaging.rabbitmq.consumer | INFO | Mensaje recibido: request_id=16075
2026-04-06 00:03:55,002 | concert_ticketing.adapters.messaging.rabbitmq.consumer | INFO | Mensaje recibido: request_id=15984
2026-04-06 00:03:55,095 | concert_ticketing.adapters.messaging.rabbitmq.consumer | INFO | Mensaje recibido: request_id=16080
2026-04-06 00:03:55,167 | concert_ticketing.adapters.messaging.rabbitmq.consumer | INFO | Mensaje recibido: request_id=16103
2026-04-06 00:03:55,248 | concert_ticketing.adapters.messaging.rabbitmq.consumer | INFO | Mensaje recibido: request_id=16110
2026-04-06 00:03:55,321 | concert_ticketing.adapters.messaging.rabbitmq.consumer | INFO | Mensaje recibido: request_id=16019
2026-04-06 00:03:55,390 | concert_ticketing.adapters.messaging.rabbitmq.consumer | INFO | Mensaje recibido: request_id=16078
2026-04-06 00:03:55,475 | concert_ticketing.adapters.messaging.rabbitmq.consumer | INFO | Mensaje recibido: request_id=16121
2026-04-06 00:03:55,550 | concert_ticketing.adapters.messaging.rabbitmq.consumer | INFO | Mensaje recibido: request_id=16089
2026-04-06 00:03:55,632 | concert_ticketing.adapters.messaging.rabbitmq.consumer | INFO | Mensaje recibido: request_id=16011
2026-04-06 00:03:55,721 | concert_ticketing.adapters.messaging.rabbitmq.consumer | INFO | Mensaje recibido: request_id=16159
2026-04-06 00:03:55,806 | concert_ticketing.adapters.messaging.rabbitmq.consumer | INFO | Mensaje recibido: request_id=16167
2026-04-06 00:03:55,875 | concert_ticketing.adapters.messaging.rabbitmq.consumer | INFO | Mensaje recibido: request_id=16130
2026-04-06 00:03:55,967 | concert_ticketing.adapters.messaging.rabbitmq.consumer | INFO | Mensaje recibido: request_id=16116
2026-04-06 00:03:56,039 | concert_ticketing.adapters.messaging.rabbitmq.consumer | INFO | Mensaje recibido: request_id=16088
2026-04-06 00:03:56,106 | concert_ticketing.adapters.messaging.rabbitmq.consumer | INFO | Mensaje recibido: request_id=16160
2026-04-06 00:03:56,179 | concert_ticketing.adapters.messaging.rabbitmq.consumer | INFO | Mensaje recibido: request_id=16035
2026-04-06 00:03:56,302 | concert_ticketing.adapters.messaging.rabbitmq.consumer | INFO | Mensaje recibido: request_id=16124
2026-04-06 00:03:56,382 | concert_ticketing.adapters.messaging.rabbitmq.consumer | INFO | Mensaje recibido: request_id=16223
2026-04-06 00:03:56,456 | concert_ticketing.adapters.messaging.rabbitmq.consumer | INFO | Mensaje recibido: request_id=16171
2026-04-06 00:03:56,519 | concert_ticketing.adapters.messaging.rabbitmq.consumer | INFO | Mensaje recibido: request_id=16137
2026-04-06 00:03:56,608 | concert_ticketing.adapters.messaging.rabbitmq.consumer | INFO | Mensaje recibido: request_id=16235
2026-04-06 00:03:56,677 | concert_ticketing.adapters.messaging.rabbitmq.consumer | INFO | Mensaje recibido: request_id=16226
2026-04-06 00:03:56,758 | concert_ticketing.adapters.messaging.rabbitmq.consumer | INFO | Mensaje recibido: request_id=16238
2026-04-06 00:03:56,839 | concert_ticketing.adapters.messaging.rabbitmq.consumer | INFO | Mensaje recibido: request_id=16222
2026-04-06 00:03:56,925 | concert_ticketing.adapters.messaging.rabbitmq.consumer | INFO | Mensaje recibido: request_id=16234
2026-04-06 00:03:57,029 | concert_ticketing.adapters.messaging.rabbitmq.consumer | INFO | Mensaje recibido: request_id=16257
2026-04-06 00:03:57,110 | concert_ticketing.adapters.messaging.rabbitmq.consumer | INFO | Mensaje recibido: request_id=16197
2026-04-06 00:03:57,199 | concert_ticketing.adapters.messaging.rabbitmq.consumer | INFO | Mensaje recibido: request_id=16224
2026-04-06 00:03:57,269 | concert_ticketing.adapters.messaging.rabbitmq.consumer | INFO | Mensaje recibido: request_id=16220
2026-04-06 00:03:57,356 | concert_ticketing.adapters.messaging.rabbitmq.consumer | INFO | Mensaje recibido: request_id=16274
2026-04-06 00:03:57,448 | concert_ticketing.adapters.messaging.rabbitmq.consumer | INFO | Mensaje recibido: request_id=16328
2026-04-06 00:03:57,535 | concert_ticketing.adapters.messaging.rabbitmq.consumer | INFO | Mensaje recibido: request_id=16334
2026-04-06 00:03:57,613 | concert_ticketing.adapters.messaging.rabbitmq.consumer | INFO | Mensaje recibido: request_id=16298
2026-04-06 00:03:57,702 | concert_ticketing.adapters.messaging.rabbitmq.consumer | INFO | Mensaje recibido: request_id=16323
2026-04-06 00:03:57,779 | concert_ticketing.adapters.messaging.rabbitmq.consumer | INFO | Mensaje recibido: request_id=16297
2026-04-06 00:03:57,875 | concert_ticketing.adapters.messaging.rabbitmq.consumer | INFO | Mensaje recibido: request_id=16320
2026-04-06 00:03:57,943 | concert_ticketing.adapters.messaging.rabbitmq.consumer | INFO | Mensaje recibido: request_id=16373
2026-04-06 00:03:58,024 | concert_ticketing.adapters.messaging.rabbitmq.consumer | INFO | Mensaje recibido: request_id=16382
2026-04-06 00:03:58,104 | concert_ticketing.adapters.messaging.rabbitmq.consumer | INFO | Mensaje recibido: request_id=16363
2026-04-06 00:03:58,184 | concert_ticketing.adapters.messaging.rabbitmq.consumer | INFO | Mensaje recibido: request_id=16378
2026-04-06 00:03:58,250 | concert_ticketing.adapters.messaging.rabbitmq.consumer | INFO | Mensaje recibido: request_id=16375
2026-04-06 00:03:58,342 | concert_ticketing.adapters.messaging.rabbitmq.consumer | INFO | Mensaje recibido: request_id=16390
2026-04-06 00:03:58,428 | concert_ticketing.adapters.messaging.rabbitmq.consumer | INFO | Mensaje recibido: request_id=16422
2026-04-06 00:03:58,514 | concert_ticketing.adapters.messaging.rabbitmq.consumer | INFO | Mensaje recibido: request_id=16403
2026-04-06 00:03:58,584 | concert_ticketing.adapters.messaging.rabbitmq.consumer | INFO | Mensaje recibido: request_id=16253
2026-04-06 00:03:58,681 | concert_ticketing.adapters.messaging.rabbitmq.consumer | INFO | Mensaje recibido: request_id=16411
2026-04-06 00:03:58,756 | concert_ticketing.adapters.messaging.rabbitmq.consumer | INFO | Mensaje recibido: request_id=16431
2026-04-06 00:03:58,837 | concert_ticketing.adapters.messaging.rabbitmq.consumer | INFO | Mensaje recibido: request_id=16376
2026-04-06 00:03:58,895 | concert_ticketing.adapters.messaging.rabbitmq.consumer | INFO | Mensaje recibido: request_id=16359
2026-04-06 00:03:58,996 | concert_ticketing.adapters.messaging.rabbitmq.consumer | INFO | Mensaje recibido: request_id=16478
2026-04-06 00:03:59,073 | concert_ticketing.adapters.messaging.rabbitmq.consumer | INFO | Mensaje recibido: request_id=16468
2026-04-06 00:03:59,156 | concert_ticketing.adapters.messaging.rabbitmq.consumer | INFO | Mensaje recibido: request_id=16438
2026-04-06 00:03:59,226 | concert_ticketing.adapters.messaging.rabbitmq.consumer | INFO | Mensaje recibido: request_id=16501
2026-04-06 00:03:59,300 | concert_ticketing.adapters.messaging.rabbitmq.consumer | INFO | Mensaje recibido: request_id=16433
2026-04-06 00:03:59,377 | concert_ticketing.adapters.messaging.rabbitmq.consumer | INFO | Mensaje recibido: request_id=16515
2026-04-06 00:03:59,461 | concert_ticketing.adapters.messaging.rabbitmq.consumer | INFO | Mensaje recibido: request_id=16421
2026-04-06 00:03:59,569 | concert_ticketing.adapters.messaging.rabbitmq.consumer | INFO | Mensaje recibido: request_id=16531
2026-04-06 00:03:59,654 | concert_ticketing.adapters.messaging.rabbitmq.consumer | INFO | Mensaje recibido: request_id=16542
2026-04-06 00:03:59,741 | concert_ticketing.adapters.messaging.rabbitmq.consumer | INFO | Mensaje recibido: request_id=16489
2026-04-06 00:03:59,828 | concert_ticketing.adapters.messaging.rabbitmq.consumer | INFO | Mensaje recibido: request_id=16559
2026-04-06 00:03:59,897 | concert_ticketing.adapters.messaging.rabbitmq.consumer | INFO | Mensaje recibido: request_id=16546
2026-04-06 00:03:59,988 | concert_ticketing.adapters.messaging.rabbitmq.consumer | INFO | Mensaje recibido: request_id=16553
2026-04-06 00:04:00,073 | concert_ticketing.adapters.messaging.rabbitmq.consumer | INFO | Mensaje recibido: request_id=16579
2026-04-06 00:04:00,157 | concert_ticketing.adapters.messaging.rabbitmq.consumer | INFO | Mensaje recibido: request_id=16580
2026-04-06 00:04:00,258 | concert_ticketing.adapters.messaging.rabbitmq.consumer | INFO | Mensaje recibido: request_id=16598
2026-04-06 00:04:00,344 | concert_ticketing.adapters.messaging.rabbitmq.consumer | INFO | Mensaje recibido: request_id=16569
2026-04-06 00:04:00,429 | concert_ticketing.adapters.messaging.rabbitmq.consumer | INFO | Mensaje recibido: request_id=16589
2026-04-06 00:04:00,507 | concert_ticketing.adapters.messaging.rabbitmq.consumer | INFO | Mensaje recibido: request_id=16597
2026-04-06 00:04:00,598 | concert_ticketing.adapters.messaging.rabbitmq.consumer | INFO | Mensaje recibido: request_id=16533
2026-04-06 00:04:00,677 | concert_ticketing.adapters.messaging.rabbitmq.consumer | INFO | Mensaje recibido: request_id=16631
2026-04-06 00:04:00,775 | concert_ticketing.adapters.messaging.rabbitmq.consumer | INFO | Mensaje recibido: request_id=16637
2026-04-06 00:04:00,894 | concert_ticketing.adapters.messaging.rabbitmq.consumer | INFO | Mensaje recibido: request_id=16655
2026-04-06 00:04:00,977 | concert_ticketing.adapters.messaging.rabbitmq.consumer | INFO | Mensaje recibido: request_id=16617
2026-04-06 00:04:01,086 | concert_ticketing.adapters.messaging.rabbitmq.consumer | INFO | Mensaje recibido: request_id=16669
2026-04-06 00:04:01,160 | concert_ticketing.adapters.messaging.rabbitmq.consumer | INFO | Mensaje recibido: request_id=16650
2026-04-06 00:04:01,267 | concert_ticketing.adapters.messaging.rabbitmq.consumer | INFO | Mensaje recibido: request_id=16686
2026-04-06 00:04:01,388 | concert_ticketing.adapters.messaging.rabbitmq.consumer | INFO | Mensaje recibido: request_id=16629
2026-04-06 00:04:01,515 | concert_ticketing.adapters.messaging.rabbitmq.consumer | INFO | Mensaje recibido: request_id=16648
2026-04-06 00:04:01,625 | concert_ticketing.adapters.messaging.rabbitmq.consumer | INFO | Mensaje recibido: request_id=16532
2026-04-06 00:04:01,723 | concert_ticketing.adapters.messaging.rabbitmq.consumer | INFO | Mensaje recibido: request_id=16709
2026-04-06 00:04:01,831 | concert_ticketing.adapters.messaging.rabbitmq.consumer | INFO | Mensaje recibido: request_id=16725
2026-04-06 00:04:01,931 | concert_ticketing.adapters.messaging.rabbitmq.consumer | INFO | Mensaje recibido: request_id=16720
2026-04-06 00:04:02,002 | concert_ticketing.adapters.messaging.rabbitmq.consumer | INFO | Mensaje recibido: request_id=16733
2026-04-06 00:04:02,088 | concert_ticketing.adapters.messaging.rabbitmq.consumer | INFO | Mensaje recibido: request_id=16740
2026-04-06 00:04:02,179 | concert_ticketing.adapters.messaging.rabbitmq.consumer | INFO | Mensaje recibido: request_id=16716
2026-04-06 00:04:02,274 | concert_ticketing.adapters.messaging.rabbitmq.consumer | INFO | Mensaje recibido: request_id=16663
2026-04-06 00:04:02,354 | concert_ticketing.adapters.messaging.rabbitmq.consumer | INFO | Mensaje recibido: request_id=16715
2026-04-06 00:04:02,423 | concert_ticketing.adapters.messaging.rabbitmq.consumer | INFO | Mensaje recibido: request_id=16755
2026-04-06 00:04:02,516 | concert_ticketing.adapters.messaging.rabbitmq.consumer | INFO | Mensaje recibido: request_id=16790
2026-04-06 00:04:02,614 | concert_ticketing.adapters.messaging.rabbitmq.consumer | INFO | Mensaje recibido: request_id=16782
2026-04-06 00:04:02,691 | concert_ticketing.adapters.messaging.rabbitmq.consumer | INFO | Mensaje recibido: request_id=16807
2026-04-06 00:04:02,781 | concert_ticketing.adapters.messaging.rabbitmq.consumer | INFO | Mensaje recibido: request_id=16691
2026-04-06 00:04:02,862 | concert_ticketing.adapters.messaging.rabbitmq.consumer | INFO | Mensaje recibido: request_id=16786
2026-04-06 00:04:02,962 | concert_ticketing.adapters.messaging.rabbitmq.consumer | INFO | Mensaje recibido: request_id=16766
2026-04-06 00:04:03,028 | concert_ticketing.adapters.messaging.rabbitmq.consumer | INFO | Mensaje recibido: request_id=16828
2026-04-06 00:04:03,121 | concert_ticketing.adapters.messaging.rabbitmq.consumer | INFO | Mensaje recibido: request_id=16797
2026-04-06 00:04:03,200 | concert_ticketing.adapters.messaging.rabbitmq.consumer | INFO | Mensaje recibido: request_id=16826
2026-04-06 00:04:03,273 | concert_ticketing.adapters.messaging.rabbitmq.consumer | INFO | Mensaje recibido: request_id=16823
2026-04-06 00:04:03,363 | concert_ticketing.adapters.messaging.rabbitmq.consumer | INFO | Mensaje recibido: request_id=16793
2026-04-06 00:04:03,455 | concert_ticketing.adapters.messaging.rabbitmq.consumer | INFO | Mensaje recibido: request_id=16879
2026-04-06 00:04:03,525 | concert_ticketing.adapters.messaging.rabbitmq.consumer | INFO | Mensaje recibido: request_id=16845
2026-04-06 00:04:03,595 | concert_ticketing.adapters.messaging.rabbitmq.consumer | INFO | Mensaje recibido: request_id=16893
2026-04-06 00:04:03,695 | concert_ticketing.adapters.messaging.rabbitmq.consumer | INFO | Mensaje recibido: request_id=16903
2026-04-06 00:04:03,754 | concert_ticketing.adapters.messaging.rabbitmq.consumer | INFO | Mensaje recibido: request_id=16896
2026-04-06 00:04:03,818 | concert_ticketing.adapters.messaging.rabbitmq.consumer | INFO | Mensaje recibido: request_id=16884
2026-04-06 00:04:03,912 | concert_ticketing.adapters.messaging.rabbitmq.consumer | INFO | Mensaje recibido: request_id=16926
2026-04-06 00:04:03,992 | concert_ticketing.adapters.messaging.rabbitmq.consumer | INFO | Mensaje recibido: request_id=16890
2026-04-06 00:04:04,081 | concert_ticketing.adapters.messaging.rabbitmq.consumer | INFO | Mensaje recibido: request_id=16933
2026-04-06 00:04:04,154 | concert_ticketing.adapters.messaging.rabbitmq.consumer | INFO | Mensaje recibido: request_id=16942
2026-04-06 00:04:04,246 | concert_ticketing.adapters.messaging.rabbitmq.consumer | INFO | Mensaje recibido: request_id=16949
2026-04-06 00:04:04,307 | concert_ticketing.adapters.messaging.rabbitmq.consumer | INFO | Mensaje recibido: request_id=16768
2026-04-06 00:04:04,389 | concert_ticketing.adapters.messaging.rabbitmq.consumer | INFO | Mensaje recibido: request_id=16966
2026-04-06 00:04:04,478 | concert_ticketing.adapters.messaging.rabbitmq.consumer | INFO | Mensaje recibido: request_id=16952
2026-04-06 00:04:04,567 | concert_ticketing.adapters.messaging.rabbitmq.consumer | INFO | Mensaje recibido: request_id=16849
2026-04-06 00:04:04,636 | concert_ticketing.adapters.messaging.rabbitmq.consumer | INFO | Mensaje recibido: request_id=16968
2026-04-06 00:04:04,721 | concert_ticketing.adapters.messaging.rabbitmq.consumer | INFO | Mensaje recibido: request_id=16936
2026-04-06 00:04:04,800 | concert_ticketing.adapters.messaging.rabbitmq.consumer | INFO | Mensaje recibido: request_id=16928
2026-04-06 00:04:04,895 | concert_ticketing.adapters.messaging.rabbitmq.consumer | INFO | Mensaje recibido: request_id=16973
2026-04-06 00:04:04,975 | concert_ticketing.adapters.messaging.rabbitmq.consumer | INFO | Mensaje recibido: request_id=17023
2026-04-06 00:04:05,048 | concert_ticketing.adapters.messaging.rabbitmq.consumer | INFO | Mensaje recibido: request_id=16934
2026-04-06 00:04:05,137 | concert_ticketing.adapters.messaging.rabbitmq.consumer | INFO | Mensaje recibido: request_id=17038
2026-04-06 00:04:05,198 | concert_ticketing.adapters.messaging.rabbitmq.consumer | INFO | Mensaje recibido: request_id=17022
2026-04-06 00:04:05,278 | concert_ticketing.adapters.messaging.rabbitmq.consumer | INFO | Mensaje recibido: request_id=17048
2026-04-06 00:04:05,380 | concert_ticketing.adapters.messaging.rabbitmq.consumer | INFO | Mensaje recibido: request_id=17061
2026-04-06 00:04:05,455 | concert_ticketing.adapters.messaging.rabbitmq.consumer | INFO | Mensaje recibido: request_id=17051
2026-04-06 00:04:05,540 | concert_ticketing.adapters.messaging.rabbitmq.consumer | INFO | Mensaje recibido: request_id=17058
2026-04-06 00:04:05,621 | concert_ticketing.adapters.messaging.rabbitmq.consumer | INFO | Mensaje recibido: request_id=17004
2026-04-06 00:04:05,683 | concert_ticketing.adapters.messaging.rabbitmq.consumer | INFO | Mensaje recibido: request_id=17008
2026-04-06 00:04:05,761 | concert_ticketing.adapters.messaging.rabbitmq.consumer | INFO | Mensaje recibido: request_id=17076
2026-04-06 00:04:05,833 | concert_ticketing.adapters.messaging.rabbitmq.consumer | INFO | Mensaje recibido: request_id=17073
2026-04-06 00:04:05,918 | concert_ticketing.adapters.messaging.rabbitmq.consumer | INFO | Mensaje recibido: request_id=17127
2026-04-06 00:04:06,000 | concert_ticketing.adapters.messaging.rabbitmq.consumer | INFO | Mensaje recibido: request_id=16997
2026-04-06 00:04:06,077 | concert_ticketing.adapters.messaging.rabbitmq.consumer | INFO | Mensaje recibido: request_id=17110
2026-04-06 00:04:06,148 | concert_ticketing.adapters.messaging.rabbitmq.consumer | INFO | Mensaje recibido: request_id=17138
2026-04-06 00:04:06,229 | concert_ticketing.adapters.messaging.rabbitmq.consumer | INFO | Mensaje recibido: request_id=17130
2026-04-06 00:04:06,306 | concert_ticketing.adapters.messaging.rabbitmq.consumer | INFO | Mensaje recibido: request_id=17166
2026-04-06 00:04:06,396 | concert_ticketing.adapters.messaging.rabbitmq.consumer | INFO | Mensaje recibido: request_id=17116
2026-04-06 00:04:06,476 | concert_ticketing.adapters.messaging.rabbitmq.consumer | INFO | Mensaje recibido: request_id=17175
2026-04-06 00:04:06,564 | concert_ticketing.adapters.messaging.rabbitmq.consumer | INFO | Mensaje recibido: request_id=17191
2026-04-06 00:04:06,654 | concert_ticketing.adapters.messaging.rabbitmq.consumer | INFO | Mensaje recibido: request_id=17198
2026-04-06 00:04:06,723 | concert_ticketing.adapters.messaging.rabbitmq.consumer | INFO | Mensaje recibido: request_id=17182
2026-04-06 00:04:06,786 | concert_ticketing.adapters.messaging.rabbitmq.consumer | INFO | Mensaje recibido: request_id=17176
2026-04-06 00:04:06,872 | concert_ticketing.adapters.messaging.rabbitmq.consumer | INFO | Mensaje recibido: request_id=17222
2026-04-06 00:04:06,954 | concert_ticketing.adapters.messaging.rabbitmq.consumer | INFO | Mensaje recibido: request_id=17180
2026-04-06 00:04:07,025 | concert_ticketing.adapters.messaging.rabbitmq.consumer | INFO | Mensaje recibido: request_id=17212
2026-04-06 00:04:07,104 | concert_ticketing.adapters.messaging.rabbitmq.consumer | INFO | Mensaje recibido: request_id=17223
2026-04-06 00:04:07,188 | concert_ticketing.adapters.messaging.rabbitmq.consumer | INFO | Mensaje recibido: request_id=17253
2026-04-06 00:04:07,270 | concert_ticketing.adapters.messaging.rabbitmq.consumer | INFO | Mensaje recibido: request_id=17202
2026-04-06 00:04:07,370 | concert_ticketing.adapters.messaging.rabbitmq.consumer | INFO | Mensaje recibido: request_id=17140
2026-04-06 00:04:07,441 | concert_ticketing.adapters.messaging.rabbitmq.consumer | INFO | Mensaje recibido: request_id=17207
2026-04-06 00:04:07,524 | concert_ticketing.adapters.messaging.rabbitmq.consumer | INFO | Mensaje recibido: request_id=17284
2026-04-06 00:04:07,598 | concert_ticketing.adapters.messaging.rabbitmq.consumer | INFO | Mensaje recibido: request_id=17285
2026-04-06 00:04:07,652 | concert_ticketing.adapters.messaging.rabbitmq.consumer | INFO | Mensaje recibido: request_id=17234
2026-04-06 00:04:07,737 | concert_ticketing.adapters.messaging.rabbitmq.consumer | INFO | Mensaje recibido: request_id=17169
2026-04-06 00:04:07,823 | concert_ticketing.adapters.messaging.rabbitmq.consumer | INFO | Mensaje recibido: request_id=17318
2026-04-06 00:04:07,896 | concert_ticketing.adapters.messaging.rabbitmq.consumer | INFO | Mensaje recibido: request_id=17305
2026-04-06 00:04:07,989 | concert_ticketing.adapters.messaging.rabbitmq.consumer | INFO | Mensaje recibido: request_id=17240
2026-04-06 00:04:08,054 | concert_ticketing.adapters.messaging.rabbitmq.consumer | INFO | Mensaje recibido: request_id=17329
2026-04-06 00:04:08,129 | concert_ticketing.adapters.messaging.rabbitmq.consumer | INFO | Mensaje recibido: request_id=17342
2026-04-06 00:04:08,217 | concert_ticketing.adapters.messaging.rabbitmq.consumer | INFO | Mensaje recibido: request_id=17282
2026-04-06 00:04:08,283 | concert_ticketing.adapters.messaging.rabbitmq.consumer | INFO | Mensaje recibido: request_id=17308
2026-04-06 00:04:08,363 | concert_ticketing.adapters.messaging.rabbitmq.consumer | INFO | Mensaje recibido: request_id=17374
2026-04-06 00:04:08,449 | concert_ticketing.adapters.messaging.rabbitmq.consumer | INFO | Mensaje recibido: request_id=17357
2026-04-06 00:04:08,529 | concert_ticketing.adapters.messaging.rabbitmq.consumer | INFO | Mensaje recibido: request_id=17346
2026-04-06 00:04:08,616 | concert_ticketing.adapters.messaging.rabbitmq.consumer | INFO | Mensaje recibido: request_id=17385
2026-04-06 00:04:08,707 | concert_ticketing.adapters.messaging.rabbitmq.consumer | INFO | Mensaje recibido: request_id=17394
2026-04-06 00:04:08,779 | concert_ticketing.adapters.messaging.rabbitmq.consumer | INFO | Mensaje recibido: request_id=17312
2026-04-06 00:04:08,873 | concert_ticketing.adapters.messaging.rabbitmq.consumer | INFO | Mensaje recibido: request_id=17414
2026-04-06 00:04:08,958 | concert_ticketing.adapters.messaging.rabbitmq.consumer | INFO | Mensaje recibido: request_id=17382
2026-04-06 00:04:09,042 | concert_ticketing.adapters.messaging.rabbitmq.consumer | INFO | Mensaje recibido: request_id=17430
2026-04-06 00:04:09,125 | concert_ticketing.adapters.messaging.rabbitmq.consumer | INFO | Mensaje recibido: request_id=17445
2026-04-06 00:04:09,227 | concert_ticketing.adapters.messaging.rabbitmq.consumer | INFO | Mensaje recibido: request_id=17456
2026-04-06 00:04:09,312 | concert_ticketing.adapters.messaging.rabbitmq.consumer | INFO | Mensaje recibido: request_id=17337
2026-04-06 00:04:09,393 | concert_ticketing.adapters.messaging.rabbitmq.consumer | INFO | Mensaje recibido: request_id=17434
2026-04-06 00:04:09,479 | concert_ticketing.adapters.messaging.rabbitmq.consumer | INFO | Mensaje recibido: request_id=17460
2026-04-06 00:04:09,565 | concert_ticketing.adapters.messaging.rabbitmq.consumer | INFO | Mensaje recibido: request_id=17452
2026-04-06 00:04:09,629 | concert_ticketing.adapters.messaging.rabbitmq.consumer | INFO | Mensaje recibido: request_id=17479
2026-04-06 00:04:09,711 | concert_ticketing.adapters.messaging.rabbitmq.consumer | INFO | Mensaje recibido: request_id=17290
2026-04-06 00:04:09,775 | concert_ticketing.adapters.messaging.rabbitmq.consumer | INFO | Mensaje recibido: request_id=17501
2026-04-06 00:04:09,867 | concert_ticketing.adapters.messaging.rabbitmq.consumer | INFO | Mensaje recibido: request_id=17451
2026-04-06 00:04:09,944 | concert_ticketing.adapters.messaging.rabbitmq.consumer | INFO | Mensaje recibido: request_id=17520
2026-04-06 00:04:10,027 | concert_ticketing.adapters.messaging.rabbitmq.consumer | INFO | Mensaje recibido: request_id=17506
2026-04-06 00:04:10,118 | concert_ticketing.adapters.messaging.rabbitmq.consumer | INFO | Mensaje recibido: request_id=17488
2026-04-06 00:04:10,193 | concert_ticketing.adapters.messaging.rabbitmq.consumer | INFO | Mensaje recibido: request_id=17543
2026-04-06 00:04:10,269 | concert_ticketing.adapters.messaging.rabbitmq.consumer | INFO | Mensaje recibido: request_id=17558
2026-04-06 00:04:10,363 | concert_ticketing.adapters.messaging.rabbitmq.consumer | INFO | Mensaje recibido: request_id=17459
2026-04-06 00:04:10,459 | concert_ticketing.adapters.messaging.rabbitmq.consumer | INFO | Mensaje recibido: request_id=17569
2026-04-06 00:04:10,554 | concert_ticketing.adapters.messaging.rabbitmq.consumer | INFO | Mensaje recibido: request_id=17339
2026-04-06 00:04:10,633 | concert_ticketing.adapters.messaging.rabbitmq.consumer | INFO | Mensaje recibido: request_id=17551
2026-04-06 00:04:10,721 | concert_ticketing.adapters.messaging.rabbitmq.consumer | INFO | Mensaje recibido: request_id=17596
2026-04-06 00:04:10,785 | concert_ticketing.adapters.messaging.rabbitmq.consumer | INFO | Mensaje recibido: request_id=17604
2026-04-06 00:04:10,854 | concert_ticketing.adapters.messaging.rabbitmq.consumer | INFO | Mensaje recibido: request_id=17611
2026-04-06 00:04:10,921 | concert_ticketing.adapters.messaging.rabbitmq.consumer | INFO | Mensaje recibido: request_id=17607
2026-04-06 00:04:10,995 | concert_ticketing.adapters.messaging.rabbitmq.consumer | INFO | Mensaje recibido: request_id=17542
2026-04-06 00:04:11,086 | concert_ticketing.adapters.messaging.rabbitmq.consumer | INFO | Mensaje recibido: request_id=17639
2026-04-06 00:04:11,156 | concert_ticketing.adapters.messaging.rabbitmq.consumer | INFO | Mensaje recibido: request_id=17526
2026-04-06 00:04:11,232 | concert_ticketing.adapters.messaging.rabbitmq.consumer | INFO | Mensaje recibido: request_id=17571
2026-04-06 00:04:11,321 | concert_ticketing.adapters.messaging.rabbitmq.consumer | INFO | Mensaje recibido: request_id=17615
2026-04-06 00:04:11,398 | concert_ticketing.adapters.messaging.rabbitmq.consumer | INFO | Mensaje recibido: request_id=17662
2026-04-06 00:04:11,510 | concert_ticketing.adapters.messaging.rabbitmq.consumer | INFO | Mensaje recibido: request_id=17679
2026-04-06 00:04:11,607 | concert_ticketing.adapters.messaging.rabbitmq.consumer | INFO | Mensaje recibido: request_id=17685
2026-04-06 00:04:11,689 | concert_ticketing.adapters.messaging.rabbitmq.consumer | INFO | Mensaje recibido: request_id=17688
2026-04-06 00:04:11,771 | concert_ticketing.adapters.messaging.rabbitmq.consumer | INFO | Mensaje recibido: request_id=17616
2026-04-06 00:04:11,845 | concert_ticketing.adapters.messaging.rabbitmq.consumer | INFO | Mensaje recibido: request_id=17621
2026-04-06 00:04:11,939 | concert_ticketing.adapters.messaging.rabbitmq.consumer | INFO | Mensaje recibido: request_id=17703
2026-04-06 00:04:12,016 | concert_ticketing.adapters.messaging.rabbitmq.consumer | INFO | Mensaje recibido: request_id=17717
2026-04-06 00:04:12,121 | concert_ticketing.adapters.messaging.rabbitmq.consumer | INFO | Mensaje recibido: request_id=17734
2026-04-06 00:04:12,213 | concert_ticketing.adapters.messaging.rabbitmq.consumer | INFO | Mensaje recibido: request_id=17692
2026-04-06 00:04:12,282 | concert_ticketing.adapters.messaging.rabbitmq.consumer | INFO | Mensaje recibido: request_id=17724
2026-04-06 00:04:12,385 | concert_ticketing.adapters.messaging.rabbitmq.consumer | INFO | Mensaje recibido: request_id=17749
2026-04-06 00:04:12,502 | concert_ticketing.adapters.messaging.rabbitmq.consumer | INFO | Mensaje recibido: request_id=17725
2026-04-06 00:04:12,596 | concert_ticketing.adapters.messaging.rabbitmq.consumer | INFO | Mensaje recibido: request_id=17745
2026-04-06 00:04:12,686 | concert_ticketing.adapters.messaging.rabbitmq.consumer | INFO | Mensaje recibido: request_id=17775
2026-04-06 00:04:12,779 | concert_ticketing.adapters.messaging.rabbitmq.consumer | INFO | Mensaje recibido: request_id=17736
2026-04-06 00:04:12,875 | concert_ticketing.adapters.messaging.rabbitmq.consumer | INFO | Mensaje recibido: request_id=17785
2026-04-06 00:04:12,968 | concert_ticketing.adapters.messaging.rabbitmq.consumer | INFO | Mensaje recibido: request_id=17765
2026-04-06 00:04:13,042 | concert_ticketing.adapters.messaging.rabbitmq.consumer | INFO | Mensaje recibido: request_id=17793
2026-04-06 00:04:13,122 | concert_ticketing.adapters.messaging.rabbitmq.consumer | INFO | Mensaje recibido: request_id=17820
2026-04-06 00:04:13,212 | concert_ticketing.adapters.messaging.rabbitmq.consumer | INFO | Mensaje recibido: request_id=17786
2026-04-06 00:04:13,258 | concert_ticketing.adapters.messaging.rabbitmq.consumer | INFO | Mensaje recibido: request_id=17707
2026-04-06 00:04:13,367 | concert_ticketing.adapters.messaging.rabbitmq.consumer | INFO | Mensaje recibido: request_id=17766
2026-04-06 00:04:13,459 | concert_ticketing.adapters.messaging.rabbitmq.consumer | INFO | Mensaje recibido: request_id=17806
2026-04-06 00:04:13,533 | concert_ticketing.adapters.messaging.rabbitmq.consumer | INFO | Mensaje recibido: request_id=17855
2026-04-06 00:04:13,594 | concert_ticketing.adapters.messaging.rabbitmq.consumer | INFO | Mensaje recibido: request_id=17833
2026-04-06 00:04:13,679 | concert_ticketing.adapters.messaging.rabbitmq.consumer | INFO | Mensaje recibido: request_id=17795
2026-04-06 00:04:13,779 | concert_ticketing.adapters.messaging.rabbitmq.consumer | INFO | Mensaje recibido: request_id=17699
2026-04-06 00:04:13,875 | concert_ticketing.adapters.messaging.rabbitmq.consumer | INFO | Mensaje recibido: request_id=17879
2026-04-06 00:04:13,960 | concert_ticketing.adapters.messaging.rabbitmq.consumer | INFO | Mensaje recibido: request_id=17728
2026-04-06 00:04:14,044 | concert_ticketing.adapters.messaging.rabbitmq.consumer | INFO | Mensaje recibido: request_id=17909
2026-04-06 00:04:14,116 | concert_ticketing.adapters.messaging.rabbitmq.consumer | INFO | Mensaje recibido: request_id=17887
2026-04-06 00:04:14,212 | concert_ticketing.adapters.messaging.rabbitmq.consumer | INFO | Mensaje recibido: request_id=17863
2026-04-06 00:04:14,300 | concert_ticketing.adapters.messaging.rabbitmq.consumer | INFO | Mensaje recibido: request_id=17934
2026-04-06 00:04:14,395 | concert_ticketing.adapters.messaging.rabbitmq.consumer | INFO | Mensaje recibido: request_id=17847
2026-04-06 00:04:14,472 | concert_ticketing.adapters.messaging.rabbitmq.consumer | INFO | Mensaje recibido: request_id=17951
2026-04-06 00:04:14,554 | concert_ticketing.adapters.messaging.rabbitmq.consumer | INFO | Mensaje recibido: request_id=17893
2026-04-06 00:04:14,653 | concert_ticketing.adapters.messaging.rabbitmq.consumer | INFO | Mensaje recibido: request_id=17952
2026-04-06 00:04:14,731 | concert_ticketing.adapters.messaging.rabbitmq.consumer | INFO | Mensaje recibido: request_id=17953
2026-04-06 00:04:14,820 | concert_ticketing.adapters.messaging.rabbitmq.consumer | INFO | Mensaje recibido: request_id=17898
2026-04-06 00:04:14,896 | concert_ticketing.adapters.messaging.rabbitmq.consumer | INFO | Mensaje recibido: request_id=17974
2026-04-06 00:04:14,992 | concert_ticketing.adapters.messaging.rabbitmq.consumer | INFO | Mensaje recibido: request_id=17992
2026-04-06 00:04:15,048 | concert_ticketing.adapters.messaging.rabbitmq.consumer | INFO | Mensaje recibido: request_id=17996
2026-04-06 00:04:15,132 | concert_ticketing.adapters.messaging.rabbitmq.consumer | INFO | Mensaje recibido: request_id=17987
2026-04-06 00:04:15,226 | concert_ticketing.adapters.messaging.rabbitmq.consumer | INFO | Mensaje recibido: request_id=17926
2026-04-06 00:04:15,312 | concert_ticketing.adapters.messaging.rabbitmq.consumer | INFO | Mensaje recibido: request_id=18023
2026-04-06 00:04:15,397 | concert_ticketing.adapters.messaging.rabbitmq.consumer | INFO | Mensaje recibido: request_id=17963
2026-04-06 00:04:15,504 | concert_ticketing.adapters.messaging.rabbitmq.consumer | INFO | Mensaje recibido: request_id=18041
2026-04-06 00:04:15,584 | concert_ticketing.adapters.messaging.rabbitmq.consumer | INFO | Mensaje recibido: request_id=18055
2026-04-06 00:04:15,675 | concert_ticketing.adapters.messaging.rabbitmq.consumer | INFO | Mensaje recibido: request_id=18061
2026-04-06 00:04:15,760 | concert_ticketing.adapters.messaging.rabbitmq.consumer | INFO | Mensaje recibido: request_id=18032
2026-04-06 00:04:15,850 | concert_ticketing.adapters.messaging.rabbitmq.consumer | INFO | Mensaje recibido: request_id=17993
2026-04-06 00:04:15,935 | concert_ticketing.adapters.messaging.rabbitmq.consumer | INFO | Mensaje recibido: request_id=18012
2026-04-06 00:04:16,017 | concert_ticketing.adapters.messaging.rabbitmq.consumer | INFO | Mensaje recibido: request_id=17999
2026-04-06 00:04:16,108 | concert_ticketing.adapters.messaging.rabbitmq.consumer | INFO | Mensaje recibido: request_id=18058
2026-04-06 00:04:16,170 | concert_ticketing.adapters.messaging.rabbitmq.consumer | INFO | Mensaje recibido: request_id=18108
2026-04-06 00:04:16,258 | concert_ticketing.adapters.messaging.rabbitmq.consumer | INFO | Mensaje recibido: request_id=17836
2026-04-06 00:04:16,355 | concert_ticketing.adapters.messaging.rabbitmq.consumer | INFO | Mensaje recibido: request_id=18101
2026-04-06 00:04:16,445 | concert_ticketing.adapters.messaging.rabbitmq.consumer | INFO | Mensaje recibido: request_id=18028
2026-04-06 00:04:16,521 | concert_ticketing.adapters.messaging.rabbitmq.consumer | INFO | Mensaje recibido: request_id=18031
2026-04-06 00:04:16,623 | concert_ticketing.adapters.messaging.rabbitmq.consumer | INFO | Mensaje recibido: request_id=18079
2026-04-06 00:04:16,715 | concert_ticketing.adapters.messaging.rabbitmq.consumer | INFO | Mensaje recibido: request_id=18159
2026-04-06 00:04:16,799 | concert_ticketing.adapters.messaging.rabbitmq.consumer | INFO | Mensaje recibido: request_id=18153
2026-04-06 00:04:16,864 | concert_ticketing.adapters.messaging.rabbitmq.consumer | INFO | Mensaje recibido: request_id=18116
2026-04-06 00:04:16,957 | concert_ticketing.adapters.messaging.rabbitmq.consumer | INFO | Mensaje recibido: request_id=18106
2026-04-06 00:04:17,041 | concert_ticketing.adapters.messaging.rabbitmq.consumer | INFO | Mensaje recibido: request_id=18113
2026-04-06 00:04:17,146 | concert_ticketing.adapters.messaging.rabbitmq.consumer | INFO | Mensaje recibido: request_id=18181
2026-04-06 00:04:17,237 | concert_ticketing.adapters.messaging.rabbitmq.consumer | INFO | Mensaje recibido: request_id=18190
2026-04-06 00:04:17,315 | concert_ticketing.adapters.messaging.rabbitmq.consumer | INFO | Mensaje recibido: request_id=18215
2026-04-06 00:04:17,395 | concert_ticketing.adapters.messaging.rabbitmq.consumer | INFO | Mensaje recibido: request_id=18155
2026-04-06 00:04:17,474 | concert_ticketing.adapters.messaging.rabbitmq.consumer | INFO | Mensaje recibido: request_id=18220
2026-04-06 00:04:17,563 | concert_ticketing.adapters.messaging.rabbitmq.consumer | INFO | Mensaje recibido: request_id=18167
2026-04-06 00:04:17,653 | concert_ticketing.adapters.messaging.rabbitmq.consumer | INFO | Mensaje recibido: request_id=18246
2026-04-06 00:04:17,741 | concert_ticketing.adapters.messaging.rabbitmq.consumer | INFO | Mensaje recibido: request_id=18177
2026-04-06 00:04:17,815 | concert_ticketing.adapters.messaging.rabbitmq.consumer | INFO | Mensaje recibido: request_id=18255
2026-04-06 00:04:17,898 | concert_ticketing.adapters.messaging.rabbitmq.consumer | INFO | Mensaje recibido: request_id=18148
2026-04-06 00:04:17,984 | concert_ticketing.adapters.messaging.rabbitmq.consumer | INFO | Mensaje recibido: request_id=18277
2026-04-06 00:04:18,079 | concert_ticketing.adapters.messaging.rabbitmq.consumer | INFO | Mensaje recibido: request_id=18282
2026-04-06 00:04:18,159 | concert_ticketing.adapters.messaging.rabbitmq.consumer | INFO | Mensaje recibido: request_id=18294
2026-04-06 00:04:18,246 | concert_ticketing.adapters.messaging.rabbitmq.consumer | INFO | Mensaje recibido: request_id=18217
2026-04-06 00:04:18,325 | concert_ticketing.adapters.messaging.rabbitmq.consumer | INFO | Mensaje recibido: request_id=18301
2026-04-06 00:04:18,414 | concert_ticketing.adapters.messaging.rabbitmq.consumer | INFO | Mensaje recibido: request_id=18230
2026-04-06 00:04:18,493 | concert_ticketing.adapters.messaging.rabbitmq.consumer | INFO | Mensaje recibido: request_id=18300
2026-04-06 00:04:18,581 | concert_ticketing.adapters.messaging.rabbitmq.consumer | INFO | Mensaje recibido: request_id=18327
2026-04-06 00:04:18,647 | concert_ticketing.adapters.messaging.rabbitmq.consumer | INFO | Mensaje recibido: request_id=18295
2026-04-06 00:04:18,730 | concert_ticketing.adapters.messaging.rabbitmq.consumer | INFO | Mensaje recibido: request_id=18349
2026-04-06 00:04:18,825 | concert_ticketing.adapters.messaging.rabbitmq.consumer | INFO | Mensaje recibido: request_id=18333
2026-04-06 00:04:18,904 | concert_ticketing.adapters.messaging.rabbitmq.consumer | INFO | Mensaje recibido: request_id=18287
2026-04-06 00:04:18,981 | concert_ticketing.adapters.messaging.rabbitmq.consumer | INFO | Mensaje recibido: request_id=18362
2026-04-06 00:04:19,071 | concert_ticketing.adapters.messaging.rabbitmq.consumer | INFO | Mensaje recibido: request_id=18314
2026-04-06 00:04:19,144 | concert_ticketing.adapters.messaging.rabbitmq.consumer | INFO | Mensaje recibido: request_id=18318
2026-04-06 00:04:19,213 | concert_ticketing.adapters.messaging.rabbitmq.consumer | INFO | Mensaje recibido: request_id=18347
2026-04-06 00:04:19,298 | concert_ticketing.adapters.messaging.rabbitmq.consumer | INFO | Mensaje recibido: request_id=18344
2026-04-06 00:04:19,390 | concert_ticketing.adapters.messaging.rabbitmq.consumer | INFO | Mensaje recibido: request_id=18376
2026-04-06 00:04:19,479 | concert_ticketing.adapters.messaging.rabbitmq.consumer | INFO | Mensaje recibido: request_id=18407
2026-04-06 00:04:19,561 | concert_ticketing.adapters.messaging.rabbitmq.consumer | INFO | Mensaje recibido: request_id=18419
2026-04-06 00:04:19,656 | concert_ticketing.adapters.messaging.rabbitmq.consumer | INFO | Mensaje recibido: request_id=18390
2026-04-06 00:04:19,731 | concert_ticketing.adapters.messaging.rabbitmq.consumer | INFO | Mensaje recibido: request_id=18441
2026-04-06 00:04:19,798 | concert_ticketing.adapters.messaging.rabbitmq.consumer | INFO | Mensaje recibido: request_id=18416
2026-04-06 00:04:19,873 | concert_ticketing.adapters.messaging.rabbitmq.consumer | INFO | Mensaje recibido: request_id=18381
2026-04-06 00:04:19,963 | concert_ticketing.adapters.messaging.rabbitmq.consumer | INFO | Mensaje recibido: request_id=18406
2026-04-06 00:04:20,029 | concert_ticketing.adapters.messaging.rabbitmq.consumer | INFO | Mensaje recibido: request_id=18389
2026-04-06 00:04:20,105 | concert_ticketing.adapters.messaging.rabbitmq.consumer | INFO | Mensaje recibido: request_id=18418
2026-04-06 00:04:20,189 | concert_ticketing.adapters.messaging.rabbitmq.consumer | INFO | Mensaje recibido: request_id=18495
2026-04-06 00:04:20,264 | concert_ticketing.adapters.messaging.rabbitmq.consumer | INFO | Mensaje recibido: request_id=18471
2026-04-06 00:04:20,343 | concert_ticketing.adapters.messaging.rabbitmq.consumer | INFO | Mensaje recibido: request_id=18509
2026-04-06 00:04:20,425 | concert_ticketing.adapters.messaging.rabbitmq.consumer | INFO | Mensaje recibido: request_id=18516
2026-04-06 00:04:20,529 | concert_ticketing.adapters.messaging.rabbitmq.consumer | INFO | Mensaje recibido: request_id=18470
2026-04-06 00:04:20,592 | concert_ticketing.adapters.messaging.rabbitmq.consumer | INFO | Mensaje recibido: request_id=18461
2026-04-06 00:04:20,677 | concert_ticketing.adapters.messaging.rabbitmq.consumer | INFO | Mensaje recibido: request_id=18519
2026-04-06 00:04:20,746 | concert_ticketing.adapters.messaging.rabbitmq.consumer | INFO | Mensaje recibido: request_id=18523
2026-04-06 00:04:20,831 | concert_ticketing.adapters.messaging.rabbitmq.consumer | INFO | Mensaje recibido: request_id=18553
2026-04-06 00:04:20,914 | concert_ticketing.adapters.messaging.rabbitmq.consumer | INFO | Mensaje recibido: request_id=18551
2026-04-06 00:04:20,993 | concert_ticketing.adapters.messaging.rabbitmq.consumer | INFO | Mensaje recibido: request_id=18544
2026-04-06 00:04:21,083 | concert_ticketing.adapters.messaging.rabbitmq.consumer | INFO | Mensaje recibido: request_id=18580
2026-04-06 00:04:21,154 | concert_ticketing.adapters.messaging.rabbitmq.consumer | INFO | Mensaje recibido: request_id=18545
2026-04-06 00:04:21,239 | concert_ticketing.adapters.messaging.rabbitmq.consumer | INFO | Mensaje recibido: request_id=18590
2026-04-06 00:04:21,326 | concert_ticketing.adapters.messaging.rabbitmq.consumer | INFO | Mensaje recibido: request_id=18587
2026-04-06 00:04:21,417 | concert_ticketing.adapters.messaging.rabbitmq.consumer | INFO | Mensaje recibido: request_id=18614
2026-04-06 00:04:21,504 | concert_ticketing.adapters.messaging.rabbitmq.consumer | INFO | Mensaje recibido: request_id=18606
2026-04-06 00:04:21,586 | concert_ticketing.adapters.messaging.rabbitmq.consumer | INFO | Mensaje recibido: request_id=18515
2026-04-06 00:04:21,664 | concert_ticketing.adapters.messaging.rabbitmq.consumer | INFO | Mensaje recibido: request_id=18618
2026-04-06 00:04:21,746 | concert_ticketing.adapters.messaging.rabbitmq.consumer | INFO | Mensaje recibido: request_id=18560
2026-04-06 00:04:21,827 | concert_ticketing.adapters.messaging.rabbitmq.consumer | INFO | Mensaje recibido: request_id=18608
2026-04-06 00:04:21,913 | concert_ticketing.adapters.messaging.rabbitmq.consumer | INFO | Mensaje recibido: request_id=18408
2026-04-06 00:04:21,992 | concert_ticketing.adapters.messaging.rabbitmq.consumer | INFO | Mensaje recibido: request_id=18602
2026-04-06 00:04:22,063 | concert_ticketing.adapters.messaging.rabbitmq.consumer | INFO | Mensaje recibido: request_id=18671
2026-04-06 00:04:22,153 | concert_ticketing.adapters.messaging.rabbitmq.consumer | INFO | Mensaje recibido: request_id=18680
2026-04-06 00:04:22,212 | concert_ticketing.adapters.messaging.rabbitmq.consumer | INFO | Mensaje recibido: request_id=18665
2026-04-06 00:04:22,287 | concert_ticketing.adapters.messaging.rabbitmq.consumer | INFO | Mensaje recibido: request_id=18577
2026-04-06 00:04:22,378 | concert_ticketing.adapters.messaging.rabbitmq.consumer | INFO | Mensaje recibido: request_id=18632
2026-04-06 00:04:22,458 | concert_ticketing.adapters.messaging.rabbitmq.consumer | INFO | Mensaje recibido: request_id=18673
2026-04-06 00:04:22,539 | concert_ticketing.adapters.messaging.rabbitmq.consumer | INFO | Mensaje recibido: request_id=18718
2026-04-06 00:04:22,623 | concert_ticketing.adapters.messaging.rabbitmq.consumer | INFO | Mensaje recibido: request_id=18662
2026-04-06 00:04:22,701 | concert_ticketing.adapters.messaging.rabbitmq.consumer | INFO | Mensaje recibido: request_id=18682
2026-04-06 00:04:22,766 | concert_ticketing.adapters.messaging.rabbitmq.consumer | INFO | Mensaje recibido: request_id=18731
2026-04-06 00:04:22,856 | concert_ticketing.adapters.messaging.rabbitmq.consumer | INFO | Mensaje recibido: request_id=18480
2026-04-06 00:04:22,933 | concert_ticketing.adapters.messaging.rabbitmq.consumer | INFO | Mensaje recibido: request_id=18715
2026-04-06 00:04:23,014 | concert_ticketing.adapters.messaging.rabbitmq.consumer | INFO | Mensaje recibido: request_id=18766
2026-04-06 00:04:23,103 | concert_ticketing.adapters.messaging.rabbitmq.consumer | INFO | Mensaje recibido: request_id=18700
2026-04-06 00:04:23,196 | concert_ticketing.adapters.messaging.rabbitmq.consumer | INFO | Mensaje recibido: request_id=18733
2026-04-06 00:04:23,295 | concert_ticketing.adapters.messaging.rabbitmq.consumer | INFO | Mensaje recibido: request_id=18790
2026-04-06 00:04:23,379 | concert_ticketing.adapters.messaging.rabbitmq.consumer | INFO | Mensaje recibido: request_id=18798
2026-04-06 00:04:23,483 | concert_ticketing.adapters.messaging.rabbitmq.consumer | INFO | Mensaje recibido: request_id=18670
2026-04-06 00:04:23,602 | concert_ticketing.adapters.messaging.rabbitmq.consumer | INFO | Mensaje recibido: request_id=18800
2026-04-06 00:04:23,696 | concert_ticketing.adapters.messaging.rabbitmq.consumer | INFO | Mensaje recibido: request_id=18825
2026-04-06 00:04:23,796 | concert_ticketing.adapters.messaging.rabbitmq.consumer | INFO | Mensaje recibido: request_id=18806
2026-04-06 00:04:23,925 | concert_ticketing.adapters.messaging.rabbitmq.consumer | INFO | Mensaje recibido: request_id=18759
2026-04-06 00:04:24,020 | concert_ticketing.adapters.messaging.rabbitmq.consumer | INFO | Mensaje recibido: request_id=18838
2026-04-06 00:04:24,113 | concert_ticketing.adapters.messaging.rabbitmq.consumer | INFO | Mensaje recibido: request_id=18844
2026-04-06 00:04:24,192 | concert_ticketing.adapters.messaging.rabbitmq.consumer | INFO | Mensaje recibido: request_id=18778
2026-04-06 00:04:24,271 | concert_ticketing.adapters.messaging.rabbitmq.consumer | INFO | Mensaje recibido: request_id=18811
2026-04-06 00:04:24,373 | concert_ticketing.adapters.messaging.rabbitmq.consumer | INFO | Mensaje recibido: request_id=18887
2026-04-06 00:04:24,450 | concert_ticketing.adapters.messaging.rabbitmq.consumer | INFO | Mensaje recibido: request_id=18886
2026-04-06 00:04:24,525 | concert_ticketing.adapters.messaging.rabbitmq.consumer | INFO | Mensaje recibido: request_id=18835
2026-04-06 00:04:24,618 | concert_ticketing.adapters.messaging.rabbitmq.consumer | INFO | Mensaje recibido: request_id=18910
2026-04-06 00:04:24,714 | concert_ticketing.adapters.messaging.rabbitmq.consumer | INFO | Mensaje recibido: request_id=18776
2026-04-06 00:04:24,783 | concert_ticketing.adapters.messaging.rabbitmq.consumer | INFO | Mensaje recibido: request_id=18920
2026-04-06 00:04:24,867 | concert_ticketing.adapters.messaging.rabbitmq.consumer | INFO | Mensaje recibido: request_id=18903
2026-04-06 00:04:24,946 | concert_ticketing.adapters.messaging.rabbitmq.consumer | INFO | Mensaje recibido: request_id=18942
2026-04-06 00:04:25,021 | concert_ticketing.adapters.messaging.rabbitmq.consumer | INFO | Mensaje recibido: request_id=18908
2026-04-06 00:04:25,111 | concert_ticketing.adapters.messaging.rabbitmq.consumer | INFO | Mensaje recibido: request_id=18816
2026-04-06 00:04:25,189 | concert_ticketing.adapters.messaging.rabbitmq.consumer | INFO | Mensaje recibido: request_id=18874
2026-04-06 00:04:25,254 | concert_ticketing.adapters.messaging.rabbitmq.consumer | INFO | Mensaje recibido: request_id=18902
2026-04-06 00:04:25,328 | concert_ticketing.adapters.messaging.rabbitmq.consumer | INFO | Mensaje recibido: request_id=18916
2026-04-06 00:04:25,392 | concert_ticketing.adapters.messaging.rabbitmq.consumer | INFO | Mensaje recibido: request_id=18963
2026-04-06 00:04:25,487 | concert_ticketing.adapters.messaging.rabbitmq.consumer | INFO | Mensaje recibido: request_id=18991
2026-04-06 00:04:25,564 | concert_ticketing.adapters.messaging.rabbitmq.consumer | INFO | Mensaje recibido: request_id=19005
2026-04-06 00:04:25,633 | concert_ticketing.adapters.messaging.rabbitmq.consumer | INFO | Mensaje recibido: request_id=19011
2026-04-06 00:04:25,721 | concert_ticketing.adapters.messaging.rabbitmq.consumer | INFO | Mensaje recibido: request_id=19020
2026-04-06 00:04:25,803 | concert_ticketing.adapters.messaging.rabbitmq.consumer | INFO | Mensaje recibido: request_id=19021
2026-04-06 00:04:25,883 | concert_ticketing.adapters.messaging.rabbitmq.consumer | INFO | Mensaje recibido: request_id=19012
2026-04-06 00:04:25,967 | concert_ticketing.adapters.messaging.rabbitmq.consumer | INFO | Mensaje recibido: request_id=19045
2026-04-06 00:04:26,050 | concert_ticketing.adapters.messaging.rabbitmq.consumer | INFO | Mensaje recibido: request_id=19000
2026-04-06 00:04:26,136 | concert_ticketing.adapters.messaging.rabbitmq.consumer | INFO | Mensaje recibido: request_id=18694
2026-04-06 00:04:26,200 | concert_ticketing.adapters.messaging.rabbitmq.consumer | INFO | Mensaje recibido: request_id=19054
2026-04-06 00:04:26,293 | concert_ticketing.adapters.messaging.rabbitmq.consumer | INFO | Mensaje recibido: request_id=19010
2026-04-06 00:04:26,364 | concert_ticketing.adapters.messaging.rabbitmq.consumer | INFO | Mensaje recibido: request_id=19049
2026-04-06 00:04:26,444 | concert_ticketing.adapters.messaging.rabbitmq.consumer | INFO | Mensaje recibido: request_id=19050
2026-04-06 00:04:26,517 | concert_ticketing.adapters.messaging.rabbitmq.consumer | INFO | Mensaje recibido: request_id=19042
2026-04-06 00:04:26,593 | concert_ticketing.adapters.messaging.rabbitmq.consumer | INFO | Mensaje recibido: request_id=19100
2026-04-06 00:04:26,675 | concert_ticketing.adapters.messaging.rabbitmq.consumer | INFO | Mensaje recibido: request_id=19117
2026-04-06 00:04:26,752 | concert_ticketing.adapters.messaging.rabbitmq.consumer | INFO | Mensaje recibido: request_id=19070
2026-04-06 00:04:26,854 | concert_ticketing.adapters.messaging.rabbitmq.consumer | INFO | Mensaje recibido: request_id=19063
2026-04-06 00:04:26,925 | concert_ticketing.adapters.messaging.rabbitmq.consumer | INFO | Mensaje recibido: request_id=19124
2026-04-06 00:04:27,025 | concert_ticketing.adapters.messaging.rabbitmq.consumer | INFO | Mensaje recibido: request_id=19029
2026-04-06 00:04:27,129 | concert_ticketing.adapters.messaging.rabbitmq.consumer | INFO | Mensaje recibido: request_id=19090
2026-04-06 00:04:27,191 | concert_ticketing.adapters.messaging.rabbitmq.consumer | INFO | Mensaje recibido: request_id=19126
2026-04-06 00:04:27,291 | concert_ticketing.adapters.messaging.rabbitmq.consumer | INFO | Mensaje recibido: request_id=19175
2026-04-06 00:04:27,382 | concert_ticketing.adapters.messaging.rabbitmq.consumer | INFO | Mensaje recibido: request_id=19178
2026-04-06 00:04:27,454 | concert_ticketing.adapters.messaging.rabbitmq.consumer | INFO | Mensaje recibido: request_id=19142
2026-04-06 00:04:27,560 | concert_ticketing.adapters.messaging.rabbitmq.consumer | INFO | Mensaje recibido: request_id=19155
2026-04-06 00:04:27,581 | concert_ticketing.adapters.messaging.rabbitmq.consumer | INFO | Mensaje recibido: request_id=19130
2026-04-06 00:04:27,655 | concert_ticketing.adapters.messaging.rabbitmq.consumer | INFO | Mensaje recibido: request_id=19041
2026-04-06 00:04:27,752 | concert_ticketing.adapters.messaging.rabbitmq.consumer | INFO | Mensaje recibido: request_id=19198
2026-04-06 00:04:27,844 | concert_ticketing.adapters.messaging.rabbitmq.consumer | INFO | Mensaje recibido: request_id=19205
2026-04-06 00:04:27,934 | concert_ticketing.adapters.messaging.rabbitmq.consumer | INFO | Mensaje recibido: request_id=19102
2026-04-06 00:04:28,021 | concert_ticketing.adapters.messaging.rabbitmq.consumer | INFO | Mensaje recibido: request_id=19243
2026-04-06 00:04:28,101 | concert_ticketing.adapters.messaging.rabbitmq.consumer | INFO | Mensaje recibido: request_id=18966
2026-04-06 00:04:28,191 | concert_ticketing.adapters.messaging.rabbitmq.consumer | INFO | Mensaje recibido: request_id=19247
2026-04-06 00:04:28,271 | concert_ticketing.adapters.messaging.rabbitmq.consumer | INFO | Mensaje recibido: request_id=19267
2026-04-06 00:04:28,367 | concert_ticketing.adapters.messaging.rabbitmq.consumer | INFO | Mensaje recibido: request_id=19277
2026-04-06 00:04:28,454 | concert_ticketing.adapters.messaging.rabbitmq.consumer | INFO | Mensaje recibido: request_id=19284
2026-04-06 00:04:28,541 | concert_ticketing.adapters.messaging.rabbitmq.consumer | INFO | Mensaje recibido: request_id=19293
2026-04-06 00:04:28,640 | concert_ticketing.adapters.messaging.rabbitmq.consumer | INFO | Mensaje recibido: request_id=19236
2026-04-06 00:04:28,708 | concert_ticketing.adapters.messaging.rabbitmq.consumer | INFO | Mensaje recibido: request_id=19210
2026-04-06 00:04:28,804 | concert_ticketing.adapters.messaging.rabbitmq.consumer | INFO | Mensaje recibido: request_id=19311
2026-04-06 00:04:28,878 | concert_ticketing.adapters.messaging.rabbitmq.consumer | INFO | Mensaje recibido: request_id=19296
2026-04-06 00:04:28,971 | concert_ticketing.adapters.messaging.rabbitmq.consumer | INFO | Mensaje recibido: request_id=19320
2026-04-06 00:04:29,041 | concert_ticketing.adapters.messaging.rabbitmq.consumer | INFO | Mensaje recibido: request_id=19332
2026-04-06 00:04:29,123 | concert_ticketing.adapters.messaging.rabbitmq.consumer | INFO | Mensaje recibido: request_id=19263
2026-04-06 00:04:29,208 | concert_ticketing.adapters.messaging.rabbitmq.consumer | INFO | Mensaje recibido: request_id=19309
2026-04-06 00:04:29,308 | concert_ticketing.adapters.messaging.rabbitmq.consumer | INFO | Mensaje recibido: request_id=19365
2026-04-06 00:04:29,370 | concert_ticketing.adapters.messaging.rabbitmq.consumer | INFO | Mensaje recibido: request_id=19323
2026-04-06 00:04:29,436 | concert_ticketing.adapters.messaging.rabbitmq.consumer | INFO | Mensaje recibido: request_id=19360
2026-04-06 00:04:29,516 | concert_ticketing.adapters.messaging.rabbitmq.consumer | INFO | Mensaje recibido: request_id=19288
2026-04-06 00:04:29,590 | concert_ticketing.adapters.messaging.rabbitmq.consumer | INFO | Mensaje recibido: request_id=19343
2026-04-06 00:04:29,682 | concert_ticketing.adapters.messaging.rabbitmq.consumer | INFO | Mensaje recibido: request_id=19305
2026-04-06 00:04:29,774 | concert_ticketing.adapters.messaging.rabbitmq.consumer | INFO | Mensaje recibido: request_id=19405
2026-04-06 00:04:29,849 | concert_ticketing.adapters.messaging.rabbitmq.consumer | INFO | Mensaje recibido: request_id=19389
2026-04-06 00:04:29,925 | concert_ticketing.adapters.messaging.rabbitmq.consumer | INFO | Mensaje recibido: request_id=19373
2026-04-06 00:04:30,011 | concert_ticketing.adapters.messaging.rabbitmq.consumer | INFO | Mensaje recibido: request_id=19335
2026-04-06 00:04:30,073 | concert_ticketing.adapters.messaging.rabbitmq.consumer | INFO | Mensaje recibido: request_id=19420
2026-04-06 00:04:30,173 | concert_ticketing.adapters.messaging.rabbitmq.consumer | INFO | Mensaje recibido: request_id=19451
2026-04-06 00:04:30,257 | concert_ticketing.adapters.messaging.rabbitmq.consumer | INFO | Mensaje recibido: request_id=19397
2026-04-06 00:04:30,342 | concert_ticketing.adapters.messaging.rabbitmq.consumer | INFO | Mensaje recibido: request_id=19384
2026-04-06 00:04:30,421 | concert_ticketing.adapters.messaging.rabbitmq.consumer | INFO | Mensaje recibido: request_id=19452
2026-04-06 00:04:30,515 | concert_ticketing.adapters.messaging.rabbitmq.consumer | INFO | Mensaje recibido: request_id=19456
2026-04-06 00:04:30,620 | concert_ticketing.adapters.messaging.rabbitmq.consumer | INFO | Mensaje recibido: request_id=19431
2026-04-06 00:04:30,705 | concert_ticketing.adapters.messaging.rabbitmq.consumer | INFO | Mensaje recibido: request_id=19435
2026-04-06 00:04:30,799 | concert_ticketing.adapters.messaging.rabbitmq.consumer | INFO | Mensaje recibido: request_id=19488
2026-04-06 00:04:30,883 | concert_ticketing.adapters.messaging.rabbitmq.consumer | INFO | Mensaje recibido: request_id=19477
2026-04-06 00:04:30,969 | concert_ticketing.adapters.messaging.rabbitmq.consumer | INFO | Mensaje recibido: request_id=19424
2026-04-06 00:04:31,050 | concert_ticketing.adapters.messaging.rabbitmq.consumer | INFO | Mensaje recibido: request_id=19446
2026-04-06 00:04:31,155 | concert_ticketing.adapters.messaging.rabbitmq.consumer | INFO | Mensaje recibido: request_id=19482
2026-04-06 00:04:31,231 | concert_ticketing.adapters.messaging.rabbitmq.consumer | INFO | Mensaje recibido: request_id=19533
2026-04-06 00:04:31,337 | concert_ticketing.adapters.messaging.rabbitmq.consumer | INFO | Mensaje recibido: request_id=19419
2026-04-06 00:04:31,441 | concert_ticketing.adapters.messaging.rabbitmq.consumer | INFO | Mensaje recibido: request_id=19493
2026-04-06 00:04:31,512 | concert_ticketing.adapters.messaging.rabbitmq.consumer | INFO | Mensaje recibido: request_id=19450
2026-04-06 00:04:31,601 | concert_ticketing.adapters.messaging.rabbitmq.consumer | INFO | Mensaje recibido: request_id=19579
2026-04-06 00:04:31,696 | concert_ticketing.adapters.messaging.rabbitmq.consumer | INFO | Mensaje recibido: request_id=19490
2026-04-06 00:04:31,779 | concert_ticketing.adapters.messaging.rabbitmq.consumer | INFO | Mensaje recibido: request_id=19588
2026-04-06 00:04:31,875 | concert_ticketing.adapters.messaging.rabbitmq.consumer | INFO | Mensaje recibido: request_id=19576
2026-04-06 00:04:31,938 | concert_ticketing.adapters.messaging.rabbitmq.consumer | INFO | Mensaje recibido: request_id=19567
2026-04-06 00:04:32,048 | concert_ticketing.adapters.messaging.rabbitmq.consumer | INFO | Mensaje recibido: request_id=19590
2026-04-06 00:04:32,139 | concert_ticketing.adapters.messaging.rabbitmq.consumer | INFO | Mensaje recibido: request_id=19561
2026-04-06 00:04:32,210 | concert_ticketing.adapters.messaging.rabbitmq.consumer | INFO | Mensaje recibido: request_id=19609
2026-04-06 00:04:32,300 | concert_ticketing.adapters.messaging.rabbitmq.consumer | INFO | Mensaje recibido: request_id=19644
2026-04-06 00:04:32,398 | concert_ticketing.adapters.messaging.rabbitmq.consumer | INFO | Mensaje recibido: request_id=19597
2026-04-06 00:04:32,465 | concert_ticketing.adapters.messaging.rabbitmq.consumer | INFO | Mensaje recibido: request_id=19653
2026-04-06 00:04:32,549 | concert_ticketing.adapters.messaging.rabbitmq.consumer | INFO | Mensaje recibido: request_id=19667
2026-04-06 00:04:32,605 | concert_ticketing.adapters.messaging.rabbitmq.consumer | INFO | Mensaje recibido: request_id=19595
2026-04-06 00:04:32,700 | concert_ticketing.adapters.messaging.rabbitmq.consumer | INFO | Mensaje recibido: request_id=19654
2026-04-06 00:04:32,784 | concert_ticketing.adapters.messaging.rabbitmq.consumer | INFO | Mensaje recibido: request_id=19606
2026-04-06 00:04:32,856 | concert_ticketing.adapters.messaging.rabbitmq.consumer | INFO | Mensaje recibido: request_id=19676
2026-04-06 00:04:32,950 | concert_ticketing.adapters.messaging.rabbitmq.consumer | INFO | Mensaje recibido: request_id=19681
2026-04-06 00:04:33,039 | concert_ticketing.adapters.messaging.rabbitmq.consumer | INFO | Mensaje recibido: request_id=19717
2026-04-06 00:04:33,117 | concert_ticketing.adapters.messaging.rabbitmq.consumer | INFO | Mensaje recibido: request_id=19724
2026-04-06 00:04:33,204 | concert_ticketing.adapters.messaging.rabbitmq.consumer | INFO | Mensaje recibido: request_id=19730
2026-04-06 00:04:33,270 | concert_ticketing.adapters.messaging.rabbitmq.consumer | INFO | Mensaje recibido: request_id=19589
2026-04-06 00:04:33,346 | concert_ticketing.adapters.messaging.rabbitmq.consumer | INFO | Mensaje recibido: request_id=19684
2026-04-06 00:04:33,429 | concert_ticketing.adapters.messaging.rabbitmq.consumer | INFO | Mensaje recibido: request_id=19708
2026-04-06 00:04:33,510 | concert_ticketing.adapters.messaging.rabbitmq.consumer | INFO | Mensaje recibido: request_id=19755
2026-04-06 00:04:33,598 | concert_ticketing.adapters.messaging.rabbitmq.consumer | INFO | Mensaje recibido: request_id=19736
2026-04-06 00:04:33,673 | concert_ticketing.adapters.messaging.rabbitmq.consumer | INFO | Mensaje recibido: request_id=19682
2026-04-06 00:04:33,730 | concert_ticketing.adapters.messaging.rabbitmq.consumer | INFO | Mensaje recibido: request_id=19759
2026-04-06 00:04:33,822 | concert_ticketing.adapters.messaging.rabbitmq.consumer | INFO | Mensaje recibido: request_id=19674
2026-04-06 00:04:33,912 | concert_ticketing.adapters.messaging.rabbitmq.consumer | INFO | Mensaje recibido: request_id=19721
2026-04-06 00:04:33,996 | concert_ticketing.adapters.messaging.rabbitmq.consumer | INFO | Mensaje recibido: request_id=19779
2026-04-06 00:04:34,062 | concert_ticketing.adapters.messaging.rabbitmq.consumer | INFO | Mensaje recibido: request_id=19773
2026-04-06 00:04:34,155 | concert_ticketing.adapters.messaging.rabbitmq.consumer | INFO | Mensaje recibido: request_id=19828
2026-04-06 00:04:34,246 | concert_ticketing.adapters.messaging.rabbitmq.consumer | INFO | Mensaje recibido: request_id=19836
2026-04-06 00:04:34,371 | concert_ticketing.adapters.messaging.rabbitmq.consumer | INFO | Mensaje recibido: request_id=19814
2026-04-06 00:04:34,457 | concert_ticketing.adapters.messaging.rabbitmq.consumer | INFO | Mensaje recibido: request_id=19829
2026-04-06 00:04:34,554 | concert_ticketing.adapters.messaging.rabbitmq.consumer | INFO | Mensaje recibido: request_id=19554
2026-04-06 00:04:34,646 | concert_ticketing.adapters.messaging.rabbitmq.consumer | INFO | Mensaje recibido: request_id=19689
2026-04-06 00:04:34,756 | concert_ticketing.adapters.messaging.rabbitmq.consumer | INFO | Mensaje recibido: request_id=19808
2026-04-06 00:04:34,842 | concert_ticketing.adapters.messaging.rabbitmq.consumer | INFO | Mensaje recibido: request_id=19874
2026-04-06 00:04:34,954 | concert_ticketing.adapters.messaging.rabbitmq.consumer | INFO | Mensaje recibido: request_id=19734
2026-04-06 00:04:35,068 | concert_ticketing.adapters.messaging.rabbitmq.consumer | INFO | Mensaje recibido: request_id=19864
2026-04-06 00:04:35,173 | concert_ticketing.adapters.messaging.rabbitmq.consumer | INFO | Mensaje recibido: request_id=19776
2026-04-06 00:04:35,258 | concert_ticketing.adapters.messaging.rabbitmq.consumer | INFO | Mensaje recibido: request_id=19824
2026-04-06 00:04:35,342 | concert_ticketing.adapters.messaging.rabbitmq.consumer | INFO | Mensaje recibido: request_id=19807
2026-04-06 00:04:35,441 | concert_ticketing.adapters.messaging.rabbitmq.consumer | INFO | Mensaje recibido: request_id=19898
2026-04-06 00:04:35,514 | concert_ticketing.adapters.messaging.rabbitmq.consumer | INFO | Mensaje recibido: request_id=19941
2026-04-06 00:04:35,582 | concert_ticketing.adapters.messaging.rabbitmq.consumer | INFO | Mensaje recibido: request_id=19948
2026-04-06 00:04:35,686 | concert_ticketing.adapters.messaging.rabbitmq.consumer | INFO | Mensaje recibido: request_id=19958
2026-04-06 00:04:35,767 | concert_ticketing.adapters.messaging.rabbitmq.consumer | INFO | Mensaje recibido: request_id=19945
2026-04-06 00:04:35,829 | concert_ticketing.adapters.messaging.rabbitmq.consumer | INFO | Mensaje recibido: request_id=19959
2026-04-06 00:04:35,917 | concert_ticketing.adapters.messaging.rabbitmq.consumer | INFO | Mensaje recibido: request_id=19971
2026-04-06 00:04:36,004 | concert_ticketing.adapters.messaging.rabbitmq.consumer | INFO | Mensaje recibido: request_id=19975
2026-04-06 00:04:36,074 | concert_ticketing.adapters.messaging.rabbitmq.consumer | INFO | Mensaje recibido: request_id=19990
2026-04-06 00:04:36,134 | concert_ticketing.adapters.messaging.rabbitmq.consumer | INFO | Mensaje recibido: request_id=19949
2026-04-06 00:04:36,219 | concert_ticketing.adapters.messaging.rabbitmq.consumer | INFO | Mensaje recibido: request_id=19999
2026-04-06 00:04:36,286 | concert_ticketing.adapters.messaging.rabbitmq.consumer | INFO | Mensaje recibido: request_id=19995
2026-04-06 00:04:36,351 | concert_ticketing.adapters.messaging.rabbitmq.consumer | INFO | Mensaje recibido: request_id=19981
2026-04-06 00:04:36,399 | concert_ticketing.adapters.messaging.rabbitmq.consumer | INFO | Mensaje recibido: request_id=19940
