2026-04-06 00:01:04,949 | concert_ticketing.adapters.persistence.redis.connection | INFO | Cliente Redis creado -> localhost:6379/0
2026-04-06 00:01:04,956 | pika.adapters.utils.connection_workflow | INFO | Pika version 1.3.2 connecting to ('::1', 5672, 0, 0)
2026-04-06 00:01:04,958 | pika.adapters.utils.io_services_utils | INFO | Socket connected: <socket.socket fd=1104, family=23, type=1, proto=6, laddr=('::1', 57659, 0, 0), raddr=('::1', 5672, 0, 0)>
2026-04-06 00:01:04,958 | pika.adapters.utils.connection_workflow | INFO | Streaming transport linked up: (<pika.adapters.utils.io_services_utils._AsyncPlaintextTransport object at 0x0000015FB3847EC0>, _StreamingProtocolShim: <SelectConnection PROTOCOL transport=<pika.adapters.utils.io_services_utils._AsyncPlaintextTransport object at 0x0000015FB3847EC0> params=<ConnectionParameters host=localhost port=5672 virtual_host=/ ssl=False>>).
2026-04-06 00:01:05,004 | pika.adapters.utils.connection_workflow | INFO | AMQPConnector - reporting success: <SelectConnection OPEN transport=<pika.adapters.utils.io_services_utils._AsyncPlaintextTransport object at 0x0000015FB3847EC0> params=<ConnectionParameters host=localhost port=5672 virtual_host=/ ssl=False>>
2026-04-06 00:01:05,004 | pika.adapters.utils.connection_workflow | INFO | AMQPConnectionWorkflow - reporting success: <SelectConnection OPEN transport=<pika.adapters.utils.io_services_utils._AsyncPlaintextTransport object at 0x0000015FB3847EC0> params=<ConnectionParameters host=localhost port=5672 virtual_host=/ ssl=False>>
2026-04-06 00:01:05,004 | pika.adapters.blocking_connection | INFO | Connection workflow succeeded: <SelectConnection OPEN transport=<pika.adapters.utils.io_services_utils._AsyncPlaintextTransport object at 0x0000015FB3847EC0> params=<ConnectionParameters host=localhost port=5672 virtual_host=/ ssl=False>>
2026-04-06 00:01:05,004 | concert_ticketing.adapters.messaging.rabbitmq.connection | INFO | Conexion RabbitMQ establecida -> localhost:5672
2026-04-06 00:01:05,004 | __main__ | INFO | Conexión RabbitMQ establecida (intento 1/10)
2026-04-06 00:01:05,004 | pika.adapters.blocking_connection | INFO | Created channel=1
2026-04-06 00:01:05,008 | concert_ticketing.adapters.messaging.rabbitmq.queue_setup | INFO | Cola 'purchase_requests' declarada.
2026-04-06 00:01:05,009 | concert_ticketing.adapters.messaging.rabbitmq.queue_setup | INFO | Exchange 'purchase_results' declarado.
2026-04-06 00:01:05,009 | __main__ | INFO | Worker iniciado. Consumiendo peticiones de compra...
2026-04-06 00:01:05,010 | concert_ticketing.adapters.messaging.rabbitmq.consumer | INFO | Consumiendo de 'purchase_requests'. Esperando mensajes...
2026-04-06 00:01:08,148 | concert_ticketing.adapters.messaging.rabbitmq.consumer | INFO | Mensaje recibido: request_id=00011
2026-04-06 00:01:08,200 | concert_ticketing.adapters.messaging.rabbitmq.consumer | INFO | Mensaje recibido: request_id=00006
2026-04-06 00:01:08,249 | concert_ticketing.adapters.messaging.rabbitmq.consumer | INFO | Mensaje recibido: request_id=00048
2026-04-06 00:01:08,309 | concert_ticketing.adapters.messaging.rabbitmq.consumer | INFO | Mensaje recibido: request_id=00030
2026-04-06 00:01:08,357 | concert_ticketing.adapters.messaging.rabbitmq.consumer | INFO | Mensaje recibido: request_id=00019
2026-04-06 00:01:08,409 | concert_ticketing.adapters.messaging.rabbitmq.consumer | INFO | Mensaje recibido: request_id=00021
2026-04-06 00:01:08,452 | concert_ticketing.adapters.messaging.rabbitmq.consumer | INFO | Mensaje recibido: request_id=00052
2026-04-06 00:01:08,495 | concert_ticketing.adapters.messaging.rabbitmq.consumer | INFO | Mensaje recibido: request_id=00059
2026-04-06 00:01:08,540 | concert_ticketing.adapters.messaging.rabbitmq.consumer | INFO | Mensaje recibido: request_id=00067
2026-04-06 00:01:08,588 | concert_ticketing.adapters.messaging.rabbitmq.consumer | INFO | Mensaje recibido: request_id=00075
2026-04-06 00:01:08,640 | concert_ticketing.adapters.messaging.rabbitmq.consumer | INFO | Mensaje recibido: request_id=00084
2026-04-06 00:01:08,684 | concert_ticketing.adapters.messaging.rabbitmq.consumer | INFO | Mensaje recibido: request_id=00092
2026-04-06 00:01:08,737 | concert_ticketing.adapters.messaging.rabbitmq.consumer | INFO | Mensaje recibido: request_id=00101
2026-04-06 00:01:08,784 | concert_ticketing.adapters.messaging.rabbitmq.consumer | INFO | Mensaje recibido: request_id=00109
2026-04-06 00:01:08,833 | concert_ticketing.adapters.messaging.rabbitmq.consumer | INFO | Mensaje recibido: request_id=00117
2026-04-06 00:01:08,876 | concert_ticketing.adapters.messaging.rabbitmq.consumer | INFO | Mensaje recibido: request_id=00125
2026-04-06 00:01:08,921 | concert_ticketing.adapters.messaging.rabbitmq.consumer | INFO | Mensaje recibido: request_id=00133
2026-04-06 00:01:08,965 | concert_ticketing.adapters.messaging.rabbitmq.consumer | INFO | Mensaje recibido: request_id=00141
2026-04-06 00:01:09,012 | concert_ticketing.adapters.messaging.rabbitmq.consumer | INFO | Mensaje recibido: request_id=00149
2026-04-06 00:01:09,061 | concert_ticketing.adapters.messaging.rabbitmq.consumer | INFO | Mensaje recibido: request_id=00157
2026-04-06 00:01:09,108 | concert_ticketing.adapters.messaging.rabbitmq.consumer | INFO | Mensaje recibido: request_id=00165
2026-04-06 00:01:09,157 | concert_ticketing.adapters.messaging.rabbitmq.consumer | INFO | Mensaje recibido: request_id=00173
2026-04-06 00:01:09,209 | concert_ticketing.adapters.messaging.rabbitmq.consumer | INFO | Mensaje recibido: request_id=00182
2026-04-06 00:01:09,261 | concert_ticketing.adapters.messaging.rabbitmq.consumer | INFO | Mensaje recibido: request_id=00190
2026-04-06 00:01:09,316 | concert_ticketing.adapters.messaging.rabbitmq.consumer | INFO | Mensaje recibido: request_id=00198
2026-04-06 00:01:09,361 | concert_ticketing.adapters.messaging.rabbitmq.consumer | INFO | Mensaje recibido: request_id=00206
2026-04-06 00:01:09,409 | concert_ticketing.adapters.messaging.rabbitmq.consumer | INFO | Mensaje recibido: request_id=00214
2026-04-06 00:01:09,452 | concert_ticketing.adapters.messaging.rabbitmq.consumer | INFO | Mensaje recibido: request_id=00222
2026-04-06 00:01:09,500 | concert_ticketing.adapters.messaging.rabbitmq.consumer | INFO | Mensaje recibido: request_id=00230
2026-04-06 00:01:09,544 | concert_ticketing.adapters.messaging.rabbitmq.consumer | INFO | Mensaje recibido: request_id=00238
2026-04-06 00:01:09,592 | concert_ticketing.adapters.messaging.rabbitmq.consumer | INFO | Mensaje recibido: request_id=00246
2026-04-06 00:01:09,637 | concert_ticketing.adapters.messaging.rabbitmq.consumer | INFO | Mensaje recibido: request_id=00254
2026-04-06 00:01:09,680 | concert_ticketing.adapters.messaging.rabbitmq.consumer | INFO | Mensaje recibido: request_id=00262
2026-04-06 00:01:09,724 | concert_ticketing.adapters.messaging.rabbitmq.consumer | INFO | Mensaje recibido: request_id=00270
2026-04-06 00:01:09,769 | concert_ticketing.adapters.messaging.rabbitmq.consumer | INFO | Mensaje recibido: request_id=00278
2026-04-06 00:01:09,817 | concert_ticketing.adapters.messaging.rabbitmq.consumer | INFO | Mensaje recibido: request_id=00286
2026-04-06 00:01:09,869 | concert_ticketing.adapters.messaging.rabbitmq.consumer | INFO | Mensaje recibido: request_id=00294
2026-04-06 00:01:09,917 | concert_ticketing.adapters.messaging.rabbitmq.consumer | INFO | Mensaje recibido: request_id=00302
2026-04-06 00:01:09,967 | concert_ticketing.adapters.messaging.rabbitmq.consumer | INFO | Mensaje recibido: request_id=00310
2026-04-06 00:01:10,016 | concert_ticketing.adapters.messaging.rabbitmq.consumer | INFO | Mensaje recibido: request_id=00318
2026-04-06 00:01:10,061 | concert_ticketing.adapters.messaging.rabbitmq.consumer | INFO | Mensaje recibido: request_id=00326
2026-04-06 00:01:10,104 | concert_ticketing.adapters.messaging.rabbitmq.consumer | INFO | Mensaje recibido: request_id=00334
2026-04-06 00:01:10,148 | concert_ticketing.adapters.messaging.rabbitmq.consumer | INFO | Mensaje recibido: request_id=00340
2026-04-06 00:01:10,197 | concert_ticketing.adapters.messaging.rabbitmq.consumer | INFO | Mensaje recibido: request_id=00347
2026-04-06 00:01:10,244 | concert_ticketing.adapters.messaging.rabbitmq.consumer | INFO | Mensaje recibido: request_id=00355
2026-04-06 00:01:10,288 | concert_ticketing.adapters.messaging.rabbitmq.consumer | INFO | Mensaje recibido: request_id=00363
2026-04-06 00:01:10,336 | concert_ticketing.adapters.messaging.rabbitmq.consumer | INFO | Mensaje recibido: request_id=00371
2026-04-06 00:01:10,384 | concert_ticketing.adapters.messaging.rabbitmq.consumer | INFO | Mensaje recibido: request_id=00379
2026-04-06 00:01:10,428 | concert_ticketing.adapters.messaging.rabbitmq.consumer | INFO | Mensaje recibido: request_id=00386
2026-04-06 00:01:10,476 | concert_ticketing.adapters.messaging.rabbitmq.consumer | INFO | Mensaje recibido: request_id=00394
2026-04-06 00:01:10,520 | concert_ticketing.adapters.messaging.rabbitmq.consumer | INFO | Mensaje recibido: request_id=00402
2026-04-06 00:01:10,569 | concert_ticketing.adapters.messaging.rabbitmq.consumer | INFO | Mensaje recibido: request_id=00410
2026-04-06 00:01:10,620 | concert_ticketing.adapters.messaging.rabbitmq.consumer | INFO | Mensaje recibido: request_id=00419
2026-04-06 00:01:10,665 | concert_ticketing.adapters.messaging.rabbitmq.consumer | INFO | Mensaje recibido: request_id=00427
2026-04-06 00:01:10,709 | concert_ticketing.adapters.messaging.rabbitmq.consumer | INFO | Mensaje recibido: request_id=00435
2026-04-06 00:01:10,756 | concert_ticketing.adapters.messaging.rabbitmq.consumer | INFO | Mensaje recibido: request_id=00442
2026-04-06 00:01:10,801 | concert_ticketing.adapters.messaging.rabbitmq.consumer | INFO | Mensaje recibido: request_id=00450
2026-04-06 00:01:10,848 | concert_ticketing.adapters.messaging.rabbitmq.consumer | INFO | Mensaje recibido: request_id=00458
2026-04-06 00:01:10,895 | concert_ticketing.adapters.messaging.rabbitmq.consumer | INFO | Mensaje recibido: request_id=00466
2026-04-06 00:01:10,945 | concert_ticketing.adapters.messaging.rabbitmq.consumer | INFO | Mensaje recibido: request_id=00474
2026-04-06 00:01:10,996 | concert_ticketing.adapters.messaging.rabbitmq.consumer | INFO | Mensaje recibido: request_id=00482
2026-04-06 00:01:11,045 | concert_ticketing.adapters.messaging.rabbitmq.consumer | INFO | Mensaje recibido: request_id=00490
2026-04-06 00:01:11,096 | concert_ticketing.adapters.messaging.rabbitmq.consumer | INFO | Mensaje recibido: request_id=00498
2026-04-06 00:01:11,141 | concert_ticketing.adapters.messaging.rabbitmq.consumer | INFO | Mensaje recibido: request_id=00506
2026-04-06 00:01:11,188 | concert_ticketing.adapters.messaging.rabbitmq.consumer | INFO | Mensaje recibido: request_id=00514
2026-04-06 00:01:11,236 | concert_ticketing.adapters.messaging.rabbitmq.consumer | INFO | Mensaje recibido: request_id=00522
2026-04-06 00:01:11,284 | concert_ticketing.adapters.messaging.rabbitmq.consumer | INFO | Mensaje recibido: request_id=00530
2026-04-06 00:01:11,337 | concert_ticketing.adapters.messaging.rabbitmq.consumer | INFO | Mensaje recibido: request_id=00538
2026-04-06 00:01:11,388 | concert_ticketing.adapters.messaging.rabbitmq.consumer | INFO | Mensaje recibido: request_id=00546
2026-04-06 00:01:11,437 | concert_ticketing.adapters.messaging.rabbitmq.consumer | INFO | Mensaje recibido: request_id=00554
2026-04-06 00:01:11,481 | concert_ticketing.adapters.messaging.rabbitmq.consumer | INFO | Mensaje recibido: request_id=00562
2026-04-06 00:01:11,525 | concert_ticketing.adapters.messaging.rabbitmq.consumer | INFO | Mensaje recibido: request_id=00569
2026-04-06 00:01:11,584 | concert_ticketing.adapters.messaging.rabbitmq.consumer | INFO | Mensaje recibido: request_id=00580
2026-04-06 00:01:11,637 | concert_ticketing.adapters.messaging.rabbitmq.consumer | INFO | Mensaje recibido: request_id=00588
2026-04-06 00:01:11,684 | concert_ticketing.adapters.messaging.rabbitmq.consumer | INFO | Mensaje recibido: request_id=00595
2026-04-06 00:01:11,728 | concert_ticketing.adapters.messaging.rabbitmq.consumer | INFO | Mensaje recibido: request_id=00603
2026-04-06 00:01:11,775 | concert_ticketing.adapters.messaging.rabbitmq.consumer | INFO | Mensaje recibido: request_id=00611
2026-04-06 00:01:11,820 | concert_ticketing.adapters.messaging.rabbitmq.consumer | INFO | Mensaje recibido: request_id=00619
2026-04-06 00:01:11,864 | concert_ticketing.adapters.messaging.rabbitmq.consumer | INFO | Mensaje recibido: request_id=00627
2026-04-06 00:01:11,909 | concert_ticketing.adapters.messaging.rabbitmq.consumer | INFO | Mensaje recibido: request_id=00635
2026-04-06 00:01:11,956 | concert_ticketing.adapters.messaging.rabbitmq.consumer | INFO | Mensaje recibido: request_id=00643
2026-04-06 00:01:12,001 | concert_ticketing.adapters.messaging.rabbitmq.consumer | INFO | Mensaje recibido: request_id=00651
2026-04-06 00:01:12,048 | concert_ticketing.adapters.messaging.rabbitmq.consumer | INFO | Mensaje recibido: request_id=00658
2026-04-06 00:01:12,100 | concert_ticketing.adapters.messaging.rabbitmq.consumer | INFO | Mensaje recibido: request_id=00668
2026-04-06 00:01:12,148 | concert_ticketing.adapters.messaging.rabbitmq.consumer | INFO | Mensaje recibido: request_id=00675
2026-04-06 00:01:12,201 | concert_ticketing.adapters.messaging.rabbitmq.consumer | INFO | Mensaje recibido: request_id=00684
2026-04-06 00:01:12,248 | concert_ticketing.adapters.messaging.rabbitmq.consumer | INFO | Mensaje recibido: request_id=00692
2026-04-06 00:01:12,296 | concert_ticketing.adapters.messaging.rabbitmq.consumer | INFO | Mensaje recibido: request_id=00701
2026-04-06 00:01:12,340 | concert_ticketing.adapters.messaging.rabbitmq.consumer | INFO | Mensaje recibido: request_id=00708
2026-04-06 00:01:12,388 | concert_ticketing.adapters.messaging.rabbitmq.consumer | INFO | Mensaje recibido: request_id=00716
2026-04-06 00:01:12,445 | concert_ticketing.adapters.messaging.rabbitmq.consumer | INFO | Mensaje recibido: request_id=00725
2026-04-06 00:01:12,492 | concert_ticketing.adapters.messaging.rabbitmq.consumer | INFO | Mensaje recibido: request_id=00733
2026-04-06 00:01:12,537 | concert_ticketing.adapters.messaging.rabbitmq.consumer | INFO | Mensaje recibido: request_id=00740
2026-04-06 00:01:12,588 | concert_ticketing.adapters.messaging.rabbitmq.consumer | INFO | Mensaje recibido: request_id=00749
2026-04-06 00:01:12,632 | concert_ticketing.adapters.messaging.rabbitmq.consumer | INFO | Mensaje recibido: request_id=00756
2026-04-06 00:01:12,677 | concert_ticketing.adapters.messaging.rabbitmq.consumer | INFO | Mensaje recibido: request_id=00764
2026-04-06 00:01:12,724 | concert_ticketing.adapters.messaging.rabbitmq.consumer | INFO | Mensaje recibido: request_id=00771
2026-04-06 00:01:12,772 | concert_ticketing.adapters.messaging.rabbitmq.consumer | INFO | Mensaje recibido: request_id=00779
2026-04-06 00:01:12,817 | concert_ticketing.adapters.messaging.rabbitmq.consumer | INFO | Mensaje recibido: request_id=00787
2026-04-06 00:01:12,872 | concert_ticketing.adapters.messaging.rabbitmq.consumer | INFO | Mensaje recibido: request_id=00796
2026-04-06 00:01:12,925 | concert_ticketing.adapters.messaging.rabbitmq.consumer | INFO | Mensaje recibido: request_id=00804
2026-04-06 00:01:12,977 | concert_ticketing.adapters.messaging.rabbitmq.consumer | INFO | Mensaje recibido: request_id=00811
2026-04-06 00:01:13,036 | concert_ticketing.adapters.messaging.rabbitmq.consumer | INFO | Mensaje recibido: request_id=00822
2026-04-06 00:01:13,084 | concert_ticketing.adapters.messaging.rabbitmq.consumer | INFO | Mensaje recibido: request_id=00830
2026-04-06 00:01:13,137 | concert_ticketing.adapters.messaging.rabbitmq.consumer | INFO | Mensaje recibido: request_id=00838
2026-04-06 00:01:13,185 | concert_ticketing.adapters.messaging.rabbitmq.consumer | INFO | Mensaje recibido: request_id=00846
2026-04-06 00:01:13,228 | concert_ticketing.adapters.messaging.rabbitmq.consumer | INFO | Mensaje recibido: request_id=00854
2026-04-06 00:01:13,274 | concert_ticketing.adapters.messaging.rabbitmq.consumer | INFO | Mensaje recibido: request_id=00862
2026-04-06 00:01:13,320 | concert_ticketing.adapters.messaging.rabbitmq.consumer | INFO | Mensaje recibido: request_id=00870
2026-04-06 00:01:13,367 | concert_ticketing.adapters.messaging.rabbitmq.consumer | INFO | Mensaje recibido: request_id=00878
2026-04-06 00:01:13,421 | concert_ticketing.adapters.messaging.rabbitmq.consumer | INFO | Mensaje recibido: request_id=00886
2026-04-06 00:01:13,467 | concert_ticketing.adapters.messaging.rabbitmq.consumer | INFO | Mensaje recibido: request_id=00894
2026-04-06 00:01:13,521 | concert_ticketing.adapters.messaging.rabbitmq.consumer | INFO | Mensaje recibido: request_id=00902
2026-04-06 00:01:13,569 | concert_ticketing.adapters.messaging.rabbitmq.consumer | INFO | Mensaje recibido: request_id=00910
2026-04-06 00:01:13,616 | concert_ticketing.adapters.messaging.rabbitmq.consumer | INFO | Mensaje recibido: request_id=00918
2026-04-06 00:01:13,665 | concert_ticketing.adapters.messaging.rabbitmq.consumer | INFO | Mensaje recibido: request_id=00926
2026-04-06 00:01:13,712 | concert_ticketing.adapters.messaging.rabbitmq.consumer | INFO | Mensaje recibido: request_id=00934
2026-04-06 00:01:13,761 | concert_ticketing.adapters.messaging.rabbitmq.consumer | INFO | Mensaje recibido: request_id=00942
2026-04-06 00:01:13,808 | concert_ticketing.adapters.messaging.rabbitmq.consumer | INFO | Mensaje recibido: request_id=00949
2026-04-06 00:01:13,856 | concert_ticketing.adapters.messaging.rabbitmq.consumer | INFO | Mensaje recibido: request_id=00957
2026-04-06 00:01:13,908 | concert_ticketing.adapters.messaging.rabbitmq.consumer | INFO | Mensaje recibido: request_id=00964
2026-04-06 00:01:13,971 | concert_ticketing.adapters.messaging.rabbitmq.consumer | INFO | Mensaje recibido: request_id=00975
2026-04-06 00:01:14,021 | concert_ticketing.adapters.messaging.rabbitmq.consumer | INFO | Mensaje recibido: request_id=00983
2026-04-06 00:01:14,073 | concert_ticketing.adapters.messaging.rabbitmq.consumer | INFO | Mensaje recibido: request_id=00991
2026-04-06 00:01:14,120 | concert_ticketing.adapters.messaging.rabbitmq.consumer | INFO | Mensaje recibido: request_id=00999
2026-04-06 00:01:14,168 | concert_ticketing.adapters.messaging.rabbitmq.consumer | INFO | Mensaje recibido: request_id=01007
2026-04-06 00:01:14,215 | concert_ticketing.adapters.messaging.rabbitmq.consumer | INFO | Mensaje recibido: request_id=01015
2026-04-06 00:01:14,269 | concert_ticketing.adapters.messaging.rabbitmq.consumer | INFO | Mensaje recibido: request_id=01023
2026-04-06 00:01:14,321 | concert_ticketing.adapters.messaging.rabbitmq.consumer | INFO | Mensaje recibido: request_id=01032
2026-04-06 00:01:14,369 | concert_ticketing.adapters.messaging.rabbitmq.consumer | INFO | Mensaje recibido: request_id=01040
2026-04-06 00:01:14,417 | concert_ticketing.adapters.messaging.rabbitmq.consumer | INFO | Mensaje recibido: request_id=01047
2026-04-06 00:01:14,464 | concert_ticketing.adapters.messaging.rabbitmq.consumer | INFO | Mensaje recibido: request_id=01055
2026-04-06 00:01:14,512 | concert_ticketing.adapters.messaging.rabbitmq.consumer | INFO | Mensaje recibido: request_id=01062
2026-04-06 00:01:14,569 | concert_ticketing.adapters.messaging.rabbitmq.consumer | INFO | Mensaje recibido: request_id=01071
2026-04-06 00:01:14,624 | concert_ticketing.adapters.messaging.rabbitmq.consumer | INFO | Mensaje recibido: request_id=01081
2026-04-06 00:01:14,668 | concert_ticketing.adapters.messaging.rabbitmq.consumer | INFO | Mensaje recibido: request_id=01090
2026-04-06 00:01:14,715 | concert_ticketing.adapters.messaging.rabbitmq.consumer | INFO | Mensaje recibido: request_id=01093
2026-04-06 00:01:14,764 | concert_ticketing.adapters.messaging.rabbitmq.consumer | INFO | Mensaje recibido: request_id=01119
2026-04-06 00:01:14,954 | concert_ticketing.adapters.messaging.rabbitmq.consumer | INFO | Mensaje recibido: request_id=01111
2026-04-06 00:01:15,079 | concert_ticketing.adapters.messaging.rabbitmq.consumer | INFO | Mensaje recibido: request_id=01161
2026-04-06 00:01:15,227 | concert_ticketing.adapters.messaging.rabbitmq.consumer | INFO | Mensaje recibido: request_id=01168
2026-04-06 00:01:15,378 | concert_ticketing.adapters.messaging.rabbitmq.consumer | INFO | Mensaje recibido: request_id=01174
2026-04-06 00:01:15,511 | concert_ticketing.adapters.messaging.rabbitmq.consumer | INFO | Mensaje recibido: request_id=01153
2026-04-06 00:01:15,615 | concert_ticketing.adapters.messaging.rabbitmq.consumer | INFO | Mensaje recibido: request_id=01129
2026-04-06 00:01:15,759 | concert_ticketing.adapters.messaging.rabbitmq.consumer | INFO | Mensaje recibido: request_id=01101
2026-04-06 00:01:15,911 | concert_ticketing.adapters.messaging.rabbitmq.consumer | INFO | Mensaje recibido: request_id=01201
2026-04-06 00:01:16,042 | concert_ticketing.adapters.messaging.rabbitmq.consumer | INFO | Mensaje recibido: request_id=01146
2026-04-06 00:01:16,191 | concert_ticketing.adapters.messaging.rabbitmq.consumer | INFO | Mensaje recibido: request_id=01105
2026-04-06 00:01:16,313 | concert_ticketing.adapters.messaging.rabbitmq.consumer | INFO | Mensaje recibido: request_id=01183
2026-04-06 00:01:16,425 | concert_ticketing.adapters.messaging.rabbitmq.consumer | INFO | Mensaje recibido: request_id=01232
2026-04-06 00:01:16,584 | concert_ticketing.adapters.messaging.rabbitmq.consumer | INFO | Mensaje recibido: request_id=01200
2026-04-06 00:01:16,709 | concert_ticketing.adapters.messaging.rabbitmq.consumer | INFO | Mensaje recibido: request_id=01219
2026-04-06 00:01:16,817 | concert_ticketing.adapters.messaging.rabbitmq.consumer | INFO | Mensaje recibido: request_id=01262
2026-04-06 00:01:16,967 | concert_ticketing.adapters.messaging.rabbitmq.consumer | INFO | Mensaje recibido: request_id=01225
2026-04-06 00:01:17,087 | concert_ticketing.adapters.messaging.rabbitmq.consumer | INFO | Mensaje recibido: request_id=01132
2026-04-06 00:01:17,270 | concert_ticketing.adapters.messaging.rabbitmq.consumer | INFO | Mensaje recibido: request_id=01289
2026-04-06 00:01:17,404 | concert_ticketing.adapters.messaging.rabbitmq.consumer | INFO | Mensaje recibido: request_id=01296
2026-04-06 00:01:17,527 | concert_ticketing.adapters.messaging.rabbitmq.consumer | INFO | Mensaje recibido: request_id=01189
2026-04-06 00:01:17,685 | concert_ticketing.adapters.messaging.rabbitmq.consumer | INFO | Mensaje recibido: request_id=01261
2026-04-06 00:01:17,832 | concert_ticketing.adapters.messaging.rabbitmq.consumer | INFO | Mensaje recibido: request_id=01290
2026-04-06 00:01:17,971 | concert_ticketing.adapters.messaging.rabbitmq.consumer | INFO | Mensaje recibido: request_id=01241
2026-04-06 00:01:18,128 | concert_ticketing.adapters.messaging.rabbitmq.consumer | INFO | Mensaje recibido: request_id=01236
2026-04-06 00:01:18,225 | concert_ticketing.adapters.messaging.rabbitmq.consumer | INFO | Mensaje recibido: request_id=01337
2026-04-06 00:01:18,380 | concert_ticketing.adapters.messaging.rabbitmq.consumer | INFO | Mensaje recibido: request_id=01343
2026-04-06 00:01:18,496 | concert_ticketing.adapters.messaging.rabbitmq.consumer | INFO | Mensaje recibido: request_id=01353
2026-04-06 00:01:18,640 | concert_ticketing.adapters.messaging.rabbitmq.consumer | INFO | Mensaje recibido: request_id=01350
2026-04-06 00:01:18,788 | concert_ticketing.adapters.messaging.rabbitmq.consumer | INFO | Mensaje recibido: request_id=01314
2026-04-06 00:01:18,913 | concert_ticketing.adapters.messaging.rabbitmq.consumer | INFO | Mensaje recibido: request_id=01382
2026-04-06 00:01:19,038 | concert_ticketing.adapters.messaging.rabbitmq.consumer | INFO | Mensaje recibido: request_id=01392
2026-04-06 00:01:19,178 | concert_ticketing.adapters.messaging.rabbitmq.consumer | INFO | Mensaje recibido: request_id=01400
2026-04-06 00:01:19,317 | concert_ticketing.adapters.messaging.rabbitmq.consumer | INFO | Mensaje recibido: request_id=01341
2026-04-06 00:01:19,388 | concert_ticketing.adapters.messaging.rabbitmq.consumer | INFO | Mensaje recibido: request_id=01388
2026-04-06 00:01:19,504 | concert_ticketing.adapters.messaging.rabbitmq.consumer | INFO | Mensaje recibido: request_id=01113
2026-04-06 00:01:19,636 | concert_ticketing.adapters.messaging.rabbitmq.consumer | INFO | Mensaje recibido: request_id=01422
2026-04-06 00:01:19,746 | concert_ticketing.adapters.messaging.rabbitmq.consumer | INFO | Mensaje recibido: request_id=01421
2026-04-06 00:01:19,822 | concert_ticketing.adapters.messaging.rabbitmq.consumer | INFO | Mensaje recibido: request_id=01448
2026-04-06 00:01:19,920 | concert_ticketing.adapters.messaging.rabbitmq.consumer | INFO | Mensaje recibido: request_id=01456
2026-04-06 00:01:20,022 | concert_ticketing.adapters.messaging.rabbitmq.consumer | INFO | Mensaje recibido: request_id=01464
2026-04-06 00:01:20,087 | concert_ticketing.adapters.messaging.rabbitmq.consumer | INFO | Mensaje recibido: request_id=01457
2026-04-06 00:01:20,167 | concert_ticketing.adapters.messaging.rabbitmq.consumer | INFO | Mensaje recibido: request_id=01480
2026-04-06 00:01:20,256 | concert_ticketing.adapters.messaging.rabbitmq.consumer | INFO | Mensaje recibido: request_id=01482
2026-04-06 00:01:20,330 | concert_ticketing.adapters.messaging.rabbitmq.consumer | INFO | Mensaje recibido: request_id=01426
2026-04-06 00:01:20,421 | concert_ticketing.adapters.messaging.rabbitmq.consumer | INFO | Mensaje recibido: request_id=01376
2026-04-06 00:01:20,515 | concert_ticketing.adapters.messaging.rabbitmq.consumer | INFO | Mensaje recibido: request_id=01495
2026-04-06 00:01:20,604 | concert_ticketing.adapters.messaging.rabbitmq.consumer | INFO | Mensaje recibido: request_id=01467
2026-04-06 00:01:20,695 | concert_ticketing.adapters.messaging.rabbitmq.consumer | INFO | Mensaje recibido: request_id=01530
2026-04-06 00:01:20,780 | concert_ticketing.adapters.messaging.rabbitmq.consumer | INFO | Mensaje recibido: request_id=01528
2026-04-06 00:01:20,861 | concert_ticketing.adapters.messaging.rabbitmq.consumer | INFO | Mensaje recibido: request_id=01451
2026-04-06 00:01:20,962 | concert_ticketing.adapters.messaging.rabbitmq.consumer | INFO | Mensaje recibido: request_id=01539
2026-04-06 00:01:21,044 | concert_ticketing.adapters.messaging.rabbitmq.consumer | INFO | Mensaje recibido: request_id=01540
2026-04-06 00:01:21,130 | concert_ticketing.adapters.messaging.rabbitmq.consumer | INFO | Mensaje recibido: request_id=01568
2026-04-06 00:01:21,211 | concert_ticketing.adapters.messaging.rabbitmq.consumer | INFO | Mensaje recibido: request_id=01550
2026-04-06 00:01:21,301 | concert_ticketing.adapters.messaging.rabbitmq.consumer | INFO | Mensaje recibido: request_id=01546
2026-04-06 00:01:21,388 | concert_ticketing.adapters.messaging.rabbitmq.consumer | INFO | Mensaje recibido: request_id=01566
2026-04-06 00:01:21,470 | concert_ticketing.adapters.messaging.rabbitmq.consumer | INFO | Mensaje recibido: request_id=01601
2026-04-06 00:01:21,544 | concert_ticketing.adapters.messaging.rabbitmq.consumer | INFO | Mensaje recibido: request_id=01609
2026-04-06 00:01:21,620 | concert_ticketing.adapters.messaging.rabbitmq.consumer | INFO | Mensaje recibido: request_id=01602
2026-04-06 00:01:21,696 | concert_ticketing.adapters.messaging.rabbitmq.consumer | INFO | Mensaje recibido: request_id=01624
2026-04-06 00:01:21,780 | concert_ticketing.adapters.messaging.rabbitmq.consumer | INFO | Mensaje recibido: request_id=01632
2026-04-06 00:01:21,867 | concert_ticketing.adapters.messaging.rabbitmq.consumer | INFO | Mensaje recibido: request_id=01623
2026-04-06 00:01:21,950 | concert_ticketing.adapters.messaging.rabbitmq.consumer | INFO | Mensaje recibido: request_id=01640
2026-04-06 00:01:22,038 | concert_ticketing.adapters.messaging.rabbitmq.consumer | INFO | Mensaje recibido: request_id=01589
2026-04-06 00:01:22,119 | concert_ticketing.adapters.messaging.rabbitmq.consumer | INFO | Mensaje recibido: request_id=01656
2026-04-06 00:01:22,215 | concert_ticketing.adapters.messaging.rabbitmq.consumer | INFO | Mensaje recibido: request_id=01549
2026-04-06 00:01:22,298 | concert_ticketing.adapters.messaging.rabbitmq.consumer | INFO | Mensaje recibido: request_id=01676
2026-04-06 00:01:22,374 | concert_ticketing.adapters.messaging.rabbitmq.consumer | INFO | Mensaje recibido: request_id=01687
2026-04-06 00:01:22,463 | concert_ticketing.adapters.messaging.rabbitmq.consumer | INFO | Mensaje recibido: request_id=01630
2026-04-06 00:01:22,554 | concert_ticketing.adapters.messaging.rabbitmq.consumer | INFO | Mensaje recibido: request_id=01651
2026-04-06 00:01:22,630 | concert_ticketing.adapters.messaging.rabbitmq.consumer | INFO | Mensaje recibido: request_id=01696
2026-04-06 00:01:22,721 | concert_ticketing.adapters.messaging.rabbitmq.consumer | INFO | Mensaje recibido: request_id=01719
2026-04-06 00:01:22,806 | concert_ticketing.adapters.messaging.rabbitmq.consumer | INFO | Mensaje recibido: request_id=01553
2026-04-06 00:01:22,897 | concert_ticketing.adapters.messaging.rabbitmq.consumer | INFO | Mensaje recibido: request_id=01712
2026-04-06 00:01:22,976 | concert_ticketing.adapters.messaging.rabbitmq.consumer | INFO | Mensaje recibido: request_id=01704
2026-04-06 00:01:23,046 | concert_ticketing.adapters.messaging.rabbitmq.consumer | INFO | Mensaje recibido: request_id=01751
2026-04-06 00:01:23,143 | concert_ticketing.adapters.messaging.rabbitmq.consumer | INFO | Mensaje recibido: request_id=01638
2026-04-06 00:01:23,212 | concert_ticketing.adapters.messaging.rabbitmq.consumer | INFO | Mensaje recibido: request_id=01766
2026-04-06 00:01:23,292 | concert_ticketing.adapters.messaging.rabbitmq.consumer | INFO | Mensaje recibido: request_id=01713
2026-04-06 00:01:23,387 | concert_ticketing.adapters.messaging.rabbitmq.consumer | INFO | Mensaje recibido: request_id=01784
2026-04-06 00:01:23,475 | concert_ticketing.adapters.messaging.rabbitmq.consumer | INFO | Mensaje recibido: request_id=01756
2026-04-06 00:01:23,555 | concert_ticketing.adapters.messaging.rabbitmq.consumer | INFO | Mensaje recibido: request_id=01778
2026-04-06 00:01:23,636 | concert_ticketing.adapters.messaging.rabbitmq.consumer | INFO | Mensaje recibido: request_id=01762
2026-04-06 00:01:23,716 | concert_ticketing.adapters.messaging.rabbitmq.consumer | INFO | Mensaje recibido: request_id=01686
2026-04-06 00:01:23,797 | concert_ticketing.adapters.messaging.rabbitmq.consumer | INFO | Mensaje recibido: request_id=01643
2026-04-06 00:01:23,888 | concert_ticketing.adapters.messaging.rabbitmq.consumer | INFO | Mensaje recibido: request_id=01804
2026-04-06 00:01:23,974 | concert_ticketing.adapters.messaging.rabbitmq.consumer | INFO | Mensaje recibido: request_id=01839
2026-04-06 00:01:24,065 | concert_ticketing.adapters.messaging.rabbitmq.consumer | INFO | Mensaje recibido: request_id=01837
2026-04-06 00:01:24,129 | concert_ticketing.adapters.messaging.rabbitmq.consumer | INFO | Mensaje recibido: request_id=01746
2026-04-06 00:01:24,231 | concert_ticketing.adapters.messaging.rabbitmq.consumer | INFO | Mensaje recibido: request_id=01826
2026-04-06 00:01:24,317 | concert_ticketing.adapters.messaging.rabbitmq.consumer | INFO | Mensaje recibido: request_id=01830
2026-04-06 00:01:24,409 | concert_ticketing.adapters.messaging.rabbitmq.consumer | INFO | Mensaje recibido: request_id=01833
2026-04-06 00:01:24,501 | concert_ticketing.adapters.messaging.rabbitmq.consumer | INFO | Mensaje recibido: request_id=01845
2026-04-06 00:01:24,592 | concert_ticketing.adapters.messaging.rabbitmq.consumer | INFO | Mensaje recibido: request_id=01896
2026-04-06 00:01:24,658 | concert_ticketing.adapters.messaging.rabbitmq.consumer | INFO | Mensaje recibido: request_id=01895
2026-04-06 00:01:24,809 | concert_ticketing.adapters.messaging.rabbitmq.consumer | INFO | Mensaje recibido: request_id=01815
2026-04-06 00:01:24,920 | concert_ticketing.adapters.messaging.rabbitmq.consumer | INFO | Mensaje recibido: request_id=01905
2026-04-06 00:01:25,015 | concert_ticketing.adapters.messaging.rabbitmq.consumer | INFO | Mensaje recibido: request_id=01926
2026-04-06 00:01:25,136 | concert_ticketing.adapters.messaging.rabbitmq.consumer | INFO | Mensaje recibido: request_id=01909
2026-04-06 00:01:25,257 | concert_ticketing.adapters.messaging.rabbitmq.consumer | INFO | Mensaje recibido: request_id=01881
2026-04-06 00:01:25,380 | concert_ticketing.adapters.messaging.rabbitmq.consumer | INFO | Mensaje recibido: request_id=01952
2026-04-06 00:01:25,469 | concert_ticketing.adapters.messaging.rabbitmq.consumer | INFO | Mensaje recibido: request_id=01959
2026-04-06 00:01:25,580 | concert_ticketing.adapters.messaging.rabbitmq.consumer | INFO | Mensaje recibido: request_id=01920
2026-04-06 00:01:25,661 | concert_ticketing.adapters.messaging.rabbitmq.consumer | INFO | Mensaje recibido: request_id=01974
2026-04-06 00:01:25,759 | concert_ticketing.adapters.messaging.rabbitmq.consumer | INFO | Mensaje recibido: request_id=01968
2026-04-06 00:01:25,840 | concert_ticketing.adapters.messaging.rabbitmq.consumer | INFO | Mensaje recibido: request_id=01964
2026-04-06 00:01:25,907 | concert_ticketing.adapters.messaging.rabbitmq.consumer | INFO | Mensaje recibido: request_id=01957
2026-04-06 00:01:25,983 | concert_ticketing.adapters.messaging.rabbitmq.consumer | INFO | Mensaje recibido: request_id=01929
2026-04-06 00:01:26,046 | concert_ticketing.adapters.messaging.rabbitmq.consumer | INFO | Mensaje recibido: request_id=02016
2026-04-06 00:01:26,117 | concert_ticketing.adapters.messaging.rabbitmq.consumer | INFO | Mensaje recibido: request_id=01989
2026-04-06 00:01:26,202 | concert_ticketing.adapters.messaging.rabbitmq.consumer | INFO | Mensaje recibido: request_id=02024
2026-04-06 00:01:26,302 | concert_ticketing.adapters.messaging.rabbitmq.consumer | INFO | Mensaje recibido: request_id=02039
2026-04-06 00:01:26,376 | concert_ticketing.adapters.messaging.rabbitmq.consumer | INFO | Mensaje recibido: request_id=02040
2026-04-06 00:01:26,471 | concert_ticketing.adapters.messaging.rabbitmq.consumer | INFO | Mensaje recibido: request_id=02055
2026-04-06 00:01:26,567 | concert_ticketing.adapters.messaging.rabbitmq.consumer | INFO | Mensaje recibido: request_id=01969
2026-04-06 00:01:26,638 | concert_ticketing.adapters.messaging.rabbitmq.consumer | INFO | Mensaje recibido: request_id=02035
2026-04-06 00:01:26,738 | concert_ticketing.adapters.messaging.rabbitmq.consumer | INFO | Mensaje recibido: request_id=02017
2026-04-06 00:01:26,816 | concert_ticketing.adapters.messaging.rabbitmq.consumer | INFO | Mensaje recibido: request_id=02004
2026-04-06 00:01:26,896 | concert_ticketing.adapters.messaging.rabbitmq.consumer | INFO | Mensaje recibido: request_id=02076
2026-04-06 00:01:26,986 | concert_ticketing.adapters.messaging.rabbitmq.consumer | INFO | Mensaje recibido: request_id=02090
2026-04-06 00:01:27,058 | concert_ticketing.adapters.messaging.rabbitmq.consumer | INFO | Mensaje recibido: request_id=02101
2026-04-06 00:01:27,147 | concert_ticketing.adapters.messaging.rabbitmq.consumer | INFO | Mensaje recibido: request_id=02032
2026-04-06 00:01:27,238 | concert_ticketing.adapters.messaging.rabbitmq.consumer | INFO | Mensaje recibido: request_id=02121
2026-04-06 00:01:27,336 | concert_ticketing.adapters.messaging.rabbitmq.consumer | INFO | Mensaje recibido: request_id=02034
2026-04-06 00:01:27,412 | concert_ticketing.adapters.messaging.rabbitmq.consumer | INFO | Mensaje recibido: request_id=02144
2026-04-06 00:01:27,493 | concert_ticketing.adapters.messaging.rabbitmq.consumer | INFO | Mensaje recibido: request_id=02061
2026-04-06 00:01:27,565 | concert_ticketing.adapters.messaging.rabbitmq.consumer | INFO | Mensaje recibido: request_id=02158
2026-04-06 00:01:27,659 | concert_ticketing.adapters.messaging.rabbitmq.consumer | INFO | Mensaje recibido: request_id=02160
2026-04-06 00:01:27,736 | concert_ticketing.adapters.messaging.rabbitmq.consumer | INFO | Mensaje recibido: request_id=02162
2026-04-06 00:01:27,819 | concert_ticketing.adapters.messaging.rabbitmq.consumer | INFO | Mensaje recibido: request_id=02184
2026-04-06 00:01:27,923 | concert_ticketing.adapters.messaging.rabbitmq.consumer | INFO | Mensaje recibido: request_id=02192
2026-04-06 00:01:28,005 | concert_ticketing.adapters.messaging.rabbitmq.consumer | INFO | Mensaje recibido: request_id=02189
2026-04-06 00:01:28,078 | concert_ticketing.adapters.messaging.rabbitmq.consumer | INFO | Mensaje recibido: request_id=02161
2026-04-06 00:01:28,175 | concert_ticketing.adapters.messaging.rabbitmq.consumer | INFO | Mensaje recibido: request_id=02174
2026-04-06 00:01:28,254 | concert_ticketing.adapters.messaging.rabbitmq.consumer | INFO | Mensaje recibido: request_id=02190
2026-04-06 00:01:28,344 | concert_ticketing.adapters.messaging.rabbitmq.consumer | INFO | Mensaje recibido: request_id=02186
2026-04-06 00:01:28,408 | concert_ticketing.adapters.messaging.rabbitmq.consumer | INFO | Mensaje recibido: request_id=02207
2026-04-06 00:01:28,503 | concert_ticketing.adapters.messaging.rabbitmq.consumer | INFO | Mensaje recibido: request_id=02239
2026-04-06 00:01:28,566 | concert_ticketing.adapters.messaging.rabbitmq.consumer | INFO | Mensaje recibido: request_id=02255
2026-04-06 00:01:28,644 | concert_ticketing.adapters.messaging.rabbitmq.consumer | INFO | Mensaje recibido: request_id=02249
2026-04-06 00:01:28,738 | concert_ticketing.adapters.messaging.rabbitmq.consumer | INFO | Mensaje recibido: request_id=02273
2026-04-06 00:01:28,819 | concert_ticketing.adapters.messaging.rabbitmq.consumer | INFO | Mensaje recibido: request_id=02251
2026-04-06 00:01:28,909 | concert_ticketing.adapters.messaging.rabbitmq.consumer | INFO | Mensaje recibido: request_id=02288
2026-04-06 00:01:28,979 | concert_ticketing.adapters.messaging.rabbitmq.consumer | INFO | Mensaje recibido: request_id=02172
2026-04-06 00:01:29,069 | concert_ticketing.adapters.messaging.rabbitmq.consumer | INFO | Mensaje recibido: request_id=02197
2026-04-06 00:01:29,142 | concert_ticketing.adapters.messaging.rabbitmq.consumer | INFO | Mensaje recibido: request_id=02303
2026-04-06 00:01:29,223 | concert_ticketing.adapters.messaging.rabbitmq.consumer | INFO | Mensaje recibido: request_id=02309
2026-04-06 00:01:29,315 | concert_ticketing.adapters.messaging.rabbitmq.consumer | INFO | Mensaje recibido: request_id=02311
2026-04-06 00:01:29,394 | concert_ticketing.adapters.messaging.rabbitmq.consumer | INFO | Mensaje recibido: request_id=02336
2026-04-06 00:01:29,480 | concert_ticketing.adapters.messaging.rabbitmq.consumer | INFO | Mensaje recibido: request_id=02345
2026-04-06 00:01:29,559 | concert_ticketing.adapters.messaging.rabbitmq.consumer | INFO | Mensaje recibido: request_id=02253
2026-04-06 00:01:29,635 | concert_ticketing.adapters.messaging.rabbitmq.consumer | INFO | Mensaje recibido: request_id=02329
2026-04-06 00:01:29,691 | concert_ticketing.adapters.messaging.rabbitmq.consumer | INFO | Mensaje recibido: request_id=02348
2026-04-06 00:01:29,773 | concert_ticketing.adapters.messaging.rabbitmq.consumer | INFO | Mensaje recibido: request_id=02242
2026-04-06 00:01:29,880 | concert_ticketing.adapters.messaging.rabbitmq.consumer | INFO | Mensaje recibido: request_id=02314
2026-04-06 00:01:29,980 | concert_ticketing.adapters.messaging.rabbitmq.consumer | INFO | Mensaje recibido: request_id=02352
2026-04-06 00:01:30,046 | concert_ticketing.adapters.messaging.rabbitmq.consumer | INFO | Mensaje recibido: request_id=02385
2026-04-06 00:01:30,135 | concert_ticketing.adapters.messaging.rabbitmq.consumer | INFO | Mensaje recibido: request_id=02395
2026-04-06 00:01:30,224 | concert_ticketing.adapters.messaging.rabbitmq.consumer | INFO | Mensaje recibido: request_id=02404
2026-04-06 00:01:30,312 | concert_ticketing.adapters.messaging.rabbitmq.consumer | INFO | Mensaje recibido: request_id=02405
2026-04-06 00:01:30,386 | concert_ticketing.adapters.messaging.rabbitmq.consumer | INFO | Mensaje recibido: request_id=02381
2026-04-06 00:01:30,473 | concert_ticketing.adapters.messaging.rabbitmq.consumer | INFO | Mensaje recibido: request_id=02414
2026-04-06 00:01:30,563 | concert_ticketing.adapters.messaging.rabbitmq.consumer | INFO | Mensaje recibido: request_id=02312
2026-04-06 00:01:30,636 | concert_ticketing.adapters.messaging.rabbitmq.consumer | INFO | Mensaje recibido: request_id=02443
2026-04-06 00:01:30,726 | concert_ticketing.adapters.messaging.rabbitmq.consumer | INFO | Mensaje recibido: request_id=02428
2026-04-06 00:01:30,817 | concert_ticketing.adapters.messaging.rabbitmq.consumer | INFO | Mensaje recibido: request_id=02472
2026-04-06 00:01:30,887 | concert_ticketing.adapters.messaging.rabbitmq.consumer | INFO | Mensaje recibido: request_id=02402
2026-04-06 00:01:30,962 | concert_ticketing.adapters.messaging.rabbitmq.consumer | INFO | Mensaje recibido: request_id=02285
2026-04-06 00:01:31,054 | concert_ticketing.adapters.messaging.rabbitmq.consumer | INFO | Mensaje recibido: request_id=02466
2026-04-06 00:01:31,146 | concert_ticketing.adapters.messaging.rabbitmq.consumer | INFO | Mensaje recibido: request_id=02473
2026-04-06 00:01:31,224 | concert_ticketing.adapters.messaging.rabbitmq.consumer | INFO | Mensaje recibido: request_id=02455
2026-04-06 00:01:31,318 | concert_ticketing.adapters.messaging.rabbitmq.consumer | INFO | Mensaje recibido: request_id=02513
2026-04-06 00:01:31,388 | concert_ticketing.adapters.messaging.rabbitmq.consumer | INFO | Mensaje recibido: request_id=02399
2026-04-06 00:01:31,477 | concert_ticketing.adapters.messaging.rabbitmq.consumer | INFO | Mensaje recibido: request_id=02526
2026-04-06 00:01:31,561 | concert_ticketing.adapters.messaging.rabbitmq.consumer | INFO | Mensaje recibido: request_id=02533
2026-04-06 00:01:31,615 | concert_ticketing.adapters.messaging.rabbitmq.consumer | INFO | Mensaje recibido: request_id=02530
2026-04-06 00:01:31,692 | concert_ticketing.adapters.messaging.rabbitmq.consumer | INFO | Mensaje recibido: request_id=02506
2026-04-06 00:01:31,769 | concert_ticketing.adapters.messaging.rabbitmq.consumer | INFO | Mensaje recibido: request_id=02547
2026-04-06 00:01:31,861 | concert_ticketing.adapters.messaging.rabbitmq.consumer | INFO | Mensaje recibido: request_id=02524
2026-04-06 00:01:31,969 | concert_ticketing.adapters.messaging.rabbitmq.consumer | INFO | Mensaje recibido: request_id=02558
2026-04-06 00:01:32,042 | concert_ticketing.adapters.messaging.rabbitmq.consumer | INFO | Mensaje recibido: request_id=02561
2026-04-06 00:01:32,117 | concert_ticketing.adapters.messaging.rabbitmq.consumer | INFO | Mensaje recibido: request_id=02598
2026-04-06 00:01:32,201 | concert_ticketing.adapters.messaging.rabbitmq.consumer | INFO | Mensaje recibido: request_id=02603
2026-04-06 00:01:32,283 | concert_ticketing.adapters.messaging.rabbitmq.consumer | INFO | Mensaje recibido: request_id=02615
2026-04-06 00:01:32,384 | concert_ticketing.adapters.messaging.rabbitmq.consumer | INFO | Mensaje recibido: request_id=02624
2026-04-06 00:01:32,465 | concert_ticketing.adapters.messaging.rabbitmq.consumer | INFO | Mensaje recibido: request_id=02625
2026-04-06 00:01:32,569 | concert_ticketing.adapters.messaging.rabbitmq.consumer | INFO | Mensaje recibido: request_id=02599
2026-04-06 00:01:32,648 | concert_ticketing.adapters.messaging.rabbitmq.consumer | INFO | Mensaje recibido: request_id=02648
2026-04-06 00:01:32,724 | concert_ticketing.adapters.messaging.rabbitmq.consumer | INFO | Mensaje recibido: request_id=02441
2026-04-06 00:01:32,810 | concert_ticketing.adapters.messaging.rabbitmq.consumer | INFO | Mensaje recibido: request_id=02617
2026-04-06 00:01:32,884 | concert_ticketing.adapters.messaging.rabbitmq.consumer | INFO | Mensaje recibido: request_id=02647
2026-04-06 00:01:32,955 | concert_ticketing.adapters.messaging.rabbitmq.consumer | INFO | Mensaje recibido: request_id=02653
2026-04-06 00:01:33,053 | concert_ticketing.adapters.messaging.rabbitmq.consumer | INFO | Mensaje recibido: request_id=02688
2026-04-06 00:01:33,122 | concert_ticketing.adapters.messaging.rabbitmq.consumer | INFO | Mensaje recibido: request_id=02687
2026-04-06 00:01:33,203 | concert_ticketing.adapters.messaging.rabbitmq.consumer | INFO | Mensaje recibido: request_id=02652
2026-04-06 00:01:33,295 | concert_ticketing.adapters.messaging.rabbitmq.consumer | INFO | Mensaje recibido: request_id=02695
2026-04-06 00:01:33,367 | concert_ticketing.adapters.messaging.rabbitmq.consumer | INFO | Mensaje recibido: request_id=02709
2026-04-06 00:01:33,448 | concert_ticketing.adapters.messaging.rabbitmq.consumer | INFO | Mensaje recibido: request_id=02590
2026-04-06 00:01:33,549 | concert_ticketing.adapters.messaging.rabbitmq.consumer | INFO | Mensaje recibido: request_id=02738
2026-04-06 00:01:33,628 | concert_ticketing.adapters.messaging.rabbitmq.consumer | INFO | Mensaje recibido: request_id=02739
2026-04-06 00:01:33,720 | concert_ticketing.adapters.messaging.rabbitmq.consumer | INFO | Mensaje recibido: request_id=02718
2026-04-06 00:01:33,816 | concert_ticketing.adapters.messaging.rabbitmq.consumer | INFO | Mensaje recibido: request_id=02737
2026-04-06 00:01:33,870 | concert_ticketing.adapters.messaging.rabbitmq.consumer | INFO | Mensaje recibido: request_id=02689
2026-04-06 00:01:33,959 | concert_ticketing.adapters.messaging.rabbitmq.consumer | INFO | Mensaje recibido: request_id=02767
2026-04-06 00:01:34,044 | concert_ticketing.adapters.messaging.rabbitmq.consumer | INFO | Mensaje recibido: request_id=02766
2026-04-06 00:01:34,123 | concert_ticketing.adapters.messaging.rabbitmq.consumer | INFO | Mensaje recibido: request_id=02793
2026-04-06 00:01:34,210 | concert_ticketing.adapters.messaging.rabbitmq.consumer | INFO | Mensaje recibido: request_id=02759
2026-04-06 00:01:34,279 | concert_ticketing.adapters.messaging.rabbitmq.consumer | INFO | Mensaje recibido: request_id=02792
2026-04-06 00:01:34,365 | concert_ticketing.adapters.messaging.rabbitmq.consumer | INFO | Mensaje recibido: request_id=02724
2026-04-06 00:01:34,440 | concert_ticketing.adapters.messaging.rabbitmq.consumer | INFO | Mensaje recibido: request_id=02809
2026-04-06 00:01:34,534 | concert_ticketing.adapters.messaging.rabbitmq.consumer | INFO | Mensaje recibido: request_id=02833
2026-04-06 00:01:34,617 | concert_ticketing.adapters.messaging.rabbitmq.consumer | INFO | Mensaje recibido: request_id=02841
2026-04-06 00:01:34,696 | concert_ticketing.adapters.messaging.rabbitmq.consumer | INFO | Mensaje recibido: request_id=02845
2026-04-06 00:01:34,794 | concert_ticketing.adapters.messaging.rabbitmq.consumer | INFO | Mensaje recibido: request_id=02807
2026-04-06 00:01:34,877 | concert_ticketing.adapters.messaging.rabbitmq.consumer | INFO | Mensaje recibido: request_id=02810
2026-04-06 00:01:34,954 | concert_ticketing.adapters.messaging.rabbitmq.consumer | INFO | Mensaje recibido: request_id=02873
2026-04-06 00:01:35,047 | concert_ticketing.adapters.messaging.rabbitmq.consumer | INFO | Mensaje recibido: request_id=02817
2026-04-06 00:01:35,138 | concert_ticketing.adapters.messaging.rabbitmq.consumer | INFO | Mensaje recibido: request_id=02840
2026-04-06 00:01:35,230 | concert_ticketing.adapters.messaging.rabbitmq.consumer | INFO | Mensaje recibido: request_id=02896
2026-04-06 00:01:35,313 | concert_ticketing.adapters.messaging.rabbitmq.consumer | INFO | Mensaje recibido: request_id=02903
2026-04-06 00:01:35,398 | concert_ticketing.adapters.messaging.rabbitmq.consumer | INFO | Mensaje recibido: request_id=02834
2026-04-06 00:01:35,491 | concert_ticketing.adapters.messaging.rabbitmq.consumer | INFO | Mensaje recibido: request_id=02912
2026-04-06 00:01:35,575 | concert_ticketing.adapters.messaging.rabbitmq.consumer | INFO | Mensaje recibido: request_id=02919
2026-04-06 00:01:35,645 | concert_ticketing.adapters.messaging.rabbitmq.consumer | INFO | Mensaje recibido: request_id=02929
2026-04-06 00:01:35,749 | concert_ticketing.adapters.messaging.rabbitmq.consumer | INFO | Mensaje recibido: request_id=02945
2026-04-06 00:01:35,817 | concert_ticketing.adapters.messaging.rabbitmq.consumer | INFO | Mensaje recibido: request_id=02895
2026-04-06 00:01:35,900 | concert_ticketing.adapters.messaging.rabbitmq.consumer | INFO | Mensaje recibido: request_id=02871
2026-04-06 00:01:36,023 | concert_ticketing.adapters.messaging.rabbitmq.consumer | INFO | Mensaje recibido: request_id=02971
2026-04-06 00:01:36,109 | concert_ticketing.adapters.messaging.rabbitmq.consumer | INFO | Mensaje recibido: request_id=02970
2026-04-06 00:01:36,205 | concert_ticketing.adapters.messaging.rabbitmq.consumer | INFO | Mensaje recibido: request_id=02951
2026-04-06 00:01:36,308 | concert_ticketing.adapters.messaging.rabbitmq.consumer | INFO | Mensaje recibido: request_id=02985
2026-04-06 00:01:36,422 | concert_ticketing.adapters.messaging.rabbitmq.consumer | INFO | Mensaje recibido: request_id=02986
2026-04-06 00:01:36,524 | concert_ticketing.adapters.messaging.rabbitmq.consumer | INFO | Mensaje recibido: request_id=03000
2026-04-06 00:01:36,630 | concert_ticketing.adapters.messaging.rabbitmq.consumer | INFO | Mensaje recibido: request_id=03014
2026-04-06 00:01:36,770 | concert_ticketing.adapters.messaging.rabbitmq.consumer | INFO | Mensaje recibido: request_id=03001
2026-04-06 00:01:36,862 | concert_ticketing.adapters.messaging.rabbitmq.consumer | INFO | Mensaje recibido: request_id=02974
2026-04-06 00:01:36,963 | concert_ticketing.adapters.messaging.rabbitmq.consumer | INFO | Mensaje recibido: request_id=03042
2026-04-06 00:01:37,046 | concert_ticketing.adapters.messaging.rabbitmq.consumer | INFO | Mensaje recibido: request_id=03027
2026-04-06 00:01:37,137 | concert_ticketing.adapters.messaging.rabbitmq.consumer | INFO | Mensaje recibido: request_id=03002
2026-04-06 00:01:37,228 | concert_ticketing.adapters.messaging.rabbitmq.consumer | INFO | Mensaje recibido: request_id=03017
2026-04-06 00:01:37,300 | concert_ticketing.adapters.messaging.rabbitmq.consumer | INFO | Mensaje recibido: request_id=02990
2026-04-06 00:01:37,391 | concert_ticketing.adapters.messaging.rabbitmq.consumer | INFO | Mensaje recibido: request_id=03058
2026-04-06 00:01:37,491 | concert_ticketing.adapters.messaging.rabbitmq.consumer | INFO | Mensaje recibido: request_id=03082
2026-04-06 00:01:37,565 | concert_ticketing.adapters.messaging.rabbitmq.consumer | INFO | Mensaje recibido: request_id=03046
2026-04-06 00:01:37,648 | concert_ticketing.adapters.messaging.rabbitmq.consumer | INFO | Mensaje recibido: request_id=03104
2026-04-06 00:01:37,741 | concert_ticketing.adapters.messaging.rabbitmq.consumer | INFO | Mensaje recibido: request_id=03031
2026-04-06 00:01:37,828 | concert_ticketing.adapters.messaging.rabbitmq.consumer | INFO | Mensaje recibido: request_id=03056
2026-04-06 00:01:37,911 | concert_ticketing.adapters.messaging.rabbitmq.consumer | INFO | Mensaje recibido: request_id=03129
2026-04-06 00:01:37,996 | concert_ticketing.adapters.messaging.rabbitmq.consumer | INFO | Mensaje recibido: request_id=03030
2026-04-06 00:01:38,090 | concert_ticketing.adapters.messaging.rabbitmq.consumer | INFO | Mensaje recibido: request_id=03077
2026-04-06 00:01:38,138 | concert_ticketing.adapters.messaging.rabbitmq.consumer | INFO | Mensaje recibido: request_id=03123
2026-04-06 00:01:38,225 | concert_ticketing.adapters.messaging.rabbitmq.consumer | INFO | Mensaje recibido: request_id=03105
2026-04-06 00:01:38,317 | concert_ticketing.adapters.messaging.rabbitmq.consumer | INFO | Mensaje recibido: request_id=03074
2026-04-06 00:01:38,401 | concert_ticketing.adapters.messaging.rabbitmq.consumer | INFO | Mensaje recibido: request_id=03071
2026-04-06 00:01:38,467 | concert_ticketing.adapters.messaging.rabbitmq.consumer | INFO | Mensaje recibido: request_id=03155
2026-04-06 00:01:38,548 | concert_ticketing.adapters.messaging.rabbitmq.consumer | INFO | Mensaje recibido: request_id=03191
2026-04-06 00:01:38,633 | concert_ticketing.adapters.messaging.rabbitmq.consumer | INFO | Mensaje recibido: request_id=03128
2026-04-06 00:01:38,709 | concert_ticketing.adapters.messaging.rabbitmq.consumer | INFO | Mensaje recibido: request_id=03188
2026-04-06 00:01:38,802 | concert_ticketing.adapters.messaging.rabbitmq.consumer | INFO | Mensaje recibido: request_id=03090
2026-04-06 00:01:38,892 | concert_ticketing.adapters.messaging.rabbitmq.consumer | INFO | Mensaje recibido: request_id=03207
2026-04-06 00:01:38,976 | concert_ticketing.adapters.messaging.rabbitmq.consumer | INFO | Mensaje recibido: request_id=03208
2026-04-06 00:01:39,056 | concert_ticketing.adapters.messaging.rabbitmq.consumer | INFO | Mensaje recibido: request_id=03172
2026-04-06 00:01:39,136 | concert_ticketing.adapters.messaging.rabbitmq.consumer | INFO | Mensaje recibido: request_id=03246
2026-04-06 00:01:39,201 | concert_ticketing.adapters.messaging.rabbitmq.consumer | INFO | Mensaje recibido: request_id=03203
2026-04-06 00:01:39,284 | concert_ticketing.adapters.messaging.rabbitmq.consumer | INFO | Mensaje recibido: request_id=03256
2026-04-06 00:01:39,377 | concert_ticketing.adapters.messaging.rabbitmq.consumer | INFO | Mensaje recibido: request_id=03264
2026-04-06 00:01:39,467 | concert_ticketing.adapters.messaging.rabbitmq.consumer | INFO | Mensaje recibido: request_id=03281
2026-04-06 00:01:39,552 | concert_ticketing.adapters.messaging.rabbitmq.consumer | INFO | Mensaje recibido: request_id=03238
2026-04-06 00:01:39,642 | concert_ticketing.adapters.messaging.rabbitmq.consumer | INFO | Mensaje recibido: request_id=03295
2026-04-06 00:01:39,711 | concert_ticketing.adapters.messaging.rabbitmq.consumer | INFO | Mensaje recibido: request_id=03159
2026-04-06 00:01:39,791 | concert_ticketing.adapters.messaging.rabbitmq.consumer | INFO | Mensaje recibido: request_id=03312
2026-04-06 00:01:39,877 | concert_ticketing.adapters.messaging.rabbitmq.consumer | INFO | Mensaje recibido: request_id=03262
2026-04-06 00:01:39,962 | concert_ticketing.adapters.messaging.rabbitmq.consumer | INFO | Mensaje recibido: request_id=03327
2026-04-06 00:01:40,049 | concert_ticketing.adapters.messaging.rabbitmq.consumer | INFO | Mensaje recibido: request_id=03211
2026-04-06 00:01:40,111 | concert_ticketing.adapters.messaging.rabbitmq.consumer | INFO | Mensaje recibido: request_id=03285
2026-04-06 00:01:40,211 | concert_ticketing.adapters.messaging.rabbitmq.consumer | INFO | Mensaje recibido: request_id=03352
2026-04-06 00:01:40,293 | concert_ticketing.adapters.messaging.rabbitmq.consumer | INFO | Mensaje recibido: request_id=03309
2026-04-06 00:01:40,375 | concert_ticketing.adapters.messaging.rabbitmq.consumer | INFO | Mensaje recibido: request_id=03353
2026-04-06 00:01:40,469 | concert_ticketing.adapters.messaging.rabbitmq.consumer | INFO | Mensaje recibido: request_id=03361
2026-04-06 00:01:40,525 | concert_ticketing.adapters.messaging.rabbitmq.consumer | INFO | Mensaje recibido: request_id=03339
2026-04-06 00:01:40,629 | concert_ticketing.adapters.messaging.rabbitmq.consumer | INFO | Mensaje recibido: request_id=03394
2026-04-06 00:01:40,696 | concert_ticketing.adapters.messaging.rabbitmq.consumer | INFO | Mensaje recibido: request_id=03347
2026-04-06 00:01:40,790 | concert_ticketing.adapters.messaging.rabbitmq.consumer | INFO | Mensaje recibido: request_id=03319
2026-04-06 00:01:40,878 | concert_ticketing.adapters.messaging.rabbitmq.consumer | INFO | Mensaje recibido: request_id=03408
2026-04-06 00:01:40,938 | concert_ticketing.adapters.messaging.rabbitmq.consumer | INFO | Mensaje recibido: request_id=03350
2026-04-06 00:01:41,002 | concert_ticketing.adapters.messaging.rabbitmq.consumer | INFO | Mensaje recibido: request_id=03424
2026-04-06 00:01:41,093 | concert_ticketing.adapters.messaging.rabbitmq.consumer | INFO | Mensaje recibido: request_id=03433
2026-04-06 00:01:41,190 | concert_ticketing.adapters.messaging.rabbitmq.consumer | INFO | Mensaje recibido: request_id=03440
2026-04-06 00:01:41,288 | concert_ticketing.adapters.messaging.rabbitmq.consumer | INFO | Mensaje recibido: request_id=03457
2026-04-06 00:01:41,376 | concert_ticketing.adapters.messaging.rabbitmq.consumer | INFO | Mensaje recibido: request_id=03448
2026-04-06 00:01:41,469 | concert_ticketing.adapters.messaging.rabbitmq.consumer | INFO | Mensaje recibido: request_id=03399
2026-04-06 00:01:41,545 | concert_ticketing.adapters.messaging.rabbitmq.consumer | INFO | Mensaje recibido: request_id=03451
2026-04-06 00:01:41,618 | concert_ticketing.adapters.messaging.rabbitmq.consumer | INFO | Mensaje recibido: request_id=03450
2026-04-06 00:01:41,712 | concert_ticketing.adapters.messaging.rabbitmq.consumer | INFO | Mensaje recibido: request_id=03456
2026-04-06 00:01:41,796 | concert_ticketing.adapters.messaging.rabbitmq.consumer | INFO | Mensaje recibido: request_id=03488
2026-04-06 00:01:41,879 | concert_ticketing.adapters.messaging.rabbitmq.consumer | INFO | Mensaje recibido: request_id=03511
2026-04-06 00:01:41,969 | concert_ticketing.adapters.messaging.rabbitmq.consumer | INFO | Mensaje recibido: request_id=03410
2026-04-06 00:01:42,035 | concert_ticketing.adapters.messaging.rabbitmq.consumer | INFO | Mensaje recibido: request_id=03482
2026-04-06 00:01:42,125 | concert_ticketing.adapters.messaging.rabbitmq.consumer | INFO | Mensaje recibido: request_id=03463
2026-04-06 00:01:42,212 | concert_ticketing.adapters.messaging.rabbitmq.consumer | INFO | Mensaje recibido: request_id=03514
2026-04-06 00:01:42,288 | concert_ticketing.adapters.messaging.rabbitmq.consumer | INFO | Mensaje recibido: request_id=03493
2026-04-06 00:01:42,356 | concert_ticketing.adapters.messaging.rabbitmq.consumer | INFO | Mensaje recibido: request_id=03374
2026-04-06 00:01:42,424 | concert_ticketing.adapters.messaging.rabbitmq.consumer | INFO | Mensaje recibido: request_id=03509
2026-04-06 00:01:42,508 | concert_ticketing.adapters.messaging.rabbitmq.consumer | INFO | Mensaje recibido: request_id=03560
2026-04-06 00:01:42,588 | concert_ticketing.adapters.messaging.rabbitmq.consumer | INFO | Mensaje recibido: request_id=03576
2026-04-06 00:01:42,689 | concert_ticketing.adapters.messaging.rabbitmq.consumer | INFO | Mensaje recibido: request_id=03568
2026-04-06 00:01:42,766 | concert_ticketing.adapters.messaging.rabbitmq.consumer | INFO | Mensaje recibido: request_id=03598
2026-04-06 00:01:42,857 | concert_ticketing.adapters.messaging.rabbitmq.consumer | INFO | Mensaje recibido: request_id=03609
2026-04-06 00:01:42,940 | concert_ticketing.adapters.messaging.rabbitmq.consumer | INFO | Mensaje recibido: request_id=03571
2026-04-06 00:01:43,029 | concert_ticketing.adapters.messaging.rabbitmq.consumer | INFO | Mensaje recibido: request_id=03574
2026-04-06 00:01:43,117 | concert_ticketing.adapters.messaging.rabbitmq.consumer | INFO | Mensaje recibido: request_id=03633
2026-04-06 00:01:43,201 | concert_ticketing.adapters.messaging.rabbitmq.consumer | INFO | Mensaje recibido: request_id=03494
2026-04-06 00:01:43,287 | concert_ticketing.adapters.messaging.rabbitmq.consumer | INFO | Mensaje recibido: request_id=03614
2026-04-06 00:01:43,370 | concert_ticketing.adapters.messaging.rabbitmq.consumer | INFO | Mensaje recibido: request_id=03655
2026-04-06 00:01:43,447 | concert_ticketing.adapters.messaging.rabbitmq.consumer | INFO | Mensaje recibido: request_id=03631
2026-04-06 00:01:43,534 | concert_ticketing.adapters.messaging.rabbitmq.consumer | INFO | Mensaje recibido: request_id=03664
2026-04-06 00:01:43,621 | concert_ticketing.adapters.messaging.rabbitmq.consumer | INFO | Mensaje recibido: request_id=03671
2026-04-06 00:01:43,703 | concert_ticketing.adapters.messaging.rabbitmq.consumer | INFO | Mensaje recibido: request_id=03617
2026-04-06 00:01:43,781 | concert_ticketing.adapters.messaging.rabbitmq.consumer | INFO | Mensaje recibido: request_id=03601
2026-04-06 00:01:43,865 | concert_ticketing.adapters.messaging.rabbitmq.consumer | INFO | Mensaje recibido: request_id=03689
2026-04-06 00:01:43,952 | concert_ticketing.adapters.messaging.rabbitmq.consumer | INFO | Mensaje recibido: request_id=03713
2026-04-06 00:01:44,028 | concert_ticketing.adapters.messaging.rabbitmq.consumer | INFO | Mensaje recibido: request_id=03662
2026-04-06 00:01:44,106 | concert_ticketing.adapters.messaging.rabbitmq.consumer | INFO | Mensaje recibido: request_id=03629
2026-04-06 00:01:44,187 | concert_ticketing.adapters.messaging.rabbitmq.consumer | INFO | Mensaje recibido: request_id=03660
2026-04-06 00:01:44,281 | concert_ticketing.adapters.messaging.rabbitmq.consumer | INFO | Mensaje recibido: request_id=03620
2026-04-06 00:01:44,361 | concert_ticketing.adapters.messaging.rabbitmq.consumer | INFO | Mensaje recibido: request_id=03739
2026-04-06 00:01:44,440 | concert_ticketing.adapters.messaging.rabbitmq.consumer | INFO | Mensaje recibido: request_id=03723
2026-04-06 00:01:44,515 | concert_ticketing.adapters.messaging.rabbitmq.consumer | INFO | Mensaje recibido: request_id=03717
2026-04-06 00:01:44,591 | concert_ticketing.adapters.messaging.rabbitmq.consumer | INFO | Mensaje recibido: request_id=03767
2026-04-06 00:01:44,692 | concert_ticketing.adapters.messaging.rabbitmq.consumer | INFO | Mensaje recibido: request_id=03711
2026-04-06 00:01:44,762 | concert_ticketing.adapters.messaging.rabbitmq.consumer | INFO | Mensaje recibido: request_id=03697
2026-04-06 00:01:44,840 | concert_ticketing.adapters.messaging.rabbitmq.consumer | INFO | Mensaje recibido: request_id=03797
2026-04-06 00:01:44,929 | concert_ticketing.adapters.messaging.rabbitmq.consumer | INFO | Mensaje recibido: request_id=03799
2026-04-06 00:01:45,020 | concert_ticketing.adapters.messaging.rabbitmq.consumer | INFO | Mensaje recibido: request_id=03766
2026-04-06 00:01:45,092 | concert_ticketing.adapters.messaging.rabbitmq.consumer | INFO | Mensaje recibido: request_id=03823
2026-04-06 00:01:45,165 | concert_ticketing.adapters.messaging.rabbitmq.consumer | INFO | Mensaje recibido: request_id=03715
2026-04-06 00:01:45,246 | concert_ticketing.adapters.messaging.rabbitmq.consumer | INFO | Mensaje recibido: request_id=03754
2026-04-06 00:01:45,335 | concert_ticketing.adapters.messaging.rabbitmq.consumer | INFO | Mensaje recibido: request_id=03848
2026-04-06 00:01:45,436 | concert_ticketing.adapters.messaging.rabbitmq.consumer | INFO | Mensaje recibido: request_id=03827
2026-04-06 00:01:45,516 | concert_ticketing.adapters.messaging.rabbitmq.consumer | INFO | Mensaje recibido: request_id=03855
2026-04-06 00:01:45,637 | concert_ticketing.adapters.messaging.rabbitmq.consumer | INFO | Mensaje recibido: request_id=03828
2026-04-06 00:01:45,719 | concert_ticketing.adapters.messaging.rabbitmq.consumer | INFO | Mensaje recibido: request_id=03794
2026-04-06 00:01:45,829 | concert_ticketing.adapters.messaging.rabbitmq.consumer | INFO | Mensaje recibido: request_id=03877
2026-04-06 00:01:45,903 | concert_ticketing.adapters.messaging.rabbitmq.consumer | INFO | Mensaje recibido: request_id=03897
2026-04-06 00:01:45,981 | concert_ticketing.adapters.messaging.rabbitmq.consumer | INFO | Mensaje recibido: request_id=03768
2026-04-06 00:01:46,061 | concert_ticketing.adapters.messaging.rabbitmq.consumer | INFO | Mensaje recibido: request_id=03873
2026-04-06 00:01:46,159 | concert_ticketing.adapters.messaging.rabbitmq.consumer | INFO | Mensaje recibido: request_id=03920
2026-04-06 00:01:46,245 | concert_ticketing.adapters.messaging.rabbitmq.consumer | INFO | Mensaje recibido: request_id=03922
2026-04-06 00:01:46,329 | concert_ticketing.adapters.messaging.rabbitmq.consumer | INFO | Mensaje recibido: request_id=03908
2026-04-06 00:01:46,417 | concert_ticketing.adapters.messaging.rabbitmq.consumer | INFO | Mensaje recibido: request_id=03893
2026-04-06 00:01:46,487 | concert_ticketing.adapters.messaging.rabbitmq.consumer | INFO | Mensaje recibido: request_id=03936
2026-04-06 00:01:46,581 | concert_ticketing.adapters.messaging.rabbitmq.consumer | INFO | Mensaje recibido: request_id=03962
2026-04-06 00:01:46,661 | concert_ticketing.adapters.messaging.rabbitmq.consumer | INFO | Mensaje recibido: request_id=03930
2026-04-06 00:01:46,752 | concert_ticketing.adapters.messaging.rabbitmq.consumer | INFO | Mensaje recibido: request_id=03965
2026-04-06 00:01:46,840 | concert_ticketing.adapters.messaging.rabbitmq.consumer | INFO | Mensaje recibido: request_id=03987
2026-04-06 00:01:46,928 | concert_ticketing.adapters.messaging.rabbitmq.consumer | INFO | Mensaje recibido: request_id=03865
2026-04-06 00:01:47,012 | concert_ticketing.adapters.messaging.rabbitmq.consumer | INFO | Mensaje recibido: request_id=03948
2026-04-06 00:01:47,138 | concert_ticketing.adapters.messaging.rabbitmq.consumer | INFO | Mensaje recibido: request_id=03917
2026-04-06 00:01:47,219 | concert_ticketing.adapters.messaging.rabbitmq.consumer | INFO | Mensaje recibido: request_id=04016
2026-04-06 00:01:47,306 | concert_ticketing.adapters.messaging.rabbitmq.consumer | INFO | Mensaje recibido: request_id=03992
2026-04-06 00:01:47,419 | concert_ticketing.adapters.messaging.rabbitmq.consumer | INFO | Mensaje recibido: request_id=03984
2026-04-06 00:01:47,521 | concert_ticketing.adapters.messaging.rabbitmq.consumer | INFO | Mensaje recibido: request_id=04004
2026-04-06 00:01:47,625 | concert_ticketing.adapters.messaging.rabbitmq.consumer | INFO | Mensaje recibido: request_id=03985
2026-04-06 00:01:47,728 | concert_ticketing.adapters.messaging.rabbitmq.consumer | INFO | Mensaje recibido: request_id=03979
2026-04-06 00:01:47,822 | concert_ticketing.adapters.messaging.rabbitmq.consumer | INFO | Mensaje recibido: request_id=03947
2026-04-06 00:01:47,929 | concert_ticketing.adapters.messaging.rabbitmq.consumer | INFO | Mensaje recibido: request_id=04044
2026-04-06 00:01:48,009 | concert_ticketing.adapters.messaging.rabbitmq.consumer | INFO | Mensaje recibido: request_id=04069
2026-04-06 00:01:48,083 | concert_ticketing.adapters.messaging.rabbitmq.consumer | INFO | Mensaje recibido: request_id=04078
2026-04-06 00:01:48,171 | concert_ticketing.adapters.messaging.rabbitmq.consumer | INFO | Mensaje recibido: request_id=04070
2026-04-06 00:01:48,249 | concert_ticketing.adapters.messaging.rabbitmq.consumer | INFO | Mensaje recibido: request_id=04104
2026-04-06 00:01:48,340 | concert_ticketing.adapters.messaging.rabbitmq.consumer | INFO | Mensaje recibido: request_id=04060
2026-04-06 00:01:48,434 | concert_ticketing.adapters.messaging.rabbitmq.consumer | INFO | Mensaje recibido: request_id=04033
2026-04-06 00:01:48,515 | concert_ticketing.adapters.messaging.rabbitmq.consumer | INFO | Mensaje recibido: request_id=04114
2026-04-06 00:01:48,585 | concert_ticketing.adapters.messaging.rabbitmq.consumer | INFO | Mensaje recibido: request_id=04051
2026-04-06 00:01:48,655 | concert_ticketing.adapters.messaging.rabbitmq.consumer | INFO | Mensaje recibido: request_id=04121
2026-04-06 00:01:48,725 | concert_ticketing.adapters.messaging.rabbitmq.consumer | INFO | Mensaje recibido: request_id=04050
2026-04-06 00:01:48,833 | concert_ticketing.adapters.messaging.rabbitmq.consumer | INFO | Mensaje recibido: request_id=04159
2026-04-06 00:01:48,896 | concert_ticketing.adapters.messaging.rabbitmq.consumer | INFO | Mensaje recibido: request_id=04168
2026-04-06 00:01:48,973 | concert_ticketing.adapters.messaging.rabbitmq.consumer | INFO | Mensaje recibido: request_id=04160
2026-04-06 00:01:49,060 | concert_ticketing.adapters.messaging.rabbitmq.consumer | INFO | Mensaje recibido: request_id=04135
2026-04-06 00:01:49,140 | concert_ticketing.adapters.messaging.rabbitmq.consumer | INFO | Mensaje recibido: request_id=04156
2026-04-06 00:01:49,213 | concert_ticketing.adapters.messaging.rabbitmq.consumer | INFO | Mensaje recibido: request_id=04187
2026-04-06 00:01:49,286 | concert_ticketing.adapters.messaging.rabbitmq.consumer | INFO | Mensaje recibido: request_id=04128
2026-04-06 00:01:49,377 | concert_ticketing.adapters.messaging.rabbitmq.consumer | INFO | Mensaje recibido: request_id=04216
2026-04-06 00:01:49,463 | concert_ticketing.adapters.messaging.rabbitmq.consumer | INFO | Mensaje recibido: request_id=04223
2026-04-06 00:01:49,542 | concert_ticketing.adapters.messaging.rabbitmq.consumer | INFO | Mensaje recibido: request_id=04189
2026-04-06 00:01:49,619 | concert_ticketing.adapters.messaging.rabbitmq.consumer | INFO | Mensaje recibido: request_id=04143
2026-04-06 00:01:49,680 | concert_ticketing.adapters.messaging.rabbitmq.consumer | INFO | Mensaje recibido: request_id=04240
2026-04-06 00:01:49,765 | concert_ticketing.adapters.messaging.rabbitmq.consumer | INFO | Mensaje recibido: request_id=04242
2026-04-06 00:01:49,853 | concert_ticketing.adapters.messaging.rabbitmq.consumer | INFO | Mensaje recibido: request_id=04258
2026-04-06 00:01:49,921 | concert_ticketing.adapters.messaging.rabbitmq.consumer | INFO | Mensaje recibido: request_id=04255
2026-04-06 00:01:50,008 | concert_ticketing.adapters.messaging.rabbitmq.consumer | INFO | Mensaje recibido: request_id=04280
2026-04-06 00:01:50,096 | concert_ticketing.adapters.messaging.rabbitmq.consumer | INFO | Mensaje recibido: request_id=04277
2026-04-06 00:01:50,188 | concert_ticketing.adapters.messaging.rabbitmq.consumer | INFO | Mensaje recibido: request_id=04297
2026-04-06 00:01:50,273 | concert_ticketing.adapters.messaging.rabbitmq.consumer | INFO | Mensaje recibido: request_id=04285
2026-04-06 00:01:50,354 | concert_ticketing.adapters.messaging.rabbitmq.consumer | INFO | Mensaje recibido: request_id=04268
2026-04-06 00:01:50,425 | concert_ticketing.adapters.messaging.rabbitmq.consumer | INFO | Mensaje recibido: request_id=04264
2026-04-06 00:01:50,491 | concert_ticketing.adapters.messaging.rabbitmq.consumer | INFO | Mensaje recibido: request_id=04326
2026-04-06 00:01:50,590 | concert_ticketing.adapters.messaging.rabbitmq.consumer | INFO | Mensaje recibido: request_id=04338
2026-04-06 00:01:50,672 | concert_ticketing.adapters.messaging.rabbitmq.consumer | INFO | Mensaje recibido: request_id=04333
2026-04-06 00:01:50,774 | concert_ticketing.adapters.messaging.rabbitmq.consumer | INFO | Mensaje recibido: request_id=04313
2026-04-06 00:01:50,855 | concert_ticketing.adapters.messaging.rabbitmq.consumer | INFO | Mensaje recibido: request_id=04354
2026-04-06 00:01:50,937 | concert_ticketing.adapters.messaging.rabbitmq.consumer | INFO | Mensaje recibido: request_id=04368
2026-04-06 00:01:51,013 | concert_ticketing.adapters.messaging.rabbitmq.consumer | INFO | Mensaje recibido: request_id=04250
2026-04-06 00:01:51,106 | concert_ticketing.adapters.messaging.rabbitmq.consumer | INFO | Mensaje recibido: request_id=04309
2026-04-06 00:01:51,185 | concert_ticketing.adapters.messaging.rabbitmq.consumer | INFO | Mensaje recibido: request_id=04343
2026-04-06 00:01:51,259 | concert_ticketing.adapters.messaging.rabbitmq.consumer | INFO | Mensaje recibido: request_id=04399
2026-04-06 00:01:51,346 | concert_ticketing.adapters.messaging.rabbitmq.consumer | INFO | Mensaje recibido: request_id=04407
2026-04-06 00:01:51,427 | concert_ticketing.adapters.messaging.rabbitmq.consumer | INFO | Mensaje recibido: request_id=04416
2026-04-06 00:01:51,496 | concert_ticketing.adapters.messaging.rabbitmq.consumer | INFO | Mensaje recibido: request_id=04369
2026-04-06 00:01:51,590 | concert_ticketing.adapters.messaging.rabbitmq.consumer | INFO | Mensaje recibido: request_id=04433
2026-04-06 00:01:51,671 | concert_ticketing.adapters.messaging.rabbitmq.consumer | INFO | Mensaje recibido: request_id=04427
2026-04-06 00:01:51,738 | concert_ticketing.adapters.messaging.rabbitmq.consumer | INFO | Mensaje recibido: request_id=04365
2026-04-06 00:01:51,833 | concert_ticketing.adapters.messaging.rabbitmq.consumer | INFO | Mensaje recibido: request_id=04456
2026-04-06 00:01:51,925 | concert_ticketing.adapters.messaging.rabbitmq.consumer | INFO | Mensaje recibido: request_id=04447
2026-04-06 00:01:51,994 | concert_ticketing.adapters.messaging.rabbitmq.consumer | INFO | Mensaje recibido: request_id=04445
2026-04-06 00:01:52,104 | concert_ticketing.adapters.messaging.rabbitmq.consumer | INFO | Mensaje recibido: request_id=04472
2026-04-06 00:01:52,182 | concert_ticketing.adapters.messaging.rabbitmq.consumer | INFO | Mensaje recibido: request_id=04452
2026-04-06 00:01:52,265 | concert_ticketing.adapters.messaging.rabbitmq.consumer | INFO | Mensaje recibido: request_id=04477
2026-04-06 00:01:52,355 | concert_ticketing.adapters.messaging.rabbitmq.consumer | INFO | Mensaje recibido: request_id=04505
2026-04-06 00:01:52,442 | concert_ticketing.adapters.messaging.rabbitmq.consumer | INFO | Mensaje recibido: request_id=04423
2026-04-06 00:01:52,541 | concert_ticketing.adapters.messaging.rabbitmq.consumer | INFO | Mensaje recibido: request_id=04478
2026-04-06 00:01:52,625 | concert_ticketing.adapters.messaging.rabbitmq.consumer | INFO | Mensaje recibido: request_id=04500
2026-04-06 00:01:52,712 | concert_ticketing.adapters.messaging.rabbitmq.consumer | INFO | Mensaje recibido: request_id=04512
2026-04-06 00:01:52,775 | concert_ticketing.adapters.messaging.rabbitmq.consumer | INFO | Mensaje recibido: request_id=04536
2026-04-06 00:01:52,879 | concert_ticketing.adapters.messaging.rabbitmq.consumer | INFO | Mensaje recibido: request_id=04553
2026-04-06 00:01:52,971 | concert_ticketing.adapters.messaging.rabbitmq.consumer | INFO | Mensaje recibido: request_id=04455
2026-04-06 00:01:53,050 | concert_ticketing.adapters.messaging.rabbitmq.consumer | INFO | Mensaje recibido: request_id=04569
2026-04-06 00:01:53,129 | concert_ticketing.adapters.messaging.rabbitmq.consumer | INFO | Mensaje recibido: request_id=04560
2026-04-06 00:01:53,216 | concert_ticketing.adapters.messaging.rabbitmq.consumer | INFO | Mensaje recibido: request_id=04582
2026-04-06 00:01:53,304 | concert_ticketing.adapters.messaging.rabbitmq.consumer | INFO | Mensaje recibido: request_id=04516
2026-04-06 00:01:53,384 | concert_ticketing.adapters.messaging.rabbitmq.consumer | INFO | Mensaje recibido: request_id=04568
2026-04-06 00:01:53,472 | concert_ticketing.adapters.messaging.rabbitmq.consumer | INFO | Mensaje recibido: request_id=04601
2026-04-06 00:01:53,561 | concert_ticketing.adapters.messaging.rabbitmq.consumer | INFO | Mensaje recibido: request_id=04548
2026-04-06 00:01:53,648 | concert_ticketing.adapters.messaging.rabbitmq.consumer | INFO | Mensaje recibido: request_id=04604
2026-04-06 00:01:53,730 | concert_ticketing.adapters.messaging.rabbitmq.consumer | INFO | Mensaje recibido: request_id=04626
2026-04-06 00:01:53,806 | concert_ticketing.adapters.messaging.rabbitmq.consumer | INFO | Mensaje recibido: request_id=04639
2026-04-06 00:01:53,913 | concert_ticketing.adapters.messaging.rabbitmq.consumer | INFO | Mensaje recibido: request_id=04650
2026-04-06 00:01:53,998 | concert_ticketing.adapters.messaging.rabbitmq.consumer | INFO | Mensaje recibido: request_id=04656
2026-04-06 00:01:54,075 | concert_ticketing.adapters.messaging.rabbitmq.consumer | INFO | Mensaje recibido: request_id=04531
2026-04-06 00:01:54,153 | concert_ticketing.adapters.messaging.rabbitmq.consumer | INFO | Mensaje recibido: request_id=04657
2026-04-06 00:01:54,249 | concert_ticketing.adapters.messaging.rabbitmq.consumer | INFO | Mensaje recibido: request_id=04672
2026-04-06 00:01:54,346 | concert_ticketing.adapters.messaging.rabbitmq.consumer | INFO | Mensaje recibido: request_id=04688
2026-04-06 00:01:54,423 | concert_ticketing.adapters.messaging.rabbitmq.consumer | INFO | Mensaje recibido: request_id=04678
2026-04-06 00:01:54,505 | concert_ticketing.adapters.messaging.rabbitmq.consumer | INFO | Mensaje recibido: request_id=04547
2026-04-06 00:01:54,595 | concert_ticketing.adapters.messaging.rabbitmq.consumer | INFO | Mensaje recibido: request_id=04649
2026-04-06 00:01:54,659 | concert_ticketing.adapters.messaging.rabbitmq.consumer | INFO | Mensaje recibido: request_id=04675
2026-04-06 00:01:54,754 | concert_ticketing.adapters.messaging.rabbitmq.consumer | INFO | Mensaje recibido: request_id=04680
2026-04-06 00:01:54,846 | concert_ticketing.adapters.messaging.rabbitmq.consumer | INFO | Mensaje recibido: request_id=04738
2026-04-06 00:01:54,921 | concert_ticketing.adapters.messaging.rabbitmq.consumer | INFO | Mensaje recibido: request_id=04713
2026-04-06 00:01:54,999 | concert_ticketing.adapters.messaging.rabbitmq.consumer | INFO | Mensaje recibido: request_id=04707
2026-04-06 00:01:55,088 | concert_ticketing.adapters.messaging.rabbitmq.consumer | INFO | Mensaje recibido: request_id=04684
2026-04-06 00:01:55,164 | concert_ticketing.adapters.messaging.rabbitmq.consumer | INFO | Mensaje recibido: request_id=04711
2026-04-06 00:01:55,242 | concert_ticketing.adapters.messaging.rabbitmq.consumer | INFO | Mensaje recibido: request_id=04760
2026-04-06 00:01:55,337 | concert_ticketing.adapters.messaging.rabbitmq.consumer | INFO | Mensaje recibido: request_id=04647
2026-04-06 00:01:55,427 | concert_ticketing.adapters.messaging.rabbitmq.consumer | INFO | Mensaje recibido: request_id=04762
2026-04-06 00:01:55,505 | concert_ticketing.adapters.messaging.rabbitmq.consumer | INFO | Mensaje recibido: request_id=04689
2026-04-06 00:01:55,592 | concert_ticketing.adapters.messaging.rabbitmq.consumer | INFO | Mensaje recibido: request_id=04802
2026-04-06 00:01:55,667 | concert_ticketing.adapters.messaging.rabbitmq.consumer | INFO | Mensaje recibido: request_id=04758
2026-04-06 00:01:55,760 | concert_ticketing.adapters.messaging.rabbitmq.consumer | INFO | Mensaje recibido: request_id=04817
2026-04-06 00:01:55,852 | concert_ticketing.adapters.messaging.rabbitmq.consumer | INFO | Mensaje recibido: request_id=04825
2026-04-06 00:01:55,928 | concert_ticketing.adapters.messaging.rabbitmq.consumer | INFO | Mensaje recibido: request_id=04838
2026-04-06 00:01:56,008 | concert_ticketing.adapters.messaging.rabbitmq.consumer | INFO | Mensaje recibido: request_id=04766
2026-04-06 00:01:56,092 | concert_ticketing.adapters.messaging.rabbitmq.consumer | INFO | Mensaje recibido: request_id=04757
2026-04-06 00:01:56,183 | concert_ticketing.adapters.messaging.rabbitmq.consumer | INFO | Mensaje recibido: request_id=04860
2026-04-06 00:01:56,272 | concert_ticketing.adapters.messaging.rabbitmq.consumer | INFO | Mensaje recibido: request_id=04833
2026-04-06 00:01:56,356 | concert_ticketing.adapters.messaging.rabbitmq.consumer | INFO | Mensaje recibido: request_id=04830
2026-04-06 00:01:56,446 | concert_ticketing.adapters.messaging.rabbitmq.consumer | INFO | Mensaje recibido: request_id=04625
2026-04-06 00:01:56,522 | concert_ticketing.adapters.messaging.rabbitmq.consumer | INFO | Mensaje recibido: request_id=04896
2026-04-06 00:01:56,612 | concert_ticketing.adapters.messaging.rabbitmq.consumer | INFO | Mensaje recibido: request_id=04840
2026-04-06 00:01:56,696 | concert_ticketing.adapters.messaging.rabbitmq.consumer | INFO | Mensaje recibido: request_id=04906
2026-04-06 00:01:56,774 | concert_ticketing.adapters.messaging.rabbitmq.consumer | INFO | Mensaje recibido: request_id=04895
2026-04-06 00:01:56,856 | concert_ticketing.adapters.messaging.rabbitmq.consumer | INFO | Mensaje recibido: request_id=04827
2026-04-06 00:01:56,933 | concert_ticketing.adapters.messaging.rabbitmq.consumer | INFO | Mensaje recibido: request_id=04915
2026-04-06 00:01:57,014 | concert_ticketing.adapters.messaging.rabbitmq.consumer | INFO | Mensaje recibido: request_id=04943
2026-04-06 00:01:57,102 | concert_ticketing.adapters.messaging.rabbitmq.consumer | INFO | Mensaje recibido: request_id=04914
2026-04-06 00:01:57,176 | concert_ticketing.adapters.messaging.rabbitmq.consumer | INFO | Mensaje recibido: request_id=04959
2026-04-06 00:01:57,262 | concert_ticketing.adapters.messaging.rabbitmq.consumer | INFO | Mensaje recibido: request_id=04961
2026-04-06 00:01:57,324 | concert_ticketing.adapters.messaging.rabbitmq.consumer | INFO | Mensaje recibido: request_id=04958
2026-04-06 00:01:57,431 | concert_ticketing.adapters.messaging.rabbitmq.consumer | INFO | Mensaje recibido: request_id=04983
2026-04-06 00:01:57,515 | concert_ticketing.adapters.messaging.rabbitmq.consumer | INFO | Mensaje recibido: request_id=04937
2026-04-06 00:01:57,592 | concert_ticketing.adapters.messaging.rabbitmq.consumer | INFO | Mensaje recibido: request_id=04971
2026-04-06 00:01:57,679 | concert_ticketing.adapters.messaging.rabbitmq.consumer | INFO | Mensaje recibido: request_id=04953
2026-04-06 00:01:57,758 | concert_ticketing.adapters.messaging.rabbitmq.consumer | INFO | Mensaje recibido: request_id=04962
2026-04-06 00:01:57,855 | concert_ticketing.adapters.messaging.rabbitmq.consumer | INFO | Mensaje recibido: request_id=05024
2026-04-06 00:01:57,919 | concert_ticketing.adapters.messaging.rabbitmq.consumer | INFO | Mensaje recibido: request_id=04970
2026-04-06 00:01:58,001 | concert_ticketing.adapters.messaging.rabbitmq.consumer | INFO | Mensaje recibido: request_id=04947
2026-04-06 00:01:58,093 | concert_ticketing.adapters.messaging.rabbitmq.consumer | INFO | Mensaje recibido: request_id=05007
2026-04-06 00:01:58,180 | concert_ticketing.adapters.messaging.rabbitmq.consumer | INFO | Mensaje recibido: request_id=05031
2026-04-06 00:01:58,278 | concert_ticketing.adapters.messaging.rabbitmq.consumer | INFO | Mensaje recibido: request_id=05010
2026-04-06 00:01:58,381 | concert_ticketing.adapters.messaging.rabbitmq.consumer | INFO | Mensaje recibido: request_id=05047
2026-04-06 00:01:58,471 | concert_ticketing.adapters.messaging.rabbitmq.consumer | INFO | Mensaje recibido: request_id=05080
2026-04-06 00:01:58,573 | concert_ticketing.adapters.messaging.rabbitmq.consumer | INFO | Mensaje recibido: request_id=05059
2026-04-06 00:01:58,660 | concert_ticketing.adapters.messaging.rabbitmq.consumer | INFO | Mensaje recibido: request_id=04998
2026-04-06 00:01:58,749 | concert_ticketing.adapters.messaging.rabbitmq.consumer | INFO | Mensaje recibido: request_id=05094
2026-04-06 00:01:58,872 | concert_ticketing.adapters.messaging.rabbitmq.consumer | INFO | Mensaje recibido: request_id=05038
2026-04-06 00:01:58,986 | concert_ticketing.adapters.messaging.rabbitmq.consumer | INFO | Mensaje recibido: request_id=05087
2026-04-06 00:01:59,094 | concert_ticketing.adapters.messaging.rabbitmq.consumer | INFO | Mensaje recibido: request_id=05127
2026-04-06 00:01:59,177 | concert_ticketing.adapters.messaging.rabbitmq.consumer | INFO | Mensaje recibido: request_id=05072
2026-04-06 00:01:59,267 | concert_ticketing.adapters.messaging.rabbitmq.consumer | INFO | Mensaje recibido: request_id=05138
2026-04-06 00:01:59,346 | concert_ticketing.adapters.messaging.rabbitmq.consumer | INFO | Mensaje recibido: request_id=05140
2026-04-06 00:01:59,427 | concert_ticketing.adapters.messaging.rabbitmq.consumer | INFO | Mensaje recibido: request_id=05159
2026-04-06 00:01:59,511 | concert_ticketing.adapters.messaging.rabbitmq.consumer | INFO | Mensaje recibido: request_id=05168
2026-04-06 00:01:59,600 | concert_ticketing.adapters.messaging.rabbitmq.consumer | INFO | Mensaje recibido: request_id=05175
2026-04-06 00:01:59,667 | concert_ticketing.adapters.messaging.rabbitmq.consumer | INFO | Mensaje recibido: request_id=04798
2026-04-06 00:01:59,757 | concert_ticketing.adapters.messaging.rabbitmq.consumer | INFO | Mensaje recibido: request_id=05184
2026-04-06 00:01:59,832 | concert_ticketing.adapters.messaging.rabbitmq.consumer | INFO | Mensaje recibido: request_id=05160
2026-04-06 00:01:59,907 | concert_ticketing.adapters.messaging.rabbitmq.consumer | INFO | Mensaje recibido: request_id=05194
2026-04-06 00:01:59,970 | concert_ticketing.adapters.messaging.rabbitmq.consumer | INFO | Mensaje recibido: request_id=05214
2026-04-06 00:02:00,053 | concert_ticketing.adapters.messaging.rabbitmq.consumer | INFO | Mensaje recibido: request_id=05226
2026-04-06 00:02:00,120 | concert_ticketing.adapters.messaging.rabbitmq.consumer | INFO | Mensaje recibido: request_id=05213
2026-04-06 00:02:00,207 | concert_ticketing.adapters.messaging.rabbitmq.consumer | INFO | Mensaje recibido: request_id=05241
2026-04-06 00:02:00,281 | concert_ticketing.adapters.messaging.rabbitmq.consumer | INFO | Mensaje recibido: request_id=05230
2026-04-06 00:02:00,377 | concert_ticketing.adapters.messaging.rabbitmq.consumer | INFO | Mensaje recibido: request_id=05224
2026-04-06 00:02:00,466 | concert_ticketing.adapters.messaging.rabbitmq.consumer | INFO | Mensaje recibido: request_id=05222
2026-04-06 00:02:00,544 | concert_ticketing.adapters.messaging.rabbitmq.consumer | INFO | Mensaje recibido: request_id=05270
2026-04-06 00:02:00,621 | concert_ticketing.adapters.messaging.rabbitmq.consumer | INFO | Mensaje recibido: request_id=05280
2026-04-06 00:02:00,706 | concert_ticketing.adapters.messaging.rabbitmq.consumer | INFO | Mensaje recibido: request_id=05266
2026-04-06 00:02:00,800 | concert_ticketing.adapters.messaging.rabbitmq.consumer | INFO | Mensaje recibido: request_id=05298
2026-04-06 00:02:00,865 | concert_ticketing.adapters.messaging.rabbitmq.consumer | INFO | Mensaje recibido: request_id=05064
2026-04-06 00:02:00,955 | concert_ticketing.adapters.messaging.rabbitmq.consumer | INFO | Mensaje recibido: request_id=05243
2026-04-06 00:02:01,038 | concert_ticketing.adapters.messaging.rabbitmq.consumer | INFO | Mensaje recibido: request_id=05293
2026-04-06 00:02:01,126 | concert_ticketing.adapters.messaging.rabbitmq.consumer | INFO | Mensaje recibido: request_id=05327
2026-04-06 00:02:01,213 | concert_ticketing.adapters.messaging.rabbitmq.consumer | INFO | Mensaje recibido: request_id=05288
2026-04-06 00:02:01,285 | concert_ticketing.adapters.messaging.rabbitmq.consumer | INFO | Mensaje recibido: request_id=05330
2026-04-06 00:02:01,393 | concert_ticketing.adapters.messaging.rabbitmq.consumer | INFO | Mensaje recibido: request_id=05305
2026-04-06 00:02:01,485 | concert_ticketing.adapters.messaging.rabbitmq.consumer | INFO | Mensaje recibido: request_id=05336
2026-04-06 00:02:01,565 | concert_ticketing.adapters.messaging.rabbitmq.consumer | INFO | Mensaje recibido: request_id=05335
2026-04-06 00:02:01,657 | concert_ticketing.adapters.messaging.rabbitmq.consumer | INFO | Mensaje recibido: request_id=05376
2026-04-06 00:02:01,731 | concert_ticketing.adapters.messaging.rabbitmq.consumer | INFO | Mensaje recibido: request_id=05368
2026-04-06 00:02:01,810 | concert_ticketing.adapters.messaging.rabbitmq.consumer | INFO | Mensaje recibido: request_id=05183
2026-04-06 00:02:01,890 | concert_ticketing.adapters.messaging.rabbitmq.consumer | INFO | Mensaje recibido: request_id=05360
2026-04-06 00:02:01,980 | concert_ticketing.adapters.messaging.rabbitmq.consumer | INFO | Mensaje recibido: request_id=05378
2026-04-06 00:02:02,069 | concert_ticketing.adapters.messaging.rabbitmq.consumer | INFO | Mensaje recibido: request_id=05358
2026-04-06 00:02:02,171 | concert_ticketing.adapters.messaging.rabbitmq.consumer | INFO | Mensaje recibido: request_id=05424
2026-04-06 00:02:02,250 | concert_ticketing.adapters.messaging.rabbitmq.consumer | INFO | Mensaje recibido: request_id=05365
2026-04-06 00:02:02,335 | concert_ticketing.adapters.messaging.rabbitmq.consumer | INFO | Mensaje recibido: request_id=05425
2026-04-06 00:02:02,427 | concert_ticketing.adapters.messaging.rabbitmq.consumer | INFO | Mensaje recibido: request_id=05448
2026-04-06 00:02:02,505 | concert_ticketing.adapters.messaging.rabbitmq.consumer | INFO | Mensaje recibido: request_id=05446
2026-04-06 00:02:02,581 | concert_ticketing.adapters.messaging.rabbitmq.consumer | INFO | Mensaje recibido: request_id=05454
2026-04-06 00:02:02,647 | concert_ticketing.adapters.messaging.rabbitmq.consumer | INFO | Mensaje recibido: request_id=05422
2026-04-06 00:02:02,721 | concert_ticketing.adapters.messaging.rabbitmq.consumer | INFO | Mensaje recibido: request_id=05364
2026-04-06 00:02:02,790 | concert_ticketing.adapters.messaging.rabbitmq.consumer | INFO | Mensaje recibido: request_id=05470
2026-04-06 00:02:02,875 | concert_ticketing.adapters.messaging.rabbitmq.consumer | INFO | Mensaje recibido: request_id=05488
2026-04-06 00:02:02,972 | concert_ticketing.adapters.messaging.rabbitmq.consumer | INFO | Mensaje recibido: request_id=05489
2026-04-06 00:02:03,045 | concert_ticketing.adapters.messaging.rabbitmq.consumer | INFO | Mensaje recibido: request_id=05505
2026-04-06 00:02:03,148 | concert_ticketing.adapters.messaging.rabbitmq.consumer | INFO | Mensaje recibido: request_id=05522
2026-04-06 00:02:03,230 | concert_ticketing.adapters.messaging.rabbitmq.consumer | INFO | Mensaje recibido: request_id=05498
2026-04-06 00:02:03,322 | concert_ticketing.adapters.messaging.rabbitmq.consumer | INFO | Mensaje recibido: request_id=05529
2026-04-06 00:02:03,397 | concert_ticketing.adapters.messaging.rabbitmq.consumer | INFO | Mensaje recibido: request_id=05544
2026-04-06 00:02:03,478 | concert_ticketing.adapters.messaging.rabbitmq.consumer | INFO | Mensaje recibido: request_id=05492
2026-04-06 00:02:03,556 | concert_ticketing.adapters.messaging.rabbitmq.consumer | INFO | Mensaje recibido: request_id=05536
2026-04-06 00:02:03,641 | concert_ticketing.adapters.messaging.rabbitmq.consumer | INFO | Mensaje recibido: request_id=05556
2026-04-06 00:02:03,744 | concert_ticketing.adapters.messaging.rabbitmq.consumer | INFO | Mensaje recibido: request_id=05495
2026-04-06 00:02:03,829 | concert_ticketing.adapters.messaging.rabbitmq.consumer | INFO | Mensaje recibido: request_id=05582
2026-04-06 00:02:03,916 | concert_ticketing.adapters.messaging.rabbitmq.consumer | INFO | Mensaje recibido: request_id=05583
2026-04-06 00:02:03,999 | concert_ticketing.adapters.messaging.rabbitmq.consumer | INFO | Mensaje recibido: request_id=05594
2026-04-06 00:02:04,090 | concert_ticketing.adapters.messaging.rabbitmq.consumer | INFO | Mensaje recibido: request_id=05564
2026-04-06 00:02:04,167 | concert_ticketing.adapters.messaging.rabbitmq.consumer | INFO | Mensaje recibido: request_id=05578
2026-04-06 00:02:04,242 | concert_ticketing.adapters.messaging.rabbitmq.consumer | INFO | Mensaje recibido: request_id=05602
2026-04-06 00:02:04,331 | concert_ticketing.adapters.messaging.rabbitmq.consumer | INFO | Mensaje recibido: request_id=05614
2026-04-06 00:02:04,415 | concert_ticketing.adapters.messaging.rabbitmq.consumer | INFO | Mensaje recibido: request_id=05617
2026-04-06 00:02:04,494 | concert_ticketing.adapters.messaging.rabbitmq.consumer | INFO | Mensaje recibido: request_id=05646
2026-04-06 00:02:04,550 | concert_ticketing.adapters.messaging.rabbitmq.consumer | INFO | Mensaje recibido: request_id=05623
2026-04-06 00:02:04,653 | concert_ticketing.adapters.messaging.rabbitmq.consumer | INFO | Mensaje recibido: request_id=05649
2026-04-06 00:02:04,713 | concert_ticketing.adapters.messaging.rabbitmq.consumer | INFO | Mensaje recibido: request_id=05580
2026-04-06 00:02:04,798 | concert_ticketing.adapters.messaging.rabbitmq.consumer | INFO | Mensaje recibido: request_id=05593
2026-04-06 00:02:04,879 | concert_ticketing.adapters.messaging.rabbitmq.consumer | INFO | Mensaje recibido: request_id=05680
2026-04-06 00:02:04,960 | concert_ticketing.adapters.messaging.rabbitmq.consumer | INFO | Mensaje recibido: request_id=05686
2026-04-06 00:02:05,049 | concert_ticketing.adapters.messaging.rabbitmq.consumer | INFO | Mensaje recibido: request_id=05567
2026-04-06 00:02:05,125 | concert_ticketing.adapters.messaging.rabbitmq.consumer | INFO | Mensaje recibido: request_id=05711
2026-04-06 00:02:05,217 | concert_ticketing.adapters.messaging.rabbitmq.consumer | INFO | Mensaje recibido: request_id=05704
2026-04-06 00:02:05,295 | concert_ticketing.adapters.messaging.rabbitmq.consumer | INFO | Mensaje recibido: request_id=05681
2026-04-06 00:02:05,383 | concert_ticketing.adapters.messaging.rabbitmq.consumer | INFO | Mensaje recibido: request_id=05730
2026-04-06 00:02:05,462 | concert_ticketing.adapters.messaging.rabbitmq.consumer | INFO | Mensaje recibido: request_id=05694
2026-04-06 00:02:05,542 | concert_ticketing.adapters.messaging.rabbitmq.consumer | INFO | Mensaje recibido: request_id=05677
2026-04-06 00:02:05,603 | concert_ticketing.adapters.messaging.rabbitmq.consumer | INFO | Mensaje recibido: request_id=05751
2026-04-06 00:02:05,692 | concert_ticketing.adapters.messaging.rabbitmq.consumer | INFO | Mensaje recibido: request_id=05581
2026-04-06 00:02:05,788 | concert_ticketing.adapters.messaging.rabbitmq.consumer | INFO | Mensaje recibido: request_id=05776
2026-04-06 00:02:05,856 | concert_ticketing.adapters.messaging.rabbitmq.consumer | INFO | Mensaje recibido: request_id=05782
2026-04-06 00:02:05,938 | concert_ticketing.adapters.messaging.rabbitmq.consumer | INFO | Mensaje recibido: request_id=05784
2026-04-06 00:02:06,022 | concert_ticketing.adapters.messaging.rabbitmq.consumer | INFO | Mensaje recibido: request_id=05647
2026-04-06 00:02:06,090 | concert_ticketing.adapters.messaging.rabbitmq.consumer | INFO | Mensaje recibido: request_id=05767
2026-04-06 00:02:06,177 | concert_ticketing.adapters.messaging.rabbitmq.consumer | INFO | Mensaje recibido: request_id=05664
2026-04-06 00:02:06,267 | concert_ticketing.adapters.messaging.rabbitmq.consumer | INFO | Mensaje recibido: request_id=05825
2026-04-06 00:02:06,352 | concert_ticketing.adapters.messaging.rabbitmq.consumer | INFO | Mensaje recibido: request_id=05833
2026-04-06 00:02:06,432 | concert_ticketing.adapters.messaging.rabbitmq.consumer | INFO | Mensaje recibido: request_id=05810
2026-04-06 00:02:06,522 | concert_ticketing.adapters.messaging.rabbitmq.consumer | INFO | Mensaje recibido: request_id=05840
2026-04-06 00:02:06,599 | concert_ticketing.adapters.messaging.rabbitmq.consumer | INFO | Mensaje recibido: request_id=05855
2026-04-06 00:02:06,688 | concert_ticketing.adapters.messaging.rabbitmq.consumer | INFO | Mensaje recibido: request_id=05816
2026-04-06 00:02:06,773 | concert_ticketing.adapters.messaging.rabbitmq.consumer | INFO | Mensaje recibido: request_id=05873
2026-04-06 00:02:06,846 | concert_ticketing.adapters.messaging.rabbitmq.consumer | INFO | Mensaje recibido: request_id=05823
2026-04-06 00:02:06,927 | concert_ticketing.adapters.messaging.rabbitmq.consumer | INFO | Mensaje recibido: request_id=05888
2026-04-06 00:02:07,021 | concert_ticketing.adapters.messaging.rabbitmq.consumer | INFO | Mensaje recibido: request_id=05896
2026-04-06 00:02:07,096 | concert_ticketing.adapters.messaging.rabbitmq.consumer | INFO | Mensaje recibido: request_id=05903
2026-04-06 00:02:07,169 | concert_ticketing.adapters.messaging.rabbitmq.consumer | INFO | Mensaje recibido: request_id=05643
2026-04-06 00:02:07,262 | concert_ticketing.adapters.messaging.rabbitmq.consumer | INFO | Mensaje recibido: request_id=05884
2026-04-06 00:02:07,326 | concert_ticketing.adapters.messaging.rabbitmq.consumer | INFO | Mensaje recibido: request_id=05883
2026-04-06 00:02:07,424 | concert_ticketing.adapters.messaging.rabbitmq.consumer | INFO | Mensaje recibido: request_id=05939
2026-04-06 00:02:07,497 | concert_ticketing.adapters.messaging.rabbitmq.consumer | INFO | Mensaje recibido: request_id=05838
2026-04-06 00:02:07,595 | concert_ticketing.adapters.messaging.rabbitmq.consumer | INFO | Mensaje recibido: request_id=05943
2026-04-06 00:02:07,691 | concert_ticketing.adapters.messaging.rabbitmq.consumer | INFO | Mensaje recibido: request_id=05960
2026-04-06 00:02:07,774 | concert_ticketing.adapters.messaging.rabbitmq.consumer | INFO | Mensaje recibido: request_id=05906
2026-04-06 00:02:07,862 | concert_ticketing.adapters.messaging.rabbitmq.consumer | INFO | Mensaje recibido: request_id=05965
2026-04-06 00:02:07,935 | concert_ticketing.adapters.messaging.rabbitmq.consumer | INFO | Mensaje recibido: request_id=05984
2026-04-06 00:02:08,025 | concert_ticketing.adapters.messaging.rabbitmq.consumer | INFO | Mensaje recibido: request_id=05928
2026-04-06 00:02:08,105 | concert_ticketing.adapters.messaging.rabbitmq.consumer | INFO | Mensaje recibido: request_id=05992
2026-04-06 00:02:08,200 | concert_ticketing.adapters.messaging.rabbitmq.consumer | INFO | Mensaje recibido: request_id=05979
2026-04-06 00:02:08,287 | concert_ticketing.adapters.messaging.rabbitmq.consumer | INFO | Mensaje recibido: request_id=06011
2026-04-06 00:02:08,354 | concert_ticketing.adapters.messaging.rabbitmq.consumer | INFO | Mensaje recibido: request_id=05980
2026-04-06 00:02:08,431 | concert_ticketing.adapters.messaging.rabbitmq.consumer | INFO | Mensaje recibido: request_id=05998
2026-04-06 00:02:08,520 | concert_ticketing.adapters.messaging.rabbitmq.consumer | INFO | Mensaje recibido: request_id=06015
2026-04-06 00:02:08,585 | concert_ticketing.adapters.messaging.rabbitmq.consumer | INFO | Mensaje recibido: request_id=05987
2026-04-06 00:02:08,648 | concert_ticketing.adapters.messaging.rabbitmq.consumer | INFO | Mensaje recibido: request_id=06041
2026-04-06 00:02:08,746 | concert_ticketing.adapters.messaging.rabbitmq.consumer | INFO | Mensaje recibido: request_id=05851
2026-04-06 00:02:08,841 | concert_ticketing.adapters.messaging.rabbitmq.consumer | INFO | Mensaje recibido: request_id=05925
2026-04-06 00:02:08,920 | concert_ticketing.adapters.messaging.rabbitmq.consumer | INFO | Mensaje recibido: request_id=06066
2026-04-06 00:02:08,980 | concert_ticketing.adapters.messaging.rabbitmq.consumer | INFO | Mensaje recibido: request_id=06013
2026-04-06 00:02:09,046 | concert_ticketing.adapters.messaging.rabbitmq.consumer | INFO | Mensaje recibido: request_id=06079
2026-04-06 00:02:09,124 | concert_ticketing.adapters.messaging.rabbitmq.consumer | INFO | Mensaje recibido: request_id=06084
2026-04-06 00:02:09,206 | concert_ticketing.adapters.messaging.rabbitmq.consumer | INFO | Mensaje recibido: request_id=06111
2026-04-06 00:02:09,297 | concert_ticketing.adapters.messaging.rabbitmq.consumer | INFO | Mensaje recibido: request_id=06096
2026-04-06 00:02:09,390 | concert_ticketing.adapters.messaging.rabbitmq.consumer | INFO | Mensaje recibido: request_id=06109
2026-04-06 00:02:09,488 | concert_ticketing.adapters.messaging.rabbitmq.consumer | INFO | Mensaje recibido: request_id=06136
2026-04-06 00:02:09,579 | concert_ticketing.adapters.messaging.rabbitmq.consumer | INFO | Mensaje recibido: request_id=06135
2026-04-06 00:02:09,660 | concert_ticketing.adapters.messaging.rabbitmq.consumer | INFO | Mensaje recibido: request_id=06134
2026-04-06 00:02:09,762 | concert_ticketing.adapters.messaging.rabbitmq.consumer | INFO | Mensaje recibido: request_id=06140
2026-04-06 00:02:09,877 | concert_ticketing.adapters.messaging.rabbitmq.consumer | INFO | Mensaje recibido: request_id=06162
2026-04-06 00:02:09,973 | concert_ticketing.adapters.messaging.rabbitmq.consumer | INFO | Mensaje recibido: request_id=06160
2026-04-06 00:02:10,073 | concert_ticketing.adapters.messaging.rabbitmq.consumer | INFO | Mensaje recibido: request_id=06176
2026-04-06 00:02:10,177 | concert_ticketing.adapters.messaging.rabbitmq.consumer | INFO | Mensaje recibido: request_id=06117
2026-04-06 00:02:10,254 | concert_ticketing.adapters.messaging.rabbitmq.consumer | INFO | Mensaje recibido: request_id=06190
2026-04-06 00:02:10,338 | concert_ticketing.adapters.messaging.rabbitmq.consumer | INFO | Mensaje recibido: request_id=06189
2026-04-06 00:02:10,425 | concert_ticketing.adapters.messaging.rabbitmq.consumer | INFO | Mensaje recibido: request_id=06212
2026-04-06 00:02:10,501 | concert_ticketing.adapters.messaging.rabbitmq.consumer | INFO | Mensaje recibido: request_id=06195
2026-04-06 00:02:10,572 | concert_ticketing.adapters.messaging.rabbitmq.consumer | INFO | Mensaje recibido: request_id=06218
2026-04-06 00:02:10,656 | concert_ticketing.adapters.messaging.rabbitmq.consumer | INFO | Mensaje recibido: request_id=06228
2026-04-06 00:02:10,738 | concert_ticketing.adapters.messaging.rabbitmq.consumer | INFO | Mensaje recibido: request_id=06241
2026-04-06 00:02:10,786 | concert_ticketing.adapters.messaging.rabbitmq.consumer | INFO | Mensaje recibido: request_id=06210
2026-04-06 00:02:10,857 | concert_ticketing.adapters.messaging.rabbitmq.consumer | INFO | Mensaje recibido: request_id=06254
2026-04-06 00:02:10,934 | concert_ticketing.adapters.messaging.rabbitmq.consumer | INFO | Mensaje recibido: request_id=06174
2026-04-06 00:02:11,008 | concert_ticketing.adapters.messaging.rabbitmq.consumer | INFO | Mensaje recibido: request_id=06253
2026-04-06 00:02:11,076 | concert_ticketing.adapters.messaging.rabbitmq.consumer | INFO | Mensaje recibido: request_id=06286
2026-04-06 00:02:11,163 | concert_ticketing.adapters.messaging.rabbitmq.consumer | INFO | Mensaje recibido: request_id=06232
2026-04-06 00:02:11,240 | concert_ticketing.adapters.messaging.rabbitmq.consumer | INFO | Mensaje recibido: request_id=06266
2026-04-06 00:02:11,347 | concert_ticketing.adapters.messaging.rabbitmq.consumer | INFO | Mensaje recibido: request_id=06313
2026-04-06 00:02:11,467 | concert_ticketing.adapters.messaging.rabbitmq.consumer | INFO | Mensaje recibido: request_id=06323
2026-04-06 00:02:11,546 | concert_ticketing.adapters.messaging.rabbitmq.consumer | INFO | Mensaje recibido: request_id=06327
2026-04-06 00:02:11,633 | concert_ticketing.adapters.messaging.rabbitmq.consumer | INFO | Mensaje recibido: request_id=06334
2026-04-06 00:02:11,709 | concert_ticketing.adapters.messaging.rabbitmq.consumer | INFO | Mensaje recibido: request_id=06306
2026-04-06 00:02:11,781 | concert_ticketing.adapters.messaging.rabbitmq.consumer | INFO | Mensaje recibido: request_id=06337
2026-04-06 00:02:11,851 | concert_ticketing.adapters.messaging.rabbitmq.consumer | INFO | Mensaje recibido: request_id=06258
2026-04-06 00:02:11,948 | concert_ticketing.adapters.messaging.rabbitmq.consumer | INFO | Mensaje recibido: request_id=06353
2026-04-06 00:02:12,023 | concert_ticketing.adapters.messaging.rabbitmq.consumer | INFO | Mensaje recibido: request_id=06376
2026-04-06 00:02:12,104 | concert_ticketing.adapters.messaging.rabbitmq.consumer | INFO | Mensaje recibido: request_id=06370
2026-04-06 00:02:12,195 | concert_ticketing.adapters.messaging.rabbitmq.consumer | INFO | Mensaje recibido: request_id=06352
2026-04-06 00:02:12,272 | concert_ticketing.adapters.messaging.rabbitmq.consumer | INFO | Mensaje recibido: request_id=06364
2026-04-06 00:02:12,356 | concert_ticketing.adapters.messaging.rabbitmq.consumer | INFO | Mensaje recibido: request_id=06372
2026-04-06 00:02:12,412 | concert_ticketing.adapters.messaging.rabbitmq.consumer | INFO | Mensaje recibido: request_id=06407
2026-04-06 00:02:12,496 | concert_ticketing.adapters.messaging.rabbitmq.consumer | INFO | Mensaje recibido: request_id=06366
2026-04-06 00:02:12,581 | concert_ticketing.adapters.messaging.rabbitmq.consumer | INFO | Mensaje recibido: request_id=06432
2026-04-06 00:02:12,674 | concert_ticketing.adapters.messaging.rabbitmq.consumer | INFO | Mensaje recibido: request_id=06421
2026-04-06 00:02:12,763 | concert_ticketing.adapters.messaging.rabbitmq.consumer | INFO | Mensaje recibido: request_id=06401
2026-04-06 00:02:12,847 | concert_ticketing.adapters.messaging.rabbitmq.consumer | INFO | Mensaje recibido: request_id=06404
2026-04-06 00:02:12,934 | concert_ticketing.adapters.messaging.rabbitmq.consumer | INFO | Mensaje recibido: request_id=06368
2026-04-06 00:02:13,005 | concert_ticketing.adapters.messaging.rabbitmq.consumer | INFO | Mensaje recibido: request_id=06470
2026-04-06 00:02:13,078 | concert_ticketing.adapters.messaging.rabbitmq.consumer | INFO | Mensaje recibido: request_id=06478
2026-04-06 00:02:13,155 | concert_ticketing.adapters.messaging.rabbitmq.consumer | INFO | Mensaje recibido: request_id=06465
2026-04-06 00:02:13,237 | concert_ticketing.adapters.messaging.rabbitmq.consumer | INFO | Mensaje recibido: request_id=06495
2026-04-06 00:02:13,310 | concert_ticketing.adapters.messaging.rabbitmq.consumer | INFO | Mensaje recibido: request_id=06433
2026-04-06 00:02:13,398 | concert_ticketing.adapters.messaging.rabbitmq.consumer | INFO | Mensaje recibido: request_id=06496
2026-04-06 00:02:13,471 | concert_ticketing.adapters.messaging.rabbitmq.consumer | INFO | Mensaje recibido: request_id=06450
2026-04-06 00:02:13,567 | concert_ticketing.adapters.messaging.rabbitmq.consumer | INFO | Mensaje recibido: request_id=06468
2026-04-06 00:02:13,642 | concert_ticketing.adapters.messaging.rabbitmq.consumer | INFO | Mensaje recibido: request_id=06513
2026-04-06 00:02:13,723 | concert_ticketing.adapters.messaging.rabbitmq.consumer | INFO | Mensaje recibido: request_id=06544
2026-04-06 00:02:13,815 | concert_ticketing.adapters.messaging.rabbitmq.consumer | INFO | Mensaje recibido: request_id=06501
2026-04-06 00:02:13,909 | concert_ticketing.adapters.messaging.rabbitmq.consumer | INFO | Mensaje recibido: request_id=06517
2026-04-06 00:02:13,981 | concert_ticketing.adapters.messaging.rabbitmq.consumer | INFO | Mensaje recibido: request_id=06511
2026-04-06 00:02:14,063 | concert_ticketing.adapters.messaging.rabbitmq.consumer | INFO | Mensaje recibido: request_id=06549
2026-04-06 00:02:14,148 | concert_ticketing.adapters.messaging.rabbitmq.consumer | INFO | Mensaje recibido: request_id=06546
2026-04-06 00:02:14,231 | concert_ticketing.adapters.messaging.rabbitmq.consumer | INFO | Mensaje recibido: request_id=06572
2026-04-06 00:02:14,310 | concert_ticketing.adapters.messaging.rabbitmq.consumer | INFO | Mensaje recibido: request_id=06600
2026-04-06 00:02:14,394 | concert_ticketing.adapters.messaging.rabbitmq.consumer | INFO | Mensaje recibido: request_id=06392
2026-04-06 00:02:14,475 | concert_ticketing.adapters.messaging.rabbitmq.consumer | INFO | Mensaje recibido: request_id=06579
2026-04-06 00:02:14,554 | concert_ticketing.adapters.messaging.rabbitmq.consumer | INFO | Mensaje recibido: request_id=06554
2026-04-06 00:02:14,648 | concert_ticketing.adapters.messaging.rabbitmq.consumer | INFO | Mensaje recibido: request_id=06557
2026-04-06 00:02:14,736 | concert_ticketing.adapters.messaging.rabbitmq.consumer | INFO | Mensaje recibido: request_id=06622
2026-04-06 00:02:14,829 | concert_ticketing.adapters.messaging.rabbitmq.consumer | INFO | Mensaje recibido: request_id=06643
2026-04-06 00:02:14,923 | concert_ticketing.adapters.messaging.rabbitmq.consumer | INFO | Mensaje recibido: request_id=06573
2026-04-06 00:02:14,996 | concert_ticketing.adapters.messaging.rabbitmq.consumer | INFO | Mensaje recibido: request_id=06649
2026-04-06 00:02:15,060 | concert_ticketing.adapters.messaging.rabbitmq.consumer | INFO | Mensaje recibido: request_id=06561
2026-04-06 00:02:15,137 | concert_ticketing.adapters.messaging.rabbitmq.consumer | INFO | Mensaje recibido: request_id=06330
2026-04-06 00:02:15,212 | concert_ticketing.adapters.messaging.rabbitmq.consumer | INFO | Mensaje recibido: request_id=06653
2026-04-06 00:02:15,306 | concert_ticketing.adapters.messaging.rabbitmq.consumer | INFO | Mensaje recibido: request_id=06686
2026-04-06 00:02:15,386 | concert_ticketing.adapters.messaging.rabbitmq.consumer | INFO | Mensaje recibido: request_id=06704
2026-04-06 00:02:15,467 | concert_ticketing.adapters.messaging.rabbitmq.consumer | INFO | Mensaje recibido: request_id=06658
2026-04-06 00:02:15,540 | concert_ticketing.adapters.messaging.rabbitmq.consumer | INFO | Mensaje recibido: request_id=06719
2026-04-06 00:02:15,605 | concert_ticketing.adapters.messaging.rabbitmq.consumer | INFO | Mensaje recibido: request_id=06707
2026-04-06 00:02:15,683 | concert_ticketing.adapters.messaging.rabbitmq.consumer | INFO | Mensaje recibido: request_id=06641
2026-04-06 00:02:15,766 | concert_ticketing.adapters.messaging.rabbitmq.consumer | INFO | Mensaje recibido: request_id=06710
2026-04-06 00:02:15,842 | concert_ticketing.adapters.messaging.rabbitmq.consumer | INFO | Mensaje recibido: request_id=06635
2026-04-06 00:02:15,919 | concert_ticketing.adapters.messaging.rabbitmq.consumer | INFO | Mensaje recibido: request_id=06692
2026-04-06 00:02:16,004 | concert_ticketing.adapters.messaging.rabbitmq.consumer | INFO | Mensaje recibido: request_id=06759
2026-04-06 00:02:16,078 | concert_ticketing.adapters.messaging.rabbitmq.consumer | INFO | Mensaje recibido: request_id=06675
2026-04-06 00:02:16,146 | concert_ticketing.adapters.messaging.rabbitmq.consumer | INFO | Mensaje recibido: request_id=06784
2026-04-06 00:02:16,226 | concert_ticketing.adapters.messaging.rabbitmq.consumer | INFO | Mensaje recibido: request_id=06716
2026-04-06 00:02:16,298 | concert_ticketing.adapters.messaging.rabbitmq.consumer | INFO | Mensaje recibido: request_id=06772
2026-04-06 00:02:16,409 | concert_ticketing.adapters.messaging.rabbitmq.consumer | INFO | Mensaje recibido: request_id=06810
2026-04-06 00:02:16,504 | concert_ticketing.adapters.messaging.rabbitmq.consumer | INFO | Mensaje recibido: request_id=06754
2026-04-06 00:02:16,577 | concert_ticketing.adapters.messaging.rabbitmq.consumer | INFO | Mensaje recibido: request_id=06824
2026-04-06 00:02:16,669 | concert_ticketing.adapters.messaging.rabbitmq.consumer | INFO | Mensaje recibido: request_id=06782
2026-04-06 00:02:16,756 | concert_ticketing.adapters.messaging.rabbitmq.consumer | INFO | Mensaje recibido: request_id=06816
2026-04-06 00:02:16,846 | concert_ticketing.adapters.messaging.rabbitmq.consumer | INFO | Mensaje recibido: request_id=06702
2026-04-06 00:02:16,921 | concert_ticketing.adapters.messaging.rabbitmq.consumer | INFO | Mensaje recibido: request_id=06856
2026-04-06 00:02:17,007 | concert_ticketing.adapters.messaging.rabbitmq.consumer | INFO | Mensaje recibido: request_id=06852
2026-04-06 00:02:17,083 | concert_ticketing.adapters.messaging.rabbitmq.consumer | INFO | Mensaje recibido: request_id=06827
2026-04-06 00:02:17,161 | concert_ticketing.adapters.messaging.rabbitmq.consumer | INFO | Mensaje recibido: request_id=06879
2026-04-06 00:02:17,242 | concert_ticketing.adapters.messaging.rabbitmq.consumer | INFO | Mensaje recibido: request_id=06760
2026-04-06 00:02:17,331 | concert_ticketing.adapters.messaging.rabbitmq.consumer | INFO | Mensaje recibido: request_id=06874
2026-04-06 00:02:17,417 | concert_ticketing.adapters.messaging.rabbitmq.consumer | INFO | Mensaje recibido: request_id=06850
2026-04-06 00:02:17,492 | concert_ticketing.adapters.messaging.rabbitmq.consumer | INFO | Mensaje recibido: request_id=06820
2026-04-06 00:02:17,590 | concert_ticketing.adapters.messaging.rabbitmq.consumer | INFO | Mensaje recibido: request_id=06867
2026-04-06 00:02:17,679 | concert_ticketing.adapters.messaging.rabbitmq.consumer | INFO | Mensaje recibido: request_id=06889
2026-04-06 00:02:17,765 | concert_ticketing.adapters.messaging.rabbitmq.consumer | INFO | Mensaje recibido: request_id=06937
2026-04-06 00:02:17,846 | concert_ticketing.adapters.messaging.rabbitmq.consumer | INFO | Mensaje recibido: request_id=06791
2026-04-06 00:02:17,934 | concert_ticketing.adapters.messaging.rabbitmq.consumer | INFO | Mensaje recibido: request_id=06917
2026-04-06 00:02:18,008 | concert_ticketing.adapters.messaging.rabbitmq.consumer | INFO | Mensaje recibido: request_id=06961
2026-04-06 00:02:18,100 | concert_ticketing.adapters.messaging.rabbitmq.consumer | INFO | Mensaje recibido: request_id=06958
2026-04-06 00:02:18,167 | concert_ticketing.adapters.messaging.rabbitmq.consumer | INFO | Mensaje recibido: request_id=06968
2026-04-06 00:02:18,253 | concert_ticketing.adapters.messaging.rabbitmq.consumer | INFO | Mensaje recibido: request_id=06973
2026-04-06 00:02:18,344 | concert_ticketing.adapters.messaging.rabbitmq.consumer | INFO | Mensaje recibido: request_id=06980
2026-04-06 00:02:18,425 | concert_ticketing.adapters.messaging.rabbitmq.consumer | INFO | Mensaje recibido: request_id=06922
2026-04-06 00:02:18,513 | concert_ticketing.adapters.messaging.rabbitmq.consumer | INFO | Mensaje recibido: request_id=07007
2026-04-06 00:02:18,598 | concert_ticketing.adapters.messaging.rabbitmq.consumer | INFO | Mensaje recibido: request_id=06942
2026-04-06 00:02:18,662 | concert_ticketing.adapters.messaging.rabbitmq.consumer | INFO | Mensaje recibido: request_id=06955
2026-04-06 00:02:18,750 | concert_ticketing.adapters.messaging.rabbitmq.consumer | INFO | Mensaje recibido: request_id=06943
2026-04-06 00:02:18,824 | concert_ticketing.adapters.messaging.rabbitmq.consumer | INFO | Mensaje recibido: request_id=06984
2026-04-06 00:02:18,897 | concert_ticketing.adapters.messaging.rabbitmq.consumer | INFO | Mensaje recibido: request_id=06966
2026-04-06 00:02:18,980 | concert_ticketing.adapters.messaging.rabbitmq.consumer | INFO | Mensaje recibido: request_id=07048
2026-04-06 00:02:19,073 | concert_ticketing.adapters.messaging.rabbitmq.consumer | INFO | Mensaje recibido: request_id=06936
2026-04-06 00:02:19,148 | concert_ticketing.adapters.messaging.rabbitmq.consumer | INFO | Mensaje recibido: request_id=06978
2026-04-06 00:02:19,238 | concert_ticketing.adapters.messaging.rabbitmq.consumer | INFO | Mensaje recibido: request_id=07080
2026-04-06 00:02:19,316 | concert_ticketing.adapters.messaging.rabbitmq.consumer | INFO | Mensaje recibido: request_id=07087
2026-04-06 00:02:19,391 | concert_ticketing.adapters.messaging.rabbitmq.consumer | INFO | Mensaje recibido: request_id=07096
2026-04-06 00:02:19,470 | concert_ticketing.adapters.messaging.rabbitmq.consumer | INFO | Mensaje recibido: request_id=07085
2026-04-06 00:02:19,556 | concert_ticketing.adapters.messaging.rabbitmq.consumer | INFO | Mensaje recibido: request_id=07071
2026-04-06 00:02:19,640 | concert_ticketing.adapters.messaging.rabbitmq.consumer | INFO | Mensaje recibido: request_id=07112
2026-04-06 00:02:19,733 | concert_ticketing.adapters.messaging.rabbitmq.consumer | INFO | Mensaje recibido: request_id=07118
2026-04-06 00:02:19,796 | concert_ticketing.adapters.messaging.rabbitmq.consumer | INFO | Mensaje recibido: request_id=07134
2026-04-06 00:02:19,878 | concert_ticketing.adapters.messaging.rabbitmq.consumer | INFO | Mensaje recibido: request_id=07078
2026-04-06 00:02:19,962 | concert_ticketing.adapters.messaging.rabbitmq.consumer | INFO | Mensaje recibido: request_id=07137
2026-04-06 00:02:20,048 | concert_ticketing.adapters.messaging.rabbitmq.consumer | INFO | Mensaje recibido: request_id=07088
2026-04-06 00:02:20,120 | concert_ticketing.adapters.messaging.rabbitmq.consumer | INFO | Mensaje recibido: request_id=07160
2026-04-06 00:02:20,215 | concert_ticketing.adapters.messaging.rabbitmq.consumer | INFO | Mensaje recibido: request_id=07178
2026-04-06 00:02:20,302 | concert_ticketing.adapters.messaging.rabbitmq.consumer | INFO | Mensaje recibido: request_id=07167
2026-04-06 00:02:20,401 | concert_ticketing.adapters.messaging.rabbitmq.consumer | INFO | Mensaje recibido: request_id=07183
2026-04-06 00:02:20,494 | concert_ticketing.adapters.messaging.rabbitmq.consumer | INFO | Mensaje recibido: request_id=07192
2026-04-06 00:02:20,591 | concert_ticketing.adapters.messaging.rabbitmq.consumer | INFO | Mensaje recibido: request_id=07194
2026-04-06 00:02:20,690 | concert_ticketing.adapters.messaging.rabbitmq.consumer | INFO | Mensaje recibido: request_id=07199
2026-04-06 00:02:20,776 | concert_ticketing.adapters.messaging.rabbitmq.consumer | INFO | Mensaje recibido: request_id=07195
2026-04-06 00:02:20,883 | concert_ticketing.adapters.messaging.rabbitmq.consumer | INFO | Mensaje recibido: request_id=07230
2026-04-06 00:02:20,996 | concert_ticketing.adapters.messaging.rabbitmq.consumer | INFO | Mensaje recibido: request_id=07235
2026-04-06 00:02:21,093 | concert_ticketing.adapters.messaging.rabbitmq.consumer | INFO | Mensaje recibido: request_id=07063
2026-04-06 00:02:21,219 | concert_ticketing.adapters.messaging.rabbitmq.consumer | INFO | Mensaje recibido: request_id=07239
2026-04-06 00:02:21,335 | concert_ticketing.adapters.messaging.rabbitmq.consumer | INFO | Mensaje recibido: request_id=07257
2026-04-06 00:02:21,426 | concert_ticketing.adapters.messaging.rabbitmq.consumer | INFO | Mensaje recibido: request_id=07272
2026-04-06 00:02:21,512 | concert_ticketing.adapters.messaging.rabbitmq.consumer | INFO | Mensaje recibido: request_id=07209
2026-04-06 00:02:21,596 | concert_ticketing.adapters.messaging.rabbitmq.consumer | INFO | Mensaje recibido: request_id=07269
2026-04-06 00:02:21,680 | concert_ticketing.adapters.messaging.rabbitmq.consumer | INFO | Mensaje recibido: request_id=07252
2026-04-06 00:02:21,784 | concert_ticketing.adapters.messaging.rabbitmq.consumer | INFO | Mensaje recibido: request_id=07304
2026-04-06 00:02:21,870 | concert_ticketing.adapters.messaging.rabbitmq.consumer | INFO | Mensaje recibido: request_id=07287
2026-04-06 00:02:21,946 | concert_ticketing.adapters.messaging.rabbitmq.consumer | INFO | Mensaje recibido: request_id=07319
2026-04-06 00:02:22,042 | concert_ticketing.adapters.messaging.rabbitmq.consumer | INFO | Mensaje recibido: request_id=07312
2026-04-06 00:02:22,116 | concert_ticketing.adapters.messaging.rabbitmq.consumer | INFO | Mensaje recibido: request_id=07326
2026-04-06 00:02:22,187 | concert_ticketing.adapters.messaging.rabbitmq.consumer | INFO | Mensaje recibido: request_id=07274
2026-04-06 00:02:22,273 | concert_ticketing.adapters.messaging.rabbitmq.consumer | INFO | Mensaje recibido: request_id=07288
2026-04-06 00:02:22,346 | concert_ticketing.adapters.messaging.rabbitmq.consumer | INFO | Mensaje recibido: request_id=07361
2026-04-06 00:02:22,426 | concert_ticketing.adapters.messaging.rabbitmq.consumer | INFO | Mensaje recibido: request_id=07315
2026-04-06 00:02:22,509 | concert_ticketing.adapters.messaging.rabbitmq.consumer | INFO | Mensaje recibido: request_id=07309
2026-04-06 00:02:22,577 | concert_ticketing.adapters.messaging.rabbitmq.consumer | INFO | Mensaje recibido: request_id=07351
2026-04-06 00:02:22,674 | concert_ticketing.adapters.messaging.rabbitmq.consumer | INFO | Mensaje recibido: request_id=07392
2026-04-06 00:02:22,740 | concert_ticketing.adapters.messaging.rabbitmq.consumer | INFO | Mensaje recibido: request_id=07360
2026-04-06 00:02:22,811 | concert_ticketing.adapters.messaging.rabbitmq.consumer | INFO | Mensaje recibido: request_id=07399
2026-04-06 00:02:22,897 | concert_ticketing.adapters.messaging.rabbitmq.consumer | INFO | Mensaje recibido: request_id=07416
2026-04-06 00:02:22,965 | concert_ticketing.adapters.messaging.rabbitmq.consumer | INFO | Mensaje recibido: request_id=07422
2026-04-06 00:02:23,069 | concert_ticketing.adapters.messaging.rabbitmq.consumer | INFO | Mensaje recibido: request_id=07432
2026-04-06 00:02:23,144 | concert_ticketing.adapters.messaging.rabbitmq.consumer | INFO | Mensaje recibido: request_id=07337
2026-04-06 00:02:23,236 | concert_ticketing.adapters.messaging.rabbitmq.consumer | INFO | Mensaje recibido: request_id=07310
2026-04-06 00:02:23,319 | concert_ticketing.adapters.messaging.rabbitmq.consumer | INFO | Mensaje recibido: request_id=07437
2026-04-06 00:02:23,392 | concert_ticketing.adapters.messaging.rabbitmq.consumer | INFO | Mensaje recibido: request_id=07436
2026-04-06 00:02:23,468 | concert_ticketing.adapters.messaging.rabbitmq.consumer | INFO | Mensaje recibido: request_id=07472
2026-04-06 00:02:23,558 | concert_ticketing.adapters.messaging.rabbitmq.consumer | INFO | Mensaje recibido: request_id=07450
2026-04-06 00:02:23,648 | concert_ticketing.adapters.messaging.rabbitmq.consumer | INFO | Mensaje recibido: request_id=07473
2026-04-06 00:02:23,722 | concert_ticketing.adapters.messaging.rabbitmq.consumer | INFO | Mensaje recibido: request_id=07426
2026-04-06 00:02:23,796 | concert_ticketing.adapters.messaging.rabbitmq.consumer | INFO | Mensaje recibido: request_id=07400
2026-04-06 00:02:23,898 | concert_ticketing.adapters.messaging.rabbitmq.consumer | INFO | Mensaje recibido: request_id=07502
2026-04-06 00:02:23,969 | concert_ticketing.adapters.messaging.rabbitmq.consumer | INFO | Mensaje recibido: request_id=07519
2026-04-06 00:02:24,046 | concert_ticketing.adapters.messaging.rabbitmq.consumer | INFO | Mensaje recibido: request_id=07517
2026-04-06 00:02:24,135 | concert_ticketing.adapters.messaging.rabbitmq.consumer | INFO | Mensaje recibido: request_id=07438
2026-04-06 00:02:24,230 | concert_ticketing.adapters.messaging.rabbitmq.consumer | INFO | Mensaje recibido: request_id=07531
2026-04-06 00:02:24,325 | concert_ticketing.adapters.messaging.rabbitmq.consumer | INFO | Mensaje recibido: request_id=07553
2026-04-06 00:02:24,391 | concert_ticketing.adapters.messaging.rabbitmq.consumer | INFO | Mensaje recibido: request_id=07558
2026-04-06 00:02:24,465 | concert_ticketing.adapters.messaging.rabbitmq.consumer | INFO | Mensaje recibido: request_id=07565
2026-04-06 00:02:24,546 | concert_ticketing.adapters.messaging.rabbitmq.consumer | INFO | Mensaje recibido: request_id=07568
2026-04-06 00:02:24,629 | concert_ticketing.adapters.messaging.rabbitmq.consumer | INFO | Mensaje recibido: request_id=07585
2026-04-06 00:02:24,713 | concert_ticketing.adapters.messaging.rabbitmq.consumer | INFO | Mensaje recibido: request_id=07567
2026-04-06 00:02:24,800 | concert_ticketing.adapters.messaging.rabbitmq.consumer | INFO | Mensaje recibido: request_id=07592
2026-04-06 00:02:24,869 | concert_ticketing.adapters.messaging.rabbitmq.consumer | INFO | Mensaje recibido: request_id=07606
2026-04-06 00:02:24,966 | concert_ticketing.adapters.messaging.rabbitmq.consumer | INFO | Mensaje recibido: request_id=07608
2026-04-06 00:02:25,027 | concert_ticketing.adapters.messaging.rabbitmq.consumer | INFO | Mensaje recibido: request_id=07576
2026-04-06 00:02:25,119 | concert_ticketing.adapters.messaging.rabbitmq.consumer | INFO | Mensaje recibido: request_id=07603
2026-04-06 00:02:25,187 | concert_ticketing.adapters.messaging.rabbitmq.consumer | INFO | Mensaje recibido: request_id=07581
2026-04-06 00:02:25,256 | concert_ticketing.adapters.messaging.rabbitmq.consumer | INFO | Mensaje recibido: request_id=07611
2026-04-06 00:02:25,332 | concert_ticketing.adapters.messaging.rabbitmq.consumer | INFO | Mensaje recibido: request_id=07546
2026-04-06 00:02:25,398 | concert_ticketing.adapters.messaging.rabbitmq.consumer | INFO | Mensaje recibido: request_id=07523
2026-04-06 00:02:25,480 | concert_ticketing.adapters.messaging.rabbitmq.consumer | INFO | Mensaje recibido: request_id=07669
2026-04-06 00:02:25,554 | concert_ticketing.adapters.messaging.rabbitmq.consumer | INFO | Mensaje recibido: request_id=07671
2026-04-06 00:02:25,656 | concert_ticketing.adapters.messaging.rabbitmq.consumer | INFO | Mensaje recibido: request_id=07677
2026-04-06 00:02:25,736 | concert_ticketing.adapters.messaging.rabbitmq.consumer | INFO | Mensaje recibido: request_id=07672
2026-04-06 00:02:25,819 | concert_ticketing.adapters.messaging.rabbitmq.consumer | INFO | Mensaje recibido: request_id=07636
2026-04-06 00:02:25,904 | concert_ticketing.adapters.messaging.rabbitmq.consumer | INFO | Mensaje recibido: request_id=07698
2026-04-06 00:02:25,967 | concert_ticketing.adapters.messaging.rabbitmq.consumer | INFO | Mensaje recibido: request_id=07646
2026-04-06 00:02:26,060 | concert_ticketing.adapters.messaging.rabbitmq.consumer | INFO | Mensaje recibido: request_id=07667
2026-04-06 00:02:26,123 | concert_ticketing.adapters.messaging.rabbitmq.consumer | INFO | Mensaje recibido: request_id=07634
2026-04-06 00:02:26,221 | concert_ticketing.adapters.messaging.rabbitmq.consumer | INFO | Mensaje recibido: request_id=07731
2026-04-06 00:02:26,300 | concert_ticketing.adapters.messaging.rabbitmq.consumer | INFO | Mensaje recibido: request_id=07740
2026-04-06 00:02:26,383 | concert_ticketing.adapters.messaging.rabbitmq.consumer | INFO | Mensaje recibido: request_id=07760
2026-04-06 00:02:26,450 | concert_ticketing.adapters.messaging.rabbitmq.consumer | INFO | Mensaje recibido: request_id=07756
2026-04-06 00:02:26,530 | concert_ticketing.adapters.messaging.rabbitmq.consumer | INFO | Mensaje recibido: request_id=07718
2026-04-06 00:02:26,606 | concert_ticketing.adapters.messaging.rabbitmq.consumer | INFO | Mensaje recibido: request_id=07712
2026-04-06 00:02:26,696 | concert_ticketing.adapters.messaging.rabbitmq.consumer | INFO | Mensaje recibido: request_id=07742
2026-04-06 00:02:26,775 | concert_ticketing.adapters.messaging.rabbitmq.consumer | INFO | Mensaje recibido: request_id=07776
2026-04-06 00:02:26,848 | concert_ticketing.adapters.messaging.rabbitmq.consumer | INFO | Mensaje recibido: request_id=07751
2026-04-06 00:02:26,941 | concert_ticketing.adapters.messaging.rabbitmq.consumer | INFO | Mensaje recibido: request_id=07816
2026-04-06 00:02:27,024 | concert_ticketing.adapters.messaging.rabbitmq.consumer | INFO | Mensaje recibido: request_id=07818
2026-04-06 00:02:27,096 | concert_ticketing.adapters.messaging.rabbitmq.consumer | INFO | Mensaje recibido: request_id=07825
2026-04-06 00:02:27,176 | concert_ticketing.adapters.messaging.rabbitmq.consumer | INFO | Mensaje recibido: request_id=07839
2026-04-06 00:02:27,255 | concert_ticketing.adapters.messaging.rabbitmq.consumer | INFO | Mensaje recibido: request_id=07748
2026-04-06 00:02:27,329 | concert_ticketing.adapters.messaging.rabbitmq.consumer | INFO | Mensaje recibido: request_id=07835
2026-04-06 00:02:27,404 | concert_ticketing.adapters.messaging.rabbitmq.consumer | INFO | Mensaje recibido: request_id=07710
2026-04-06 00:02:27,490 | concert_ticketing.adapters.messaging.rabbitmq.consumer | INFO | Mensaje recibido: request_id=07795
2026-04-06 00:02:27,575 | concert_ticketing.adapters.messaging.rabbitmq.consumer | INFO | Mensaje recibido: request_id=07874
2026-04-06 00:02:27,648 | concert_ticketing.adapters.messaging.rabbitmq.consumer | INFO | Mensaje recibido: request_id=07882
2026-04-06 00:02:27,737 | concert_ticketing.adapters.messaging.rabbitmq.consumer | INFO | Mensaje recibido: request_id=07817
2026-04-06 00:02:27,830 | concert_ticketing.adapters.messaging.rabbitmq.consumer | INFO | Mensaje recibido: request_id=07743
2026-04-06 00:02:27,898 | concert_ticketing.adapters.messaging.rabbitmq.consumer | INFO | Mensaje recibido: request_id=07844
2026-04-06 00:02:27,980 | concert_ticketing.adapters.messaging.rabbitmq.consumer | INFO | Mensaje recibido: request_id=07889
2026-04-06 00:02:28,067 | concert_ticketing.adapters.messaging.rabbitmq.consumer | INFO | Mensaje recibido: request_id=07928
2026-04-06 00:02:28,165 | concert_ticketing.adapters.messaging.rabbitmq.consumer | INFO | Mensaje recibido: request_id=07937
2026-04-06 00:02:28,248 | concert_ticketing.adapters.messaging.rabbitmq.consumer | INFO | Mensaje recibido: request_id=07827
2026-04-06 00:02:28,327 | concert_ticketing.adapters.messaging.rabbitmq.consumer | INFO | Mensaje recibido: request_id=07913
2026-04-06 00:02:28,398 | concert_ticketing.adapters.messaging.rabbitmq.consumer | INFO | Mensaje recibido: request_id=07940
2026-04-06 00:02:28,476 | concert_ticketing.adapters.messaging.rabbitmq.consumer | INFO | Mensaje recibido: request_id=07906
2026-04-06 00:02:28,563 | concert_ticketing.adapters.messaging.rabbitmq.consumer | INFO | Mensaje recibido: request_id=07976
2026-04-06 00:02:28,638 | concert_ticketing.adapters.messaging.rabbitmq.consumer | INFO | Mensaje recibido: request_id=07870
2026-04-06 00:02:28,716 | concert_ticketing.adapters.messaging.rabbitmq.consumer | INFO | Mensaje recibido: request_id=07983
2026-04-06 00:02:28,790 | concert_ticketing.adapters.messaging.rabbitmq.consumer | INFO | Mensaje recibido: request_id=07931
2026-04-06 00:02:28,860 | concert_ticketing.adapters.messaging.rabbitmq.consumer | INFO | Mensaje recibido: request_id=07984
2026-04-06 00:02:28,937 | concert_ticketing.adapters.messaging.rabbitmq.consumer | INFO | Mensaje recibido: request_id=07953
2026-04-06 00:02:29,030 | concert_ticketing.adapters.messaging.rabbitmq.consumer | INFO | Mensaje recibido: request_id=08025
2026-04-06 00:02:29,105 | concert_ticketing.adapters.messaging.rabbitmq.consumer | INFO | Mensaje recibido: request_id=07995
2026-04-06 00:02:29,181 | concert_ticketing.adapters.messaging.rabbitmq.consumer | INFO | Mensaje recibido: request_id=08038
2026-04-06 00:02:29,259 | concert_ticketing.adapters.messaging.rabbitmq.consumer | INFO | Mensaje recibido: request_id=08046
2026-04-06 00:02:29,335 | concert_ticketing.adapters.messaging.rabbitmq.consumer | INFO | Mensaje recibido: request_id=08037
2026-04-06 00:02:29,417 | concert_ticketing.adapters.messaging.rabbitmq.consumer | INFO | Mensaje recibido: request_id=08050
2026-04-06 00:02:29,505 | concert_ticketing.adapters.messaging.rabbitmq.consumer | INFO | Mensaje recibido: request_id=07942
2026-04-06 00:02:29,585 | concert_ticketing.adapters.messaging.rabbitmq.consumer | INFO | Mensaje recibido: request_id=08060
2026-04-06 00:02:29,660 | concert_ticketing.adapters.messaging.rabbitmq.consumer | INFO | Mensaje recibido: request_id=07930
2026-04-06 00:02:29,730 | concert_ticketing.adapters.messaging.rabbitmq.consumer | INFO | Mensaje recibido: request_id=08095
2026-04-06 00:02:29,823 | concert_ticketing.adapters.messaging.rabbitmq.consumer | INFO | Mensaje recibido: request_id=07935
2026-04-06 00:02:29,885 | concert_ticketing.adapters.messaging.rabbitmq.consumer | INFO | Mensaje recibido: request_id=08063
2026-04-06 00:02:29,980 | concert_ticketing.adapters.messaging.rabbitmq.consumer | INFO | Mensaje recibido: request_id=08076
2026-04-06 00:02:30,065 | concert_ticketing.adapters.messaging.rabbitmq.consumer | INFO | Mensaje recibido: request_id=08129
2026-04-06 00:02:30,131 | concert_ticketing.adapters.messaging.rabbitmq.consumer | INFO | Mensaje recibido: request_id=08126
2026-04-06 00:02:30,213 | concert_ticketing.adapters.messaging.rabbitmq.consumer | INFO | Mensaje recibido: request_id=08110
2026-04-06 00:02:30,290 | concert_ticketing.adapters.messaging.rabbitmq.consumer | INFO | Mensaje recibido: request_id=08053
2026-04-06 00:02:30,379 | concert_ticketing.adapters.messaging.rabbitmq.consumer | INFO | Mensaje recibido: request_id=08077
2026-04-06 00:02:30,457 | concert_ticketing.adapters.messaging.rabbitmq.consumer | INFO | Mensaje recibido: request_id=08140
2026-04-06 00:02:30,548 | concert_ticketing.adapters.messaging.rabbitmq.consumer | INFO | Mensaje recibido: request_id=08146
2026-04-06 00:02:30,612 | concert_ticketing.adapters.messaging.rabbitmq.consumer | INFO | Mensaje recibido: request_id=08173
2026-04-06 00:02:30,702 | concert_ticketing.adapters.messaging.rabbitmq.consumer | INFO | Mensaje recibido: request_id=08186
2026-04-06 00:02:30,798 | concert_ticketing.adapters.messaging.rabbitmq.consumer | INFO | Mensaje recibido: request_id=08202
2026-04-06 00:02:30,890 | concert_ticketing.adapters.messaging.rabbitmq.consumer | INFO | Mensaje recibido: request_id=08161
2026-04-06 00:02:30,956 | concert_ticketing.adapters.messaging.rabbitmq.consumer | INFO | Mensaje recibido: request_id=08199
2026-04-06 00:02:31,030 | concert_ticketing.adapters.messaging.rabbitmq.consumer | INFO | Mensaje recibido: request_id=08223
2026-04-06 00:02:31,120 | concert_ticketing.adapters.messaging.rabbitmq.consumer | INFO | Mensaje recibido: request_id=08211
2026-04-06 00:02:31,203 | concert_ticketing.adapters.messaging.rabbitmq.consumer | INFO | Mensaje recibido: request_id=08171
2026-04-06 00:02:31,281 | concert_ticketing.adapters.messaging.rabbitmq.consumer | INFO | Mensaje recibido: request_id=08164
2026-04-06 00:02:31,366 | concert_ticketing.adapters.messaging.rabbitmq.consumer | INFO | Mensaje recibido: request_id=08221
2026-04-06 00:02:31,451 | concert_ticketing.adapters.messaging.rabbitmq.consumer | INFO | Mensaje recibido: request_id=08187
2026-04-06 00:02:31,553 | concert_ticketing.adapters.messaging.rabbitmq.consumer | INFO | Mensaje recibido: request_id=08273
2026-04-06 00:02:31,640 | concert_ticketing.adapters.messaging.rabbitmq.consumer | INFO | Mensaje recibido: request_id=08267
2026-04-06 00:02:31,751 | concert_ticketing.adapters.messaging.rabbitmq.consumer | INFO | Mensaje recibido: request_id=08233
2026-04-06 00:02:31,855 | concert_ticketing.adapters.messaging.rabbitmq.consumer | INFO | Mensaje recibido: request_id=08272
2026-04-06 00:02:31,960 | concert_ticketing.adapters.messaging.rabbitmq.consumer | INFO | Mensaje recibido: request_id=08230
2026-04-06 00:02:32,074 | concert_ticketing.adapters.messaging.rabbitmq.consumer | INFO | Mensaje recibido: request_id=08250
2026-04-06 00:02:32,195 | concert_ticketing.adapters.messaging.rabbitmq.consumer | INFO | Mensaje recibido: request_id=08320
2026-04-06 00:02:32,316 | concert_ticketing.adapters.messaging.rabbitmq.consumer | INFO | Mensaje recibido: request_id=08305
2026-04-06 00:02:32,409 | concert_ticketing.adapters.messaging.rabbitmq.consumer | INFO | Mensaje recibido: request_id=08194
2026-04-06 00:02:32,485 | concert_ticketing.adapters.messaging.rabbitmq.consumer | INFO | Mensaje recibido: request_id=08324
2026-04-06 00:02:32,585 | concert_ticketing.adapters.messaging.rabbitmq.consumer | INFO | Mensaje recibido: request_id=08353
2026-04-06 00:02:32,671 | concert_ticketing.adapters.messaging.rabbitmq.consumer | INFO | Mensaje recibido: request_id=08356
2026-04-06 00:02:32,765 | concert_ticketing.adapters.messaging.rabbitmq.consumer | INFO | Mensaje recibido: request_id=08352
2026-04-06 00:02:32,852 | concert_ticketing.adapters.messaging.rabbitmq.consumer | INFO | Mensaje recibido: request_id=08224
2026-04-06 00:02:32,937 | concert_ticketing.adapters.messaging.rabbitmq.consumer | INFO | Mensaje recibido: request_id=08355
2026-04-06 00:02:33,019 | concert_ticketing.adapters.messaging.rabbitmq.consumer | INFO | Mensaje recibido: request_id=08376
2026-04-06 00:02:33,105 | concert_ticketing.adapters.messaging.rabbitmq.consumer | INFO | Mensaje recibido: request_id=08334
2026-04-06 00:02:33,188 | concert_ticketing.adapters.messaging.rabbitmq.consumer | INFO | Mensaje recibido: request_id=08408
2026-04-06 00:02:33,274 | concert_ticketing.adapters.messaging.rabbitmq.consumer | INFO | Mensaje recibido: request_id=08415
2026-04-06 00:02:33,351 | concert_ticketing.adapters.messaging.rabbitmq.consumer | INFO | Mensaje recibido: request_id=08377
2026-04-06 00:02:33,440 | concert_ticketing.adapters.messaging.rabbitmq.consumer | INFO | Mensaje recibido: request_id=08368
2026-04-06 00:02:33,529 | concert_ticketing.adapters.messaging.rabbitmq.consumer | INFO | Mensaje recibido: request_id=08393
2026-04-06 00:02:33,623 | concert_ticketing.adapters.messaging.rabbitmq.consumer | INFO | Mensaje recibido: request_id=08375
2026-04-06 00:02:33,688 | concert_ticketing.adapters.messaging.rabbitmq.consumer | INFO | Mensaje recibido: request_id=08386
2026-04-06 00:02:33,774 | concert_ticketing.adapters.messaging.rabbitmq.consumer | INFO | Mensaje recibido: request_id=08379
2026-04-06 00:02:33,851 | concert_ticketing.adapters.messaging.rabbitmq.consumer | INFO | Mensaje recibido: request_id=08325
2026-04-06 00:02:33,927 | concert_ticketing.adapters.messaging.rabbitmq.consumer | INFO | Mensaje recibido: request_id=08464
2026-04-06 00:02:34,023 | concert_ticketing.adapters.messaging.rabbitmq.consumer | INFO | Mensaje recibido: request_id=08490
2026-04-06 00:02:34,096 | concert_ticketing.adapters.messaging.rabbitmq.consumer | INFO | Mensaje recibido: request_id=08418
2026-04-06 00:02:34,200 | concert_ticketing.adapters.messaging.rabbitmq.consumer | INFO | Mensaje recibido: request_id=08504
2026-04-06 00:02:34,291 | concert_ticketing.adapters.messaging.rabbitmq.consumer | INFO | Mensaje recibido: request_id=08479
2026-04-06 00:02:34,371 | concert_ticketing.adapters.messaging.rabbitmq.consumer | INFO | Mensaje recibido: request_id=08453
2026-04-06 00:02:34,463 | concert_ticketing.adapters.messaging.rabbitmq.consumer | INFO | Mensaje recibido: request_id=08505
2026-04-06 00:02:34,546 | concert_ticketing.adapters.messaging.rabbitmq.consumer | INFO | Mensaje recibido: request_id=08509
2026-04-06 00:02:34,617 | concert_ticketing.adapters.messaging.rabbitmq.consumer | INFO | Mensaje recibido: request_id=08527
2026-04-06 00:02:34,694 | concert_ticketing.adapters.messaging.rabbitmq.consumer | INFO | Mensaje recibido: request_id=08523
2026-04-06 00:02:34,787 | concert_ticketing.adapters.messaging.rabbitmq.consumer | INFO | Mensaje recibido: request_id=08492
2026-04-06 00:02:34,875 | concert_ticketing.adapters.messaging.rabbitmq.consumer | INFO | Mensaje recibido: request_id=08551
2026-04-06 00:02:34,946 | concert_ticketing.adapters.messaging.rabbitmq.consumer | INFO | Mensaje recibido: request_id=08533
2026-04-06 00:02:35,033 | concert_ticketing.adapters.messaging.rabbitmq.consumer | INFO | Mensaje recibido: request_id=08485
2026-04-06 00:02:35,123 | concert_ticketing.adapters.messaging.rabbitmq.consumer | INFO | Mensaje recibido: request_id=08545
2026-04-06 00:02:35,207 | concert_ticketing.adapters.messaging.rabbitmq.consumer | INFO | Mensaje recibido: request_id=08599
2026-04-06 00:02:35,288 | concert_ticketing.adapters.messaging.rabbitmq.consumer | INFO | Mensaje recibido: request_id=08550
2026-04-06 00:02:35,355 | concert_ticketing.adapters.messaging.rabbitmq.consumer | INFO | Mensaje recibido: request_id=08552
2026-04-06 00:02:35,465 | concert_ticketing.adapters.messaging.rabbitmq.consumer | INFO | Mensaje recibido: request_id=08535
2026-04-06 00:02:35,522 | concert_ticketing.adapters.messaging.rabbitmq.consumer | INFO | Mensaje recibido: request_id=08624
2026-04-06 00:02:35,620 | concert_ticketing.adapters.messaging.rabbitmq.consumer | INFO | Mensaje recibido: request_id=08640
2026-04-06 00:02:35,688 | concert_ticketing.adapters.messaging.rabbitmq.consumer | INFO | Mensaje recibido: request_id=08647
2026-04-06 00:02:35,772 | concert_ticketing.adapters.messaging.rabbitmq.consumer | INFO | Mensaje recibido: request_id=08649
2026-04-06 00:02:35,856 | concert_ticketing.adapters.messaging.rabbitmq.consumer | INFO | Mensaje recibido: request_id=08638
2026-04-06 00:02:35,933 | concert_ticketing.adapters.messaging.rabbitmq.consumer | INFO | Mensaje recibido: request_id=08651
2026-04-06 00:02:36,000 | concert_ticketing.adapters.messaging.rabbitmq.consumer | INFO | Mensaje recibido: request_id=08608
2026-04-06 00:02:36,096 | concert_ticketing.adapters.messaging.rabbitmq.consumer | INFO | Mensaje recibido: request_id=08687
2026-04-06 00:02:36,180 | concert_ticketing.adapters.messaging.rabbitmq.consumer | INFO | Mensaje recibido: request_id=08653
2026-04-06 00:02:36,258 | concert_ticketing.adapters.messaging.rabbitmq.consumer | INFO | Mensaje recibido: request_id=08667
2026-04-06 00:02:36,340 | concert_ticketing.adapters.messaging.rabbitmq.consumer | INFO | Mensaje recibido: request_id=08693
2026-04-06 00:02:36,437 | concert_ticketing.adapters.messaging.rabbitmq.consumer | INFO | Mensaje recibido: request_id=08627
2026-04-06 00:02:36,497 | concert_ticketing.adapters.messaging.rabbitmq.consumer | INFO | Mensaje recibido: request_id=08714
2026-04-06 00:02:36,590 | concert_ticketing.adapters.messaging.rabbitmq.consumer | INFO | Mensaje recibido: request_id=08722
2026-04-06 00:02:36,675 | concert_ticketing.adapters.messaging.rabbitmq.consumer | INFO | Mensaje recibido: request_id=08744
2026-04-06 00:02:36,770 | concert_ticketing.adapters.messaging.rabbitmq.consumer | INFO | Mensaje recibido: request_id=08749
2026-04-06 00:02:36,846 | concert_ticketing.adapters.messaging.rabbitmq.consumer | INFO | Mensaje recibido: request_id=08600
2026-04-06 00:02:36,923 | concert_ticketing.adapters.messaging.rabbitmq.consumer | INFO | Mensaje recibido: request_id=08434
2026-04-06 00:02:37,002 | concert_ticketing.adapters.messaging.rabbitmq.consumer | INFO | Mensaje recibido: request_id=08689
2026-04-06 00:02:37,094 | concert_ticketing.adapters.messaging.rabbitmq.consumer | INFO | Mensaje recibido: request_id=08739
2026-04-06 00:02:37,173 | concert_ticketing.adapters.messaging.rabbitmq.consumer | INFO | Mensaje recibido: request_id=08705
2026-04-06 00:02:37,262 | concert_ticketing.adapters.messaging.rabbitmq.consumer | INFO | Mensaje recibido: request_id=08757
2026-04-06 00:02:37,363 | concert_ticketing.adapters.messaging.rabbitmq.consumer | INFO | Mensaje recibido: request_id=08695
2026-04-06 00:02:37,448 | concert_ticketing.adapters.messaging.rabbitmq.consumer | INFO | Mensaje recibido: request_id=08800
2026-04-06 00:02:37,517 | concert_ticketing.adapters.messaging.rabbitmq.consumer | INFO | Mensaje recibido: request_id=08816
2026-04-06 00:02:37,605 | concert_ticketing.adapters.messaging.rabbitmq.consumer | INFO | Mensaje recibido: request_id=08823
2026-04-06 00:02:37,704 | concert_ticketing.adapters.messaging.rabbitmq.consumer | INFO | Mensaje recibido: request_id=08746
2026-04-06 00:02:37,788 | concert_ticketing.adapters.messaging.rabbitmq.consumer | INFO | Mensaje recibido: request_id=08822
2026-04-06 00:02:37,855 | concert_ticketing.adapters.messaging.rabbitmq.consumer | INFO | Mensaje recibido: request_id=08844
2026-04-06 00:02:37,957 | concert_ticketing.adapters.messaging.rabbitmq.consumer | INFO | Mensaje recibido: request_id=08791
2026-04-06 00:02:38,046 | concert_ticketing.adapters.messaging.rabbitmq.consumer | INFO | Mensaje recibido: request_id=08871
2026-04-06 00:02:38,129 | concert_ticketing.adapters.messaging.rabbitmq.consumer | INFO | Mensaje recibido: request_id=08826
2026-04-06 00:02:38,199 | concert_ticketing.adapters.messaging.rabbitmq.consumer | INFO | Mensaje recibido: request_id=08881
2026-04-06 00:02:38,290 | concert_ticketing.adapters.messaging.rabbitmq.consumer | INFO | Mensaje recibido: request_id=08870
2026-04-06 00:02:38,375 | concert_ticketing.adapters.messaging.rabbitmq.consumer | INFO | Mensaje recibido: request_id=08872
2026-04-06 00:02:38,458 | concert_ticketing.adapters.messaging.rabbitmq.consumer | INFO | Mensaje recibido: request_id=08862
2026-04-06 00:02:38,542 | concert_ticketing.adapters.messaging.rabbitmq.consumer | INFO | Mensaje recibido: request_id=08770
2026-04-06 00:02:38,633 | concert_ticketing.adapters.messaging.rabbitmq.consumer | INFO | Mensaje recibido: request_id=08928
2026-04-06 00:02:38,695 | concert_ticketing.adapters.messaging.rabbitmq.consumer | INFO | Mensaje recibido: request_id=08927
2026-04-06 00:02:38,783 | concert_ticketing.adapters.messaging.rabbitmq.consumer | INFO | Mensaje recibido: request_id=08934
2026-04-06 00:02:38,870 | concert_ticketing.adapters.messaging.rabbitmq.consumer | INFO | Mensaje recibido: request_id=08896
2026-04-06 00:02:38,958 | concert_ticketing.adapters.messaging.rabbitmq.consumer | INFO | Mensaje recibido: request_id=08901
2026-04-06 00:02:39,028 | concert_ticketing.adapters.messaging.rabbitmq.consumer | INFO | Mensaje recibido: request_id=08924
2026-04-06 00:02:39,098 | concert_ticketing.adapters.messaging.rabbitmq.consumer | INFO | Mensaje recibido: request_id=08960
2026-04-06 00:02:39,181 | concert_ticketing.adapters.messaging.rabbitmq.consumer | INFO | Mensaje recibido: request_id=08941
2026-04-06 00:02:39,290 | concert_ticketing.adapters.messaging.rabbitmq.consumer | INFO | Mensaje recibido: request_id=08970
2026-04-06 00:02:39,373 | concert_ticketing.adapters.messaging.rabbitmq.consumer | INFO | Mensaje recibido: request_id=08920
2026-04-06 00:02:39,462 | concert_ticketing.adapters.messaging.rabbitmq.consumer | INFO | Mensaje recibido: request_id=09002
2026-04-06 00:02:39,556 | concert_ticketing.adapters.messaging.rabbitmq.consumer | INFO | Mensaje recibido: request_id=09006
2026-04-06 00:02:39,633 | concert_ticketing.adapters.messaging.rabbitmq.consumer | INFO | Mensaje recibido: request_id=09014
2026-04-06 00:02:39,706 | concert_ticketing.adapters.messaging.rabbitmq.consumer | INFO | Mensaje recibido: request_id=09032
2026-04-06 00:02:39,784 | concert_ticketing.adapters.messaging.rabbitmq.consumer | INFO | Mensaje recibido: request_id=09015
2026-04-06 00:02:39,875 | concert_ticketing.adapters.messaging.rabbitmq.consumer | INFO | Mensaje recibido: request_id=08884
2026-04-06 00:02:39,944 | concert_ticketing.adapters.messaging.rabbitmq.consumer | INFO | Mensaje recibido: request_id=09021
2026-04-06 00:02:40,040 | concert_ticketing.adapters.messaging.rabbitmq.consumer | INFO | Mensaje recibido: request_id=09031
2026-04-06 00:02:40,117 | concert_ticketing.adapters.messaging.rabbitmq.consumer | INFO | Mensaje recibido: request_id=09072
2026-04-06 00:02:40,200 | concert_ticketing.adapters.messaging.rabbitmq.consumer | INFO | Mensaje recibido: request_id=09017
2026-04-06 00:02:40,287 | concert_ticketing.adapters.messaging.rabbitmq.consumer | INFO | Mensaje recibido: request_id=09074
2026-04-06 00:02:40,369 | concert_ticketing.adapters.messaging.rabbitmq.consumer | INFO | Mensaje recibido: request_id=09089
2026-04-06 00:02:40,454 | concert_ticketing.adapters.messaging.rabbitmq.consumer | INFO | Mensaje recibido: request_id=09025
2026-04-06 00:02:40,530 | concert_ticketing.adapters.messaging.rabbitmq.consumer | INFO | Mensaje recibido: request_id=09085
2026-04-06 00:02:40,633 | concert_ticketing.adapters.messaging.rabbitmq.consumer | INFO | Mensaje recibido: request_id=09087
2026-04-06 00:02:40,705 | concert_ticketing.adapters.messaging.rabbitmq.consumer | INFO | Mensaje recibido: request_id=09007
2026-04-06 00:02:40,802 | concert_ticketing.adapters.messaging.rabbitmq.consumer | INFO | Mensaje recibido: request_id=09138
2026-04-06 00:02:40,896 | concert_ticketing.adapters.messaging.rabbitmq.consumer | INFO | Mensaje recibido: request_id=09125
2026-04-06 00:02:40,962 | concert_ticketing.adapters.messaging.rabbitmq.consumer | INFO | Mensaje recibido: request_id=09153
2026-04-06 00:02:41,048 | concert_ticketing.adapters.messaging.rabbitmq.consumer | INFO | Mensaje recibido: request_id=09152
2026-04-06 00:02:41,121 | concert_ticketing.adapters.messaging.rabbitmq.consumer | INFO | Mensaje recibido: request_id=09107
2026-04-06 00:02:41,200 | concert_ticketing.adapters.messaging.rabbitmq.consumer | INFO | Mensaje recibido: request_id=09168
2026-04-06 00:02:41,280 | concert_ticketing.adapters.messaging.rabbitmq.consumer | INFO | Mensaje recibido: request_id=09069
2026-04-06 00:02:41,375 | concert_ticketing.adapters.messaging.rabbitmq.consumer | INFO | Mensaje recibido: request_id=09192
2026-04-06 00:02:41,461 | concert_ticketing.adapters.messaging.rabbitmq.consumer | INFO | Mensaje recibido: request_id=09164
2026-04-06 00:02:41,548 | concert_ticketing.adapters.messaging.rabbitmq.consumer | INFO | Mensaje recibido: request_id=09196
2026-04-06 00:02:41,627 | concert_ticketing.adapters.messaging.rabbitmq.consumer | INFO | Mensaje recibido: request_id=09059
2026-04-06 00:02:41,699 | concert_ticketing.adapters.messaging.rabbitmq.consumer | INFO | Mensaje recibido: request_id=09223
2026-04-06 00:02:41,796 | concert_ticketing.adapters.messaging.rabbitmq.consumer | INFO | Mensaje recibido: request_id=09206
2026-04-06 00:02:41,879 | concert_ticketing.adapters.messaging.rabbitmq.consumer | INFO | Mensaje recibido: request_id=09239
2026-04-06 00:02:41,969 | concert_ticketing.adapters.messaging.rabbitmq.consumer | INFO | Mensaje recibido: request_id=09235
2026-04-06 00:02:42,045 | concert_ticketing.adapters.messaging.rabbitmq.consumer | INFO | Mensaje recibido: request_id=09240
2026-04-06 00:02:42,141 | concert_ticketing.adapters.messaging.rabbitmq.consumer | INFO | Mensaje recibido: request_id=09242
2026-04-06 00:02:42,231 | concert_ticketing.adapters.messaging.rabbitmq.consumer | INFO | Mensaje recibido: request_id=09261
2026-04-06 00:02:42,292 | concert_ticketing.adapters.messaging.rabbitmq.consumer | INFO | Mensaje recibido: request_id=09259
2026-04-06 00:02:42,374 | concert_ticketing.adapters.messaging.rabbitmq.consumer | INFO | Mensaje recibido: request_id=09287
2026-04-06 00:02:42,460 | concert_ticketing.adapters.messaging.rabbitmq.consumer | INFO | Mensaje recibido: request_id=09286
2026-04-06 00:02:42,556 | concert_ticketing.adapters.messaging.rabbitmq.consumer | INFO | Mensaje recibido: request_id=09304
2026-04-06 00:02:42,644 | concert_ticketing.adapters.messaging.rabbitmq.consumer | INFO | Mensaje recibido: request_id=09312
2026-04-06 00:02:42,726 | concert_ticketing.adapters.messaging.rabbitmq.consumer | INFO | Mensaje recibido: request_id=09311
2026-04-06 00:02:42,823 | concert_ticketing.adapters.messaging.rabbitmq.consumer | INFO | Mensaje recibido: request_id=09278
2026-04-06 00:02:42,916 | concert_ticketing.adapters.messaging.rabbitmq.consumer | INFO | Mensaje recibido: request_id=09288
2026-04-06 00:02:43,035 | concert_ticketing.adapters.messaging.rabbitmq.consumer | INFO | Mensaje recibido: request_id=09337
2026-04-06 00:02:43,141 | concert_ticketing.adapters.messaging.rabbitmq.consumer | INFO | Mensaje recibido: request_id=09294
2026-04-06 00:02:43,244 | concert_ticketing.adapters.messaging.rabbitmq.consumer | INFO | Mensaje recibido: request_id=09329
2026-04-06 00:02:43,350 | concert_ticketing.adapters.messaging.rabbitmq.consumer | INFO | Mensaje recibido: request_id=09368
2026-04-06 00:02:43,462 | concert_ticketing.adapters.messaging.rabbitmq.consumer | INFO | Mensaje recibido: request_id=09188
2026-04-06 00:02:43,573 | concert_ticketing.adapters.messaging.rabbitmq.consumer | INFO | Mensaje recibido: request_id=09382
2026-04-06 00:02:43,688 | concert_ticketing.adapters.messaging.rabbitmq.consumer | INFO | Mensaje recibido: request_id=09378
2026-04-06 00:02:43,758 | concert_ticketing.adapters.messaging.rabbitmq.consumer | INFO | Mensaje recibido: request_id=09191
2026-04-06 00:02:43,835 | concert_ticketing.adapters.messaging.rabbitmq.consumer | INFO | Mensaje recibido: request_id=09300
2026-04-06 00:02:43,915 | concert_ticketing.adapters.messaging.rabbitmq.consumer | INFO | Mensaje recibido: request_id=09408
2026-04-06 00:02:44,000 | concert_ticketing.adapters.messaging.rabbitmq.consumer | INFO | Mensaje recibido: request_id=09296
2026-04-06 00:02:44,073 | concert_ticketing.adapters.messaging.rabbitmq.consumer | INFO | Mensaje recibido: request_id=09409
2026-04-06 00:02:44,148 | concert_ticketing.adapters.messaging.rabbitmq.consumer | INFO | Mensaje recibido: request_id=09393
2026-04-06 00:02:44,237 | concert_ticketing.adapters.messaging.rabbitmq.consumer | INFO | Mensaje recibido: request_id=09447
2026-04-06 00:02:44,320 | concert_ticketing.adapters.messaging.rabbitmq.consumer | INFO | Mensaje recibido: request_id=09449
2026-04-06 00:02:44,402 | concert_ticketing.adapters.messaging.rabbitmq.consumer | INFO | Mensaje recibido: request_id=09401
2026-04-06 00:02:44,483 | concert_ticketing.adapters.messaging.rabbitmq.consumer | INFO | Mensaje recibido: request_id=09389
2026-04-06 00:02:44,557 | concert_ticketing.adapters.messaging.rabbitmq.consumer | INFO | Mensaje recibido: request_id=09472
2026-04-06 00:02:44,637 | concert_ticketing.adapters.messaging.rabbitmq.consumer | INFO | Mensaje recibido: request_id=09404
2026-04-06 00:02:44,715 | concert_ticketing.adapters.messaging.rabbitmq.consumer | INFO | Mensaje recibido: request_id=09495
2026-04-06 00:02:44,778 | concert_ticketing.adapters.messaging.rabbitmq.consumer | INFO | Mensaje recibido: request_id=09457
2026-04-06 00:02:44,854 | concert_ticketing.adapters.messaging.rabbitmq.consumer | INFO | Mensaje recibido: request_id=09509
2026-04-06 00:02:44,935 | concert_ticketing.adapters.messaging.rabbitmq.consumer | INFO | Mensaje recibido: request_id=09477
2026-04-06 00:02:45,023 | concert_ticketing.adapters.messaging.rabbitmq.consumer | INFO | Mensaje recibido: request_id=09514
2026-04-06 00:02:45,087 | concert_ticketing.adapters.messaging.rabbitmq.consumer | INFO | Mensaje recibido: request_id=09507
2026-04-06 00:02:45,177 | concert_ticketing.adapters.messaging.rabbitmq.consumer | INFO | Mensaje recibido: request_id=09533
2026-04-06 00:02:45,259 | concert_ticketing.adapters.messaging.rabbitmq.consumer | INFO | Mensaje recibido: request_id=09528
2026-04-06 00:02:45,326 | concert_ticketing.adapters.messaging.rabbitmq.consumer | INFO | Mensaje recibido: request_id=09500
2026-04-06 00:02:45,394 | concert_ticketing.adapters.messaging.rabbitmq.consumer | INFO | Mensaje recibido: request_id=09502
2026-04-06 00:02:45,462 | concert_ticketing.adapters.messaging.rabbitmq.consumer | INFO | Mensaje recibido: request_id=09575
2026-04-06 00:02:45,554 | concert_ticketing.adapters.messaging.rabbitmq.consumer | INFO | Mensaje recibido: request_id=09584
2026-04-06 00:02:45,635 | concert_ticketing.adapters.messaging.rabbitmq.consumer | INFO | Mensaje recibido: request_id=09585
2026-04-06 00:02:45,690 | concert_ticketing.adapters.messaging.rabbitmq.consumer | INFO | Mensaje recibido: request_id=09593
2026-04-06 00:02:45,780 | concert_ticketing.adapters.messaging.rabbitmq.consumer | INFO | Mensaje recibido: request_id=09600
2026-04-06 00:02:45,863 | concert_ticketing.adapters.messaging.rabbitmq.consumer | INFO | Mensaje recibido: request_id=09588
2026-04-06 00:02:45,937 | concert_ticketing.adapters.messaging.rabbitmq.consumer | INFO | Mensaje recibido: request_id=09594
2026-04-06 00:02:46,028 | concert_ticketing.adapters.messaging.rabbitmq.consumer | INFO | Mensaje recibido: request_id=09354
2026-04-06 00:02:46,092 | concert_ticketing.adapters.messaging.rabbitmq.consumer | INFO | Mensaje recibido: request_id=09638
2026-04-06 00:02:46,170 | concert_ticketing.adapters.messaging.rabbitmq.consumer | INFO | Mensaje recibido: request_id=09574
2026-04-06 00:02:46,254 | concert_ticketing.adapters.messaging.rabbitmq.consumer | INFO | Mensaje recibido: request_id=09648
2026-04-06 00:02:46,346 | concert_ticketing.adapters.messaging.rabbitmq.consumer | INFO | Mensaje recibido: request_id=09647
2026-04-06 00:02:46,434 | concert_ticketing.adapters.messaging.rabbitmq.consumer | INFO | Mensaje recibido: request_id=09546
2026-04-06 00:02:46,520 | concert_ticketing.adapters.messaging.rabbitmq.consumer | INFO | Mensaje recibido: request_id=09626
2026-04-06 00:02:46,615 | concert_ticketing.adapters.messaging.rabbitmq.consumer | INFO | Mensaje recibido: request_id=09635
2026-04-06 00:02:46,692 | concert_ticketing.adapters.messaging.rabbitmq.consumer | INFO | Mensaje recibido: request_id=09696
2026-04-06 00:02:46,775 | concert_ticketing.adapters.messaging.rabbitmq.consumer | INFO | Mensaje recibido: request_id=09659
2026-04-06 00:02:46,842 | concert_ticketing.adapters.messaging.rabbitmq.consumer | INFO | Mensaje recibido: request_id=09620
2026-04-06 00:02:46,916 | concert_ticketing.adapters.messaging.rabbitmq.consumer | INFO | Mensaje recibido: request_id=09698
2026-04-06 00:02:46,999 | concert_ticketing.adapters.messaging.rabbitmq.consumer | INFO | Mensaje recibido: request_id=09695
2026-04-06 00:02:47,083 | concert_ticketing.adapters.messaging.rabbitmq.consumer | INFO | Mensaje recibido: request_id=09736
2026-04-06 00:02:47,157 | concert_ticketing.adapters.messaging.rabbitmq.consumer | INFO | Mensaje recibido: request_id=09706
2026-04-06 00:02:47,231 | concert_ticketing.adapters.messaging.rabbitmq.consumer | INFO | Mensaje recibido: request_id=09730
2026-04-06 00:02:47,313 | concert_ticketing.adapters.messaging.rabbitmq.consumer | INFO | Mensaje recibido: request_id=09759
2026-04-06 00:02:47,403 | concert_ticketing.adapters.messaging.rabbitmq.consumer | INFO | Mensaje recibido: request_id=09757
2026-04-06 00:02:47,473 | concert_ticketing.adapters.messaging.rabbitmq.consumer | INFO | Mensaje recibido: request_id=09641
2026-04-06 00:02:47,577 | concert_ticketing.adapters.messaging.rabbitmq.consumer | INFO | Mensaje recibido: request_id=09783
2026-04-06 00:02:47,666 | concert_ticketing.adapters.messaging.rabbitmq.consumer | INFO | Mensaje recibido: request_id=09761
2026-04-06 00:02:47,738 | concert_ticketing.adapters.messaging.rabbitmq.consumer | INFO | Mensaje recibido: request_id=09795
2026-04-06 00:02:47,865 | concert_ticketing.adapters.messaging.rabbitmq.consumer | INFO | Mensaje recibido: request_id=09712
2026-04-06 00:02:47,948 | concert_ticketing.adapters.messaging.rabbitmq.consumer | INFO | Mensaje recibido: request_id=09807
2026-04-06 00:02:48,028 | concert_ticketing.adapters.messaging.rabbitmq.consumer | INFO | Mensaje recibido: request_id=09683
2026-04-06 00:02:48,110 | concert_ticketing.adapters.messaging.rabbitmq.consumer | INFO | Mensaje recibido: request_id=09832
2026-04-06 00:02:48,199 | concert_ticketing.adapters.messaging.rabbitmq.consumer | INFO | Mensaje recibido: request_id=09715
2026-04-06 00:02:48,272 | concert_ticketing.adapters.messaging.rabbitmq.consumer | INFO | Mensaje recibido: request_id=09847
2026-04-06 00:02:48,375 | concert_ticketing.adapters.messaging.rabbitmq.consumer | INFO | Mensaje recibido: request_id=09858
2026-04-06 00:02:48,446 | concert_ticketing.adapters.messaging.rabbitmq.consumer | INFO | Mensaje recibido: request_id=09676
2026-04-06 00:02:48,541 | concert_ticketing.adapters.messaging.rabbitmq.consumer | INFO | Mensaje recibido: request_id=09842
2026-04-06 00:02:48,603 | concert_ticketing.adapters.messaging.rabbitmq.consumer | INFO | Mensaje recibido: request_id=09870
2026-04-06 00:02:48,692 | concert_ticketing.adapters.messaging.rabbitmq.consumer | INFO | Mensaje recibido: request_id=09825
2026-04-06 00:02:48,773 | concert_ticketing.adapters.messaging.rabbitmq.consumer | INFO | Mensaje recibido: request_id=09876
2026-04-06 00:02:48,861 | concert_ticketing.adapters.messaging.rabbitmq.consumer | INFO | Mensaje recibido: request_id=09904
2026-04-06 00:02:48,938 | concert_ticketing.adapters.messaging.rabbitmq.consumer | INFO | Mensaje recibido: request_id=09911
2026-04-06 00:02:49,012 | concert_ticketing.adapters.messaging.rabbitmq.consumer | INFO | Mensaje recibido: request_id=09800
2026-04-06 00:02:49,104 | concert_ticketing.adapters.messaging.rabbitmq.consumer | INFO | Mensaje recibido: request_id=09928
2026-04-06 00:02:49,179 | concert_ticketing.adapters.messaging.rabbitmq.consumer | INFO | Mensaje recibido: request_id=09935
2026-04-06 00:02:49,269 | concert_ticketing.adapters.messaging.rabbitmq.consumer | INFO | Mensaje recibido: request_id=09932
2026-04-06 00:02:49,351 | concert_ticketing.adapters.messaging.rabbitmq.consumer | INFO | Mensaje recibido: request_id=09901
2026-04-06 00:02:49,425 | concert_ticketing.adapters.messaging.rabbitmq.consumer | INFO | Mensaje recibido: request_id=09882
2026-04-06 00:02:49,503 | concert_ticketing.adapters.messaging.rabbitmq.consumer | INFO | Mensaje recibido: request_id=09929
2026-04-06 00:02:49,591 | concert_ticketing.adapters.messaging.rabbitmq.consumer | INFO | Mensaje recibido: request_id=09962
2026-04-06 00:02:49,679 | concert_ticketing.adapters.messaging.rabbitmq.consumer | INFO | Mensaje recibido: request_id=09903
2026-04-06 00:02:49,753 | concert_ticketing.adapters.messaging.rabbitmq.consumer | INFO | Mensaje recibido: request_id=09985
2026-04-06 00:02:49,828 | concert_ticketing.adapters.messaging.rabbitmq.consumer | INFO | Mensaje recibido: request_id=09912
2026-04-06 00:02:49,916 | concert_ticketing.adapters.messaging.rabbitmq.consumer | INFO | Mensaje recibido: request_id=09936
2026-04-06 00:02:50,004 | concert_ticketing.adapters.messaging.rabbitmq.consumer | INFO | Mensaje recibido: request_id=10015
2026-04-06 00:02:50,082 | concert_ticketing.adapters.messaging.rabbitmq.consumer | INFO | Mensaje recibido: request_id=10011
2026-04-06 00:02:50,160 | concert_ticketing.adapters.messaging.rabbitmq.consumer | INFO | Mensaje recibido: request_id=10016
2026-04-06 00:02:50,250 | concert_ticketing.adapters.messaging.rabbitmq.consumer | INFO | Mensaje recibido: request_id=09989
2026-04-06 00:02:50,334 | concert_ticketing.adapters.messaging.rabbitmq.consumer | INFO | Mensaje recibido: request_id=10047
2026-04-06 00:02:50,415 | concert_ticketing.adapters.messaging.rabbitmq.consumer | INFO | Mensaje recibido: request_id=09987
2026-04-06 00:02:50,480 | concert_ticketing.adapters.messaging.rabbitmq.consumer | INFO | Mensaje recibido: request_id=10036
2026-04-06 00:02:50,566 | concert_ticketing.adapters.messaging.rabbitmq.consumer | INFO | Mensaje recibido: request_id=10061
2026-04-06 00:02:50,642 | concert_ticketing.adapters.messaging.rabbitmq.consumer | INFO | Mensaje recibido: request_id=10079
2026-04-06 00:02:50,731 | concert_ticketing.adapters.messaging.rabbitmq.consumer | INFO | Mensaje recibido: request_id=10083
2026-04-06 00:02:50,810 | concert_ticketing.adapters.messaging.rabbitmq.consumer | INFO | Mensaje recibido: request_id=10084
2026-04-06 00:02:50,877 | concert_ticketing.adapters.messaging.rabbitmq.consumer | INFO | Mensaje recibido: request_id=10014
2026-04-06 00:02:50,959 | concert_ticketing.adapters.messaging.rabbitmq.consumer | INFO | Mensaje recibido: request_id=10081
2026-04-06 00:02:51,046 | concert_ticketing.adapters.messaging.rabbitmq.consumer | INFO | Mensaje recibido: request_id=10119
2026-04-06 00:02:51,127 | concert_ticketing.adapters.messaging.rabbitmq.consumer | INFO | Mensaje recibido: request_id=10023
2026-04-06 00:02:51,208 | concert_ticketing.adapters.messaging.rabbitmq.consumer | INFO | Mensaje recibido: request_id=10064
2026-04-06 00:02:51,285 | concert_ticketing.adapters.messaging.rabbitmq.consumer | INFO | Mensaje recibido: request_id=10135
2026-04-06 00:02:51,366 | concert_ticketing.adapters.messaging.rabbitmq.consumer | INFO | Mensaje recibido: request_id=10136
2026-04-06 00:02:51,452 | concert_ticketing.adapters.messaging.rabbitmq.consumer | INFO | Mensaje recibido: request_id=10159
2026-04-06 00:02:51,538 | concert_ticketing.adapters.messaging.rabbitmq.consumer | INFO | Mensaje recibido: request_id=10122
2026-04-06 00:02:51,634 | concert_ticketing.adapters.messaging.rabbitmq.consumer | INFO | Mensaje recibido: request_id=10156
2026-04-06 00:02:51,740 | concert_ticketing.adapters.messaging.rabbitmq.consumer | INFO | Mensaje recibido: request_id=10137
2026-04-06 00:02:51,832 | concert_ticketing.adapters.messaging.rabbitmq.consumer | INFO | Mensaje recibido: request_id=10176
2026-04-06 00:02:51,926 | concert_ticketing.adapters.messaging.rabbitmq.consumer | INFO | Mensaje recibido: request_id=10188
2026-04-06 00:02:52,002 | concert_ticketing.adapters.messaging.rabbitmq.consumer | INFO | Mensaje recibido: request_id=10196
2026-04-06 00:02:52,101 | concert_ticketing.adapters.messaging.rabbitmq.consumer | INFO | Mensaje recibido: request_id=10150
2026-04-06 00:02:52,185 | concert_ticketing.adapters.messaging.rabbitmq.consumer | INFO | Mensaje recibido: request_id=10106
2026-04-06 00:02:52,254 | concert_ticketing.adapters.messaging.rabbitmq.consumer | INFO | Mensaje recibido: request_id=10223
2026-04-06 00:02:52,338 | concert_ticketing.adapters.messaging.rabbitmq.consumer | INFO | Mensaje recibido: request_id=10238
2026-04-06 00:02:52,431 | concert_ticketing.adapters.messaging.rabbitmq.consumer | INFO | Mensaje recibido: request_id=10201
2026-04-06 00:02:52,506 | concert_ticketing.adapters.messaging.rabbitmq.consumer | INFO | Mensaje recibido: request_id=10115
2026-04-06 00:02:52,583 | concert_ticketing.adapters.messaging.rabbitmq.consumer | INFO | Mensaje recibido: request_id=10225
2026-04-06 00:02:52,667 | concert_ticketing.adapters.messaging.rabbitmq.consumer | INFO | Mensaje recibido: request_id=10272
2026-04-06 00:02:52,766 | concert_ticketing.adapters.messaging.rabbitmq.consumer | INFO | Mensaje recibido: request_id=10265
2026-04-06 00:02:52,867 | concert_ticketing.adapters.messaging.rabbitmq.consumer | INFO | Mensaje recibido: request_id=10266
2026-04-06 00:02:52,948 | concert_ticketing.adapters.messaging.rabbitmq.consumer | INFO | Mensaje recibido: request_id=10296
2026-04-06 00:02:53,067 | concert_ticketing.adapters.messaging.rabbitmq.consumer | INFO | Mensaje recibido: request_id=10256
2026-04-06 00:02:53,162 | concert_ticketing.adapters.messaging.rabbitmq.consumer | INFO | Mensaje recibido: request_id=10312
2026-04-06 00:02:53,278 | concert_ticketing.adapters.messaging.rabbitmq.consumer | INFO | Mensaje recibido: request_id=10260
2026-04-06 00:02:53,346 | concert_ticketing.adapters.messaging.rabbitmq.consumer | INFO | Mensaje recibido: request_id=10239
2026-04-06 00:02:53,439 | concert_ticketing.adapters.messaging.rabbitmq.consumer | INFO | Mensaje recibido: request_id=10322
2026-04-06 00:02:53,530 | concert_ticketing.adapters.messaging.rabbitmq.consumer | INFO | Mensaje recibido: request_id=10325
2026-04-06 00:02:53,633 | concert_ticketing.adapters.messaging.rabbitmq.consumer | INFO | Mensaje recibido: request_id=10269
2026-04-06 00:02:53,734 | concert_ticketing.adapters.messaging.rabbitmq.consumer | INFO | Mensaje recibido: request_id=10326
2026-04-06 00:02:53,833 | concert_ticketing.adapters.messaging.rabbitmq.consumer | INFO | Mensaje recibido: request_id=10319
2026-04-06 00:02:53,957 | concert_ticketing.adapters.messaging.rabbitmq.consumer | INFO | Mensaje recibido: request_id=10340
2026-04-06 00:02:54,039 | concert_ticketing.adapters.messaging.rabbitmq.consumer | INFO | Mensaje recibido: request_id=10321
2026-04-06 00:02:54,150 | concert_ticketing.adapters.messaging.rabbitmq.consumer | INFO | Mensaje recibido: request_id=10360
2026-04-06 00:02:54,266 | concert_ticketing.adapters.messaging.rabbitmq.consumer | INFO | Mensaje recibido: request_id=10393
2026-04-06 00:02:54,381 | concert_ticketing.adapters.messaging.rabbitmq.consumer | INFO | Mensaje recibido: request_id=10401
2026-04-06 00:02:54,503 | concert_ticketing.adapters.messaging.rabbitmq.consumer | INFO | Mensaje recibido: request_id=10392
2026-04-06 00:02:54,667 | concert_ticketing.adapters.messaging.rabbitmq.consumer | INFO | Mensaje recibido: request_id=10404
2026-04-06 00:02:54,771 | concert_ticketing.adapters.messaging.rabbitmq.consumer | INFO | Mensaje recibido: request_id=10424
2026-04-06 00:02:54,877 | concert_ticketing.adapters.messaging.rabbitmq.consumer | INFO | Mensaje recibido: request_id=10246
2026-04-06 00:02:54,971 | concert_ticketing.adapters.messaging.rabbitmq.consumer | INFO | Mensaje recibido: request_id=10418
2026-04-06 00:02:55,061 | concert_ticketing.adapters.messaging.rabbitmq.consumer | INFO | Mensaje recibido: request_id=10388
2026-04-06 00:02:55,146 | concert_ticketing.adapters.messaging.rabbitmq.consumer | INFO | Mensaje recibido: request_id=10456
2026-04-06 00:02:55,242 | concert_ticketing.adapters.messaging.rabbitmq.consumer | INFO | Mensaje recibido: request_id=10473
2026-04-06 00:02:55,310 | concert_ticketing.adapters.messaging.rabbitmq.consumer | INFO | Mensaje recibido: request_id=10433
2026-04-06 00:02:55,400 | concert_ticketing.adapters.messaging.rabbitmq.consumer | INFO | Mensaje recibido: request_id=10489
2026-04-06 00:02:55,489 | concert_ticketing.adapters.messaging.rabbitmq.consumer | INFO | Mensaje recibido: request_id=10449
2026-04-06 00:02:55,570 | concert_ticketing.adapters.messaging.rabbitmq.consumer | INFO | Mensaje recibido: request_id=10427
2026-04-06 00:02:55,654 | concert_ticketing.adapters.messaging.rabbitmq.consumer | INFO | Mensaje recibido: request_id=10334
2026-04-06 00:02:55,716 | concert_ticketing.adapters.messaging.rabbitmq.consumer | INFO | Mensaje recibido: request_id=10485
2026-04-06 00:02:55,808 | concert_ticketing.adapters.messaging.rabbitmq.consumer | INFO | Mensaje recibido: request_id=10527
2026-04-06 00:02:55,898 | concert_ticketing.adapters.messaging.rabbitmq.consumer | INFO | Mensaje recibido: request_id=10458
2026-04-06 00:02:55,978 | concert_ticketing.adapters.messaging.rabbitmq.consumer | INFO | Mensaje recibido: request_id=10501
2026-04-06 00:02:56,058 | concert_ticketing.adapters.messaging.rabbitmq.consumer | INFO | Mensaje recibido: request_id=10539
2026-04-06 00:02:56,114 | concert_ticketing.adapters.messaging.rabbitmq.consumer | INFO | Mensaje recibido: request_id=10516
2026-04-06 00:02:56,187 | concert_ticketing.adapters.messaging.rabbitmq.consumer | INFO | Mensaje recibido: request_id=10408
2026-04-06 00:02:56,266 | concert_ticketing.adapters.messaging.rabbitmq.consumer | INFO | Mensaje recibido: request_id=10568
2026-04-06 00:02:56,363 | concert_ticketing.adapters.messaging.rabbitmq.consumer | INFO | Mensaje recibido: request_id=10533
2026-04-06 00:02:56,440 | concert_ticketing.adapters.messaging.rabbitmq.consumer | INFO | Mensaje recibido: request_id=10571
2026-04-06 00:02:56,536 | concert_ticketing.adapters.messaging.rabbitmq.consumer | INFO | Mensaje recibido: request_id=10601
2026-04-06 00:02:56,613 | concert_ticketing.adapters.messaging.rabbitmq.consumer | INFO | Mensaje recibido: request_id=10589
2026-04-06 00:02:56,700 | concert_ticketing.adapters.messaging.rabbitmq.consumer | INFO | Mensaje recibido: request_id=10584
2026-04-06 00:02:56,782 | concert_ticketing.adapters.messaging.rabbitmq.consumer | INFO | Mensaje recibido: request_id=10621
2026-04-06 00:02:56,869 | concert_ticketing.adapters.messaging.rabbitmq.consumer | INFO | Mensaje recibido: request_id=10631
2026-04-06 00:02:56,936 | concert_ticketing.adapters.messaging.rabbitmq.consumer | INFO | Mensaje recibido: request_id=10606
2026-04-06 00:02:57,004 | concert_ticketing.adapters.messaging.rabbitmq.consumer | INFO | Mensaje recibido: request_id=10618
2026-04-06 00:02:57,088 | concert_ticketing.adapters.messaging.rabbitmq.consumer | INFO | Mensaje recibido: request_id=10545
2026-04-06 00:02:57,179 | concert_ticketing.adapters.messaging.rabbitmq.consumer | INFO | Mensaje recibido: request_id=10663
2026-04-06 00:02:57,274 | concert_ticketing.adapters.messaging.rabbitmq.consumer | INFO | Mensaje recibido: request_id=10655
2026-04-06 00:02:57,359 | concert_ticketing.adapters.messaging.rabbitmq.consumer | INFO | Mensaje recibido: request_id=10639
2026-04-06 00:02:57,448 | concert_ticketing.adapters.messaging.rabbitmq.consumer | INFO | Mensaje recibido: request_id=10590
2026-04-06 00:02:57,537 | concert_ticketing.adapters.messaging.rabbitmq.consumer | INFO | Mensaje recibido: request_id=10688
2026-04-06 00:02:57,609 | concert_ticketing.adapters.messaging.rabbitmq.consumer | INFO | Mensaje recibido: request_id=10629
2026-04-06 00:02:57,711 | concert_ticketing.adapters.messaging.rabbitmq.consumer | INFO | Mensaje recibido: request_id=10682
2026-04-06 00:02:57,760 | concert_ticketing.adapters.messaging.rabbitmq.consumer | INFO | Mensaje recibido: request_id=10662
2026-04-06 00:02:57,867 | concert_ticketing.adapters.messaging.rabbitmq.consumer | INFO | Mensaje recibido: request_id=10712
2026-04-06 00:02:57,961 | concert_ticketing.adapters.messaging.rabbitmq.consumer | INFO | Mensaje recibido: request_id=10735
2026-04-06 00:02:58,052 | concert_ticketing.adapters.messaging.rabbitmq.consumer | INFO | Mensaje recibido: request_id=10730
2026-04-06 00:02:58,126 | concert_ticketing.adapters.messaging.rabbitmq.consumer | INFO | Mensaje recibido: request_id=10737
2026-04-06 00:02:58,220 | concert_ticketing.adapters.messaging.rabbitmq.consumer | INFO | Mensaje recibido: request_id=10761
2026-04-06 00:02:58,323 | concert_ticketing.adapters.messaging.rabbitmq.consumer | INFO | Mensaje recibido: request_id=10679
2026-04-06 00:02:58,396 | concert_ticketing.adapters.messaging.rabbitmq.consumer | INFO | Mensaje recibido: request_id=10776
2026-04-06 00:02:58,455 | concert_ticketing.adapters.messaging.rabbitmq.consumer | INFO | Mensaje recibido: request_id=10683
2026-04-06 00:02:58,558 | concert_ticketing.adapters.messaging.rabbitmq.consumer | INFO | Mensaje recibido: request_id=10739
2026-04-06 00:02:58,648 | concert_ticketing.adapters.messaging.rabbitmq.consumer | INFO | Mensaje recibido: request_id=10800
2026-04-06 00:02:58,748 | concert_ticketing.adapters.messaging.rabbitmq.consumer | INFO | Mensaje recibido: request_id=10784
2026-04-06 00:02:58,824 | concert_ticketing.adapters.messaging.rabbitmq.consumer | INFO | Mensaje recibido: request_id=10817
2026-04-06 00:02:58,907 | concert_ticketing.adapters.messaging.rabbitmq.consumer | INFO | Mensaje recibido: request_id=10787
2026-04-06 00:02:59,002 | concert_ticketing.adapters.messaging.rabbitmq.consumer | INFO | Mensaje recibido: request_id=10831
2026-04-06 00:02:59,137 | concert_ticketing.adapters.messaging.rabbitmq.consumer | INFO | Mensaje recibido: request_id=10834
2026-04-06 00:02:59,224 | concert_ticketing.adapters.messaging.rabbitmq.consumer | INFO | Mensaje recibido: request_id=10782
2026-04-06 00:02:59,320 | concert_ticketing.adapters.messaging.rabbitmq.consumer | INFO | Mensaje recibido: request_id=10713
2026-04-06 00:02:59,422 | concert_ticketing.adapters.messaging.rabbitmq.consumer | INFO | Mensaje recibido: request_id=10849
2026-04-06 00:02:59,538 | concert_ticketing.adapters.messaging.rabbitmq.consumer | INFO | Mensaje recibido: request_id=10810
2026-04-06 00:02:59,658 | concert_ticketing.adapters.messaging.rabbitmq.consumer | INFO | Mensaje recibido: request_id=10880
2026-04-06 00:02:59,748 | concert_ticketing.adapters.messaging.rabbitmq.consumer | INFO | Mensaje recibido: request_id=10878
2026-04-06 00:02:59,847 | concert_ticketing.adapters.messaging.rabbitmq.consumer | INFO | Mensaje recibido: request_id=10812
2026-04-06 00:02:59,935 | concert_ticketing.adapters.messaging.rabbitmq.consumer | INFO | Mensaje recibido: request_id=10903
2026-04-06 00:03:00,030 | concert_ticketing.adapters.messaging.rabbitmq.consumer | INFO | Mensaje recibido: request_id=10912
2026-04-06 00:03:00,107 | concert_ticketing.adapters.messaging.rabbitmq.consumer | INFO | Mensaje recibido: request_id=10919
2026-04-06 00:03:00,199 | concert_ticketing.adapters.messaging.rabbitmq.consumer | INFO | Mensaje recibido: request_id=10920
2026-04-06 00:03:00,287 | concert_ticketing.adapters.messaging.rabbitmq.consumer | INFO | Mensaje recibido: request_id=10937
2026-04-06 00:03:00,384 | concert_ticketing.adapters.messaging.rabbitmq.consumer | INFO | Mensaje recibido: request_id=10902
2026-04-06 00:03:00,516 | concert_ticketing.adapters.messaging.rabbitmq.consumer | INFO | Mensaje recibido: request_id=10941
2026-04-06 00:03:00,600 | concert_ticketing.adapters.messaging.rabbitmq.consumer | INFO | Mensaje recibido: request_id=10960
2026-04-06 00:03:00,691 | concert_ticketing.adapters.messaging.rabbitmq.consumer | INFO | Mensaje recibido: request_id=10928
2026-04-06 00:03:00,784 | concert_ticketing.adapters.messaging.rabbitmq.consumer | INFO | Mensaje recibido: request_id=10952
2026-04-06 00:03:00,866 | concert_ticketing.adapters.messaging.rabbitmq.consumer | INFO | Mensaje recibido: request_id=10978
2026-04-06 00:03:00,964 | concert_ticketing.adapters.messaging.rabbitmq.consumer | INFO | Mensaje recibido: request_id=10949
2026-04-06 00:03:01,046 | concert_ticketing.adapters.messaging.rabbitmq.consumer | INFO | Mensaje recibido: request_id=10876
2026-04-06 00:03:01,145 | concert_ticketing.adapters.messaging.rabbitmq.consumer | INFO | Mensaje recibido: request_id=11008
2026-04-06 00:03:01,217 | concert_ticketing.adapters.messaging.rabbitmq.consumer | INFO | Mensaje recibido: request_id=10929
2026-04-06 00:03:01,316 | concert_ticketing.adapters.messaging.rabbitmq.consumer | INFO | Mensaje recibido: request_id=11003
2026-04-06 00:03:01,426 | concert_ticketing.adapters.messaging.rabbitmq.consumer | INFO | Mensaje recibido: request_id=10988
2026-04-06 00:03:01,551 | concert_ticketing.adapters.messaging.rabbitmq.consumer | INFO | Mensaje recibido: request_id=11040
2026-04-06 00:03:01,628 | concert_ticketing.adapters.messaging.rabbitmq.consumer | INFO | Mensaje recibido: request_id=10924
2026-04-06 00:03:01,693 | concert_ticketing.adapters.messaging.rabbitmq.consumer | INFO | Mensaje recibido: request_id=10962
2026-04-06 00:03:01,804 | concert_ticketing.adapters.messaging.rabbitmq.consumer | INFO | Mensaje recibido: request_id=11049
2026-04-06 00:03:01,885 | concert_ticketing.adapters.messaging.rabbitmq.consumer | INFO | Mensaje recibido: request_id=11072
2026-04-06 00:03:01,954 | concert_ticketing.adapters.messaging.rabbitmq.consumer | INFO | Mensaje recibido: request_id=11070
2026-04-06 00:03:02,053 | concert_ticketing.adapters.messaging.rabbitmq.consumer | INFO | Mensaje recibido: request_id=11087
2026-04-06 00:03:02,146 | concert_ticketing.adapters.messaging.rabbitmq.consumer | INFO | Mensaje recibido: request_id=11053
2026-04-06 00:03:02,275 | concert_ticketing.adapters.messaging.rabbitmq.consumer | INFO | Mensaje recibido: request_id=11046
2026-04-06 00:03:02,339 | concert_ticketing.adapters.messaging.rabbitmq.consumer | INFO | Mensaje recibido: request_id=11112
2026-04-06 00:03:02,447 | concert_ticketing.adapters.messaging.rabbitmq.consumer | INFO | Mensaje recibido: request_id=11073
2026-04-06 00:03:02,552 | concert_ticketing.adapters.messaging.rabbitmq.consumer | INFO | Mensaje recibido: request_id=11078
2026-04-06 00:03:02,644 | concert_ticketing.adapters.messaging.rabbitmq.consumer | INFO | Mensaje recibido: request_id=11106
2026-04-06 00:03:02,737 | concert_ticketing.adapters.messaging.rabbitmq.consumer | INFO | Mensaje recibido: request_id=11050
2026-04-06 00:03:02,833 | concert_ticketing.adapters.messaging.rabbitmq.consumer | INFO | Mensaje recibido: request_id=11152
2026-04-06 00:03:02,921 | concert_ticketing.adapters.messaging.rabbitmq.consumer | INFO | Mensaje recibido: request_id=11144
2026-04-06 00:03:03,016 | concert_ticketing.adapters.messaging.rabbitmq.consumer | INFO | Mensaje recibido: request_id=11168
2026-04-06 00:03:03,115 | concert_ticketing.adapters.messaging.rabbitmq.consumer | INFO | Mensaje recibido: request_id=11175
2026-04-06 00:03:03,220 | concert_ticketing.adapters.messaging.rabbitmq.consumer | INFO | Mensaje recibido: request_id=10884
2026-04-06 00:03:03,308 | concert_ticketing.adapters.messaging.rabbitmq.consumer | INFO | Mensaje recibido: request_id=11164
2026-04-06 00:03:03,410 | concert_ticketing.adapters.messaging.rabbitmq.consumer | INFO | Mensaje recibido: request_id=11097
2026-04-06 00:03:03,523 | concert_ticketing.adapters.messaging.rabbitmq.consumer | INFO | Mensaje recibido: request_id=11136
2026-04-06 00:03:03,613 | concert_ticketing.adapters.messaging.rabbitmq.consumer | INFO | Mensaje recibido: request_id=11171
2026-04-06 00:03:03,696 | concert_ticketing.adapters.messaging.rabbitmq.consumer | INFO | Mensaje recibido: request_id=11223
2026-04-06 00:03:03,781 | concert_ticketing.adapters.messaging.rabbitmq.consumer | INFO | Mensaje recibido: request_id=11181
2026-04-06 00:03:03,861 | concert_ticketing.adapters.messaging.rabbitmq.consumer | INFO | Mensaje recibido: request_id=11161
2026-04-06 00:03:03,897 | concert_ticketing.adapters.messaging.rabbitmq.consumer | INFO | Mensaje recibido: request_id=11230
2026-04-06 00:03:03,996 | concert_ticketing.adapters.messaging.rabbitmq.consumer | INFO | Mensaje recibido: request_id=11244
2026-04-06 00:03:04,107 | concert_ticketing.adapters.messaging.rabbitmq.consumer | INFO | Mensaje recibido: request_id=11195
2026-04-06 00:03:04,206 | concert_ticketing.adapters.messaging.rabbitmq.consumer | INFO | Mensaje recibido: request_id=11227
2026-04-06 00:03:04,297 | concert_ticketing.adapters.messaging.rabbitmq.consumer | INFO | Mensaje recibido: request_id=11250
2026-04-06 00:03:04,377 | concert_ticketing.adapters.messaging.rabbitmq.consumer | INFO | Mensaje recibido: request_id=11113
2026-04-06 00:03:04,503 | concert_ticketing.adapters.messaging.rabbitmq.consumer | INFO | Mensaje recibido: request_id=11277
2026-04-06 00:03:04,592 | concert_ticketing.adapters.messaging.rabbitmq.consumer | INFO | Mensaje recibido: request_id=11303
2026-04-06 00:03:04,699 | concert_ticketing.adapters.messaging.rabbitmq.consumer | INFO | Mensaje recibido: request_id=11176
2026-04-06 00:03:04,753 | concert_ticketing.adapters.messaging.rabbitmq.consumer | INFO | Mensaje recibido: request_id=11283
2026-04-06 00:03:04,835 | concert_ticketing.adapters.messaging.rabbitmq.consumer | INFO | Mensaje recibido: request_id=11326
2026-04-06 00:03:04,937 | concert_ticketing.adapters.messaging.rabbitmq.consumer | INFO | Mensaje recibido: request_id=11224
2026-04-06 00:03:05,034 | concert_ticketing.adapters.messaging.rabbitmq.consumer | INFO | Mensaje recibido: request_id=11324
2026-04-06 00:03:05,121 | concert_ticketing.adapters.messaging.rabbitmq.consumer | INFO | Mensaje recibido: request_id=11329
2026-04-06 00:03:05,242 | concert_ticketing.adapters.messaging.rabbitmq.consumer | INFO | Mensaje recibido: request_id=11359
2026-04-06 00:03:05,319 | concert_ticketing.adapters.messaging.rabbitmq.consumer | INFO | Mensaje recibido: request_id=11358
2026-04-06 00:03:05,436 | concert_ticketing.adapters.messaging.rabbitmq.consumer | INFO | Mensaje recibido: request_id=11340
2026-04-06 00:03:05,550 | concert_ticketing.adapters.messaging.rabbitmq.consumer | INFO | Mensaje recibido: request_id=11314
2026-04-06 00:03:05,666 | concert_ticketing.adapters.messaging.rabbitmq.consumer | INFO | Mensaje recibido: request_id=11265
2026-04-06 00:03:05,771 | concert_ticketing.adapters.messaging.rabbitmq.consumer | INFO | Mensaje recibido: request_id=11355
2026-04-06 00:03:05,919 | concert_ticketing.adapters.messaging.rabbitmq.consumer | INFO | Mensaje recibido: request_id=11255
2026-04-06 00:03:06,020 | concert_ticketing.adapters.messaging.rabbitmq.consumer | INFO | Mensaje recibido: request_id=11366
2026-04-06 00:03:06,120 | concert_ticketing.adapters.messaging.rabbitmq.consumer | INFO | Mensaje recibido: request_id=11370
2026-04-06 00:03:06,214 | concert_ticketing.adapters.messaging.rabbitmq.consumer | INFO | Mensaje recibido: request_id=11392
2026-04-06 00:03:06,307 | concert_ticketing.adapters.messaging.rabbitmq.consumer | INFO | Mensaje recibido: request_id=11327
2026-04-06 00:03:06,402 | concert_ticketing.adapters.messaging.rabbitmq.consumer | INFO | Mensaje recibido: request_id=11414
2026-04-06 00:03:06,487 | concert_ticketing.adapters.messaging.rabbitmq.consumer | INFO | Mensaje recibido: request_id=11445
2026-04-06 00:03:06,581 | concert_ticketing.adapters.messaging.rabbitmq.consumer | INFO | Mensaje recibido: request_id=11434
2026-04-06 00:03:06,642 | concert_ticketing.adapters.messaging.rabbitmq.consumer | INFO | Mensaje recibido: request_id=11401
2026-04-06 00:03:06,730 | concert_ticketing.adapters.messaging.rabbitmq.consumer | INFO | Mensaje recibido: request_id=11461
2026-04-06 00:03:06,808 | concert_ticketing.adapters.messaging.rabbitmq.consumer | INFO | Mensaje recibido: request_id=11486
2026-04-06 00:03:06,888 | concert_ticketing.adapters.messaging.rabbitmq.consumer | INFO | Mensaje recibido: request_id=11425
2026-04-06 00:03:06,973 | concert_ticketing.adapters.messaging.rabbitmq.consumer | INFO | Mensaje recibido: request_id=11432
2026-04-06 00:03:07,073 | concert_ticketing.adapters.messaging.rabbitmq.consumer | INFO | Mensaje recibido: request_id=11463
2026-04-06 00:03:07,166 | concert_ticketing.adapters.messaging.rabbitmq.consumer | INFO | Mensaje recibido: request_id=11439
2026-04-06 00:03:07,231 | concert_ticketing.adapters.messaging.rabbitmq.consumer | INFO | Mensaje recibido: request_id=11398
2026-04-06 00:03:07,334 | concert_ticketing.adapters.messaging.rabbitmq.consumer | INFO | Mensaje recibido: request_id=11507
2026-04-06 00:03:07,417 | concert_ticketing.adapters.messaging.rabbitmq.consumer | INFO | Mensaje recibido: request_id=11543
2026-04-06 00:03:07,485 | concert_ticketing.adapters.messaging.rabbitmq.consumer | INFO | Mensaje recibido: request_id=11523
2026-04-06 00:03:07,581 | concert_ticketing.adapters.messaging.rabbitmq.consumer | INFO | Mensaje recibido: request_id=11542
2026-04-06 00:03:07,662 | concert_ticketing.adapters.messaging.rabbitmq.consumer | INFO | Mensaje recibido: request_id=11568
2026-04-06 00:03:07,752 | concert_ticketing.adapters.messaging.rabbitmq.consumer | INFO | Mensaje recibido: request_id=11570
2026-04-06 00:03:07,846 | concert_ticketing.adapters.messaging.rabbitmq.consumer | INFO | Mensaje recibido: request_id=11585
2026-04-06 00:03:07,920 | concert_ticketing.adapters.messaging.rabbitmq.consumer | INFO | Mensaje recibido: request_id=11529
2026-04-06 00:03:07,996 | concert_ticketing.adapters.messaging.rabbitmq.consumer | INFO | Mensaje recibido: request_id=11521
2026-04-06 00:03:08,096 | concert_ticketing.adapters.messaging.rabbitmq.consumer | INFO | Mensaje recibido: request_id=11580
2026-04-06 00:03:08,183 | concert_ticketing.adapters.messaging.rabbitmq.consumer | INFO | Mensaje recibido: request_id=11579
2026-04-06 00:03:08,306 | concert_ticketing.adapters.messaging.rabbitmq.consumer | INFO | Mensaje recibido: request_id=11616
2026-04-06 00:03:08,399 | concert_ticketing.adapters.messaging.rabbitmq.consumer | INFO | Mensaje recibido: request_id=11540
2026-04-06 00:03:08,505 | concert_ticketing.adapters.messaging.rabbitmq.consumer | INFO | Mensaje recibido: request_id=11601
2026-04-06 00:03:08,584 | concert_ticketing.adapters.messaging.rabbitmq.consumer | INFO | Mensaje recibido: request_id=11613
2026-04-06 00:03:08,674 | concert_ticketing.adapters.messaging.rabbitmq.consumer | INFO | Mensaje recibido: request_id=11652
2026-04-06 00:03:08,766 | concert_ticketing.adapters.messaging.rabbitmq.consumer | INFO | Mensaje recibido: request_id=11561
2026-04-06 00:03:08,842 | concert_ticketing.adapters.messaging.rabbitmq.consumer | INFO | Mensaje recibido: request_id=11670
2026-04-06 00:03:08,939 | concert_ticketing.adapters.messaging.rabbitmq.consumer | INFO | Mensaje recibido: request_id=11647
2026-04-06 00:03:09,028 | concert_ticketing.adapters.messaging.rabbitmq.consumer | INFO | Mensaje recibido: request_id=11632
2026-04-06 00:03:09,112 | concert_ticketing.adapters.messaging.rabbitmq.consumer | INFO | Mensaje recibido: request_id=11643
2026-04-06 00:03:09,180 | concert_ticketing.adapters.messaging.rabbitmq.consumer | INFO | Mensaje recibido: request_id=11636
2026-04-06 00:03:09,266 | concert_ticketing.adapters.messaging.rabbitmq.consumer | INFO | Mensaje recibido: request_id=11699
2026-04-06 00:03:09,346 | concert_ticketing.adapters.messaging.rabbitmq.consumer | INFO | Mensaje recibido: request_id=11710
2026-04-06 00:03:09,423 | concert_ticketing.adapters.messaging.rabbitmq.consumer | INFO | Mensaje recibido: request_id=11681
2026-04-06 00:03:09,510 | concert_ticketing.adapters.messaging.rabbitmq.consumer | INFO | Mensaje recibido: request_id=11734
2026-04-06 00:03:09,605 | concert_ticketing.adapters.messaging.rabbitmq.consumer | INFO | Mensaje recibido: request_id=11729
2026-04-06 00:03:09,692 | concert_ticketing.adapters.messaging.rabbitmq.consumer | INFO | Mensaje recibido: request_id=11753
2026-04-06 00:03:09,766 | concert_ticketing.adapters.messaging.rabbitmq.consumer | INFO | Mensaje recibido: request_id=11713
2026-04-06 00:03:09,852 | concert_ticketing.adapters.messaging.rabbitmq.consumer | INFO | Mensaje recibido: request_id=11626
2026-04-06 00:03:09,917 | concert_ticketing.adapters.messaging.rabbitmq.consumer | INFO | Mensaje recibido: request_id=11720
2026-04-06 00:03:09,983 | concert_ticketing.adapters.messaging.rabbitmq.consumer | INFO | Mensaje recibido: request_id=11749
2026-04-06 00:03:10,073 | concert_ticketing.adapters.messaging.rabbitmq.consumer | INFO | Mensaje recibido: request_id=11738
2026-04-06 00:03:10,148 | concert_ticketing.adapters.messaging.rabbitmq.consumer | INFO | Mensaje recibido: request_id=11786
2026-04-06 00:03:10,223 | concert_ticketing.adapters.messaging.rabbitmq.consumer | INFO | Mensaje recibido: request_id=11754
2026-04-06 00:03:10,282 | concert_ticketing.adapters.messaging.rabbitmq.consumer | INFO | Mensaje recibido: request_id=11721
2026-04-06 00:03:10,366 | concert_ticketing.adapters.messaging.rabbitmq.consumer | INFO | Mensaje recibido: request_id=11823
2026-04-06 00:03:10,435 | concert_ticketing.adapters.messaging.rabbitmq.consumer | INFO | Mensaje recibido: request_id=11830
2026-04-06 00:03:10,507 | concert_ticketing.adapters.messaging.rabbitmq.consumer | INFO | Mensaje recibido: request_id=11793
2026-04-06 00:03:10,607 | concert_ticketing.adapters.messaging.rabbitmq.consumer | INFO | Mensaje recibido: request_id=11846
2026-04-06 00:03:10,708 | concert_ticketing.adapters.messaging.rabbitmq.consumer | INFO | Mensaje recibido: request_id=11840
2026-04-06 00:03:10,792 | concert_ticketing.adapters.messaging.rabbitmq.consumer | INFO | Mensaje recibido: request_id=11848
2026-04-06 00:03:10,883 | concert_ticketing.adapters.messaging.rabbitmq.consumer | INFO | Mensaje recibido: request_id=11812
2026-04-06 00:03:10,966 | concert_ticketing.adapters.messaging.rabbitmq.consumer | INFO | Mensaje recibido: request_id=11841
2026-04-06 00:03:11,062 | concert_ticketing.adapters.messaging.rabbitmq.consumer | INFO | Mensaje recibido: request_id=11695
2026-04-06 00:03:11,120 | concert_ticketing.adapters.messaging.rabbitmq.consumer | INFO | Mensaje recibido: request_id=11873
2026-04-06 00:03:11,201 | concert_ticketing.adapters.messaging.rabbitmq.consumer | INFO | Mensaje recibido: request_id=11826
2026-04-06 00:03:11,269 | concert_ticketing.adapters.messaging.rabbitmq.consumer | INFO | Mensaje recibido: request_id=11911
2026-04-06 00:03:11,351 | concert_ticketing.adapters.messaging.rabbitmq.consumer | INFO | Mensaje recibido: request_id=11898
2026-04-06 00:03:11,450 | concert_ticketing.adapters.messaging.rabbitmq.consumer | INFO | Mensaje recibido: request_id=11822
2026-04-06 00:03:11,528 | concert_ticketing.adapters.messaging.rabbitmq.consumer | INFO | Mensaje recibido: request_id=11904
2026-04-06 00:03:11,620 | concert_ticketing.adapters.messaging.rabbitmq.consumer | INFO | Mensaje recibido: request_id=11943
2026-04-06 00:03:11,700 | concert_ticketing.adapters.messaging.rabbitmq.consumer | INFO | Mensaje recibido: request_id=11933
2026-04-06 00:03:11,802 | concert_ticketing.adapters.messaging.rabbitmq.consumer | INFO | Mensaje recibido: request_id=11959
2026-04-06 00:03:11,883 | concert_ticketing.adapters.messaging.rabbitmq.consumer | INFO | Mensaje recibido: request_id=11966
2026-04-06 00:03:11,959 | concert_ticketing.adapters.messaging.rabbitmq.consumer | INFO | Mensaje recibido: request_id=11973
2026-04-06 00:03:12,053 | concert_ticketing.adapters.messaging.rabbitmq.consumer | INFO | Mensaje recibido: request_id=11975
2026-04-06 00:03:12,126 | concert_ticketing.adapters.messaging.rabbitmq.consumer | INFO | Mensaje recibido: request_id=11990
2026-04-06 00:03:12,216 | concert_ticketing.adapters.messaging.rabbitmq.consumer | INFO | Mensaje recibido: request_id=11972
2026-04-06 00:03:12,303 | concert_ticketing.adapters.messaging.rabbitmq.consumer | INFO | Mensaje recibido: request_id=12007
2026-04-06 00:03:12,385 | concert_ticketing.adapters.messaging.rabbitmq.consumer | INFO | Mensaje recibido: request_id=11987
2026-04-06 00:03:12,472 | concert_ticketing.adapters.messaging.rabbitmq.consumer | INFO | Mensaje recibido: request_id=11932
2026-04-06 00:03:12,550 | concert_ticketing.adapters.messaging.rabbitmq.consumer | INFO | Mensaje recibido: request_id=11954
2026-04-06 00:03:12,639 | concert_ticketing.adapters.messaging.rabbitmq.consumer | INFO | Mensaje recibido: request_id=12039
2026-04-06 00:03:12,717 | concert_ticketing.adapters.messaging.rabbitmq.consumer | INFO | Mensaje recibido: request_id=12021
2026-04-06 00:03:12,807 | concert_ticketing.adapters.messaging.rabbitmq.consumer | INFO | Mensaje recibido: request_id=12047
2026-04-06 00:03:12,897 | concert_ticketing.adapters.messaging.rabbitmq.consumer | INFO | Mensaje recibido: request_id=12004
2026-04-06 00:03:12,988 | concert_ticketing.adapters.messaging.rabbitmq.consumer | INFO | Mensaje recibido: request_id=11944
2026-04-06 00:03:13,062 | concert_ticketing.adapters.messaging.rabbitmq.consumer | INFO | Mensaje recibido: request_id=12050
2026-04-06 00:03:13,142 | concert_ticketing.adapters.messaging.rabbitmq.consumer | INFO | Mensaje recibido: request_id=12067
2026-04-06 00:03:13,246 | concert_ticketing.adapters.messaging.rabbitmq.consumer | INFO | Mensaje recibido: request_id=12087
2026-04-06 00:03:13,314 | concert_ticketing.adapters.messaging.rabbitmq.consumer | INFO | Mensaje recibido: request_id=12063
2026-04-06 00:03:13,409 | concert_ticketing.adapters.messaging.rabbitmq.consumer | INFO | Mensaje recibido: request_id=12112
2026-04-06 00:03:13,516 | concert_ticketing.adapters.messaging.rabbitmq.consumer | INFO | Mensaje recibido: request_id=12108
2026-04-06 00:03:13,614 | concert_ticketing.adapters.messaging.rabbitmq.consumer | INFO | Mensaje recibido: request_id=12117
2026-04-06 00:03:13,694 | concert_ticketing.adapters.messaging.rabbitmq.consumer | INFO | Mensaje recibido: request_id=12134
2026-04-06 00:03:13,781 | concert_ticketing.adapters.messaging.rabbitmq.consumer | INFO | Mensaje recibido: request_id=12143
2026-04-06 00:03:13,867 | concert_ticketing.adapters.messaging.rabbitmq.consumer | INFO | Mensaje recibido: request_id=12101
2026-04-06 00:03:13,950 | concert_ticketing.adapters.messaging.rabbitmq.consumer | INFO | Mensaje recibido: request_id=12158
2026-04-06 00:03:14,041 | concert_ticketing.adapters.messaging.rabbitmq.consumer | INFO | Mensaje recibido: request_id=12160
2026-04-06 00:03:14,119 | concert_ticketing.adapters.messaging.rabbitmq.consumer | INFO | Mensaje recibido: request_id=12150
2026-04-06 00:03:14,217 | concert_ticketing.adapters.messaging.rabbitmq.consumer | INFO | Mensaje recibido: request_id=12173
2026-04-06 00:03:14,280 | concert_ticketing.adapters.messaging.rabbitmq.consumer | INFO | Mensaje recibido: request_id=12167
2026-04-06 00:03:14,379 | concert_ticketing.adapters.messaging.rabbitmq.consumer | INFO | Mensaje recibido: request_id=12157
2026-04-06 00:03:14,454 | concert_ticketing.adapters.messaging.rabbitmq.consumer | INFO | Mensaje recibido: request_id=12179
2026-04-06 00:03:14,534 | concert_ticketing.adapters.messaging.rabbitmq.consumer | INFO | Mensaje recibido: request_id=12215
2026-04-06 00:03:14,629 | concert_ticketing.adapters.messaging.rabbitmq.consumer | INFO | Mensaje recibido: request_id=12212
2026-04-06 00:03:14,721 | concert_ticketing.adapters.messaging.rabbitmq.consumer | INFO | Mensaje recibido: request_id=12230
2026-04-06 00:03:14,814 | concert_ticketing.adapters.messaging.rabbitmq.consumer | INFO | Mensaje recibido: request_id=12193
2026-04-06 00:03:14,889 | concert_ticketing.adapters.messaging.rabbitmq.consumer | INFO | Mensaje recibido: request_id=12166
2026-04-06 00:03:14,967 | concert_ticketing.adapters.messaging.rabbitmq.consumer | INFO | Mensaje recibido: request_id=12091
2026-04-06 00:03:15,066 | concert_ticketing.adapters.messaging.rabbitmq.consumer | INFO | Mensaje recibido: request_id=12263
2026-04-06 00:03:15,132 | concert_ticketing.adapters.messaging.rabbitmq.consumer | INFO | Mensaje recibido: request_id=12269
2026-04-06 00:03:15,228 | concert_ticketing.adapters.messaging.rabbitmq.consumer | INFO | Mensaje recibido: request_id=12280
2026-04-06 00:03:15,329 | concert_ticketing.adapters.messaging.rabbitmq.consumer | INFO | Mensaje recibido: request_id=12259
2026-04-06 00:03:15,394 | concert_ticketing.adapters.messaging.rabbitmq.consumer | INFO | Mensaje recibido: request_id=12192
2026-04-06 00:03:15,489 | concert_ticketing.adapters.messaging.rabbitmq.consumer | INFO | Mensaje recibido: request_id=12305
2026-04-06 00:03:15,577 | concert_ticketing.adapters.messaging.rabbitmq.consumer | INFO | Mensaje recibido: request_id=12311
2026-04-06 00:03:15,639 | concert_ticketing.adapters.messaging.rabbitmq.consumer | INFO | Mensaje recibido: request_id=12191
2026-04-06 00:03:15,724 | concert_ticketing.adapters.messaging.rabbitmq.consumer | INFO | Mensaje recibido: request_id=12318
2026-04-06 00:03:15,792 | concert_ticketing.adapters.messaging.rabbitmq.consumer | INFO | Mensaje recibido: request_id=12298
2026-04-06 00:03:15,875 | concert_ticketing.adapters.messaging.rabbitmq.consumer | INFO | Mensaje recibido: request_id=12342
2026-04-06 00:03:15,958 | concert_ticketing.adapters.messaging.rabbitmq.consumer | INFO | Mensaje recibido: request_id=12253
2026-04-06 00:03:16,038 | concert_ticketing.adapters.messaging.rabbitmq.consumer | INFO | Mensaje recibido: request_id=12357
2026-04-06 00:03:16,114 | concert_ticketing.adapters.messaging.rabbitmq.consumer | INFO | Mensaje recibido: request_id=12356
2026-04-06 00:03:16,208 | concert_ticketing.adapters.messaging.rabbitmq.consumer | INFO | Mensaje recibido: request_id=12365
2026-04-06 00:03:16,321 | concert_ticketing.adapters.messaging.rabbitmq.consumer | INFO | Mensaje recibido: request_id=12358
2026-04-06 00:03:16,421 | concert_ticketing.adapters.messaging.rabbitmq.consumer | INFO | Mensaje recibido: request_id=12352
2026-04-06 00:03:16,501 | concert_ticketing.adapters.messaging.rabbitmq.consumer | INFO | Mensaje recibido: request_id=12389
2026-04-06 00:03:16,606 | concert_ticketing.adapters.messaging.rabbitmq.consumer | INFO | Mensaje recibido: request_id=12337
2026-04-06 00:03:16,700 | concert_ticketing.adapters.messaging.rabbitmq.consumer | INFO | Mensaje recibido: request_id=12266
2026-04-06 00:03:16,824 | concert_ticketing.adapters.messaging.rabbitmq.consumer | INFO | Mensaje recibido: request_id=12411
2026-04-06 00:03:16,917 | concert_ticketing.adapters.messaging.rabbitmq.consumer | INFO | Mensaje recibido: request_id=12400
2026-04-06 00:03:17,019 | concert_ticketing.adapters.messaging.rabbitmq.consumer | INFO | Mensaje recibido: request_id=12404
2026-04-06 00:03:17,127 | concert_ticketing.adapters.messaging.rabbitmq.consumer | INFO | Mensaje recibido: request_id=12303
2026-04-06 00:03:17,228 | concert_ticketing.adapters.messaging.rabbitmq.consumer | INFO | Mensaje recibido: request_id=12456
2026-04-06 00:03:17,296 | concert_ticketing.adapters.messaging.rabbitmq.consumer | INFO | Mensaje recibido: request_id=12419
2026-04-06 00:03:17,397 | concert_ticketing.adapters.messaging.rabbitmq.consumer | INFO | Mensaje recibido: request_id=12390
2026-04-06 00:03:17,469 | concert_ticketing.adapters.messaging.rabbitmq.consumer | INFO | Mensaje recibido: request_id=12346
2026-04-06 00:03:17,558 | concert_ticketing.adapters.messaging.rabbitmq.consumer | INFO | Mensaje recibido: request_id=12350
2026-04-06 00:03:17,628 | concert_ticketing.adapters.messaging.rabbitmq.consumer | INFO | Mensaje recibido: request_id=12461
2026-04-06 00:03:17,687 | concert_ticketing.adapters.messaging.rabbitmq.consumer | INFO | Mensaje recibido: request_id=12494
2026-04-06 00:03:17,773 | concert_ticketing.adapters.messaging.rabbitmq.consumer | INFO | Mensaje recibido: request_id=12481
2026-04-06 00:03:17,838 | concert_ticketing.adapters.messaging.rabbitmq.consumer | INFO | Mensaje recibido: request_id=12511
2026-04-06 00:03:17,919 | concert_ticketing.adapters.messaging.rabbitmq.consumer | INFO | Mensaje recibido: request_id=12444
2026-04-06 00:03:17,991 | concert_ticketing.adapters.messaging.rabbitmq.consumer | INFO | Mensaje recibido: request_id=12470
2026-04-06 00:03:18,076 | concert_ticketing.adapters.messaging.rabbitmq.consumer | INFO | Mensaje recibido: request_id=12542
2026-04-06 00:03:18,162 | concert_ticketing.adapters.messaging.rabbitmq.consumer | INFO | Mensaje recibido: request_id=12527
2026-04-06 00:03:18,264 | concert_ticketing.adapters.messaging.rabbitmq.consumer | INFO | Mensaje recibido: request_id=12561
2026-04-06 00:03:18,345 | concert_ticketing.adapters.messaging.rabbitmq.consumer | INFO | Mensaje recibido: request_id=12471
2026-04-06 00:03:18,416 | concert_ticketing.adapters.messaging.rabbitmq.consumer | INFO | Mensaje recibido: request_id=12551
2026-04-06 00:03:18,490 | concert_ticketing.adapters.messaging.rabbitmq.consumer | INFO | Mensaje recibido: request_id=12574
2026-04-06 00:03:18,580 | concert_ticketing.adapters.messaging.rabbitmq.consumer | INFO | Mensaje recibido: request_id=12349
2026-04-06 00:03:18,673 | concert_ticketing.adapters.messaging.rabbitmq.consumer | INFO | Mensaje recibido: request_id=12572
2026-04-06 00:03:18,752 | concert_ticketing.adapters.messaging.rabbitmq.consumer | INFO | Mensaje recibido: request_id=12589
2026-04-06 00:03:18,841 | concert_ticketing.adapters.messaging.rabbitmq.consumer | INFO | Mensaje recibido: request_id=12587
2026-04-06 00:03:18,903 | concert_ticketing.adapters.messaging.rabbitmq.consumer | INFO | Mensaje recibido: request_id=12559
2026-04-06 00:03:18,994 | concert_ticketing.adapters.messaging.rabbitmq.consumer | INFO | Mensaje recibido: request_id=12396
2026-04-06 00:03:19,071 | concert_ticketing.adapters.messaging.rabbitmq.consumer | INFO | Mensaje recibido: request_id=12607
2026-04-06 00:03:19,154 | concert_ticketing.adapters.messaging.rabbitmq.consumer | INFO | Mensaje recibido: request_id=12611
2026-04-06 00:03:19,235 | concert_ticketing.adapters.messaging.rabbitmq.consumer | INFO | Mensaje recibido: request_id=12630
2026-04-06 00:03:19,332 | concert_ticketing.adapters.messaging.rabbitmq.consumer | INFO | Mensaje recibido: request_id=12578
2026-04-06 00:03:19,404 | concert_ticketing.adapters.messaging.rabbitmq.consumer | INFO | Mensaje recibido: request_id=12672
2026-04-06 00:03:19,480 | concert_ticketing.adapters.messaging.rabbitmq.consumer | INFO | Mensaje recibido: request_id=12655
2026-04-06 00:03:19,553 | concert_ticketing.adapters.messaging.rabbitmq.consumer | INFO | Mensaje recibido: request_id=12687
2026-04-06 00:03:19,627 | concert_ticketing.adapters.messaging.rabbitmq.consumer | INFO | Mensaje recibido: request_id=12555
2026-04-06 00:03:19,712 | concert_ticketing.adapters.messaging.rabbitmq.consumer | INFO | Mensaje recibido: request_id=12703
2026-04-06 00:03:19,794 | concert_ticketing.adapters.messaging.rabbitmq.consumer | INFO | Mensaje recibido: request_id=12710
2026-04-06 00:03:19,879 | concert_ticketing.adapters.messaging.rabbitmq.consumer | INFO | Mensaje recibido: request_id=12649
2026-04-06 00:03:19,964 | concert_ticketing.adapters.messaging.rabbitmq.consumer | INFO | Mensaje recibido: request_id=12514
2026-04-06 00:03:20,050 | concert_ticketing.adapters.messaging.rabbitmq.consumer | INFO | Mensaje recibido: request_id=12726
2026-04-06 00:03:20,131 | concert_ticketing.adapters.messaging.rabbitmq.consumer | INFO | Mensaje recibido: request_id=12732
2026-04-06 00:03:20,221 | concert_ticketing.adapters.messaging.rabbitmq.consumer | INFO | Mensaje recibido: request_id=12751
2026-04-06 00:03:20,303 | concert_ticketing.adapters.messaging.rabbitmq.consumer | INFO | Mensaje recibido: request_id=12733
2026-04-06 00:03:20,356 | concert_ticketing.adapters.messaging.rabbitmq.consumer | INFO | Mensaje recibido: request_id=12702
2026-04-06 00:03:20,436 | concert_ticketing.adapters.messaging.rabbitmq.consumer | INFO | Mensaje recibido: request_id=12757
2026-04-06 00:03:20,525 | concert_ticketing.adapters.messaging.rabbitmq.consumer | INFO | Mensaje recibido: request_id=12579
2026-04-06 00:03:20,613 | concert_ticketing.adapters.messaging.rabbitmq.consumer | INFO | Mensaje recibido: request_id=12791
2026-04-06 00:03:20,677 | concert_ticketing.adapters.messaging.rabbitmq.consumer | INFO | Mensaje recibido: request_id=12724
2026-04-06 00:03:20,758 | concert_ticketing.adapters.messaging.rabbitmq.consumer | INFO | Mensaje recibido: request_id=12760
2026-04-06 00:03:20,841 | concert_ticketing.adapters.messaging.rabbitmq.consumer | INFO | Mensaje recibido: request_id=12617
2026-04-06 00:03:20,919 | concert_ticketing.adapters.messaging.rabbitmq.consumer | INFO | Mensaje recibido: request_id=12823
2026-04-06 00:03:21,004 | concert_ticketing.adapters.messaging.rabbitmq.consumer | INFO | Mensaje recibido: request_id=12774
2026-04-06 00:03:21,091 | concert_ticketing.adapters.messaging.rabbitmq.consumer | INFO | Mensaje recibido: request_id=12793
2026-04-06 00:03:21,169 | concert_ticketing.adapters.messaging.rabbitmq.consumer | INFO | Mensaje recibido: request_id=12816
2026-04-06 00:03:21,256 | concert_ticketing.adapters.messaging.rabbitmq.consumer | INFO | Mensaje recibido: request_id=12831
2026-04-06 00:03:21,347 | concert_ticketing.adapters.messaging.rabbitmq.consumer | INFO | Mensaje recibido: request_id=12862
2026-04-06 00:03:21,432 | concert_ticketing.adapters.messaging.rabbitmq.consumer | INFO | Mensaje recibido: request_id=12840
2026-04-06 00:03:21,511 | concert_ticketing.adapters.messaging.rabbitmq.consumer | INFO | Mensaje recibido: request_id=12879
2026-04-06 00:03:21,587 | concert_ticketing.adapters.messaging.rabbitmq.consumer | INFO | Mensaje recibido: request_id=12872
2026-04-06 00:03:21,678 | concert_ticketing.adapters.messaging.rabbitmq.consumer | INFO | Mensaje recibido: request_id=12896
2026-04-06 00:03:21,758 | concert_ticketing.adapters.messaging.rabbitmq.consumer | INFO | Mensaje recibido: request_id=12903
2026-04-06 00:03:21,838 | concert_ticketing.adapters.messaging.rabbitmq.consumer | INFO | Mensaje recibido: request_id=12886
2026-04-06 00:03:21,935 | concert_ticketing.adapters.messaging.rabbitmq.consumer | INFO | Mensaje recibido: request_id=12919
2026-04-06 00:03:22,009 | concert_ticketing.adapters.messaging.rabbitmq.consumer | INFO | Mensaje recibido: request_id=12805
2026-04-06 00:03:22,083 | concert_ticketing.adapters.messaging.rabbitmq.consumer | INFO | Mensaje recibido: request_id=12935
2026-04-06 00:03:22,163 | concert_ticketing.adapters.messaging.rabbitmq.consumer | INFO | Mensaje recibido: request_id=12934
2026-04-06 00:03:22,239 | concert_ticketing.adapters.messaging.rabbitmq.consumer | INFO | Mensaje recibido: request_id=12847
2026-04-06 00:03:22,323 | concert_ticketing.adapters.messaging.rabbitmq.consumer | INFO | Mensaje recibido: request_id=12948
2026-04-06 00:03:22,424 | concert_ticketing.adapters.messaging.rabbitmq.consumer | INFO | Mensaje recibido: request_id=12957
2026-04-06 00:03:22,505 | concert_ticketing.adapters.messaging.rabbitmq.consumer | INFO | Mensaje recibido: request_id=12906
2026-04-06 00:03:22,587 | concert_ticketing.adapters.messaging.rabbitmq.consumer | INFO | Mensaje recibido: request_id=12888
2026-04-06 00:03:22,659 | concert_ticketing.adapters.messaging.rabbitmq.consumer | INFO | Mensaje recibido: request_id=12978
2026-04-06 00:03:22,735 | concert_ticketing.adapters.messaging.rabbitmq.consumer | INFO | Mensaje recibido: request_id=12841
2026-04-06 00:03:22,836 | concert_ticketing.adapters.messaging.rabbitmq.consumer | INFO | Mensaje recibido: request_id=12959
2026-04-06 00:03:22,905 | concert_ticketing.adapters.messaging.rabbitmq.consumer | INFO | Mensaje recibido: request_id=12961
2026-04-06 00:03:22,998 | concert_ticketing.adapters.messaging.rabbitmq.consumer | INFO | Mensaje recibido: request_id=12992
2026-04-06 00:03:23,079 | concert_ticketing.adapters.messaging.rabbitmq.consumer | INFO | Mensaje recibido: request_id=12973
2026-04-06 00:03:23,154 | concert_ticketing.adapters.messaging.rabbitmq.consumer | INFO | Mensaje recibido: request_id=12949
2026-04-06 00:03:23,240 | concert_ticketing.adapters.messaging.rabbitmq.consumer | INFO | Mensaje recibido: request_id=13032
2026-04-06 00:03:23,332 | concert_ticketing.adapters.messaging.rabbitmq.consumer | INFO | Mensaje recibido: request_id=13033
2026-04-06 00:03:23,404 | concert_ticketing.adapters.messaging.rabbitmq.consumer | INFO | Mensaje recibido: request_id=13055
2026-04-06 00:03:23,481 | concert_ticketing.adapters.messaging.rabbitmq.consumer | INFO | Mensaje recibido: request_id=13052
2026-04-06 00:03:23,542 | concert_ticketing.adapters.messaging.rabbitmq.consumer | INFO | Mensaje recibido: request_id=13062
2026-04-06 00:03:23,619 | concert_ticketing.adapters.messaging.rabbitmq.consumer | INFO | Mensaje recibido: request_id=13087
2026-04-06 00:03:23,708 | concert_ticketing.adapters.messaging.rabbitmq.consumer | INFO | Mensaje recibido: request_id=13086
2026-04-06 00:03:23,789 | concert_ticketing.adapters.messaging.rabbitmq.consumer | INFO | Mensaje recibido: request_id=13065
2026-04-06 00:03:23,898 | concert_ticketing.adapters.messaging.rabbitmq.consumer | INFO | Mensaje recibido: request_id=13044
2026-04-06 00:03:23,986 | concert_ticketing.adapters.messaging.rabbitmq.consumer | INFO | Mensaje recibido: request_id=13093
2026-04-06 00:03:24,065 | concert_ticketing.adapters.messaging.rabbitmq.consumer | INFO | Mensaje recibido: request_id=13116
2026-04-06 00:03:24,144 | concert_ticketing.adapters.messaging.rabbitmq.consumer | INFO | Mensaje recibido: request_id=13135
2026-04-06 00:03:24,226 | concert_ticketing.adapters.messaging.rabbitmq.consumer | INFO | Mensaje recibido: request_id=12878
2026-04-06 00:03:24,311 | concert_ticketing.adapters.messaging.rabbitmq.consumer | INFO | Mensaje recibido: request_id=13150
2026-04-06 00:03:24,403 | concert_ticketing.adapters.messaging.rabbitmq.consumer | INFO | Mensaje recibido: request_id=13050
2026-04-06 00:03:24,485 | concert_ticketing.adapters.messaging.rabbitmq.consumer | INFO | Mensaje recibido: request_id=13151
2026-04-06 00:03:24,576 | concert_ticketing.adapters.messaging.rabbitmq.consumer | INFO | Mensaje recibido: request_id=13175
2026-04-06 00:03:24,648 | concert_ticketing.adapters.messaging.rabbitmq.consumer | INFO | Mensaje recibido: request_id=13164
2026-04-06 00:03:24,725 | concert_ticketing.adapters.messaging.rabbitmq.consumer | INFO | Mensaje recibido: request_id=13113
2026-04-06 00:03:24,808 | concert_ticketing.adapters.messaging.rabbitmq.consumer | INFO | Mensaje recibido: request_id=13198
2026-04-06 00:03:24,871 | concert_ticketing.adapters.messaging.rabbitmq.consumer | INFO | Mensaje recibido: request_id=13186
2026-04-06 00:03:24,950 | concert_ticketing.adapters.messaging.rabbitmq.consumer | INFO | Mensaje recibido: request_id=13147
2026-04-06 00:03:25,034 | concert_ticketing.adapters.messaging.rabbitmq.consumer | INFO | Mensaje recibido: request_id=13142
2026-04-06 00:03:25,117 | concert_ticketing.adapters.messaging.rabbitmq.consumer | INFO | Mensaje recibido: request_id=13217
2026-04-06 00:03:25,202 | concert_ticketing.adapters.messaging.rabbitmq.consumer | INFO | Mensaje recibido: request_id=13189
2026-04-06 00:03:25,277 | concert_ticketing.adapters.messaging.rabbitmq.consumer | INFO | Mensaje recibido: request_id=13241
2026-04-06 00:03:25,364 | concert_ticketing.adapters.messaging.rabbitmq.consumer | INFO | Mensaje recibido: request_id=13192
2026-04-06 00:03:25,454 | concert_ticketing.adapters.messaging.rabbitmq.consumer | INFO | Mensaje recibido: request_id=13200
2026-04-06 00:03:25,521 | concert_ticketing.adapters.messaging.rabbitmq.consumer | INFO | Mensaje recibido: request_id=13236
2026-04-06 00:03:25,605 | concert_ticketing.adapters.messaging.rabbitmq.consumer | INFO | Mensaje recibido: request_id=13273
2026-04-06 00:03:25,671 | concert_ticketing.adapters.messaging.rabbitmq.consumer | INFO | Mensaje recibido: request_id=13277
2026-04-06 00:03:25,761 | concert_ticketing.adapters.messaging.rabbitmq.consumer | INFO | Mensaje recibido: request_id=13231
2026-04-06 00:03:25,839 | concert_ticketing.adapters.messaging.rabbitmq.consumer | INFO | Mensaje recibido: request_id=13278
2026-04-06 00:03:25,984 | concert_ticketing.adapters.messaging.rabbitmq.consumer | INFO | Mensaje recibido: request_id=13291
2026-04-06 00:03:26,063 | concert_ticketing.adapters.messaging.rabbitmq.consumer | INFO | Mensaje recibido: request_id=13320
2026-04-06 00:03:26,137 | concert_ticketing.adapters.messaging.rabbitmq.consumer | INFO | Mensaje recibido: request_id=13257
2026-04-06 00:03:26,230 | concert_ticketing.adapters.messaging.rabbitmq.consumer | INFO | Mensaje recibido: request_id=13248
2026-04-06 00:03:26,289 | concert_ticketing.adapters.messaging.rabbitmq.consumer | INFO | Mensaje recibido: request_id=13337
2026-04-06 00:03:26,369 | concert_ticketing.adapters.messaging.rabbitmq.consumer | INFO | Mensaje recibido: request_id=13297
2026-04-06 00:03:26,469 | concert_ticketing.adapters.messaging.rabbitmq.consumer | INFO | Mensaje recibido: request_id=13309
2026-04-06 00:03:26,535 | concert_ticketing.adapters.messaging.rabbitmq.consumer | INFO | Mensaje recibido: request_id=13367
2026-04-06 00:03:26,604 | concert_ticketing.adapters.messaging.rabbitmq.consumer | INFO | Mensaje recibido: request_id=13301
2026-04-06 00:03:26,682 | concert_ticketing.adapters.messaging.rabbitmq.consumer | INFO | Mensaje recibido: request_id=13331
2026-04-06 00:03:26,762 | concert_ticketing.adapters.messaging.rabbitmq.consumer | INFO | Mensaje recibido: request_id=13366
2026-04-06 00:03:26,845 | concert_ticketing.adapters.messaging.rabbitmq.consumer | INFO | Mensaje recibido: request_id=13343
2026-04-06 00:03:26,925 | concert_ticketing.adapters.messaging.rabbitmq.consumer | INFO | Mensaje recibido: request_id=13406
2026-04-06 00:03:27,013 | concert_ticketing.adapters.messaging.rabbitmq.consumer | INFO | Mensaje recibido: request_id=13415
2026-04-06 00:03:27,108 | concert_ticketing.adapters.messaging.rabbitmq.consumer | INFO | Mensaje recibido: request_id=13423
2026-04-06 00:03:27,209 | concert_ticketing.adapters.messaging.rabbitmq.consumer | INFO | Mensaje recibido: request_id=13433
2026-04-06 00:03:27,285 | concert_ticketing.adapters.messaging.rabbitmq.consumer | INFO | Mensaje recibido: request_id=13384
2026-04-06 00:03:27,380 | concert_ticketing.adapters.messaging.rabbitmq.consumer | INFO | Mensaje recibido: request_id=13177
2026-04-06 00:03:27,463 | concert_ticketing.adapters.messaging.rabbitmq.consumer | INFO | Mensaje recibido: request_id=13409
2026-04-06 00:03:27,548 | concert_ticketing.adapters.messaging.rabbitmq.consumer | INFO | Mensaje recibido: request_id=13464
2026-04-06 00:03:27,624 | concert_ticketing.adapters.messaging.rabbitmq.consumer | INFO | Mensaje recibido: request_id=13369
2026-04-06 00:03:27,736 | concert_ticketing.adapters.messaging.rabbitmq.consumer | INFO | Mensaje recibido: request_id=13472
2026-04-06 00:03:27,815 | concert_ticketing.adapters.messaging.rabbitmq.consumer | INFO | Mensaje recibido: request_id=13411
2026-04-06 00:03:27,912 | concert_ticketing.adapters.messaging.rabbitmq.consumer | INFO | Mensaje recibido: request_id=13354
2026-04-06 00:03:28,011 | concert_ticketing.adapters.messaging.rabbitmq.consumer | INFO | Mensaje recibido: request_id=13486
2026-04-06 00:03:28,103 | concert_ticketing.adapters.messaging.rabbitmq.consumer | INFO | Mensaje recibido: request_id=13503
2026-04-06 00:03:28,191 | concert_ticketing.adapters.messaging.rabbitmq.consumer | INFO | Mensaje recibido: request_id=13497
2026-04-06 00:03:28,268 | concert_ticketing.adapters.messaging.rabbitmq.consumer | INFO | Mensaje recibido: request_id=13254
2026-04-06 00:03:28,377 | concert_ticketing.adapters.messaging.rabbitmq.consumer | INFO | Mensaje recibido: request_id=13529
2026-04-06 00:03:28,460 | concert_ticketing.adapters.messaging.rabbitmq.consumer | INFO | Mensaje recibido: request_id=13507
2026-04-06 00:03:28,546 | concert_ticketing.adapters.messaging.rabbitmq.consumer | INFO | Mensaje recibido: request_id=13546
2026-04-06 00:03:28,646 | concert_ticketing.adapters.messaging.rabbitmq.consumer | INFO | Mensaje recibido: request_id=13519
2026-04-06 00:03:28,710 | concert_ticketing.adapters.messaging.rabbitmq.consumer | INFO | Mensaje recibido: request_id=13512
2026-04-06 00:03:28,806 | concert_ticketing.adapters.messaging.rabbitmq.consumer | INFO | Mensaje recibido: request_id=13542
2026-04-06 00:03:28,887 | concert_ticketing.adapters.messaging.rabbitmq.consumer | INFO | Mensaje recibido: request_id=13584
2026-04-06 00:03:28,952 | concert_ticketing.adapters.messaging.rabbitmq.consumer | INFO | Mensaje recibido: request_id=13558
2026-04-06 00:03:29,073 | concert_ticketing.adapters.messaging.rabbitmq.consumer | INFO | Mensaje recibido: request_id=13593
2026-04-06 00:03:29,136 | concert_ticketing.adapters.messaging.rabbitmq.consumer | INFO | Mensaje recibido: request_id=13522
2026-04-06 00:03:29,231 | concert_ticketing.adapters.messaging.rabbitmq.consumer | INFO | Mensaje recibido: request_id=13573
2026-04-06 00:03:29,310 | concert_ticketing.adapters.messaging.rabbitmq.consumer | INFO | Mensaje recibido: request_id=13589
2026-04-06 00:03:29,398 | concert_ticketing.adapters.messaging.rabbitmq.consumer | INFO | Mensaje recibido: request_id=13631
2026-04-06 00:03:29,486 | concert_ticketing.adapters.messaging.rabbitmq.consumer | INFO | Mensaje recibido: request_id=13601
2026-04-06 00:03:29,570 | concert_ticketing.adapters.messaging.rabbitmq.consumer | INFO | Mensaje recibido: request_id=13466
2026-04-06 00:03:29,647 | concert_ticketing.adapters.messaging.rabbitmq.consumer | INFO | Mensaje recibido: request_id=13622
2026-04-06 00:03:29,737 | concert_ticketing.adapters.messaging.rabbitmq.consumer | INFO | Mensaje recibido: request_id=13567
2026-04-06 00:03:29,807 | concert_ticketing.adapters.messaging.rabbitmq.consumer | INFO | Mensaje recibido: request_id=13649
2026-04-06 00:03:29,898 | concert_ticketing.adapters.messaging.rabbitmq.consumer | INFO | Mensaje recibido: request_id=13618
2026-04-06 00:03:29,971 | concert_ticketing.adapters.messaging.rabbitmq.consumer | INFO | Mensaje recibido: request_id=13679
2026-04-06 00:03:30,056 | concert_ticketing.adapters.messaging.rabbitmq.consumer | INFO | Mensaje recibido: request_id=13636
2026-04-06 00:03:30,145 | concert_ticketing.adapters.messaging.rabbitmq.consumer | INFO | Mensaje recibido: request_id=13700
2026-04-06 00:03:30,230 | concert_ticketing.adapters.messaging.rabbitmq.consumer | INFO | Mensaje recibido: request_id=13704
2026-04-06 00:03:30,304 | concert_ticketing.adapters.messaging.rabbitmq.consumer | INFO | Mensaje recibido: request_id=13718
2026-04-06 00:03:30,398 | concert_ticketing.adapters.messaging.rabbitmq.consumer | INFO | Mensaje recibido: request_id=13729
2026-04-06 00:03:30,483 | concert_ticketing.adapters.messaging.rabbitmq.consumer | INFO | Mensaje recibido: request_id=13691
2026-04-06 00:03:30,554 | concert_ticketing.adapters.messaging.rabbitmq.consumer | INFO | Mensaje recibido: request_id=13716
2026-04-06 00:03:30,632 | concert_ticketing.adapters.messaging.rabbitmq.consumer | INFO | Mensaje recibido: request_id=13727
2026-04-06 00:03:30,712 | concert_ticketing.adapters.messaging.rabbitmq.consumer | INFO | Mensaje recibido: request_id=13739
2026-04-06 00:03:30,796 | concert_ticketing.adapters.messaging.rabbitmq.consumer | INFO | Mensaje recibido: request_id=13750
2026-04-06 00:03:30,870 | concert_ticketing.adapters.messaging.rabbitmq.consumer | INFO | Mensaje recibido: request_id=13766
2026-04-06 00:03:30,960 | concert_ticketing.adapters.messaging.rabbitmq.consumer | INFO | Mensaje recibido: request_id=13760
2026-04-06 00:03:31,039 | concert_ticketing.adapters.messaging.rabbitmq.consumer | INFO | Mensaje recibido: request_id=13775
2026-04-06 00:03:31,117 | concert_ticketing.adapters.messaging.rabbitmq.consumer | INFO | Mensaje recibido: request_id=13797
2026-04-06 00:03:31,209 | concert_ticketing.adapters.messaging.rabbitmq.consumer | INFO | Mensaje recibido: request_id=13780
2026-04-06 00:03:31,283 | concert_ticketing.adapters.messaging.rabbitmq.consumer | INFO | Mensaje recibido: request_id=13790
2026-04-06 00:03:31,381 | concert_ticketing.adapters.messaging.rabbitmq.consumer | INFO | Mensaje recibido: request_id=13804
2026-04-06 00:03:31,446 | concert_ticketing.adapters.messaging.rabbitmq.consumer | INFO | Mensaje recibido: request_id=13701
2026-04-06 00:03:31,533 | concert_ticketing.adapters.messaging.rabbitmq.consumer | INFO | Mensaje recibido: request_id=13830
2026-04-06 00:03:31,598 | concert_ticketing.adapters.messaging.rabbitmq.consumer | INFO | Mensaje recibido: request_id=13803
2026-04-06 00:03:31,669 | concert_ticketing.adapters.messaging.rabbitmq.consumer | INFO | Mensaje recibido: request_id=13825
2026-04-06 00:03:31,749 | concert_ticketing.adapters.messaging.rabbitmq.consumer | INFO | Mensaje recibido: request_id=13824
2026-04-06 00:03:31,820 | concert_ticketing.adapters.messaging.rabbitmq.consumer | INFO | Mensaje recibido: request_id=13813
2026-04-06 00:03:31,898 | concert_ticketing.adapters.messaging.rabbitmq.consumer | INFO | Mensaje recibido: request_id=13864
2026-04-06 00:03:31,987 | concert_ticketing.adapters.messaging.rabbitmq.consumer | INFO | Mensaje recibido: request_id=13881
2026-04-06 00:03:32,056 | concert_ticketing.adapters.messaging.rabbitmq.consumer | INFO | Mensaje recibido: request_id=13887
2026-04-06 00:03:32,123 | concert_ticketing.adapters.messaging.rabbitmq.consumer | INFO | Mensaje recibido: request_id=13901
2026-04-06 00:03:32,210 | concert_ticketing.adapters.messaging.rabbitmq.consumer | INFO | Mensaje recibido: request_id=13880
2026-04-06 00:03:32,281 | concert_ticketing.adapters.messaging.rabbitmq.consumer | INFO | Mensaje recibido: request_id=13884
2026-04-06 00:03:32,356 | concert_ticketing.adapters.messaging.rabbitmq.consumer | INFO | Mensaje recibido: request_id=13839
2026-04-06 00:03:32,439 | concert_ticketing.adapters.messaging.rabbitmq.consumer | INFO | Mensaje recibido: request_id=13922
2026-04-06 00:03:32,519 | concert_ticketing.adapters.messaging.rabbitmq.consumer | INFO | Mensaje recibido: request_id=13721
2026-04-06 00:03:32,588 | concert_ticketing.adapters.messaging.rabbitmq.consumer | INFO | Mensaje recibido: request_id=13937
2026-04-06 00:03:32,677 | concert_ticketing.adapters.messaging.rabbitmq.consumer | INFO | Mensaje recibido: request_id=13958
2026-04-06 00:03:32,762 | concert_ticketing.adapters.messaging.rabbitmq.consumer | INFO | Mensaje recibido: request_id=13943
2026-04-06 00:03:32,824 | concert_ticketing.adapters.messaging.rabbitmq.consumer | INFO | Mensaje recibido: request_id=13967
2026-04-06 00:03:32,921 | concert_ticketing.adapters.messaging.rabbitmq.consumer | INFO | Mensaje recibido: request_id=13897
2026-04-06 00:03:32,995 | concert_ticketing.adapters.messaging.rabbitmq.consumer | INFO | Mensaje recibido: request_id=13947
2026-04-06 00:03:33,046 | concert_ticketing.adapters.messaging.rabbitmq.consumer | INFO | Mensaje recibido: request_id=13945
2026-04-06 00:03:33,125 | concert_ticketing.adapters.messaging.rabbitmq.consumer | INFO | Mensaje recibido: request_id=13997
2026-04-06 00:03:33,210 | concert_ticketing.adapters.messaging.rabbitmq.consumer | INFO | Mensaje recibido: request_id=14014
2026-04-06 00:03:33,304 | concert_ticketing.adapters.messaging.rabbitmq.consumer | INFO | Mensaje recibido: request_id=13840
2026-04-06 00:03:33,392 | concert_ticketing.adapters.messaging.rabbitmq.consumer | INFO | Mensaje recibido: request_id=14028
2026-04-06 00:03:33,463 | concert_ticketing.adapters.messaging.rabbitmq.consumer | INFO | Mensaje recibido: request_id=14023
2026-04-06 00:03:33,556 | concert_ticketing.adapters.messaging.rabbitmq.consumer | INFO | Mensaje recibido: request_id=14007
2026-04-06 00:03:33,621 | concert_ticketing.adapters.messaging.rabbitmq.consumer | INFO | Mensaje recibido: request_id=14029
2026-04-06 00:03:33,704 | concert_ticketing.adapters.messaging.rabbitmq.consumer | INFO | Mensaje recibido: request_id=14054
2026-04-06 00:03:33,770 | concert_ticketing.adapters.messaging.rabbitmq.consumer | INFO | Mensaje recibido: request_id=13949
2026-04-06 00:03:33,848 | concert_ticketing.adapters.messaging.rabbitmq.consumer | INFO | Mensaje recibido: request_id=14062
2026-04-06 00:03:33,929 | concert_ticketing.adapters.messaging.rabbitmq.consumer | INFO | Mensaje recibido: request_id=14078
2026-04-06 00:03:34,010 | concert_ticketing.adapters.messaging.rabbitmq.consumer | INFO | Mensaje recibido: request_id=14085
2026-04-06 00:03:34,082 | concert_ticketing.adapters.messaging.rabbitmq.consumer | INFO | Mensaje recibido: request_id=14097
2026-04-06 00:03:34,163 | concert_ticketing.adapters.messaging.rabbitmq.consumer | INFO | Mensaje recibido: request_id=14080
2026-04-06 00:03:34,276 | concert_ticketing.adapters.messaging.rabbitmq.consumer | INFO | Mensaje recibido: request_id=14108
2026-04-06 00:03:34,350 | concert_ticketing.adapters.messaging.rabbitmq.consumer | INFO | Mensaje recibido: request_id=14117
2026-04-06 00:03:34,444 | concert_ticketing.adapters.messaging.rabbitmq.consumer | INFO | Mensaje recibido: request_id=14100
2026-04-06 00:03:34,523 | concert_ticketing.adapters.messaging.rabbitmq.consumer | INFO | Mensaje recibido: request_id=14134
2026-04-06 00:03:34,606 | concert_ticketing.adapters.messaging.rabbitmq.consumer | INFO | Mensaje recibido: request_id=14011
2026-04-06 00:03:34,704 | concert_ticketing.adapters.messaging.rabbitmq.consumer | INFO | Mensaje recibido: request_id=14104
2026-04-06 00:03:34,760 | concert_ticketing.adapters.messaging.rabbitmq.consumer | INFO | Mensaje recibido: request_id=14157
2026-04-06 00:03:34,842 | concert_ticketing.adapters.messaging.rabbitmq.consumer | INFO | Mensaje recibido: request_id=14161
2026-04-06 00:03:34,941 | concert_ticketing.adapters.messaging.rabbitmq.consumer | INFO | Mensaje recibido: request_id=14180
2026-04-06 00:03:35,006 | concert_ticketing.adapters.messaging.rabbitmq.consumer | INFO | Mensaje recibido: request_id=14158
2026-04-06 00:03:35,096 | concert_ticketing.adapters.messaging.rabbitmq.consumer | INFO | Mensaje recibido: request_id=13999
2026-04-06 00:03:35,188 | concert_ticketing.adapters.messaging.rabbitmq.consumer | INFO | Mensaje recibido: request_id=14138
2026-04-06 00:03:35,264 | concert_ticketing.adapters.messaging.rabbitmq.consumer | INFO | Mensaje recibido: request_id=14199
2026-04-06 00:03:35,337 | concert_ticketing.adapters.messaging.rabbitmq.consumer | INFO | Mensaje recibido: request_id=14167
2026-04-06 00:03:35,419 | concert_ticketing.adapters.messaging.rabbitmq.consumer | INFO | Mensaje recibido: request_id=13960
2026-04-06 00:03:35,509 | concert_ticketing.adapters.messaging.rabbitmq.consumer | INFO | Mensaje recibido: request_id=14194
2026-04-06 00:03:35,592 | concert_ticketing.adapters.messaging.rabbitmq.consumer | INFO | Mensaje recibido: request_id=14187
2026-04-06 00:03:35,668 | concert_ticketing.adapters.messaging.rabbitmq.consumer | INFO | Mensaje recibido: request_id=14255
2026-04-06 00:03:35,742 | concert_ticketing.adapters.messaging.rabbitmq.consumer | INFO | Mensaje recibido: request_id=14256
2026-04-06 00:03:35,831 | concert_ticketing.adapters.messaging.rabbitmq.consumer | INFO | Mensaje recibido: request_id=14247
2026-04-06 00:03:35,908 | concert_ticketing.adapters.messaging.rabbitmq.consumer | INFO | Mensaje recibido: request_id=14270
2026-04-06 00:03:35,988 | concert_ticketing.adapters.messaging.rabbitmq.consumer | INFO | Mensaje recibido: request_id=14212
2026-04-06 00:03:36,070 | concert_ticketing.adapters.messaging.rabbitmq.consumer | INFO | Mensaje recibido: request_id=14295
2026-04-06 00:03:36,146 | concert_ticketing.adapters.messaging.rabbitmq.consumer | INFO | Mensaje recibido: request_id=14296
2026-04-06 00:03:36,221 | concert_ticketing.adapters.messaging.rabbitmq.consumer | INFO | Mensaje recibido: request_id=14284
2026-04-06 00:03:36,300 | concert_ticketing.adapters.messaging.rabbitmq.consumer | INFO | Mensaje recibido: request_id=14318
2026-04-06 00:03:36,392 | concert_ticketing.adapters.messaging.rabbitmq.consumer | INFO | Mensaje recibido: request_id=14262
2026-04-06 00:03:36,474 | concert_ticketing.adapters.messaging.rabbitmq.consumer | INFO | Mensaje recibido: request_id=14286
2026-04-06 00:03:36,552 | concert_ticketing.adapters.messaging.rabbitmq.consumer | INFO | Mensaje recibido: request_id=14287
2026-04-06 00:03:36,646 | concert_ticketing.adapters.messaging.rabbitmq.consumer | INFO | Mensaje recibido: request_id=14219
2026-04-06 00:03:36,714 | concert_ticketing.adapters.messaging.rabbitmq.consumer | INFO | Mensaje recibido: request_id=14163
2026-04-06 00:03:36,792 | concert_ticketing.adapters.messaging.rabbitmq.consumer | INFO | Mensaje recibido: request_id=14274
2026-04-06 00:03:36,856 | concert_ticketing.adapters.messaging.rabbitmq.consumer | INFO | Mensaje recibido: request_id=14354
2026-04-06 00:03:36,939 | concert_ticketing.adapters.messaging.rabbitmq.consumer | INFO | Mensaje recibido: request_id=14369
2026-04-06 00:03:37,023 | concert_ticketing.adapters.messaging.rabbitmq.consumer | INFO | Mensaje recibido: request_id=14387
2026-04-06 00:03:37,117 | concert_ticketing.adapters.messaging.rabbitmq.consumer | INFO | Mensaje recibido: request_id=14398
2026-04-06 00:03:37,196 | concert_ticketing.adapters.messaging.rabbitmq.consumer | INFO | Mensaje recibido: request_id=14350
2026-04-06 00:03:37,282 | concert_ticketing.adapters.messaging.rabbitmq.consumer | INFO | Mensaje recibido: request_id=14416
2026-04-06 00:03:37,357 | concert_ticketing.adapters.messaging.rabbitmq.consumer | INFO | Mensaje recibido: request_id=14367
2026-04-06 00:03:37,435 | concert_ticketing.adapters.messaging.rabbitmq.consumer | INFO | Mensaje recibido: request_id=14401
2026-04-06 00:03:37,532 | concert_ticketing.adapters.messaging.rabbitmq.consumer | INFO | Mensaje recibido: request_id=14396
2026-04-06 00:03:37,611 | concert_ticketing.adapters.messaging.rabbitmq.consumer | INFO | Mensaje recibido: request_id=14427
2026-04-06 00:03:37,681 | concert_ticketing.adapters.messaging.rabbitmq.consumer | INFO | Mensaje recibido: request_id=14447
2026-04-06 00:03:37,769 | concert_ticketing.adapters.messaging.rabbitmq.consumer | INFO | Mensaje recibido: request_id=14438
2026-04-06 00:03:37,853 | concert_ticketing.adapters.messaging.rabbitmq.consumer | INFO | Mensaje recibido: request_id=14346
2026-04-06 00:03:37,924 | concert_ticketing.adapters.messaging.rabbitmq.consumer | INFO | Mensaje recibido: request_id=14418
2026-04-06 00:03:37,980 | concert_ticketing.adapters.messaging.rabbitmq.consumer | INFO | Mensaje recibido: request_id=14448
2026-04-06 00:03:38,074 | concert_ticketing.adapters.messaging.rabbitmq.consumer | INFO | Mensaje recibido: request_id=14407
2026-04-06 00:03:38,137 | concert_ticketing.adapters.messaging.rabbitmq.consumer | INFO | Mensaje recibido: request_id=14406
2026-04-06 00:03:38,228 | concert_ticketing.adapters.messaging.rabbitmq.consumer | INFO | Mensaje recibido: request_id=14505
2026-04-06 00:03:38,285 | concert_ticketing.adapters.messaging.rabbitmq.consumer | INFO | Mensaje recibido: request_id=14516
2026-04-06 00:03:38,370 | concert_ticketing.adapters.messaging.rabbitmq.consumer | INFO | Mensaje recibido: request_id=14523
2026-04-06 00:03:38,451 | concert_ticketing.adapters.messaging.rabbitmq.consumer | INFO | Mensaje recibido: request_id=14528
2026-04-06 00:03:38,572 | concert_ticketing.adapters.messaging.rabbitmq.consumer | INFO | Mensaje recibido: request_id=14507
2026-04-06 00:03:38,675 | concert_ticketing.adapters.messaging.rabbitmq.consumer | INFO | Mensaje recibido: request_id=14552
2026-04-06 00:03:38,812 | concert_ticketing.adapters.messaging.rabbitmq.consumer | INFO | Mensaje recibido: request_id=14542
2026-04-06 00:03:38,938 | concert_ticketing.adapters.messaging.rabbitmq.consumer | INFO | Mensaje recibido: request_id=14412
2026-04-06 00:03:39,038 | concert_ticketing.adapters.messaging.rabbitmq.consumer | INFO | Mensaje recibido: request_id=14575
2026-04-06 00:03:39,154 | concert_ticketing.adapters.messaging.rabbitmq.consumer | INFO | Mensaje recibido: request_id=14470
2026-04-06 00:03:39,302 | concert_ticketing.adapters.messaging.rabbitmq.consumer | INFO | Mensaje recibido: request_id=14558
2026-04-06 00:03:39,426 | concert_ticketing.adapters.messaging.rabbitmq.consumer | INFO | Mensaje recibido: request_id=14501
2026-04-06 00:03:39,549 | concert_ticketing.adapters.messaging.rabbitmq.consumer | INFO | Mensaje recibido: request_id=14596
2026-04-06 00:03:39,614 | concert_ticketing.adapters.messaging.rabbitmq.consumer | INFO | Mensaje recibido: request_id=14583
2026-04-06 00:03:39,700 | concert_ticketing.adapters.messaging.rabbitmq.consumer | INFO | Mensaje recibido: request_id=14620
2026-04-06 00:03:39,798 | concert_ticketing.adapters.messaging.rabbitmq.consumer | INFO | Mensaje recibido: request_id=14599
2026-04-06 00:03:39,894 | concert_ticketing.adapters.messaging.rabbitmq.consumer | INFO | Mensaje recibido: request_id=14624
2026-04-06 00:03:39,981 | concert_ticketing.adapters.messaging.rabbitmq.consumer | INFO | Mensaje recibido: request_id=14649
2026-04-06 00:03:40,054 | concert_ticketing.adapters.messaging.rabbitmq.consumer | INFO | Mensaje recibido: request_id=14628
2026-04-06 00:03:40,141 | concert_ticketing.adapters.messaging.rabbitmq.consumer | INFO | Mensaje recibido: request_id=14664
2026-04-06 00:03:40,220 | concert_ticketing.adapters.messaging.rabbitmq.consumer | INFO | Mensaje recibido: request_id=14670
2026-04-06 00:03:40,307 | concert_ticketing.adapters.messaging.rabbitmq.consumer | INFO | Mensaje recibido: request_id=14608
2026-04-06 00:03:40,407 | concert_ticketing.adapters.messaging.rabbitmq.consumer | INFO | Mensaje recibido: request_id=14687
2026-04-06 00:03:40,481 | concert_ticketing.adapters.messaging.rabbitmq.consumer | INFO | Mensaje recibido: request_id=14643
2026-04-06 00:03:40,546 | concert_ticketing.adapters.messaging.rabbitmq.consumer | INFO | Mensaje recibido: request_id=14696
2026-04-06 00:03:40,625 | concert_ticketing.adapters.messaging.rabbitmq.consumer | INFO | Mensaje recibido: request_id=14710
2026-04-06 00:03:40,700 | concert_ticketing.adapters.messaging.rabbitmq.consumer | INFO | Mensaje recibido: request_id=14718
2026-04-06 00:03:40,785 | concert_ticketing.adapters.messaging.rabbitmq.consumer | INFO | Mensaje recibido: request_id=14714
2026-04-06 00:03:40,866 | concert_ticketing.adapters.messaging.rabbitmq.consumer | INFO | Mensaje recibido: request_id=14641
2026-04-06 00:03:40,957 | concert_ticketing.adapters.messaging.rabbitmq.consumer | INFO | Mensaje recibido: request_id=14699
2026-04-06 00:03:41,032 | concert_ticketing.adapters.messaging.rabbitmq.consumer | INFO | Mensaje recibido: request_id=14735
2026-04-06 00:03:41,116 | concert_ticketing.adapters.messaging.rabbitmq.consumer | INFO | Mensaje recibido: request_id=14727
2026-04-06 00:03:41,211 | concert_ticketing.adapters.messaging.rabbitmq.consumer | INFO | Mensaje recibido: request_id=14694
2026-04-06 00:03:41,335 | concert_ticketing.adapters.messaging.rabbitmq.consumer | INFO | Mensaje recibido: request_id=14759
2026-04-06 00:03:41,414 | concert_ticketing.adapters.messaging.rabbitmq.consumer | INFO | Mensaje recibido: request_id=14782
2026-04-06 00:03:41,495 | concert_ticketing.adapters.messaging.rabbitmq.consumer | INFO | Mensaje recibido: request_id=14736
2026-04-06 00:03:41,590 | concert_ticketing.adapters.messaging.rabbitmq.consumer | INFO | Mensaje recibido: request_id=14775
2026-04-06 00:03:41,660 | concert_ticketing.adapters.messaging.rabbitmq.consumer | INFO | Mensaje recibido: request_id=14749
2026-04-06 00:03:41,731 | concert_ticketing.adapters.messaging.rabbitmq.consumer | INFO | Mensaje recibido: request_id=14739
2026-04-06 00:03:41,811 | concert_ticketing.adapters.messaging.rabbitmq.consumer | INFO | Mensaje recibido: request_id=14784
2026-04-06 00:03:41,885 | concert_ticketing.adapters.messaging.rabbitmq.consumer | INFO | Mensaje recibido: request_id=14742
2026-04-06 00:03:41,975 | concert_ticketing.adapters.messaging.rabbitmq.consumer | INFO | Mensaje recibido: request_id=14838
2026-04-06 00:03:42,048 | concert_ticketing.adapters.messaging.rabbitmq.consumer | INFO | Mensaje recibido: request_id=14837
2026-04-06 00:03:42,124 | concert_ticketing.adapters.messaging.rabbitmq.consumer | INFO | Mensaje recibido: request_id=14854
2026-04-06 00:03:42,212 | concert_ticketing.adapters.messaging.rabbitmq.consumer | INFO | Mensaje recibido: request_id=14797
2026-04-06 00:03:42,307 | concert_ticketing.adapters.messaging.rabbitmq.consumer | INFO | Mensaje recibido: request_id=14873
2026-04-06 00:03:42,384 | concert_ticketing.adapters.messaging.rabbitmq.consumer | INFO | Mensaje recibido: request_id=14872
2026-04-06 00:03:42,467 | concert_ticketing.adapters.messaging.rabbitmq.consumer | INFO | Mensaje recibido: request_id=14849
2026-04-06 00:03:42,528 | concert_ticketing.adapters.messaging.rabbitmq.consumer | INFO | Mensaje recibido: request_id=14755
2026-04-06 00:03:42,603 | concert_ticketing.adapters.messaging.rabbitmq.consumer | INFO | Mensaje recibido: request_id=14901
2026-04-06 00:03:42,677 | concert_ticketing.adapters.messaging.rabbitmq.consumer | INFO | Mensaje recibido: request_id=14865
2026-04-06 00:03:42,767 | concert_ticketing.adapters.messaging.rabbitmq.consumer | INFO | Mensaje recibido: request_id=14920
2026-04-06 00:03:42,856 | concert_ticketing.adapters.messaging.rabbitmq.consumer | INFO | Mensaje recibido: request_id=14845
2026-04-06 00:03:42,934 | concert_ticketing.adapters.messaging.rabbitmq.consumer | INFO | Mensaje recibido: request_id=14934
2026-04-06 00:03:43,014 | concert_ticketing.adapters.messaging.rabbitmq.consumer | INFO | Mensaje recibido: request_id=14938
2026-04-06 00:03:43,087 | concert_ticketing.adapters.messaging.rabbitmq.consumer | INFO | Mensaje recibido: request_id=14943
2026-04-06 00:03:43,166 | concert_ticketing.adapters.messaging.rabbitmq.consumer | INFO | Mensaje recibido: request_id=14921
2026-04-06 00:03:43,242 | concert_ticketing.adapters.messaging.rabbitmq.consumer | INFO | Mensaje recibido: request_id=14926
2026-04-06 00:03:43,325 | concert_ticketing.adapters.messaging.rabbitmq.consumer | INFO | Mensaje recibido: request_id=14874
2026-04-06 00:03:43,416 | concert_ticketing.adapters.messaging.rabbitmq.consumer | INFO | Mensaje recibido: request_id=14979
2026-04-06 00:03:43,475 | concert_ticketing.adapters.messaging.rabbitmq.consumer | INFO | Mensaje recibido: request_id=14851
2026-04-06 00:03:43,552 | concert_ticketing.adapters.messaging.rabbitmq.consumer | INFO | Mensaje recibido: request_id=14991
2026-04-06 00:03:43,639 | concert_ticketing.adapters.messaging.rabbitmq.consumer | INFO | Mensaje recibido: request_id=14994
2026-04-06 00:03:43,730 | concert_ticketing.adapters.messaging.rabbitmq.consumer | INFO | Mensaje recibido: request_id=15011
2026-04-06 00:03:43,799 | concert_ticketing.adapters.messaging.rabbitmq.consumer | INFO | Mensaje recibido: request_id=14906
2026-04-06 00:03:43,896 | concert_ticketing.adapters.messaging.rabbitmq.consumer | INFO | Mensaje recibido: request_id=14977
2026-04-06 00:03:43,981 | concert_ticketing.adapters.messaging.rabbitmq.consumer | INFO | Mensaje recibido: request_id=15040
2026-04-06 00:03:44,068 | concert_ticketing.adapters.messaging.rabbitmq.consumer | INFO | Mensaje recibido: request_id=15028
2026-04-06 00:03:44,173 | concert_ticketing.adapters.messaging.rabbitmq.consumer | INFO | Mensaje recibido: request_id=15051
2026-04-06 00:03:44,258 | concert_ticketing.adapters.messaging.rabbitmq.consumer | INFO | Mensaje recibido: request_id=15059
2026-04-06 00:03:44,344 | concert_ticketing.adapters.messaging.rabbitmq.consumer | INFO | Mensaje recibido: request_id=15071
2026-04-06 00:03:44,424 | concert_ticketing.adapters.messaging.rabbitmq.consumer | INFO | Mensaje recibido: request_id=15027
2026-04-06 00:03:44,521 | concert_ticketing.adapters.messaging.rabbitmq.consumer | INFO | Mensaje recibido: request_id=15086
2026-04-06 00:03:44,617 | concert_ticketing.adapters.messaging.rabbitmq.consumer | INFO | Mensaje recibido: request_id=14798
2026-04-06 00:03:44,702 | concert_ticketing.adapters.messaging.rabbitmq.consumer | INFO | Mensaje recibido: request_id=15089
2026-04-06 00:03:44,781 | concert_ticketing.adapters.messaging.rabbitmq.consumer | INFO | Mensaje recibido: request_id=15104
2026-04-06 00:03:44,856 | concert_ticketing.adapters.messaging.rabbitmq.consumer | INFO | Mensaje recibido: request_id=15120
2026-04-06 00:03:44,988 | concert_ticketing.adapters.messaging.rabbitmq.consumer | INFO | Mensaje recibido: request_id=15096
2026-04-06 00:03:45,085 | concert_ticketing.adapters.messaging.rabbitmq.consumer | INFO | Mensaje recibido: request_id=15124
2026-04-06 00:03:45,157 | concert_ticketing.adapters.messaging.rabbitmq.consumer | INFO | Mensaje recibido: request_id=15113
2026-04-06 00:03:45,246 | concert_ticketing.adapters.messaging.rabbitmq.consumer | INFO | Mensaje recibido: request_id=15136
2026-04-06 00:03:45,335 | concert_ticketing.adapters.messaging.rabbitmq.consumer | INFO | Mensaje recibido: request_id=15159
2026-04-06 00:03:45,412 | concert_ticketing.adapters.messaging.rabbitmq.consumer | INFO | Mensaje recibido: request_id=15043
2026-04-06 00:03:45,498 | concert_ticketing.adapters.messaging.rabbitmq.consumer | INFO | Mensaje recibido: request_id=15144
2026-04-06 00:03:45,601 | concert_ticketing.adapters.messaging.rabbitmq.consumer | INFO | Mensaje recibido: request_id=15175
2026-04-06 00:03:45,671 | concert_ticketing.adapters.messaging.rabbitmq.consumer | INFO | Mensaje recibido: request_id=15091
2026-04-06 00:03:45,766 | concert_ticketing.adapters.messaging.rabbitmq.consumer | INFO | Mensaje recibido: request_id=15198
2026-04-06 00:03:45,843 | concert_ticketing.adapters.messaging.rabbitmq.consumer | INFO | Mensaje recibido: request_id=15161
2026-04-06 00:03:45,914 | concert_ticketing.adapters.messaging.rabbitmq.consumer | INFO | Mensaje recibido: request_id=15164
2026-04-06 00:03:46,004 | concert_ticketing.adapters.messaging.rabbitmq.consumer | INFO | Mensaje recibido: request_id=15212
2026-04-06 00:03:46,089 | concert_ticketing.adapters.messaging.rabbitmq.consumer | INFO | Mensaje recibido: request_id=15231
2026-04-06 00:03:46,160 | concert_ticketing.adapters.messaging.rabbitmq.consumer | INFO | Mensaje recibido: request_id=15166
2026-04-06 00:03:46,244 | concert_ticketing.adapters.messaging.rabbitmq.consumer | INFO | Mensaje recibido: request_id=15246
2026-04-06 00:03:46,313 | concert_ticketing.adapters.messaging.rabbitmq.consumer | INFO | Mensaje recibido: request_id=15183
2026-04-06 00:03:46,398 | concert_ticketing.adapters.messaging.rabbitmq.consumer | INFO | Mensaje recibido: request_id=15263
2026-04-06 00:03:46,479 | concert_ticketing.adapters.messaging.rabbitmq.consumer | INFO | Mensaje recibido: request_id=15257
2026-04-06 00:03:46,548 | concert_ticketing.adapters.messaging.rabbitmq.consumer | INFO | Mensaje recibido: request_id=15218
2026-04-06 00:03:46,637 | concert_ticketing.adapters.messaging.rabbitmq.consumer | INFO | Mensaje recibido: request_id=15267
2026-04-06 00:03:46,719 | concert_ticketing.adapters.messaging.rabbitmq.consumer | INFO | Mensaje recibido: request_id=15122
2026-04-06 00:03:46,809 | concert_ticketing.adapters.messaging.rabbitmq.consumer | INFO | Mensaje recibido: request_id=15179
2026-04-06 00:03:46,887 | concert_ticketing.adapters.messaging.rabbitmq.consumer | INFO | Mensaje recibido: request_id=15249
2026-04-06 00:03:46,971 | concert_ticketing.adapters.messaging.rabbitmq.consumer | INFO | Mensaje recibido: request_id=15310
2026-04-06 00:03:47,035 | concert_ticketing.adapters.messaging.rabbitmq.consumer | INFO | Mensaje recibido: request_id=15324
2026-04-06 00:03:47,121 | concert_ticketing.adapters.messaging.rabbitmq.consumer | INFO | Mensaje recibido: request_id=15247
2026-04-06 00:03:47,207 | concert_ticketing.adapters.messaging.rabbitmq.consumer | INFO | Mensaje recibido: request_id=15336
2026-04-06 00:03:47,296 | concert_ticketing.adapters.messaging.rabbitmq.consumer | INFO | Mensaje recibido: request_id=15340
2026-04-06 00:03:47,390 | concert_ticketing.adapters.messaging.rabbitmq.consumer | INFO | Mensaje recibido: request_id=15361
2026-04-06 00:03:47,470 | concert_ticketing.adapters.messaging.rabbitmq.consumer | INFO | Mensaje recibido: request_id=15366
2026-04-06 00:03:47,556 | concert_ticketing.adapters.messaging.rabbitmq.consumer | INFO | Mensaje recibido: request_id=15375
2026-04-06 00:03:47,619 | concert_ticketing.adapters.messaging.rabbitmq.consumer | INFO | Mensaje recibido: request_id=15383
2026-04-06 00:03:47,710 | concert_ticketing.adapters.messaging.rabbitmq.consumer | INFO | Mensaje recibido: request_id=15390
2026-04-06 00:03:47,786 | concert_ticketing.adapters.messaging.rabbitmq.consumer | INFO | Mensaje recibido: request_id=15327
2026-04-06 00:03:47,877 | concert_ticketing.adapters.messaging.rabbitmq.consumer | INFO | Mensaje recibido: request_id=15389
2026-04-06 00:03:47,958 | concert_ticketing.adapters.messaging.rabbitmq.consumer | INFO | Mensaje recibido: request_id=15415
2026-04-06 00:03:48,025 | concert_ticketing.adapters.messaging.rabbitmq.consumer | INFO | Mensaje recibido: request_id=15422
2026-04-06 00:03:48,112 | concert_ticketing.adapters.messaging.rabbitmq.consumer | INFO | Mensaje recibido: request_id=15416
2026-04-06 00:03:48,182 | concert_ticketing.adapters.messaging.rabbitmq.consumer | INFO | Mensaje recibido: request_id=15429
2026-04-06 00:03:48,275 | concert_ticketing.adapters.messaging.rabbitmq.consumer | INFO | Mensaje recibido: request_id=15376
2026-04-06 00:03:48,336 | concert_ticketing.adapters.messaging.rabbitmq.consumer | INFO | Mensaje recibido: request_id=15410
2026-04-06 00:03:48,429 | concert_ticketing.adapters.messaging.rabbitmq.consumer | INFO | Mensaje recibido: request_id=15365
2026-04-06 00:03:48,522 | concert_ticketing.adapters.messaging.rabbitmq.consumer | INFO | Mensaje recibido: request_id=15355
2026-04-06 00:03:48,600 | concert_ticketing.adapters.messaging.rabbitmq.consumer | INFO | Mensaje recibido: request_id=15442
2026-04-06 00:03:48,681 | concert_ticketing.adapters.messaging.rabbitmq.consumer | INFO | Mensaje recibido: request_id=15255
2026-04-06 00:03:48,764 | concert_ticketing.adapters.messaging.rabbitmq.consumer | INFO | Mensaje recibido: request_id=15486
2026-04-06 00:03:48,860 | concert_ticketing.adapters.messaging.rabbitmq.consumer | INFO | Mensaje recibido: request_id=15400
2026-04-06 00:03:48,923 | concert_ticketing.adapters.messaging.rabbitmq.consumer | INFO | Mensaje recibido: request_id=15511
2026-04-06 00:03:49,008 | concert_ticketing.adapters.messaging.rabbitmq.consumer | INFO | Mensaje recibido: request_id=15489
2026-04-06 00:03:49,074 | concert_ticketing.adapters.messaging.rabbitmq.consumer | INFO | Mensaje recibido: request_id=15460
2026-04-06 00:03:49,168 | concert_ticketing.adapters.messaging.rabbitmq.consumer | INFO | Mensaje recibido: request_id=15439
2026-04-06 00:03:49,241 | concert_ticketing.adapters.messaging.rabbitmq.consumer | INFO | Mensaje recibido: request_id=15523
2026-04-06 00:03:49,324 | concert_ticketing.adapters.messaging.rabbitmq.consumer | INFO | Mensaje recibido: request_id=15537
2026-04-06 00:03:49,429 | concert_ticketing.adapters.messaging.rabbitmq.consumer | INFO | Mensaje recibido: request_id=15490
2026-04-06 00:03:49,494 | concert_ticketing.adapters.messaging.rabbitmq.consumer | INFO | Mensaje recibido: request_id=15465
2026-04-06 00:03:49,588 | concert_ticketing.adapters.messaging.rabbitmq.consumer | INFO | Mensaje recibido: request_id=15564
2026-04-06 00:03:49,688 | concert_ticketing.adapters.messaging.rabbitmq.consumer | INFO | Mensaje recibido: request_id=15582
2026-04-06 00:03:49,789 | concert_ticketing.adapters.messaging.rabbitmq.consumer | INFO | Mensaje recibido: request_id=15449
2026-04-06 00:03:49,890 | concert_ticketing.adapters.messaging.rabbitmq.consumer | INFO | Mensaje recibido: request_id=15592
2026-04-06 00:03:50,014 | concert_ticketing.adapters.messaging.rabbitmq.consumer | INFO | Mensaje recibido: request_id=15606
2026-04-06 00:03:50,124 | concert_ticketing.adapters.messaging.rabbitmq.consumer | INFO | Mensaje recibido: request_id=15614
2026-04-06 00:03:50,239 | concert_ticketing.adapters.messaging.rabbitmq.consumer | INFO | Mensaje recibido: request_id=15624
2026-04-06 00:03:50,315 | concert_ticketing.adapters.messaging.rabbitmq.consumer | INFO | Mensaje recibido: request_id=15599
2026-04-06 00:03:50,398 | concert_ticketing.adapters.messaging.rabbitmq.consumer | INFO | Mensaje recibido: request_id=15638
2026-04-06 00:03:50,477 | concert_ticketing.adapters.messaging.rabbitmq.consumer | INFO | Mensaje recibido: request_id=15444
2026-04-06 00:03:50,631 | concert_ticketing.adapters.messaging.rabbitmq.consumer | INFO | Mensaje recibido: request_id=15647
2026-04-06 00:03:50,702 | concert_ticketing.adapters.messaging.rabbitmq.consumer | INFO | Mensaje recibido: request_id=15615
2026-04-06 00:03:50,791 | concert_ticketing.adapters.messaging.rabbitmq.consumer | INFO | Mensaje recibido: request_id=15671
2026-04-06 00:03:50,875 | concert_ticketing.adapters.messaging.rabbitmq.consumer | INFO | Mensaje recibido: request_id=15670
2026-04-06 00:03:50,934 | concert_ticketing.adapters.messaging.rabbitmq.consumer | INFO | Mensaje recibido: request_id=15653
2026-04-06 00:03:51,015 | concert_ticketing.adapters.messaging.rabbitmq.consumer | INFO | Mensaje recibido: request_id=15663
2026-04-06 00:03:51,099 | concert_ticketing.adapters.messaging.rabbitmq.consumer | INFO | Mensaje recibido: request_id=15692
2026-04-06 00:03:51,178 | concert_ticketing.adapters.messaging.rabbitmq.consumer | INFO | Mensaje recibido: request_id=15704
2026-04-06 00:03:51,253 | concert_ticketing.adapters.messaging.rabbitmq.consumer | INFO | Mensaje recibido: request_id=15706
2026-04-06 00:03:51,345 | concert_ticketing.adapters.messaging.rabbitmq.consumer | INFO | Mensaje recibido: request_id=15680
2026-04-06 00:03:51,435 | concert_ticketing.adapters.messaging.rabbitmq.consumer | INFO | Mensaje recibido: request_id=15722
2026-04-06 00:03:51,502 | concert_ticketing.adapters.messaging.rabbitmq.consumer | INFO | Mensaje recibido: request_id=15742
2026-04-06 00:03:51,575 | concert_ticketing.adapters.messaging.rabbitmq.consumer | INFO | Mensaje recibido: request_id=15743
2026-04-06 00:03:51,675 | concert_ticketing.adapters.messaging.rabbitmq.consumer | INFO | Mensaje recibido: request_id=15760
2026-04-06 00:03:51,741 | concert_ticketing.adapters.messaging.rabbitmq.consumer | INFO | Mensaje recibido: request_id=15698
2026-04-06 00:03:51,820 | concert_ticketing.adapters.messaging.rabbitmq.consumer | INFO | Mensaje recibido: request_id=15751
2026-04-06 00:03:51,917 | concert_ticketing.adapters.messaging.rabbitmq.consumer | INFO | Mensaje recibido: request_id=15734
2026-04-06 00:03:51,994 | concert_ticketing.adapters.messaging.rabbitmq.consumer | INFO | Mensaje recibido: request_id=15717
2026-04-06 00:03:52,069 | concert_ticketing.adapters.messaging.rabbitmq.consumer | INFO | Mensaje recibido: request_id=15787
2026-04-06 00:03:52,145 | concert_ticketing.adapters.messaging.rabbitmq.consumer | INFO | Mensaje recibido: request_id=15796
2026-04-06 00:03:52,231 | concert_ticketing.adapters.messaging.rabbitmq.consumer | INFO | Mensaje recibido: request_id=15702
2026-04-06 00:03:52,306 | concert_ticketing.adapters.messaging.rabbitmq.consumer | INFO | Mensaje recibido: request_id=15683
2026-04-06 00:03:52,387 | concert_ticketing.adapters.messaging.rabbitmq.consumer | INFO | Mensaje recibido: request_id=15810
2026-04-06 00:03:52,473 | concert_ticketing.adapters.messaging.rabbitmq.consumer | INFO | Mensaje recibido: request_id=15685
2026-04-06 00:03:52,553 | concert_ticketing.adapters.messaging.rabbitmq.consumer | INFO | Mensaje recibido: request_id=15792
2026-04-06 00:03:52,648 | concert_ticketing.adapters.messaging.rabbitmq.consumer | INFO | Mensaje recibido: request_id=15855
2026-04-06 00:03:52,711 | concert_ticketing.adapters.messaging.rabbitmq.consumer | INFO | Mensaje recibido: request_id=15807
2026-04-06 00:03:52,788 | concert_ticketing.adapters.messaging.rabbitmq.consumer | INFO | Mensaje recibido: request_id=15854
2026-04-06 00:03:52,892 | concert_ticketing.adapters.messaging.rabbitmq.consumer | INFO | Mensaje recibido: request_id=15825
2026-04-06 00:03:52,963 | concert_ticketing.adapters.messaging.rabbitmq.consumer | INFO | Mensaje recibido: request_id=15879
2026-04-06 00:03:53,042 | concert_ticketing.adapters.messaging.rabbitmq.consumer | INFO | Mensaje recibido: request_id=15871
2026-04-06 00:03:53,136 | concert_ticketing.adapters.messaging.rabbitmq.consumer | INFO | Mensaje recibido: request_id=15904
2026-04-06 00:03:53,229 | concert_ticketing.adapters.messaging.rabbitmq.consumer | INFO | Mensaje recibido: request_id=15885
2026-04-06 00:03:53,325 | concert_ticketing.adapters.messaging.rabbitmq.consumer | INFO | Mensaje recibido: request_id=15842
2026-04-06 00:03:53,404 | concert_ticketing.adapters.messaging.rabbitmq.consumer | INFO | Mensaje recibido: request_id=15927
2026-04-06 00:03:53,491 | concert_ticketing.adapters.messaging.rabbitmq.consumer | INFO | Mensaje recibido: request_id=15913
2026-04-06 00:03:53,571 | concert_ticketing.adapters.messaging.rabbitmq.consumer | INFO | Mensaje recibido: request_id=15928
2026-04-06 00:03:53,638 | concert_ticketing.adapters.messaging.rabbitmq.consumer | INFO | Mensaje recibido: request_id=15949
2026-04-06 00:03:53,728 | concert_ticketing.adapters.messaging.rabbitmq.consumer | INFO | Mensaje recibido: request_id=15952
2026-04-06 00:03:53,809 | concert_ticketing.adapters.messaging.rabbitmq.consumer | INFO | Mensaje recibido: request_id=15916
2026-04-06 00:03:53,891 | concert_ticketing.adapters.messaging.rabbitmq.consumer | INFO | Mensaje recibido: request_id=15975
2026-04-06 00:03:53,966 | concert_ticketing.adapters.messaging.rabbitmq.consumer | INFO | Mensaje recibido: request_id=15939
2026-04-06 00:03:54,059 | concert_ticketing.adapters.messaging.rabbitmq.consumer | INFO | Mensaje recibido: request_id=15901
2026-04-06 00:03:54,129 | concert_ticketing.adapters.messaging.rabbitmq.consumer | INFO | Mensaje recibido: request_id=15997
2026-04-06 00:03:54,208 | concert_ticketing.adapters.messaging.rabbitmq.consumer | INFO | Mensaje recibido: request_id=15978
2026-04-06 00:03:54,292 | concert_ticketing.adapters.messaging.rabbitmq.consumer | INFO | Mensaje recibido: request_id=16016
2026-04-06 00:03:54,372 | concert_ticketing.adapters.messaging.rabbitmq.consumer | INFO | Mensaje recibido: request_id=15886
2026-04-06 00:03:54,445 | concert_ticketing.adapters.messaging.rabbitmq.consumer | INFO | Mensaje recibido: request_id=15919
2026-04-06 00:03:54,515 | concert_ticketing.adapters.messaging.rabbitmq.consumer | INFO | Mensaje recibido: request_id=15941
2026-04-06 00:03:54,579 | concert_ticketing.adapters.messaging.rabbitmq.consumer | INFO | Mensaje recibido: request_id=15953
2026-04-06 00:03:54,678 | concert_ticketing.adapters.messaging.rabbitmq.consumer | INFO | Mensaje recibido: request_id=16009
2026-04-06 00:03:54,766 | concert_ticketing.adapters.messaging.rabbitmq.consumer | INFO | Mensaje recibido: request_id=16006
2026-04-06 00:03:54,826 | concert_ticketing.adapters.messaging.rabbitmq.consumer | INFO | Mensaje recibido: request_id=16024
2026-04-06 00:03:54,922 | concert_ticketing.adapters.messaging.rabbitmq.consumer | INFO | Mensaje recibido: request_id=16077
2026-04-06 00:03:55,007 | concert_ticketing.adapters.messaging.rabbitmq.consumer | INFO | Mensaje recibido: request_id=15976
2026-04-06 00:03:55,098 | concert_ticketing.adapters.messaging.rabbitmq.consumer | INFO | Mensaje recibido: request_id=16079
2026-04-06 00:03:55,182 | concert_ticketing.adapters.messaging.rabbitmq.consumer | INFO | Mensaje recibido: request_id=16071
2026-04-06 00:03:55,262 | concert_ticketing.adapters.messaging.rabbitmq.consumer | INFO | Mensaje recibido: request_id=16046
2026-04-06 00:03:55,333 | concert_ticketing.adapters.messaging.rabbitmq.consumer | INFO | Mensaje recibido: request_id=16102
2026-04-06 00:03:55,396 | concert_ticketing.adapters.messaging.rabbitmq.consumer | INFO | Mensaje recibido: request_id=16127
2026-04-06 00:03:55,492 | concert_ticketing.adapters.messaging.rabbitmq.consumer | INFO | Mensaje recibido: request_id=16048
2026-04-06 00:03:55,564 | concert_ticketing.adapters.messaging.rabbitmq.consumer | INFO | Mensaje recibido: request_id=16142
2026-04-06 00:03:55,645 | concert_ticketing.adapters.messaging.rabbitmq.consumer | INFO | Mensaje recibido: request_id=16141
2026-04-06 00:03:55,722 | concert_ticketing.adapters.messaging.rabbitmq.consumer | INFO | Mensaje recibido: request_id=16118
2026-04-06 00:03:55,807 | concert_ticketing.adapters.messaging.rabbitmq.consumer | INFO | Mensaje recibido: request_id=16168
2026-04-06 00:03:55,884 | concert_ticketing.adapters.messaging.rabbitmq.consumer | INFO | Mensaje recibido: request_id=16164
2026-04-06 00:03:55,969 | concert_ticketing.adapters.messaging.rabbitmq.consumer | INFO | Mensaje recibido: request_id=16055
2026-04-06 00:03:56,046 | concert_ticketing.adapters.messaging.rabbitmq.consumer | INFO | Mensaje recibido: request_id=16175
2026-04-06 00:03:56,111 | concert_ticketing.adapters.messaging.rabbitmq.consumer | INFO | Mensaje recibido: request_id=16152
2026-04-06 00:03:56,198 | concert_ticketing.adapters.messaging.rabbitmq.consumer | INFO | Mensaje recibido: request_id=16206
2026-04-06 00:03:56,306 | concert_ticketing.adapters.messaging.rabbitmq.consumer | INFO | Mensaje recibido: request_id=16163
2026-04-06 00:03:56,386 | concert_ticketing.adapters.messaging.rabbitmq.consumer | INFO | Mensaje recibido: request_id=15972
2026-04-06 00:03:56,466 | concert_ticketing.adapters.messaging.rabbitmq.consumer | INFO | Mensaje recibido: request_id=16148
2026-04-06 00:03:56,519 | concert_ticketing.adapters.messaging.rabbitmq.consumer | INFO | Mensaje recibido: request_id=16230
2026-04-06 00:03:56,608 | concert_ticketing.adapters.messaging.rabbitmq.consumer | INFO | Mensaje recibido: request_id=16210
2026-04-06 00:03:56,683 | concert_ticketing.adapters.messaging.rabbitmq.consumer | INFO | Mensaje recibido: request_id=16245
2026-04-06 00:03:56,762 | concert_ticketing.adapters.messaging.rabbitmq.consumer | INFO | Mensaje recibido: request_id=16255
2026-04-06 00:03:56,856 | concert_ticketing.adapters.messaging.rabbitmq.consumer | INFO | Mensaje recibido: request_id=16228
2026-04-06 00:03:56,938 | concert_ticketing.adapters.messaging.rabbitmq.consumer | INFO | Mensaje recibido: request_id=16259
2026-04-06 00:03:57,044 | concert_ticketing.adapters.messaging.rabbitmq.consumer | INFO | Mensaje recibido: request_id=16261
2026-04-06 00:03:57,123 | concert_ticketing.adapters.messaging.rabbitmq.consumer | INFO | Mensaje recibido: request_id=16289
2026-04-06 00:03:57,202 | concert_ticketing.adapters.messaging.rabbitmq.consumer | INFO | Mensaje recibido: request_id=16302
2026-04-06 00:03:57,290 | concert_ticketing.adapters.messaging.rabbitmq.consumer | INFO | Mensaje recibido: request_id=16293
2026-04-06 00:03:57,359 | concert_ticketing.adapters.messaging.rabbitmq.consumer | INFO | Mensaje recibido: request_id=16317
2026-04-06 00:03:57,450 | concert_ticketing.adapters.messaging.rabbitmq.consumer | INFO | Mensaje recibido: request_id=16248
2026-04-06 00:03:57,539 | concert_ticketing.adapters.messaging.rabbitmq.consumer | INFO | Mensaje recibido: request_id=16232
2026-04-06 00:03:57,633 | concert_ticketing.adapters.messaging.rabbitmq.consumer | INFO | Mensaje recibido: request_id=16345
2026-04-06 00:03:57,712 | concert_ticketing.adapters.messaging.rabbitmq.consumer | INFO | Mensaje recibido: request_id=16214
2026-04-06 00:03:57,795 | concert_ticketing.adapters.messaging.rabbitmq.consumer | INFO | Mensaje recibido: request_id=16287
2026-04-06 00:03:57,879 | concert_ticketing.adapters.messaging.rabbitmq.consumer | INFO | Mensaje recibido: request_id=16367
2026-04-06 00:03:57,966 | concert_ticketing.adapters.messaging.rabbitmq.consumer | INFO | Mensaje recibido: request_id=16364
2026-04-06 00:03:58,033 | concert_ticketing.adapters.messaging.rabbitmq.consumer | INFO | Mensaje recibido: request_id=16368
2026-04-06 00:03:58,118 | concert_ticketing.adapters.messaging.rabbitmq.consumer | INFO | Mensaje recibido: request_id=16381
2026-04-06 00:03:58,185 | concert_ticketing.adapters.messaging.rabbitmq.consumer | INFO | Mensaje recibido: request_id=16389
2026-04-06 00:03:58,257 | concert_ticketing.adapters.messaging.rabbitmq.consumer | INFO | Mensaje recibido: request_id=16395
2026-04-06 00:03:58,351 | concert_ticketing.adapters.messaging.rabbitmq.consumer | INFO | Mensaje recibido: request_id=16357
2026-04-06 00:03:58,437 | concert_ticketing.adapters.messaging.rabbitmq.consumer | INFO | Mensaje recibido: request_id=16417
2026-04-06 00:03:58,529 | concert_ticketing.adapters.messaging.rabbitmq.consumer | INFO | Mensaje recibido: request_id=16420
2026-04-06 00:03:58,604 | concert_ticketing.adapters.messaging.rabbitmq.consumer | INFO | Mensaje recibido: request_id=16439
2026-04-06 00:03:58,689 | concert_ticketing.adapters.messaging.rabbitmq.consumer | INFO | Mensaje recibido: request_id=16408
2026-04-06 00:03:58,773 | concert_ticketing.adapters.messaging.rabbitmq.consumer | INFO | Mensaje recibido: request_id=16455
2026-04-06 00:03:58,842 | concert_ticketing.adapters.messaging.rabbitmq.consumer | INFO | Mensaje recibido: request_id=16462
2026-04-06 00:03:58,925 | concert_ticketing.adapters.messaging.rabbitmq.consumer | INFO | Mensaje recibido: request_id=16343
2026-04-06 00:03:59,010 | concert_ticketing.adapters.messaging.rabbitmq.consumer | INFO | Mensaje recibido: request_id=16471
2026-04-06 00:03:59,091 | concert_ticketing.adapters.messaging.rabbitmq.consumer | INFO | Mensaje recibido: request_id=16484
2026-04-06 00:03:59,161 | concert_ticketing.adapters.messaging.rabbitmq.consumer | INFO | Mensaje recibido: request_id=16457
2026-04-06 00:03:59,250 | concert_ticketing.adapters.messaging.rabbitmq.consumer | INFO | Mensaje recibido: request_id=16337
2026-04-06 00:03:59,303 | concert_ticketing.adapters.messaging.rabbitmq.consumer | INFO | Mensaje recibido: request_id=16485
2026-04-06 00:03:59,383 | concert_ticketing.adapters.messaging.rabbitmq.consumer | INFO | Mensaje recibido: request_id=16456
2026-04-06 00:03:59,478 | concert_ticketing.adapters.messaging.rabbitmq.consumer | INFO | Mensaje recibido: request_id=16494
2026-04-06 00:03:59,570 | concert_ticketing.adapters.messaging.rabbitmq.consumer | INFO | Mensaje recibido: request_id=16385
2026-04-06 00:03:59,673 | concert_ticketing.adapters.messaging.rabbitmq.consumer | INFO | Mensaje recibido: request_id=16524
2026-04-06 00:03:59,750 | concert_ticketing.adapters.messaging.rabbitmq.consumer | INFO | Mensaje recibido: request_id=16459
2026-04-06 00:03:59,831 | concert_ticketing.adapters.messaging.rabbitmq.consumer | INFO | Mensaje recibido: request_id=16550
2026-04-06 00:03:59,922 | concert_ticketing.adapters.messaging.rabbitmq.consumer | INFO | Mensaje recibido: request_id=16567
2026-04-06 00:03:59,994 | concert_ticketing.adapters.messaging.rabbitmq.consumer | INFO | Mensaje recibido: request_id=16556
2026-04-06 00:04:00,078 | concert_ticketing.adapters.messaging.rabbitmq.consumer | INFO | Mensaje recibido: request_id=16477
2026-04-06 00:04:00,173 | concert_ticketing.adapters.messaging.rabbitmq.consumer | INFO | Mensaje recibido: request_id=16535
2026-04-06 00:04:00,270 | concert_ticketing.adapters.messaging.rabbitmq.consumer | INFO | Mensaje recibido: request_id=16590
2026-04-06 00:04:00,357 | concert_ticketing.adapters.messaging.rabbitmq.consumer | INFO | Mensaje recibido: request_id=16516
2026-04-06 00:04:00,436 | concert_ticketing.adapters.messaging.rabbitmq.consumer | INFO | Mensaje recibido: request_id=16555
2026-04-06 00:04:00,513 | concert_ticketing.adapters.messaging.rabbitmq.consumer | INFO | Mensaje recibido: request_id=16585
2026-04-06 00:04:00,605 | concert_ticketing.adapters.messaging.rabbitmq.consumer | INFO | Mensaje recibido: request_id=16593
2026-04-06 00:04:00,694 | concert_ticketing.adapters.messaging.rabbitmq.consumer | INFO | Mensaje recibido: request_id=16571
2026-04-06 00:04:00,788 | concert_ticketing.adapters.messaging.rabbitmq.consumer | INFO | Mensaje recibido: request_id=16640
2026-04-06 00:04:00,896 | concert_ticketing.adapters.messaging.rabbitmq.consumer | INFO | Mensaje recibido: request_id=16635
2026-04-06 00:04:00,998 | concert_ticketing.adapters.messaging.rabbitmq.consumer | INFO | Mensaje recibido: request_id=16657
2026-04-06 00:04:01,091 | concert_ticketing.adapters.messaging.rabbitmq.consumer | INFO | Mensaje recibido: request_id=16511
2026-04-06 00:04:01,162 | concert_ticketing.adapters.messaging.rabbitmq.consumer | INFO | Mensaje recibido: request_id=16666
2026-04-06 00:04:01,274 | concert_ticketing.adapters.messaging.rabbitmq.consumer | INFO | Mensaje recibido: request_id=16595
2026-04-06 00:04:01,419 | concert_ticketing.adapters.messaging.rabbitmq.consumer | INFO | Mensaje recibido: request_id=16599
2026-04-06 00:04:01,531 | concert_ticketing.adapters.messaging.rabbitmq.consumer | INFO | Mensaje recibido: request_id=16678
2026-04-06 00:04:01,654 | concert_ticketing.adapters.messaging.rabbitmq.consumer | INFO | Mensaje recibido: request_id=16710
2026-04-06 00:04:01,733 | concert_ticketing.adapters.messaging.rabbitmq.consumer | INFO | Mensaje recibido: request_id=16681
2026-04-06 00:04:01,835 | concert_ticketing.adapters.messaging.rabbitmq.consumer | INFO | Mensaje recibido: request_id=16674
2026-04-06 00:04:01,933 | concert_ticketing.adapters.messaging.rabbitmq.consumer | INFO | Mensaje recibido: request_id=16727
2026-04-06 00:04:02,004 | concert_ticketing.adapters.messaging.rabbitmq.consumer | INFO | Mensaje recibido: request_id=16735
2026-04-06 00:04:02,106 | concert_ticketing.adapters.messaging.rabbitmq.consumer | INFO | Mensaje recibido: request_id=16729
2026-04-06 00:04:02,202 | concert_ticketing.adapters.messaging.rabbitmq.consumer | INFO | Mensaje recibido: request_id=16658
2026-04-06 00:04:02,277 | concert_ticketing.adapters.messaging.rabbitmq.consumer | INFO | Mensaje recibido: request_id=16759
2026-04-06 00:04:02,371 | concert_ticketing.adapters.messaging.rabbitmq.consumer | INFO | Mensaje recibido: request_id=16690
2026-04-06 00:04:02,435 | concert_ticketing.adapters.messaging.rabbitmq.consumer | INFO | Mensaje recibido: request_id=16774
2026-04-06 00:04:02,531 | concert_ticketing.adapters.messaging.rabbitmq.consumer | INFO | Mensaje recibido: request_id=16675
2026-04-06 00:04:02,617 | concert_ticketing.adapters.messaging.rabbitmq.consumer | INFO | Mensaje recibido: request_id=16780
2026-04-06 00:04:02,703 | concert_ticketing.adapters.messaging.rabbitmq.consumer | INFO | Mensaje recibido: request_id=16722
2026-04-06 00:04:02,798 | concert_ticketing.adapters.messaging.rabbitmq.consumer | INFO | Mensaje recibido: request_id=16811
2026-04-06 00:04:02,871 | concert_ticketing.adapters.messaging.rabbitmq.consumer | INFO | Mensaje recibido: request_id=16822
2026-04-06 00:04:02,965 | concert_ticketing.adapters.messaging.rabbitmq.consumer | INFO | Mensaje recibido: request_id=16829
2026-04-06 00:04:03,032 | concert_ticketing.adapters.messaging.rabbitmq.consumer | INFO | Mensaje recibido: request_id=16765
2026-04-06 00:04:03,125 | concert_ticketing.adapters.messaging.rabbitmq.consumer | INFO | Mensaje recibido: request_id=16833
2026-04-06 00:04:03,222 | concert_ticketing.adapters.messaging.rabbitmq.consumer | INFO | Mensaje recibido: request_id=16855
2026-04-06 00:04:03,295 | concert_ticketing.adapters.messaging.rabbitmq.consumer | INFO | Mensaje recibido: request_id=16862
2026-04-06 00:04:03,378 | concert_ticketing.adapters.messaging.rabbitmq.consumer | INFO | Mensaje recibido: request_id=16825
2026-04-06 00:04:03,455 | concert_ticketing.adapters.messaging.rabbitmq.consumer | INFO | Mensaje recibido: request_id=16813
2026-04-06 00:04:03,535 | concert_ticketing.adapters.messaging.rabbitmq.consumer | INFO | Mensaje recibido: request_id=16799
2026-04-06 00:04:03,604 | concert_ticketing.adapters.messaging.rabbitmq.consumer | INFO | Mensaje recibido: request_id=16872
2026-04-06 00:04:03,705 | concert_ticketing.adapters.messaging.rabbitmq.consumer | INFO | Mensaje recibido: request_id=16882
2026-04-06 00:04:03,761 | concert_ticketing.adapters.messaging.rabbitmq.consumer | INFO | Mensaje recibido: request_id=16835
2026-04-06 00:04:03,837 | concert_ticketing.adapters.messaging.rabbitmq.consumer | INFO | Mensaje recibido: request_id=16876
2026-04-06 00:04:03,917 | concert_ticketing.adapters.messaging.rabbitmq.consumer | INFO | Mensaje recibido: request_id=16913
2026-04-06 00:04:03,998 | concert_ticketing.adapters.messaging.rabbitmq.consumer | INFO | Mensaje recibido: request_id=16904
2026-04-06 00:04:04,091 | concert_ticketing.adapters.messaging.rabbitmq.consumer | INFO | Mensaje recibido: request_id=16930
2026-04-06 00:04:04,163 | concert_ticketing.adapters.messaging.rabbitmq.consumer | INFO | Mensaje recibido: request_id=16924
2026-04-06 00:04:04,250 | concert_ticketing.adapters.messaging.rabbitmq.consumer | INFO | Mensaje recibido: request_id=16897
2026-04-06 00:04:04,311 | concert_ticketing.adapters.messaging.rabbitmq.consumer | INFO | Mensaje recibido: request_id=16908
2026-04-06 00:04:04,397 | concert_ticketing.adapters.messaging.rabbitmq.consumer | INFO | Mensaje recibido: request_id=16975
2026-04-06 00:04:04,484 | concert_ticketing.adapters.messaging.rabbitmq.consumer | INFO | Mensaje recibido: request_id=16906
2026-04-06 00:04:04,567 | concert_ticketing.adapters.messaging.rabbitmq.consumer | INFO | Mensaje recibido: request_id=16990
2026-04-06 00:04:04,657 | concert_ticketing.adapters.messaging.rabbitmq.consumer | INFO | Mensaje recibido: request_id=16981
2026-04-06 00:04:04,737 | concert_ticketing.adapters.messaging.rabbitmq.consumer | INFO | Mensaje recibido: request_id=16988
2026-04-06 00:04:04,815 | concert_ticketing.adapters.messaging.rabbitmq.consumer | INFO | Mensaje recibido: request_id=16998
2026-04-06 00:04:04,912 | concert_ticketing.adapters.messaging.rabbitmq.consumer | INFO | Mensaje recibido: request_id=17016
2026-04-06 00:04:04,991 | concert_ticketing.adapters.messaging.rabbitmq.consumer | INFO | Mensaje recibido: request_id=16978
2026-04-06 00:04:05,050 | concert_ticketing.adapters.messaging.rabbitmq.consumer | INFO | Mensaje recibido: request_id=17025
2026-04-06 00:04:05,140 | concert_ticketing.adapters.messaging.rabbitmq.consumer | INFO | Mensaje recibido: request_id=17045
2026-04-06 00:04:05,221 | concert_ticketing.adapters.messaging.rabbitmq.consumer | INFO | Mensaje recibido: request_id=17054
2026-04-06 00:04:05,304 | concert_ticketing.adapters.messaging.rabbitmq.consumer | INFO | Mensaje recibido: request_id=17063
2026-04-06 00:04:05,405 | concert_ticketing.adapters.messaging.rabbitmq.consumer | INFO | Mensaje recibido: request_id=17071
2026-04-06 00:04:05,463 | concert_ticketing.adapters.messaging.rabbitmq.consumer | INFO | Mensaje recibido: request_id=17044
2026-04-06 00:04:05,542 | concert_ticketing.adapters.messaging.rabbitmq.consumer | INFO | Mensaje recibido: request_id=17078
2026-04-06 00:04:05,625 | concert_ticketing.adapters.messaging.rabbitmq.consumer | INFO | Mensaje recibido: request_id=17087
2026-04-06 00:04:05,685 | concert_ticketing.adapters.messaging.rabbitmq.consumer | INFO | Mensaje recibido: request_id=17099
2026-04-06 00:04:05,767 | concert_ticketing.adapters.messaging.rabbitmq.consumer | INFO | Mensaje recibido: request_id=17075
2026-04-06 00:04:05,848 | concert_ticketing.adapters.messaging.rabbitmq.consumer | INFO | Mensaje recibido: request_id=17111
2026-04-06 00:04:05,929 | concert_ticketing.adapters.messaging.rabbitmq.consumer | INFO | Mensaje recibido: request_id=17122
2026-04-06 00:04:06,000 | concert_ticketing.adapters.messaging.rabbitmq.consumer | INFO | Mensaje recibido: request_id=17070
2026-04-06 00:04:06,083 | concert_ticketing.adapters.messaging.rabbitmq.consumer | INFO | Mensaje recibido: request_id=17060
2026-04-06 00:04:06,165 | concert_ticketing.adapters.messaging.rabbitmq.consumer | INFO | Mensaje recibido: request_id=17109
2026-04-06 00:04:06,236 | concert_ticketing.adapters.messaging.rabbitmq.consumer | INFO | Mensaje recibido: request_id=17106
2026-04-06 00:04:06,327 | concert_ticketing.adapters.messaging.rabbitmq.consumer | INFO | Mensaje recibido: request_id=17137
2026-04-06 00:04:06,397 | concert_ticketing.adapters.messaging.rabbitmq.consumer | INFO | Mensaje recibido: request_id=17157
2026-04-06 00:04:06,483 | concert_ticketing.adapters.messaging.rabbitmq.consumer | INFO | Mensaje recibido: request_id=17167
2026-04-06 00:04:06,575 | concert_ticketing.adapters.messaging.rabbitmq.consumer | INFO | Mensaje recibido: request_id=17163
2026-04-06 00:04:06,659 | concert_ticketing.adapters.messaging.rabbitmq.consumer | INFO | Mensaje recibido: request_id=17146
2026-04-06 00:04:06,730 | concert_ticketing.adapters.messaging.rabbitmq.consumer | INFO | Mensaje recibido: request_id=17186
2026-04-06 00:04:06,789 | concert_ticketing.adapters.messaging.rabbitmq.consumer | INFO | Mensaje recibido: request_id=17213
2026-04-06 00:04:06,873 | concert_ticketing.adapters.messaging.rabbitmq.consumer | INFO | Mensaje recibido: request_id=17098
2026-04-06 00:04:06,960 | concert_ticketing.adapters.messaging.rabbitmq.consumer | INFO | Mensaje recibido: request_id=17230
2026-04-06 00:04:07,029 | concert_ticketing.adapters.messaging.rabbitmq.consumer | INFO | Mensaje recibido: request_id=17237
2026-04-06 00:04:07,111 | concert_ticketing.adapters.messaging.rabbitmq.consumer | INFO | Mensaje recibido: request_id=17155
2026-04-06 00:04:07,189 | concert_ticketing.adapters.messaging.rabbitmq.consumer | INFO | Mensaje recibido: request_id=17246
2026-04-06 00:04:07,271 | concert_ticketing.adapters.messaging.rabbitmq.consumer | INFO | Mensaje recibido: request_id=17092
2026-04-06 00:04:07,374 | concert_ticketing.adapters.messaging.rabbitmq.consumer | INFO | Mensaje recibido: request_id=17149
2026-04-06 00:04:07,462 | concert_ticketing.adapters.messaging.rabbitmq.consumer | INFO | Mensaje recibido: request_id=17279
2026-04-06 00:04:07,545 | concert_ticketing.adapters.messaging.rabbitmq.consumer | INFO | Mensaje recibido: request_id=17266
2026-04-06 00:04:07,606 | concert_ticketing.adapters.messaging.rabbitmq.consumer | INFO | Mensaje recibido: request_id=17278
2026-04-06 00:04:07,670 | concert_ticketing.adapters.messaging.rabbitmq.consumer | INFO | Mensaje recibido: request_id=17302
2026-04-06 00:04:07,743 | concert_ticketing.adapters.messaging.rabbitmq.consumer | INFO | Mensaje recibido: request_id=17311
2026-04-06 00:04:07,829 | concert_ticketing.adapters.messaging.rabbitmq.consumer | INFO | Mensaje recibido: request_id=17301
2026-04-06 00:04:07,913 | concert_ticketing.adapters.messaging.rabbitmq.consumer | INFO | Mensaje recibido: request_id=17313
2026-04-06 00:04:07,999 | concert_ticketing.adapters.messaging.rabbitmq.consumer | INFO | Mensaje recibido: request_id=17291
2026-04-06 00:04:08,073 | concert_ticketing.adapters.messaging.rabbitmq.consumer | INFO | Mensaje recibido: request_id=17286
2026-04-06 00:04:08,146 | concert_ticketing.adapters.messaging.rabbitmq.consumer | INFO | Mensaje recibido: request_id=17351
2026-04-06 00:04:08,229 | concert_ticketing.adapters.messaging.rabbitmq.consumer | INFO | Mensaje recibido: request_id=17306
2026-04-06 00:04:08,302 | concert_ticketing.adapters.messaging.rabbitmq.consumer | INFO | Mensaje recibido: request_id=17368
2026-04-06 00:04:08,377 | concert_ticketing.adapters.messaging.rabbitmq.consumer | INFO | Mensaje recibido: request_id=17304
2026-04-06 00:04:08,467 | concert_ticketing.adapters.messaging.rabbitmq.consumer | INFO | Mensaje recibido: request_id=17384
2026-04-06 00:04:08,538 | concert_ticketing.adapters.messaging.rabbitmq.consumer | INFO | Mensaje recibido: request_id=17355
2026-04-06 00:04:08,632 | concert_ticketing.adapters.messaging.rabbitmq.consumer | INFO | Mensaje recibido: request_id=17298
2026-04-06 00:04:08,729 | concert_ticketing.adapters.messaging.rabbitmq.consumer | INFO | Mensaje recibido: request_id=17395
2026-04-06 00:04:08,796 | concert_ticketing.adapters.messaging.rabbitmq.consumer | INFO | Mensaje recibido: request_id=17416
2026-04-06 00:04:08,892 | concert_ticketing.adapters.messaging.rabbitmq.consumer | INFO | Mensaje recibido: request_id=17424
2026-04-06 00:04:08,967 | concert_ticketing.adapters.messaging.rabbitmq.consumer | INFO | Mensaje recibido: request_id=17378
2026-04-06 00:04:09,067 | concert_ticketing.adapters.messaging.rabbitmq.consumer | INFO | Mensaje recibido: request_id=17438
2026-04-06 00:04:09,149 | concert_ticketing.adapters.messaging.rabbitmq.consumer | INFO | Mensaje recibido: request_id=17418
2026-04-06 00:04:09,228 | concert_ticketing.adapters.messaging.rabbitmq.consumer | INFO | Mensaje recibido: request_id=17307
2026-04-06 00:04:09,331 | concert_ticketing.adapters.messaging.rabbitmq.consumer | INFO | Mensaje recibido: request_id=17389
2026-04-06 00:04:09,408 | concert_ticketing.adapters.messaging.rabbitmq.consumer | INFO | Mensaje recibido: request_id=17447
2026-04-06 00:04:09,483 | concert_ticketing.adapters.messaging.rabbitmq.consumer | INFO | Mensaje recibido: request_id=17448
2026-04-06 00:04:09,573 | concert_ticketing.adapters.messaging.rabbitmq.consumer | INFO | Mensaje recibido: request_id=17467
2026-04-06 00:04:09,642 | concert_ticketing.adapters.messaging.rabbitmq.consumer | INFO | Mensaje recibido: request_id=17462
2026-04-06 00:04:09,720 | concert_ticketing.adapters.messaging.rabbitmq.consumer | INFO | Mensaje recibido: request_id=17487
2026-04-06 00:04:09,796 | concert_ticketing.adapters.messaging.rabbitmq.consumer | INFO | Mensaje recibido: request_id=17511
2026-04-06 00:04:09,873 | concert_ticketing.adapters.messaging.rabbitmq.consumer | INFO | Mensaje recibido: request_id=17519
2026-04-06 00:04:09,962 | concert_ticketing.adapters.messaging.rabbitmq.consumer | INFO | Mensaje recibido: request_id=17529
2026-04-06 00:04:10,046 | concert_ticketing.adapters.messaging.rabbitmq.consumer | INFO | Mensaje recibido: request_id=17535
2026-04-06 00:04:10,127 | concert_ticketing.adapters.messaging.rabbitmq.consumer | INFO | Mensaje recibido: request_id=17528
2026-04-06 00:04:10,199 | concert_ticketing.adapters.messaging.rabbitmq.consumer | INFO | Mensaje recibido: request_id=17540
2026-04-06 00:04:10,283 | concert_ticketing.adapters.messaging.rabbitmq.consumer | INFO | Mensaje recibido: request_id=17510
2026-04-06 00:04:10,373 | concert_ticketing.adapters.messaging.rabbitmq.consumer | INFO | Mensaje recibido: request_id=17484
2026-04-06 00:04:10,464 | concert_ticketing.adapters.messaging.rabbitmq.consumer | INFO | Mensaje recibido: request_id=17574
2026-04-06 00:04:10,559 | concert_ticketing.adapters.messaging.rabbitmq.consumer | INFO | Mensaje recibido: request_id=17585
2026-04-06 00:04:10,641 | concert_ticketing.adapters.messaging.rabbitmq.consumer | INFO | Mensaje recibido: request_id=17590
2026-04-06 00:04:10,731 | concert_ticketing.adapters.messaging.rabbitmq.consumer | INFO | Mensaje recibido: request_id=17557
2026-04-06 00:04:10,803 | concert_ticketing.adapters.messaging.rabbitmq.consumer | INFO | Mensaje recibido: request_id=17598
2026-04-06 00:04:10,867 | concert_ticketing.adapters.messaging.rabbitmq.consumer | INFO | Mensaje recibido: request_id=17595
2026-04-06 00:04:10,935 | concert_ticketing.adapters.messaging.rabbitmq.consumer | INFO | Mensaje recibido: request_id=17606
2026-04-06 00:04:11,010 | concert_ticketing.adapters.messaging.rabbitmq.consumer | INFO | Mensaje recibido: request_id=17632
2026-04-06 00:04:11,092 | concert_ticketing.adapters.messaging.rabbitmq.consumer | INFO | Mensaje recibido: request_id=17563
2026-04-06 00:04:11,167 | concert_ticketing.adapters.messaging.rabbitmq.consumer | INFO | Mensaje recibido: request_id=17505
2026-04-06 00:04:11,254 | concert_ticketing.adapters.messaging.rabbitmq.consumer | INFO | Mensaje recibido: request_id=17654
2026-04-06 00:04:11,325 | concert_ticketing.adapters.messaging.rabbitmq.consumer | INFO | Mensaje recibido: request_id=17641
2026-04-06 00:04:11,409 | concert_ticketing.adapters.messaging.rabbitmq.consumer | INFO | Mensaje recibido: request_id=17664
2026-04-06 00:04:11,513 | concert_ticketing.adapters.messaging.rabbitmq.consumer | INFO | Mensaje recibido: request_id=17635
2026-04-06 00:04:11,609 | concert_ticketing.adapters.messaging.rabbitmq.consumer | INFO | Mensaje recibido: request_id=17676
2026-04-06 00:04:11,703 | concert_ticketing.adapters.messaging.rabbitmq.consumer | INFO | Mensaje recibido: request_id=17674
2026-04-06 00:04:11,772 | concert_ticketing.adapters.messaging.rabbitmq.consumer | INFO | Mensaje recibido: request_id=17693
2026-04-06 00:04:11,854 | concert_ticketing.adapters.messaging.rabbitmq.consumer | INFO | Mensaje recibido: request_id=17708
2026-04-06 00:04:11,941 | concert_ticketing.adapters.messaging.rabbitmq.consumer | INFO | Mensaje recibido: request_id=17719
2026-04-06 00:04:12,043 | concert_ticketing.adapters.messaging.rabbitmq.consumer | INFO | Mensaje recibido: request_id=17727
2026-04-06 00:04:12,143 | concert_ticketing.adapters.messaging.rabbitmq.consumer | INFO | Mensaje recibido: request_id=17624
2026-04-06 00:04:12,220 | concert_ticketing.adapters.messaging.rabbitmq.consumer | INFO | Mensaje recibido: request_id=17656
2026-04-06 00:04:12,288 | concert_ticketing.adapters.messaging.rabbitmq.consumer | INFO | Mensaje recibido: request_id=17655
2026-04-06 00:04:12,410 | concert_ticketing.adapters.messaging.rabbitmq.consumer | INFO | Mensaje recibido: request_id=17759
2026-04-06 00:04:12,506 | concert_ticketing.adapters.messaging.rabbitmq.consumer | INFO | Mensaje recibido: request_id=17750
2026-04-06 00:04:12,608 | concert_ticketing.adapters.messaging.rabbitmq.consumer | INFO | Mensaje recibido: request_id=17695
2026-04-06 00:04:12,703 | concert_ticketing.adapters.messaging.rabbitmq.consumer | INFO | Mensaje recibido: request_id=17757
2026-04-06 00:04:12,792 | concert_ticketing.adapters.messaging.rabbitmq.consumer | INFO | Mensaje recibido: request_id=17790
2026-04-06 00:04:12,907 | concert_ticketing.adapters.messaging.rabbitmq.consumer | INFO | Mensaje recibido: request_id=17798
2026-04-06 00:04:12,976 | concert_ticketing.adapters.messaging.rabbitmq.consumer | INFO | Mensaje recibido: request_id=17737
2026-04-06 00:04:13,063 | concert_ticketing.adapters.messaging.rabbitmq.consumer | INFO | Mensaje recibido: request_id=17815
2026-04-06 00:04:13,128 | concert_ticketing.adapters.messaging.rabbitmq.consumer | INFO | Mensaje recibido: request_id=17805
2026-04-06 00:04:13,231 | concert_ticketing.adapters.messaging.rabbitmq.consumer | INFO | Mensaje recibido: request_id=17834
2026-04-06 00:04:13,278 | concert_ticketing.adapters.messaging.rabbitmq.consumer | INFO | Mensaje recibido: request_id=17838
2026-04-06 00:04:13,373 | concert_ticketing.adapters.messaging.rabbitmq.consumer | INFO | Mensaje recibido: request_id=17780
2026-04-06 00:04:13,467 | concert_ticketing.adapters.messaging.rabbitmq.consumer | INFO | Mensaje recibido: request_id=17826
2026-04-06 00:04:13,538 | concert_ticketing.adapters.messaging.rabbitmq.consumer | INFO | Mensaje recibido: request_id=17845
2026-04-06 00:04:13,611 | concert_ticketing.adapters.messaging.rabbitmq.consumer | INFO | Mensaje recibido: request_id=17796
2026-04-06 00:04:13,687 | concert_ticketing.adapters.messaging.rabbitmq.consumer | INFO | Mensaje recibido: request_id=17878
2026-04-06 00:04:13,786 | concert_ticketing.adapters.messaging.rabbitmq.consumer | INFO | Mensaje recibido: request_id=17888
2026-04-06 00:04:13,878 | concert_ticketing.adapters.messaging.rabbitmq.consumer | INFO | Mensaje recibido: request_id=17832
2026-04-06 00:04:13,964 | concert_ticketing.adapters.messaging.rabbitmq.consumer | INFO | Mensaje recibido: request_id=17902
2026-04-06 00:04:14,045 | concert_ticketing.adapters.messaging.rabbitmq.consumer | INFO | Mensaje recibido: request_id=17910
2026-04-06 00:04:14,129 | concert_ticketing.adapters.messaging.rabbitmq.consumer | INFO | Mensaje recibido: request_id=17746
2026-04-06 00:04:14,220 | concert_ticketing.adapters.messaging.rabbitmq.consumer | INFO | Mensaje recibido: request_id=17877
2026-04-06 00:04:14,313 | concert_ticketing.adapters.messaging.rabbitmq.consumer | INFO | Mensaje recibido: request_id=17895
2026-04-06 00:04:14,398 | concert_ticketing.adapters.messaging.rabbitmq.consumer | INFO | Mensaje recibido: request_id=17884
2026-04-06 00:04:14,481 | concert_ticketing.adapters.messaging.rabbitmq.consumer | INFO | Mensaje recibido: request_id=17943
2026-04-06 00:04:14,558 | concert_ticketing.adapters.messaging.rabbitmq.consumer | INFO | Mensaje recibido: request_id=17938
2026-04-06 00:04:14,655 | concert_ticketing.adapters.messaging.rabbitmq.consumer | INFO | Mensaje recibido: request_id=17945
2026-04-06 00:04:14,753 | concert_ticketing.adapters.messaging.rabbitmq.consumer | INFO | Mensaje recibido: request_id=17955
2026-04-06 00:04:14,821 | concert_ticketing.adapters.messaging.rabbitmq.consumer | INFO | Mensaje recibido: request_id=17957
2026-04-06 00:04:14,903 | concert_ticketing.adapters.messaging.rabbitmq.consumer | INFO | Mensaje recibido: request_id=17981
2026-04-06 00:04:14,992 | concert_ticketing.adapters.messaging.rabbitmq.consumer | INFO | Mensaje recibido: request_id=17774
2026-04-06 00:04:15,072 | concert_ticketing.adapters.messaging.rabbitmq.consumer | INFO | Mensaje recibido: request_id=18007
2026-04-06 00:04:15,154 | concert_ticketing.adapters.messaging.rabbitmq.consumer | INFO | Mensaje recibido: request_id=18015
2026-04-06 00:04:15,237 | concert_ticketing.adapters.messaging.rabbitmq.consumer | INFO | Mensaje recibido: request_id=17873
2026-04-06 00:04:15,318 | concert_ticketing.adapters.messaging.rabbitmq.consumer | INFO | Mensaje recibido: request_id=17997
2026-04-06 00:04:15,398 | concert_ticketing.adapters.messaging.rabbitmq.consumer | INFO | Mensaje recibido: request_id=17882
2026-04-06 00:04:15,507 | concert_ticketing.adapters.messaging.rabbitmq.consumer | INFO | Mensaje recibido: request_id=17809
2026-04-06 00:04:15,587 | concert_ticketing.adapters.messaging.rabbitmq.consumer | INFO | Mensaje recibido: request_id=17971
2026-04-06 00:04:15,677 | concert_ticketing.adapters.messaging.rabbitmq.consumer | INFO | Mensaje recibido: request_id=17942
2026-04-06 00:04:15,775 | concert_ticketing.adapters.messaging.rabbitmq.consumer | INFO | Mensaje recibido: request_id=18019
2026-04-06 00:04:15,862 | concert_ticketing.adapters.messaging.rabbitmq.consumer | INFO | Mensaje recibido: request_id=18045
2026-04-06 00:04:15,944 | concert_ticketing.adapters.messaging.rabbitmq.consumer | INFO | Mensaje recibido: request_id=18059
2026-04-06 00:04:16,033 | concert_ticketing.adapters.messaging.rabbitmq.consumer | INFO | Mensaje recibido: request_id=18017
2026-04-06 00:04:16,110 | concert_ticketing.adapters.messaging.rabbitmq.consumer | INFO | Mensaje recibido: request_id=18078
2026-04-06 00:04:16,200 | concert_ticketing.adapters.messaging.rabbitmq.consumer | INFO | Mensaje recibido: request_id=18087
2026-04-06 00:04:16,279 | concert_ticketing.adapters.messaging.rabbitmq.consumer | INFO | Mensaje recibido: request_id=18091
2026-04-06 00:04:16,360 | concert_ticketing.adapters.messaging.rabbitmq.consumer | INFO | Mensaje recibido: request_id=18096
2026-04-06 00:04:16,460 | concert_ticketing.adapters.messaging.rabbitmq.consumer | INFO | Mensaje recibido: request_id=18119
2026-04-06 00:04:16,535 | concert_ticketing.adapters.messaging.rabbitmq.consumer | INFO | Mensaje recibido: request_id=18121
2026-04-06 00:04:16,624 | concert_ticketing.adapters.messaging.rabbitmq.consumer | INFO | Mensaje recibido: request_id=18065
2026-04-06 00:04:16,721 | concert_ticketing.adapters.messaging.rabbitmq.consumer | INFO | Mensaje recibido: request_id=18137
2026-04-06 00:04:16,800 | concert_ticketing.adapters.messaging.rabbitmq.consumer | INFO | Mensaje recibido: request_id=18135
2026-04-06 00:04:16,887 | concert_ticketing.adapters.messaging.rabbitmq.consumer | INFO | Mensaje recibido: request_id=18174
2026-04-06 00:04:16,967 | concert_ticketing.adapters.messaging.rabbitmq.consumer | INFO | Mensaje recibido: request_id=18182
2026-04-06 00:04:17,054 | concert_ticketing.adapters.messaging.rabbitmq.consumer | INFO | Mensaje recibido: request_id=18142
2026-04-06 00:04:17,148 | concert_ticketing.adapters.messaging.rabbitmq.consumer | INFO | Mensaje recibido: request_id=18188
2026-04-06 00:04:17,238 | concert_ticketing.adapters.messaging.rabbitmq.consumer | INFO | Mensaje recibido: request_id=18064
2026-04-06 00:04:17,317 | concert_ticketing.adapters.messaging.rabbitmq.consumer | INFO | Mensaje recibido: request_id=18150
2026-04-06 00:04:17,398 | concert_ticketing.adapters.messaging.rabbitmq.consumer | INFO | Mensaje recibido: request_id=18187
2026-04-06 00:04:17,478 | concert_ticketing.adapters.messaging.rabbitmq.consumer | INFO | Mensaje recibido: request_id=18222
2026-04-06 00:04:17,570 | concert_ticketing.adapters.messaging.rabbitmq.consumer | INFO | Mensaje recibido: request_id=18204
2026-04-06 00:04:17,660 | concert_ticketing.adapters.messaging.rabbitmq.consumer | INFO | Mensaje recibido: request_id=18228
2026-04-06 00:04:17,749 | concert_ticketing.adapters.messaging.rabbitmq.consumer | INFO | Mensaje recibido: request_id=18060
2026-04-06 00:04:17,836 | concert_ticketing.adapters.messaging.rabbitmq.consumer | INFO | Mensaje recibido: request_id=18264
2026-04-06 00:04:17,906 | concert_ticketing.adapters.messaging.rabbitmq.consumer | INFO | Mensaje recibido: request_id=18202
2026-04-06 00:04:17,992 | concert_ticketing.adapters.messaging.rabbitmq.consumer | INFO | Mensaje recibido: request_id=18213
2026-04-06 00:04:18,085 | concert_ticketing.adapters.messaging.rabbitmq.consumer | INFO | Mensaje recibido: request_id=18280
2026-04-06 00:04:18,168 | concert_ticketing.adapters.messaging.rabbitmq.consumer | INFO | Mensaje recibido: request_id=18262
2026-04-06 00:04:18,249 | concert_ticketing.adapters.messaging.rabbitmq.consumer | INFO | Mensaje recibido: request_id=18219
2026-04-06 00:04:18,339 | concert_ticketing.adapters.messaging.rabbitmq.consumer | INFO | Mensaje recibido: request_id=18298
2026-04-06 00:04:18,419 | concert_ticketing.adapters.messaging.rabbitmq.consumer | INFO | Mensaje recibido: request_id=18288
2026-04-06 00:04:18,504 | concert_ticketing.adapters.messaging.rabbitmq.consumer | INFO | Mensaje recibido: request_id=18311
2026-04-06 00:04:18,588 | concert_ticketing.adapters.messaging.rabbitmq.consumer | INFO | Mensaje recibido: request_id=18334
2026-04-06 00:04:18,658 | concert_ticketing.adapters.messaging.rabbitmq.consumer | INFO | Mensaje recibido: request_id=18253
2026-04-06 00:04:18,739 | concert_ticketing.adapters.messaging.rabbitmq.consumer | INFO | Mensaje recibido: request_id=18315
2026-04-06 00:04:18,831 | concert_ticketing.adapters.messaging.rabbitmq.consumer | INFO | Mensaje recibido: request_id=18360
2026-04-06 00:04:18,923 | concert_ticketing.adapters.messaging.rabbitmq.consumer | INFO | Mensaje recibido: request_id=18365
2026-04-06 00:04:18,981 | concert_ticketing.adapters.messaging.rabbitmq.consumer | INFO | Mensaje recibido: request_id=18218
2026-04-06 00:04:19,073 | concert_ticketing.adapters.messaging.rabbitmq.consumer | INFO | Mensaje recibido: request_id=18316
2026-04-06 00:04:19,157 | concert_ticketing.adapters.messaging.rabbitmq.consumer | INFO | Mensaje recibido: request_id=18384
2026-04-06 00:04:19,231 | concert_ticketing.adapters.messaging.rabbitmq.consumer | INFO | Mensaje recibido: request_id=18399
2026-04-06 00:04:19,316 | concert_ticketing.adapters.messaging.rabbitmq.consumer | INFO | Mensaje recibido: request_id=18361
2026-04-06 00:04:19,395 | concert_ticketing.adapters.messaging.rabbitmq.consumer | INFO | Mensaje recibido: request_id=18338
2026-04-06 00:04:19,487 | concert_ticketing.adapters.messaging.rabbitmq.consumer | INFO | Mensaje recibido: request_id=18403
2026-04-06 00:04:19,580 | concert_ticketing.adapters.messaging.rabbitmq.consumer | INFO | Mensaje recibido: request_id=18432
2026-04-06 00:04:19,662 | concert_ticketing.adapters.messaging.rabbitmq.consumer | INFO | Mensaje recibido: request_id=18440
2026-04-06 00:04:19,735 | concert_ticketing.adapters.messaging.rabbitmq.consumer | INFO | Mensaje recibido: request_id=18401
2026-04-06 00:04:19,817 | concert_ticketing.adapters.messaging.rabbitmq.consumer | INFO | Mensaje recibido: request_id=18453
2026-04-06 00:04:19,877 | concert_ticketing.adapters.messaging.rabbitmq.consumer | INFO | Mensaje recibido: request_id=18460
2026-04-06 00:04:19,967 | concert_ticketing.adapters.messaging.rabbitmq.consumer | INFO | Mensaje recibido: request_id=18462
2026-04-06 00:04:20,048 | concert_ticketing.adapters.messaging.rabbitmq.consumer | INFO | Mensaje recibido: request_id=18479
2026-04-06 00:04:20,123 | concert_ticketing.adapters.messaging.rabbitmq.consumer | INFO | Mensaje recibido: request_id=18467
2026-04-06 00:04:20,191 | concert_ticketing.adapters.messaging.rabbitmq.consumer | INFO | Mensaje recibido: request_id=18431
2026-04-06 00:04:20,277 | concert_ticketing.adapters.messaging.rabbitmq.consumer | INFO | Mensaje recibido: request_id=18490
2026-04-06 00:04:20,356 | concert_ticketing.adapters.messaging.rabbitmq.consumer | INFO | Mensaje recibido: request_id=18510
2026-04-06 00:04:20,450 | concert_ticketing.adapters.messaging.rabbitmq.consumer | INFO | Mensaje recibido: request_id=18514
2026-04-06 00:04:20,535 | concert_ticketing.adapters.messaging.rabbitmq.consumer | INFO | Mensaje recibido: request_id=18452
2026-04-06 00:04:20,596 | concert_ticketing.adapters.messaging.rabbitmq.consumer | INFO | Mensaje recibido: request_id=18477
2026-04-06 00:04:20,691 | concert_ticketing.adapters.messaging.rabbitmq.consumer | INFO | Mensaje recibido: request_id=18492
2026-04-06 00:04:20,770 | concert_ticketing.adapters.messaging.rabbitmq.consumer | INFO | Mensaje recibido: request_id=18521
2026-04-06 00:04:20,854 | concert_ticketing.adapters.messaging.rabbitmq.consumer | INFO | Mensaje recibido: request_id=18530
2026-04-06 00:04:20,934 | concert_ticketing.adapters.messaging.rabbitmq.consumer | INFO | Mensaje recibido: request_id=18251
2026-04-06 00:04:21,012 | concert_ticketing.adapters.messaging.rabbitmq.consumer | INFO | Mensaje recibido: request_id=18556
2026-04-06 00:04:21,096 | concert_ticketing.adapters.messaging.rabbitmq.consumer | INFO | Mensaje recibido: request_id=18558
2026-04-06 00:04:21,168 | concert_ticketing.adapters.messaging.rabbitmq.consumer | INFO | Mensaje recibido: request_id=18582
2026-04-06 00:04:21,258 | concert_ticketing.adapters.messaging.rabbitmq.consumer | INFO | Mensaje recibido: request_id=18583
2026-04-06 00:04:21,333 | concert_ticketing.adapters.messaging.rabbitmq.consumer | INFO | Mensaje recibido: request_id=18537
2026-04-06 00:04:21,422 | concert_ticketing.adapters.messaging.rabbitmq.consumer | INFO | Mensaje recibido: request_id=18517
2026-04-06 00:04:21,507 | concert_ticketing.adapters.messaging.rabbitmq.consumer | INFO | Mensaje recibido: request_id=18616
2026-04-06 00:04:21,590 | concert_ticketing.adapters.messaging.rabbitmq.consumer | INFO | Mensaje recibido: request_id=18629
2026-04-06 00:04:21,670 | concert_ticketing.adapters.messaging.rabbitmq.consumer | INFO | Mensaje recibido: request_id=18631
2026-04-06 00:04:21,757 | concert_ticketing.adapters.messaging.rabbitmq.consumer | INFO | Mensaje recibido: request_id=18634
2026-04-06 00:04:21,848 | concert_ticketing.adapters.messaging.rabbitmq.consumer | INFO | Mensaje recibido: request_id=18655
2026-04-06 00:04:21,921 | concert_ticketing.adapters.messaging.rabbitmq.consumer | INFO | Mensaje recibido: request_id=18513
2026-04-06 00:04:21,995 | concert_ticketing.adapters.messaging.rabbitmq.consumer | INFO | Mensaje recibido: request_id=18612
2026-04-06 00:04:22,070 | concert_ticketing.adapters.messaging.rabbitmq.consumer | INFO | Mensaje recibido: request_id=18625
2026-04-06 00:04:22,153 | concert_ticketing.adapters.messaging.rabbitmq.consumer | INFO | Mensaje recibido: request_id=18620
2026-04-06 00:04:22,236 | concert_ticketing.adapters.messaging.rabbitmq.consumer | INFO | Mensaje recibido: request_id=18628
2026-04-06 00:04:22,298 | concert_ticketing.adapters.messaging.rabbitmq.consumer | INFO | Mensaje recibido: request_id=18540
2026-04-06 00:04:22,381 | concert_ticketing.adapters.messaging.rabbitmq.consumer | INFO | Mensaje recibido: request_id=18710
2026-04-06 00:04:22,477 | concert_ticketing.adapters.messaging.rabbitmq.consumer | INFO | Mensaje recibido: request_id=18721
2026-04-06 00:04:22,552 | concert_ticketing.adapters.messaging.rabbitmq.consumer | INFO | Mensaje recibido: request_id=18717
2026-04-06 00:04:22,641 | concert_ticketing.adapters.messaging.rabbitmq.consumer | INFO | Mensaje recibido: request_id=18712
2026-04-06 00:04:22,702 | concert_ticketing.adapters.messaging.rabbitmq.consumer | INFO | Mensaje recibido: request_id=18742
2026-04-06 00:04:22,781 | concert_ticketing.adapters.messaging.rabbitmq.consumer | INFO | Mensaje recibido: request_id=18750
2026-04-06 00:04:22,869 | concert_ticketing.adapters.messaging.rabbitmq.consumer | INFO | Mensaje recibido: request_id=18726
2026-04-06 00:04:22,952 | concert_ticketing.adapters.messaging.rabbitmq.consumer | INFO | Mensaje recibido: request_id=18707
2026-04-06 00:04:23,015 | concert_ticketing.adapters.messaging.rabbitmq.consumer | INFO | Mensaje recibido: request_id=18765
2026-04-06 00:04:23,125 | concert_ticketing.adapters.messaging.rabbitmq.consumer | INFO | Mensaje recibido: request_id=18679
2026-04-06 00:04:23,199 | concert_ticketing.adapters.messaging.rabbitmq.consumer | INFO | Mensaje recibido: request_id=18734
2026-04-06 00:04:23,319 | concert_ticketing.adapters.messaging.rabbitmq.consumer | INFO | Mensaje recibido: request_id=18794
2026-04-06 00:04:23,388 | concert_ticketing.adapters.messaging.rabbitmq.consumer | INFO | Mensaje recibido: request_id=18761
2026-04-06 00:04:23,489 | concert_ticketing.adapters.messaging.rabbitmq.consumer | INFO | Mensaje recibido: request_id=18814
2026-04-06 00:04:23,612 | concert_ticketing.adapters.messaging.rabbitmq.consumer | INFO | Mensaje recibido: request_id=18815
2026-04-06 00:04:23,704 | concert_ticketing.adapters.messaging.rabbitmq.consumer | INFO | Mensaje recibido: request_id=18795
2026-04-06 00:04:23,808 | concert_ticketing.adapters.messaging.rabbitmq.consumer | INFO | Mensaje recibido: request_id=18796
2026-04-06 00:04:23,925 | concert_ticketing.adapters.messaging.rabbitmq.consumer | INFO | Mensaje recibido: request_id=18827
2026-04-06 00:04:24,035 | concert_ticketing.adapters.messaging.rabbitmq.consumer | INFO | Mensaje recibido: request_id=18855
2026-04-06 00:04:24,124 | concert_ticketing.adapters.messaging.rabbitmq.consumer | INFO | Mensaje recibido: request_id=18786
2026-04-06 00:04:24,210 | concert_ticketing.adapters.messaging.rabbitmq.consumer | INFO | Mensaje recibido: request_id=18752
2026-04-06 00:04:24,280 | concert_ticketing.adapters.messaging.rabbitmq.consumer | INFO | Mensaje recibido: request_id=18845
2026-04-06 00:04:24,375 | concert_ticketing.adapters.messaging.rabbitmq.consumer | INFO | Mensaje recibido: request_id=18872
2026-04-06 00:04:24,459 | concert_ticketing.adapters.messaging.rabbitmq.consumer | INFO | Mensaje recibido: request_id=18893
2026-04-06 00:04:24,541 | concert_ticketing.adapters.messaging.rabbitmq.consumer | INFO | Mensaje recibido: request_id=18836
2026-04-06 00:04:24,636 | concert_ticketing.adapters.messaging.rabbitmq.consumer | INFO | Mensaje recibido: request_id=18704
2026-04-06 00:04:24,715 | concert_ticketing.adapters.messaging.rabbitmq.consumer | INFO | Mensaje recibido: request_id=18914
2026-04-06 00:04:24,799 | concert_ticketing.adapters.messaging.rabbitmq.consumer | INFO | Mensaje recibido: request_id=18926
2026-04-06 00:04:24,886 | concert_ticketing.adapters.messaging.rabbitmq.consumer | INFO | Mensaje recibido: request_id=18842
2026-04-06 00:04:24,948 | concert_ticketing.adapters.messaging.rabbitmq.consumer | INFO | Mensaje recibido: request_id=18919
2026-04-06 00:04:25,033 | concert_ticketing.adapters.messaging.rabbitmq.consumer | INFO | Mensaje recibido: request_id=18933
2026-04-06 00:04:25,115 | concert_ticketing.adapters.messaging.rabbitmq.consumer | INFO | Mensaje recibido: request_id=18840
2026-04-06 00:04:25,192 | concert_ticketing.adapters.messaging.rabbitmq.consumer | INFO | Mensaje recibido: request_id=18965
2026-04-06 00:04:25,265 | concert_ticketing.adapters.messaging.rabbitmq.consumer | INFO | Mensaje recibido: request_id=18974
2026-04-06 00:04:25,336 | concert_ticketing.adapters.messaging.rabbitmq.consumer | INFO | Mensaje recibido: request_id=18972
2026-04-06 00:04:25,412 | concert_ticketing.adapters.messaging.rabbitmq.consumer | INFO | Mensaje recibido: request_id=18990
2026-04-06 00:04:25,498 | concert_ticketing.adapters.messaging.rabbitmq.consumer | INFO | Mensaje recibido: request_id=18968
2026-04-06 00:04:25,565 | concert_ticketing.adapters.messaging.rabbitmq.consumer | INFO | Mensaje recibido: request_id=18992
2026-04-06 00:04:25,640 | concert_ticketing.adapters.messaging.rabbitmq.consumer | INFO | Mensaje recibido: request_id=18956
2026-04-06 00:04:25,724 | concert_ticketing.adapters.messaging.rabbitmq.consumer | INFO | Mensaje recibido: request_id=18958
2026-04-06 00:04:25,808 | concert_ticketing.adapters.messaging.rabbitmq.consumer | INFO | Mensaje recibido: request_id=19032
2026-04-06 00:04:25,894 | concert_ticketing.adapters.messaging.rabbitmq.consumer | INFO | Mensaje recibido: request_id=18935
2026-04-06 00:04:25,982 | concert_ticketing.adapters.messaging.rabbitmq.consumer | INFO | Mensaje recibido: request_id=19040
2026-04-06 00:04:26,061 | concert_ticketing.adapters.messaging.rabbitmq.consumer | INFO | Mensaje recibido: request_id=19055
2026-04-06 00:04:26,146 | concert_ticketing.adapters.messaging.rabbitmq.consumer | INFO | Mensaje recibido: request_id=19037
2026-04-06 00:04:26,204 | concert_ticketing.adapters.messaging.rabbitmq.consumer | INFO | Mensaje recibido: request_id=19069
2026-04-06 00:04:26,296 | concert_ticketing.adapters.messaging.rabbitmq.consumer | INFO | Mensaje recibido: request_id=19071
2026-04-06 00:04:26,377 | concert_ticketing.adapters.messaging.rabbitmq.consumer | INFO | Mensaje recibido: request_id=18873
2026-04-06 00:04:26,461 | concert_ticketing.adapters.messaging.rabbitmq.consumer | INFO | Mensaje recibido: request_id=18946
2026-04-06 00:04:26,518 | concert_ticketing.adapters.messaging.rabbitmq.consumer | INFO | Mensaje recibido: request_id=18994
2026-04-06 00:04:26,606 | concert_ticketing.adapters.messaging.rabbitmq.consumer | INFO | Mensaje recibido: request_id=19103
2026-04-06 00:04:26,681 | concert_ticketing.adapters.messaging.rabbitmq.consumer | INFO | Mensaje recibido: request_id=19067
2026-04-06 00:04:26,771 | concert_ticketing.adapters.messaging.rabbitmq.consumer | INFO | Mensaje recibido: request_id=19128
2026-04-06 00:04:26,854 | concert_ticketing.adapters.messaging.rabbitmq.consumer | INFO | Mensaje recibido: request_id=19133
2026-04-06 00:04:26,939 | concert_ticketing.adapters.messaging.rabbitmq.consumer | INFO | Mensaje recibido: request_id=19101
2026-04-06 00:04:27,054 | concert_ticketing.adapters.messaging.rabbitmq.consumer | INFO | Mensaje recibido: request_id=19151
2026-04-06 00:04:27,146 | concert_ticketing.adapters.messaging.rabbitmq.consumer | INFO | Mensaje recibido: request_id=19119
2026-04-06 00:04:27,208 | concert_ticketing.adapters.messaging.rabbitmq.consumer | INFO | Mensaje recibido: request_id=19099
2026-04-06 00:04:27,295 | concert_ticketing.adapters.messaging.rabbitmq.consumer | INFO | Mensaje recibido: request_id=19134
2026-04-06 00:04:27,384 | concert_ticketing.adapters.messaging.rabbitmq.consumer | INFO | Mensaje recibido: request_id=19153
2026-04-06 00:04:27,467 | concert_ticketing.adapters.messaging.rabbitmq.consumer | INFO | Mensaje recibido: request_id=19168
2026-04-06 00:04:27,573 | concert_ticketing.adapters.messaging.rabbitmq.consumer | INFO | Mensaje recibido: request_id=19164
2026-04-06 00:04:27,584 | concert_ticketing.adapters.messaging.rabbitmq.consumer | INFO | Mensaje recibido: request_id=19191
2026-04-06 00:04:27,671 | concert_ticketing.adapters.messaging.rabbitmq.consumer | INFO | Mensaje recibido: request_id=19208
2026-04-06 00:04:27,791 | concert_ticketing.adapters.messaging.rabbitmq.consumer | INFO | Mensaje recibido: request_id=19148
2026-04-06 00:04:27,865 | concert_ticketing.adapters.messaging.rabbitmq.consumer | INFO | Mensaje recibido: request_id=19231
2026-04-06 00:04:27,944 | concert_ticketing.adapters.messaging.rabbitmq.consumer | INFO | Mensaje recibido: request_id=19192
2026-04-06 00:04:28,030 | concert_ticketing.adapters.messaging.rabbitmq.consumer | INFO | Mensaje recibido: request_id=19222
2026-04-06 00:04:28,127 | concert_ticketing.adapters.messaging.rabbitmq.consumer | INFO | Mensaje recibido: request_id=19255
2026-04-06 00:04:28,203 | concert_ticketing.adapters.messaging.rabbitmq.consumer | INFO | Mensaje recibido: request_id=19248
2026-04-06 00:04:28,293 | concert_ticketing.adapters.messaging.rabbitmq.consumer | INFO | Mensaje recibido: request_id=19268
2026-04-06 00:04:28,378 | concert_ticketing.adapters.messaging.rabbitmq.consumer | INFO | Mensaje recibido: request_id=19220
2026-04-06 00:04:28,481 | concert_ticketing.adapters.messaging.rabbitmq.consumer | INFO | Mensaje recibido: request_id=19287
2026-04-06 00:04:28,565 | concert_ticketing.adapters.messaging.rabbitmq.consumer | INFO | Mensaje recibido: request_id=19177
2026-04-06 00:04:28,672 | concert_ticketing.adapters.messaging.rabbitmq.consumer | INFO | Mensaje recibido: request_id=19289
2026-04-06 00:04:28,753 | concert_ticketing.adapters.messaging.rabbitmq.consumer | INFO | Mensaje recibido: request_id=19253
2026-04-06 00:04:28,823 | concert_ticketing.adapters.messaging.rabbitmq.consumer | INFO | Mensaje recibido: request_id=19292
2026-04-06 00:04:28,903 | concert_ticketing.adapters.messaging.rabbitmq.consumer | INFO | Mensaje recibido: request_id=19184
2026-04-06 00:04:28,993 | concert_ticketing.adapters.messaging.rabbitmq.consumer | INFO | Mensaje recibido: request_id=19294
2026-04-06 00:04:29,071 | concert_ticketing.adapters.messaging.rabbitmq.consumer | INFO | Mensaje recibido: request_id=19312
2026-04-06 00:04:29,146 | concert_ticketing.adapters.messaging.rabbitmq.consumer | INFO | Mensaje recibido: request_id=19351
2026-04-06 00:04:29,237 | concert_ticketing.adapters.messaging.rabbitmq.consumer | INFO | Mensaje recibido: request_id=19299
2026-04-06 00:04:29,319 | concert_ticketing.adapters.messaging.rabbitmq.consumer | INFO | Mensaje recibido: request_id=19314
2026-04-06 00:04:29,392 | concert_ticketing.adapters.messaging.rabbitmq.consumer | INFO | Mensaje recibido: request_id=19315
2026-04-06 00:04:29,446 | concert_ticketing.adapters.messaging.rabbitmq.consumer | INFO | Mensaje recibido: request_id=19357
2026-04-06 00:04:29,537 | concert_ticketing.adapters.messaging.rabbitmq.consumer | INFO | Mensaje recibido: request_id=19391
2026-04-06 00:04:29,615 | concert_ticketing.adapters.messaging.rabbitmq.consumer | INFO | Mensaje recibido: request_id=19345
2026-04-06 00:04:29,708 | concert_ticketing.adapters.messaging.rabbitmq.consumer | INFO | Mensaje recibido: request_id=19390
2026-04-06 00:04:29,803 | concert_ticketing.adapters.messaging.rabbitmq.consumer | INFO | Mensaje recibido: request_id=19329
2026-04-06 00:04:29,870 | concert_ticketing.adapters.messaging.rabbitmq.consumer | INFO | Mensaje recibido: request_id=19421
2026-04-06 00:04:29,949 | concert_ticketing.adapters.messaging.rabbitmq.consumer | INFO | Mensaje recibido: request_id=19408
2026-04-06 00:04:30,023 | concert_ticketing.adapters.messaging.rabbitmq.consumer | INFO | Mensaje recibido: request_id=19404
2026-04-06 00:04:30,112 | concert_ticketing.adapters.messaging.rabbitmq.consumer | INFO | Mensaje recibido: request_id=19393
2026-04-06 00:04:30,188 | concert_ticketing.adapters.messaging.rabbitmq.consumer | INFO | Mensaje recibido: request_id=19430
2026-04-06 00:04:30,283 | concert_ticketing.adapters.messaging.rabbitmq.consumer | INFO | Mensaje recibido: request_id=19344
2026-04-06 00:04:30,363 | concert_ticketing.adapters.messaging.rabbitmq.consumer | INFO | Mensaje recibido: request_id=19395
2026-04-06 00:04:30,454 | concert_ticketing.adapters.messaging.rabbitmq.consumer | INFO | Mensaje recibido: request_id=19478
2026-04-06 00:04:30,535 | concert_ticketing.adapters.messaging.rabbitmq.consumer | INFO | Mensaje recibido: request_id=19270
2026-04-06 00:04:30,639 | concert_ticketing.adapters.messaging.rabbitmq.consumer | INFO | Mensaje recibido: request_id=19471
2026-04-06 00:04:30,731 | concert_ticketing.adapters.messaging.rabbitmq.consumer | INFO | Mensaje recibido: request_id=19444
2026-04-06 00:04:30,806 | concert_ticketing.adapters.messaging.rabbitmq.consumer | INFO | Mensaje recibido: request_id=19498
2026-04-06 00:04:30,904 | concert_ticketing.adapters.messaging.rabbitmq.consumer | INFO | Mensaje recibido: request_id=19480
2026-04-06 00:04:30,990 | concert_ticketing.adapters.messaging.rabbitmq.consumer | INFO | Mensaje recibido: request_id=19512
2026-04-06 00:04:31,073 | concert_ticketing.adapters.messaging.rabbitmq.consumer | INFO | Mensaje recibido: request_id=19500
2026-04-06 00:04:31,162 | concert_ticketing.adapters.messaging.rabbitmq.consumer | INFO | Mensaje recibido: request_id=19505
2026-04-06 00:04:31,260 | concert_ticketing.adapters.messaging.rabbitmq.consumer | INFO | Mensaje recibido: request_id=19541
2026-04-06 00:04:31,359 | concert_ticketing.adapters.messaging.rabbitmq.consumer | INFO | Mensaje recibido: request_id=19559
2026-04-06 00:04:31,462 | concert_ticketing.adapters.messaging.rabbitmq.consumer | INFO | Mensaje recibido: request_id=19528
2026-04-06 00:04:31,531 | concert_ticketing.adapters.messaging.rabbitmq.consumer | INFO | Mensaje recibido: request_id=19571
2026-04-06 00:04:31,623 | concert_ticketing.adapters.messaging.rabbitmq.consumer | INFO | Mensaje recibido: request_id=19479
2026-04-06 00:04:31,717 | concert_ticketing.adapters.messaging.rabbitmq.consumer | INFO | Mensaje recibido: request_id=19591
2026-04-06 00:04:31,817 | concert_ticketing.adapters.messaging.rabbitmq.consumer | INFO | Mensaje recibido: request_id=19584
2026-04-06 00:04:31,878 | concert_ticketing.adapters.messaging.rabbitmq.consumer | INFO | Mensaje recibido: request_id=19553
2026-04-06 00:04:31,967 | concert_ticketing.adapters.messaging.rabbitmq.consumer | INFO | Mensaje recibido: request_id=19601
2026-04-06 00:04:32,064 | concert_ticketing.adapters.messaging.rabbitmq.consumer | INFO | Mensaje recibido: request_id=19599
2026-04-06 00:04:32,153 | concert_ticketing.adapters.messaging.rabbitmq.consumer | INFO | Mensaje recibido: request_id=19615
2026-04-06 00:04:32,231 | concert_ticketing.adapters.messaging.rabbitmq.consumer | INFO | Mensaje recibido: request_id=19636
2026-04-06 00:04:32,321 | concert_ticketing.adapters.messaging.rabbitmq.consumer | INFO | Mensaje recibido: request_id=19515
2026-04-06 00:04:32,407 | concert_ticketing.adapters.messaging.rabbitmq.consumer | INFO | Mensaje recibido: request_id=19575
2026-04-06 00:04:32,485 | concert_ticketing.adapters.messaging.rabbitmq.consumer | INFO | Mensaje recibido: request_id=19650
2026-04-06 00:04:32,570 | concert_ticketing.adapters.messaging.rabbitmq.consumer | INFO | Mensaje recibido: request_id=19655
2026-04-06 00:04:32,633 | concert_ticketing.adapters.messaging.rabbitmq.consumer | INFO | Mensaje recibido: request_id=19659
2026-04-06 00:04:32,737 | concert_ticketing.adapters.messaging.rabbitmq.consumer | INFO | Mensaje recibido: request_id=19613
2026-04-06 00:04:32,802 | concert_ticketing.adapters.messaging.rabbitmq.consumer | INFO | Mensaje recibido: request_id=19693
2026-04-06 00:04:32,879 | concert_ticketing.adapters.messaging.rabbitmq.consumer | INFO | Mensaje recibido: request_id=19572
2026-04-06 00:04:32,981 | concert_ticketing.adapters.messaging.rabbitmq.consumer | INFO | Mensaje recibido: request_id=19711
2026-04-06 00:04:33,058 | concert_ticketing.adapters.messaging.rabbitmq.consumer | INFO | Mensaje recibido: request_id=19712
2026-04-06 00:04:33,146 | concert_ticketing.adapters.messaging.rabbitmq.consumer | INFO | Mensaje recibido: request_id=19726
2026-04-06 00:04:33,225 | concert_ticketing.adapters.messaging.rabbitmq.consumer | INFO | Mensaje recibido: request_id=19733
2026-04-06 00:04:33,291 | concert_ticketing.adapters.messaging.rabbitmq.consumer | INFO | Mensaje recibido: request_id=19732
2026-04-06 00:04:33,363 | concert_ticketing.adapters.messaging.rabbitmq.consumer | INFO | Mensaje recibido: request_id=19673
2026-04-06 00:04:33,437 | concert_ticketing.adapters.messaging.rabbitmq.consumer | INFO | Mensaje recibido: request_id=19719
2026-04-06 00:04:33,541 | concert_ticketing.adapters.messaging.rabbitmq.consumer | INFO | Mensaje recibido: request_id=19714
2026-04-06 00:04:33,617 | concert_ticketing.adapters.messaging.rabbitmq.consumer | INFO | Mensaje recibido: request_id=19765
2026-04-06 00:04:33,694 | concert_ticketing.adapters.messaging.rabbitmq.consumer | INFO | Mensaje recibido: request_id=19696
2026-04-06 00:04:33,757 | concert_ticketing.adapters.messaging.rabbitmq.consumer | INFO | Mensaje recibido: request_id=19752
2026-04-06 00:04:33,835 | concert_ticketing.adapters.messaging.rabbitmq.consumer | INFO | Mensaje recibido: request_id=19739
2026-04-06 00:04:33,925 | concert_ticketing.adapters.messaging.rabbitmq.consumer | INFO | Mensaje recibido: request_id=19806
2026-04-06 00:04:34,007 | concert_ticketing.adapters.messaging.rabbitmq.consumer | INFO | Mensaje recibido: request_id=19743
2026-04-06 00:04:34,101 | concert_ticketing.adapters.messaging.rabbitmq.consumer | INFO | Mensaje recibido: request_id=19790
2026-04-06 00:04:34,164 | concert_ticketing.adapters.messaging.rabbitmq.consumer | INFO | Mensaje recibido: request_id=19822
2026-04-06 00:04:34,273 | concert_ticketing.adapters.messaging.rabbitmq.consumer | INFO | Mensaje recibido: request_id=19805
2026-04-06 00:04:34,386 | concert_ticketing.adapters.messaging.rabbitmq.consumer | INFO | Mensaje recibido: request_id=19771
2026-04-06 00:04:34,477 | concert_ticketing.adapters.messaging.rabbitmq.consumer | INFO | Mensaje recibido: request_id=19760
2026-04-06 00:04:34,562 | concert_ticketing.adapters.messaging.rabbitmq.consumer | INFO | Mensaje recibido: request_id=19861
2026-04-06 00:04:34,675 | concert_ticketing.adapters.messaging.rabbitmq.consumer | INFO | Mensaje recibido: request_id=19869
2026-04-06 00:04:34,773 | concert_ticketing.adapters.messaging.rabbitmq.consumer | INFO | Mensaje recibido: request_id=19826
2026-04-06 00:04:34,877 | concert_ticketing.adapters.messaging.rabbitmq.consumer | INFO | Mensaje recibido: request_id=19849
2026-04-06 00:04:34,979 | concert_ticketing.adapters.messaging.rabbitmq.consumer | INFO | Mensaje recibido: request_id=19895
2026-04-06 00:04:35,093 | concert_ticketing.adapters.messaging.rabbitmq.consumer | INFO | Mensaje recibido: request_id=19896
2026-04-06 00:04:35,200 | concert_ticketing.adapters.messaging.rabbitmq.consumer | INFO | Mensaje recibido: request_id=19870
2026-04-06 00:04:35,274 | concert_ticketing.adapters.messaging.rabbitmq.consumer | INFO | Mensaje recibido: request_id=19865
2026-04-06 00:04:35,365 | concert_ticketing.adapters.messaging.rabbitmq.consumer | INFO | Mensaje recibido: request_id=19899
2026-04-06 00:04:35,445 | concert_ticketing.adapters.messaging.rabbitmq.consumer | INFO | Mensaje recibido: request_id=19904
2026-04-06 00:04:35,530 | concert_ticketing.adapters.messaging.rabbitmq.consumer | INFO | Mensaje recibido: request_id=19915
2026-04-06 00:04:35,604 | concert_ticketing.adapters.messaging.rabbitmq.consumer | INFO | Mensaje recibido: request_id=19847
2026-04-06 00:04:35,706 | concert_ticketing.adapters.messaging.rabbitmq.consumer | INFO | Mensaje recibido: request_id=19960
2026-04-06 00:04:35,783 | concert_ticketing.adapters.messaging.rabbitmq.consumer | INFO | Mensaje recibido: request_id=19917
2026-04-06 00:04:35,854 | concert_ticketing.adapters.messaging.rabbitmq.consumer | INFO | Mensaje recibido: request_id=19973
2026-04-06 00:04:35,938 | concert_ticketing.adapters.messaging.rabbitmq.consumer | INFO | Mensaje recibido: request_id=19956
2026-04-06 00:04:36,014 | concert_ticketing.adapters.messaging.rabbitmq.consumer | INFO | Mensaje recibido: request_id=19846
2026-04-06 00:04:36,092 | concert_ticketing.adapters.messaging.rabbitmq.consumer | INFO | Mensaje recibido: request_id=19987
2026-04-06 00:04:36,156 | concert_ticketing.adapters.messaging.rabbitmq.consumer | INFO | Mensaje recibido: request_id=19936
2026-04-06 00:04:36,231 | concert_ticketing.adapters.messaging.rabbitmq.consumer | INFO | Mensaje recibido: request_id=19901
2026-04-06 00:04:36,302 | concert_ticketing.adapters.messaging.rabbitmq.consumer | INFO | Mensaje recibido: request_id=19998
2026-04-06 00:04:36,368 | concert_ticketing.adapters.messaging.rabbitmq.consumer | INFO | Mensaje recibido: request_id=19891
2026-04-06 00:04:36,402 | concert_ticketing.adapters.messaging.rabbitmq.consumer | INFO | Mensaje recibido: request_id=19950
