2026-04-06 00:01:02,841 | concert_ticketing.adapters.persistence.redis.connection | INFO | Cliente Redis creado -> localhost:6379/0
2026-04-06 00:01:02,863 | pika.adapters.utils.connection_workflow | INFO | Pika version 1.3.2 connecting to ('::1', 5672, 0, 0)
2026-04-06 00:01:02,866 | pika.adapters.utils.io_services_utils | INFO | Socket connected: <socket.socket fd=1204, family=23, type=1, proto=6, laddr=('::1', 57653, 0, 0), raddr=('::1', 5672, 0, 0)>
2026-04-06 00:01:02,866 | pika.adapters.utils.connection_workflow | INFO | Streaming transport linked up: (<pika.adapters.utils.io_services_utils._AsyncPlaintextTransport object at 0x000001F413507EC0>, _StreamingProtocolShim: <SelectConnection PROTOCOL transport=<pika.adapters.utils.io_services_utils._AsyncPlaintextTransport object at 0x000001F413507EC0> params=<ConnectionParameters host=localhost port=5672 virtual_host=/ ssl=False>>).
2026-04-06 00:01:02,917 | pika.adapters.utils.connection_workflow | INFO | AMQPConnector - reporting success: <SelectConnection OPEN transport=<pika.adapters.utils.io_services_utils._AsyncPlaintextTransport object at 0x000001F413507EC0> params=<ConnectionParameters host=localhost port=5672 virtual_host=/ ssl=False>>
2026-04-06 00:01:02,918 | pika.adapters.utils.connection_workflow | INFO | AMQPConnectionWorkflow - reporting success: <SelectConnection OPEN transport=<pika.adapters.utils.io_services_utils._AsyncPlaintextTransport object at 0x000001F413507EC0> params=<ConnectionParameters host=localhost port=5672 virtual_host=/ ssl=False>>
2026-04-06 00:01:02,918 | pika.adapters.blocking_connection | INFO | Connection workflow succeeded: <SelectConnection OPEN transport=<pika.adapters.utils.io_services_utils._AsyncPlaintextTransport object at 0x000001F413507EC0> params=<ConnectionParameters host=localhost port=5672 virtual_host=/ ssl=False>>
2026-04-06 00:01:02,918 | concert_ticketing.adapters.messaging.rabbitmq.connection | INFO | Conexion RabbitMQ establecida -> localhost:5672
2026-04-06 00:01:02,919 | __main__ | INFO | Conexión RabbitMQ establecida (intento 1/10)
2026-04-06 00:01:02,919 | pika.adapters.blocking_connection | INFO | Created channel=1
2026-04-06 00:01:02,925 | concert_ticketing.adapters.messaging.rabbitmq.queue_setup | INFO | Cola 'purchase_requests' declarada.
2026-04-06 00:01:02,927 | concert_ticketing.adapters.messaging.rabbitmq.queue_setup | INFO | Exchange 'purchase_results' declarado.
2026-04-06 00:01:02,928 | __main__ | INFO | Worker iniciado. Consumiendo peticiones de compra...
2026-04-06 00:01:02,929 | concert_ticketing.adapters.messaging.rabbitmq.consumer | INFO | Consumiendo de 'purchase_requests'. Esperando mensajes...
2026-04-06 00:01:08,148 | concert_ticketing.adapters.messaging.rabbitmq.consumer | INFO | Mensaje recibido: request_id=00012
2026-04-06 00:01:08,217 | concert_ticketing.adapters.messaging.rabbitmq.consumer | INFO | Mensaje recibido: request_id=00042
2026-04-06 00:01:08,273 | concert_ticketing.adapters.messaging.rabbitmq.consumer | INFO | Mensaje recibido: request_id=00045
2026-04-06 00:01:08,324 | concert_ticketing.adapters.messaging.rabbitmq.consumer | INFO | Mensaje recibido: request_id=00025
2026-04-06 00:01:08,369 | concert_ticketing.adapters.messaging.rabbitmq.consumer | INFO | Mensaje recibido: request_id=00028
2026-04-06 00:01:08,420 | concert_ticketing.adapters.messaging.rabbitmq.consumer | INFO | Mensaje recibido: request_id=00020
2026-04-06 00:01:08,465 | concert_ticketing.adapters.messaging.rabbitmq.consumer | INFO | Mensaje recibido: request_id=00057
2026-04-06 00:01:08,512 | concert_ticketing.adapters.messaging.rabbitmq.consumer | INFO | Mensaje recibido: request_id=00063
2026-04-06 00:01:08,561 | concert_ticketing.adapters.messaging.rabbitmq.consumer | INFO | Mensaje recibido: request_id=00072
2026-04-06 00:01:08,606 | concert_ticketing.adapters.messaging.rabbitmq.consumer | INFO | Mensaje recibido: request_id=00079
2026-04-06 00:01:08,652 | concert_ticketing.adapters.messaging.rabbitmq.consumer | INFO | Mensaje recibido: request_id=00087
2026-04-06 00:01:08,697 | concert_ticketing.adapters.messaging.rabbitmq.consumer | INFO | Mensaje recibido: request_id=00095
2026-04-06 00:01:08,748 | concert_ticketing.adapters.messaging.rabbitmq.consumer | INFO | Mensaje recibido: request_id=00104
2026-04-06 00:01:08,796 | concert_ticketing.adapters.messaging.rabbitmq.consumer | INFO | Mensaje recibido: request_id=00112
2026-04-06 00:01:08,845 | concert_ticketing.adapters.messaging.rabbitmq.consumer | INFO | Mensaje recibido: request_id=00120
2026-04-06 00:01:08,892 | concert_ticketing.adapters.messaging.rabbitmq.consumer | INFO | Mensaje recibido: request_id=00127
2026-04-06 00:01:08,941 | concert_ticketing.adapters.messaging.rabbitmq.consumer | INFO | Mensaje recibido: request_id=00136
2026-04-06 00:01:08,988 | concert_ticketing.adapters.messaging.rabbitmq.consumer | INFO | Mensaje recibido: request_id=00143
2026-04-06 00:01:09,044 | concert_ticketing.adapters.messaging.rabbitmq.consumer | INFO | Mensaje recibido: request_id=00154
2026-04-06 00:01:09,100 | concert_ticketing.adapters.messaging.rabbitmq.consumer | INFO | Mensaje recibido: request_id=00163
2026-04-06 00:01:09,149 | concert_ticketing.adapters.messaging.rabbitmq.consumer | INFO | Mensaje recibido: request_id=00171
2026-04-06 00:01:09,194 | concert_ticketing.adapters.messaging.rabbitmq.consumer | INFO | Mensaje recibido: request_id=00179
2026-04-06 00:01:09,245 | concert_ticketing.adapters.messaging.rabbitmq.consumer | INFO | Mensaje recibido: request_id=00187
2026-04-06 00:01:09,292 | concert_ticketing.adapters.messaging.rabbitmq.consumer | INFO | Mensaje recibido: request_id=00194
2026-04-06 00:01:09,337 | concert_ticketing.adapters.messaging.rabbitmq.consumer | INFO | Mensaje recibido: request_id=00202
2026-04-06 00:01:09,380 | concert_ticketing.adapters.messaging.rabbitmq.consumer | INFO | Mensaje recibido: request_id=00210
2026-04-06 00:01:09,428 | concert_ticketing.adapters.messaging.rabbitmq.consumer | INFO | Mensaje recibido: request_id=00218
2026-04-06 00:01:09,480 | concert_ticketing.adapters.messaging.rabbitmq.consumer | INFO | Mensaje recibido: request_id=00228
2026-04-06 00:01:09,528 | concert_ticketing.adapters.messaging.rabbitmq.consumer | INFO | Mensaje recibido: request_id=00235
2026-04-06 00:01:09,576 | concert_ticketing.adapters.messaging.rabbitmq.consumer | INFO | Mensaje recibido: request_id=00243
2026-04-06 00:01:09,624 | concert_ticketing.adapters.messaging.rabbitmq.consumer | INFO | Mensaje recibido: request_id=00252
2026-04-06 00:01:09,667 | concert_ticketing.adapters.messaging.rabbitmq.consumer | INFO | Mensaje recibido: request_id=00260
2026-04-06 00:01:09,713 | concert_ticketing.adapters.messaging.rabbitmq.consumer | INFO | Mensaje recibido: request_id=00267
2026-04-06 00:01:09,761 | concert_ticketing.adapters.messaging.rabbitmq.consumer | INFO | Mensaje recibido: request_id=00276
2026-04-06 00:01:09,809 | concert_ticketing.adapters.messaging.rabbitmq.consumer | INFO | Mensaje recibido: request_id=00284
2026-04-06 00:01:09,865 | concert_ticketing.adapters.messaging.rabbitmq.consumer | INFO | Mensaje recibido: request_id=00293
2026-04-06 00:01:09,917 | concert_ticketing.adapters.messaging.rabbitmq.consumer | INFO | Mensaje recibido: request_id=00301
2026-04-06 00:01:09,965 | concert_ticketing.adapters.messaging.rabbitmq.consumer | INFO | Mensaje recibido: request_id=00309
2026-04-06 00:01:10,013 | concert_ticketing.adapters.messaging.rabbitmq.consumer | INFO | Mensaje recibido: request_id=00317
2026-04-06 00:01:10,056 | concert_ticketing.adapters.messaging.rabbitmq.consumer | INFO | Mensaje recibido: request_id=00325
2026-04-06 00:01:10,104 | concert_ticketing.adapters.messaging.rabbitmq.consumer | INFO | Mensaje recibido: request_id=00333
2026-04-06 00:01:10,152 | concert_ticketing.adapters.messaging.rabbitmq.consumer | INFO | Mensaje recibido: request_id=00341
2026-04-06 00:01:10,200 | concert_ticketing.adapters.messaging.rabbitmq.consumer | INFO | Mensaje recibido: request_id=00349
2026-04-06 00:01:10,252 | concert_ticketing.adapters.messaging.rabbitmq.consumer | INFO | Mensaje recibido: request_id=00357
2026-04-06 00:01:10,308 | concert_ticketing.adapters.messaging.rabbitmq.consumer | INFO | Mensaje recibido: request_id=00367
2026-04-06 00:01:10,361 | concert_ticketing.adapters.messaging.rabbitmq.consumer | INFO | Mensaje recibido: request_id=00375
2026-04-06 00:01:10,405 | concert_ticketing.adapters.messaging.rabbitmq.consumer | INFO | Mensaje recibido: request_id=00383
2026-04-06 00:01:10,453 | concert_ticketing.adapters.messaging.rabbitmq.consumer | INFO | Mensaje recibido: request_id=00391
2026-04-06 00:01:10,499 | concert_ticketing.adapters.messaging.rabbitmq.consumer | INFO | Mensaje recibido: request_id=00398
2026-04-06 00:01:10,548 | concert_ticketing.adapters.messaging.rabbitmq.consumer | INFO | Mensaje recibido: request_id=00406
2026-04-06 00:01:10,596 | concert_ticketing.adapters.messaging.rabbitmq.consumer | INFO | Mensaje recibido: request_id=00414
2026-04-06 00:01:10,648 | concert_ticketing.adapters.messaging.rabbitmq.consumer | INFO | Mensaje recibido: request_id=00424
2026-04-06 00:01:10,691 | concert_ticketing.adapters.messaging.rabbitmq.consumer | INFO | Mensaje recibido: request_id=00431
2026-04-06 00:01:10,741 | concert_ticketing.adapters.messaging.rabbitmq.consumer | INFO | Mensaje recibido: request_id=00438
2026-04-06 00:01:10,787 | concert_ticketing.adapters.messaging.rabbitmq.consumer | INFO | Mensaje recibido: request_id=00446
2026-04-06 00:01:10,845 | concert_ticketing.adapters.messaging.rabbitmq.consumer | INFO | Mensaje recibido: request_id=00457
2026-04-06 00:01:10,892 | concert_ticketing.adapters.messaging.rabbitmq.consumer | INFO | Mensaje recibido: request_id=00465
2026-04-06 00:01:10,940 | concert_ticketing.adapters.messaging.rabbitmq.consumer | INFO | Mensaje recibido: request_id=00472
2026-04-06 00:01:10,989 | concert_ticketing.adapters.messaging.rabbitmq.consumer | INFO | Mensaje recibido: request_id=00480
2026-04-06 00:01:11,037 | concert_ticketing.adapters.messaging.rabbitmq.consumer | INFO | Mensaje recibido: request_id=00488
2026-04-06 00:01:11,084 | concert_ticketing.adapters.messaging.rabbitmq.consumer | INFO | Mensaje recibido: request_id=00496
2026-04-06 00:01:11,132 | concert_ticketing.adapters.messaging.rabbitmq.consumer | INFO | Mensaje recibido: request_id=00505
2026-04-06 00:01:11,181 | concert_ticketing.adapters.messaging.rabbitmq.consumer | INFO | Mensaje recibido: request_id=00512
2026-04-06 00:01:11,233 | concert_ticketing.adapters.messaging.rabbitmq.consumer | INFO | Mensaje recibido: request_id=00521
2026-04-06 00:01:11,278 | concert_ticketing.adapters.messaging.rabbitmq.consumer | INFO | Mensaje recibido: request_id=00529
2026-04-06 00:01:11,329 | concert_ticketing.adapters.messaging.rabbitmq.consumer | INFO | Mensaje recibido: request_id=00537
2026-04-06 00:01:11,377 | concert_ticketing.adapters.messaging.rabbitmq.consumer | INFO | Mensaje recibido: request_id=00545
2026-04-06 00:01:11,425 | concert_ticketing.adapters.messaging.rabbitmq.consumer | INFO | Mensaje recibido: request_id=00552
2026-04-06 00:01:11,473 | concert_ticketing.adapters.messaging.rabbitmq.consumer | INFO | Mensaje recibido: request_id=00561
2026-04-06 00:01:11,525 | concert_ticketing.adapters.messaging.rabbitmq.consumer | INFO | Mensaje recibido: request_id=00570
2026-04-06 00:01:11,572 | concert_ticketing.adapters.messaging.rabbitmq.consumer | INFO | Mensaje recibido: request_id=00577
2026-04-06 00:01:11,621 | concert_ticketing.adapters.messaging.rabbitmq.consumer | INFO | Mensaje recibido: request_id=00584
2026-04-06 00:01:11,673 | concert_ticketing.adapters.messaging.rabbitmq.consumer | INFO | Mensaje recibido: request_id=00593
2026-04-06 00:01:11,721 | concert_ticketing.adapters.messaging.rabbitmq.consumer | INFO | Mensaje recibido: request_id=00600
2026-04-06 00:01:11,765 | concert_ticketing.adapters.messaging.rabbitmq.consumer | INFO | Mensaje recibido: request_id=00608
2026-04-06 00:01:11,808 | concert_ticketing.adapters.messaging.rabbitmq.consumer | INFO | Mensaje recibido: request_id=00616
2026-04-06 00:01:11,852 | concert_ticketing.adapters.messaging.rabbitmq.consumer | INFO | Mensaje recibido: request_id=00624
2026-04-06 00:01:11,897 | concert_ticketing.adapters.messaging.rabbitmq.consumer | INFO | Mensaje recibido: request_id=00632
2026-04-06 00:01:11,948 | concert_ticketing.adapters.messaging.rabbitmq.consumer | INFO | Mensaje recibido: request_id=00642
2026-04-06 00:01:11,997 | concert_ticketing.adapters.messaging.rabbitmq.consumer | INFO | Mensaje recibido: request_id=00650
2026-04-06 00:01:12,048 | concert_ticketing.adapters.messaging.rabbitmq.consumer | INFO | Mensaje recibido: request_id=00659
2026-04-06 00:01:12,096 | concert_ticketing.adapters.messaging.rabbitmq.consumer | INFO | Mensaje recibido: request_id=00666
2026-04-06 00:01:12,141 | concert_ticketing.adapters.messaging.rabbitmq.consumer | INFO | Mensaje recibido: request_id=00674
2026-04-06 00:01:12,191 | concert_ticketing.adapters.messaging.rabbitmq.consumer | INFO | Mensaje recibido: request_id=00682
2026-04-06 00:01:12,236 | concert_ticketing.adapters.messaging.rabbitmq.consumer | INFO | Mensaje recibido: request_id=00690
2026-04-06 00:01:12,280 | concert_ticketing.adapters.messaging.rabbitmq.consumer | INFO | Mensaje recibido: request_id=00697
2026-04-06 00:01:12,325 | concert_ticketing.adapters.messaging.rabbitmq.consumer | INFO | Mensaje recibido: request_id=00703
2026-04-06 00:01:12,376 | concert_ticketing.adapters.messaging.rabbitmq.consumer | INFO | Mensaje recibido: request_id=00713
2026-04-06 00:01:12,421 | concert_ticketing.adapters.messaging.rabbitmq.consumer | INFO | Mensaje recibido: request_id=00720
2026-04-06 00:01:12,471 | concert_ticketing.adapters.messaging.rabbitmq.consumer | INFO | Mensaje recibido: request_id=00728
2026-04-06 00:01:12,517 | concert_ticketing.adapters.messaging.rabbitmq.consumer | INFO | Mensaje recibido: request_id=00736
2026-04-06 00:01:12,576 | concert_ticketing.adapters.messaging.rabbitmq.consumer | INFO | Mensaje recibido: request_id=00747
2026-04-06 00:01:12,624 | concert_ticketing.adapters.messaging.rabbitmq.consumer | INFO | Mensaje recibido: request_id=00754
2026-04-06 00:01:12,669 | concert_ticketing.adapters.messaging.rabbitmq.consumer | INFO | Mensaje recibido: request_id=00762
2026-04-06 00:01:12,715 | concert_ticketing.adapters.messaging.rabbitmq.consumer | INFO | Mensaje recibido: request_id=00769
2026-04-06 00:01:12,764 | concert_ticketing.adapters.messaging.rabbitmq.consumer | INFO | Mensaje recibido: request_id=00777
2026-04-06 00:01:12,809 | concert_ticketing.adapters.messaging.rabbitmq.consumer | INFO | Mensaje recibido: request_id=00785
2026-04-06 00:01:12,856 | concert_ticketing.adapters.messaging.rabbitmq.consumer | INFO | Mensaje recibido: request_id=00791
2026-04-06 00:01:12,904 | concert_ticketing.adapters.messaging.rabbitmq.consumer | INFO | Mensaje recibido: request_id=00799
2026-04-06 00:01:12,952 | concert_ticketing.adapters.messaging.rabbitmq.consumer | INFO | Mensaje recibido: request_id=00805
2026-04-06 00:01:13,000 | concert_ticketing.adapters.messaging.rabbitmq.consumer | INFO | Mensaje recibido: request_id=00815
2026-04-06 00:01:13,048 | concert_ticketing.adapters.messaging.rabbitmq.consumer | INFO | Mensaje recibido: request_id=00823
2026-04-06 00:01:13,100 | concert_ticketing.adapters.messaging.rabbitmq.consumer | INFO | Mensaje recibido: request_id=00832
2026-04-06 00:01:13,148 | concert_ticketing.adapters.messaging.rabbitmq.consumer | INFO | Mensaje recibido: request_id=00840
2026-04-06 00:01:13,200 | concert_ticketing.adapters.messaging.rabbitmq.consumer | INFO | Mensaje recibido: request_id=00849
2026-04-06 00:01:13,244 | concert_ticketing.adapters.messaging.rabbitmq.consumer | INFO | Mensaje recibido: request_id=00857
2026-04-06 00:01:13,288 | concert_ticketing.adapters.messaging.rabbitmq.consumer | INFO | Mensaje recibido: request_id=00865
2026-04-06 00:01:13,337 | concert_ticketing.adapters.messaging.rabbitmq.consumer | INFO | Mensaje recibido: request_id=00873
2026-04-06 00:01:13,384 | concert_ticketing.adapters.messaging.rabbitmq.consumer | INFO | Mensaje recibido: request_id=00880
2026-04-06 00:01:13,429 | concert_ticketing.adapters.messaging.rabbitmq.consumer | INFO | Mensaje recibido: request_id=00887
2026-04-06 00:01:13,476 | concert_ticketing.adapters.messaging.rabbitmq.consumer | INFO | Mensaje recibido: request_id=00895
2026-04-06 00:01:13,525 | concert_ticketing.adapters.messaging.rabbitmq.consumer | INFO | Mensaje recibido: request_id=00903
2026-04-06 00:01:13,572 | concert_ticketing.adapters.messaging.rabbitmq.consumer | INFO | Mensaje recibido: request_id=00911
2026-04-06 00:01:13,621 | concert_ticketing.adapters.messaging.rabbitmq.consumer | INFO | Mensaje recibido: request_id=00919
2026-04-06 00:01:13,669 | concert_ticketing.adapters.messaging.rabbitmq.consumer | INFO | Mensaje recibido: request_id=00927
2026-04-06 00:01:13,716 | concert_ticketing.adapters.messaging.rabbitmq.consumer | INFO | Mensaje recibido: request_id=00935
2026-04-06 00:01:13,768 | concert_ticketing.adapters.messaging.rabbitmq.consumer | INFO | Mensaje recibido: request_id=00943
2026-04-06 00:01:13,820 | concert_ticketing.adapters.messaging.rabbitmq.consumer | INFO | Mensaje recibido: request_id=00951
2026-04-06 00:01:13,869 | concert_ticketing.adapters.messaging.rabbitmq.consumer | INFO | Mensaje recibido: request_id=00959
2026-04-06 00:01:13,916 | concert_ticketing.adapters.messaging.rabbitmq.consumer | INFO | Mensaje recibido: request_id=00967
2026-04-06 00:01:13,965 | concert_ticketing.adapters.messaging.rabbitmq.consumer | INFO | Mensaje recibido: request_id=00974
2026-04-06 00:01:14,012 | concert_ticketing.adapters.messaging.rabbitmq.consumer | INFO | Mensaje recibido: request_id=00982
2026-04-06 00:01:14,061 | concert_ticketing.adapters.messaging.rabbitmq.consumer | INFO | Mensaje recibido: request_id=00990
2026-04-06 00:01:14,112 | concert_ticketing.adapters.messaging.rabbitmq.consumer | INFO | Mensaje recibido: request_id=00998
2026-04-06 00:01:14,161 | concert_ticketing.adapters.messaging.rabbitmq.consumer | INFO | Mensaje recibido: request_id=01006
2026-04-06 00:01:14,208 | concert_ticketing.adapters.messaging.rabbitmq.consumer | INFO | Mensaje recibido: request_id=01014
2026-04-06 00:01:14,256 | concert_ticketing.adapters.messaging.rabbitmq.consumer | INFO | Mensaje recibido: request_id=01022
2026-04-06 00:01:14,309 | concert_ticketing.adapters.messaging.rabbitmq.consumer | INFO | Mensaje recibido: request_id=01030
2026-04-06 00:01:14,365 | concert_ticketing.adapters.messaging.rabbitmq.consumer | INFO | Mensaje recibido: request_id=01039
2026-04-06 00:01:14,412 | concert_ticketing.adapters.messaging.rabbitmq.consumer | INFO | Mensaje recibido: request_id=01046
2026-04-06 00:01:14,461 | concert_ticketing.adapters.messaging.rabbitmq.consumer | INFO | Mensaje recibido: request_id=01054
2026-04-06 00:01:14,512 | concert_ticketing.adapters.messaging.rabbitmq.consumer | INFO | Mensaje recibido: request_id=01063
2026-04-06 00:01:14,560 | concert_ticketing.adapters.messaging.rabbitmq.consumer | INFO | Mensaje recibido: request_id=01070
2026-04-06 00:01:14,607 | concert_ticketing.adapters.messaging.rabbitmq.consumer | INFO | Mensaje recibido: request_id=01078
2026-04-06 00:01:14,660 | concert_ticketing.adapters.messaging.rabbitmq.consumer | INFO | Mensaje recibido: request_id=01087
2026-04-06 00:01:14,709 | concert_ticketing.adapters.messaging.rabbitmq.consumer | INFO | Mensaje recibido: request_id=01096
2026-04-06 00:01:14,761 | concert_ticketing.adapters.messaging.rabbitmq.consumer | INFO | Mensaje recibido: request_id=01112
2026-04-06 00:01:14,941 | concert_ticketing.adapters.messaging.rabbitmq.consumer | INFO | Mensaje recibido: request_id=01115
2026-04-06 00:01:15,070 | concert_ticketing.adapters.messaging.rabbitmq.consumer | INFO | Mensaje recibido: request_id=01109
2026-04-06 00:01:15,215 | concert_ticketing.adapters.messaging.rabbitmq.consumer | INFO | Mensaje recibido: request_id=01155
2026-04-06 00:01:15,343 | concert_ticketing.adapters.messaging.rabbitmq.consumer | INFO | Mensaje recibido: request_id=01128
2026-04-06 00:01:15,495 | concert_ticketing.adapters.messaging.rabbitmq.consumer | INFO | Mensaje recibido: request_id=01173
2026-04-06 00:01:15,615 | concert_ticketing.adapters.messaging.rabbitmq.consumer | INFO | Mensaje recibido: request_id=01140
2026-04-06 00:01:15,756 | concert_ticketing.adapters.messaging.rabbitmq.consumer | INFO | Mensaje recibido: request_id=01157
2026-04-06 00:01:15,890 | concert_ticketing.adapters.messaging.rabbitmq.consumer | INFO | Mensaje recibido: request_id=01208
2026-04-06 00:01:16,034 | concert_ticketing.adapters.messaging.rabbitmq.consumer | INFO | Mensaje recibido: request_id=01179
2026-04-06 00:01:16,158 | concert_ticketing.adapters.messaging.rabbitmq.consumer | INFO | Mensaje recibido: request_id=01212
2026-04-06 00:01:16,288 | concert_ticketing.adapters.messaging.rabbitmq.consumer | INFO | Mensaje recibido: request_id=01231
2026-04-06 00:01:16,420 | concert_ticketing.adapters.messaging.rabbitmq.consumer | INFO | Mensaje recibido: request_id=01238
2026-04-06 00:01:16,562 | concert_ticketing.adapters.messaging.rabbitmq.consumer | INFO | Mensaje recibido: request_id=01175
2026-04-06 00:01:16,708 | concert_ticketing.adapters.messaging.rabbitmq.consumer | INFO | Mensaje recibido: request_id=01122
2026-04-06 00:01:16,814 | concert_ticketing.adapters.messaging.rabbitmq.consumer | INFO | Mensaje recibido: request_id=01254
2026-04-06 00:01:16,950 | concert_ticketing.adapters.messaging.rabbitmq.consumer | INFO | Mensaje recibido: request_id=01233
2026-04-06 00:01:17,074 | concert_ticketing.adapters.messaging.rabbitmq.consumer | INFO | Mensaje recibido: request_id=01252
2026-04-06 00:01:17,235 | concert_ticketing.adapters.messaging.rabbitmq.consumer | INFO | Mensaje recibido: request_id=01224
2026-04-06 00:01:17,375 | concert_ticketing.adapters.messaging.rabbitmq.consumer | INFO | Mensaje recibido: request_id=01291
2026-04-06 00:01:17,523 | concert_ticketing.adapters.messaging.rabbitmq.consumer | INFO | Mensaje recibido: request_id=01230
2026-04-06 00:01:17,683 | concert_ticketing.adapters.messaging.rabbitmq.consumer | INFO | Mensaje recibido: request_id=01301
2026-04-06 00:01:17,800 | concert_ticketing.adapters.messaging.rabbitmq.consumer | INFO | Mensaje recibido: request_id=01319
2026-04-06 00:01:17,961 | concert_ticketing.adapters.messaging.rabbitmq.consumer | INFO | Mensaje recibido: request_id=01329
2026-04-06 00:01:18,113 | concert_ticketing.adapters.messaging.rabbitmq.consumer | INFO | Mensaje recibido: request_id=01286
2026-04-06 00:01:18,217 | concert_ticketing.adapters.messaging.rabbitmq.consumer | INFO | Mensaje recibido: request_id=01270
2026-04-06 00:01:18,372 | concert_ticketing.adapters.messaging.rabbitmq.consumer | INFO | Mensaje recibido: request_id=01313
2026-04-06 00:01:18,496 | concert_ticketing.adapters.messaging.rabbitmq.consumer | INFO | Mensaje recibido: request_id=01352
2026-04-06 00:01:18,633 | concert_ticketing.adapters.messaging.rabbitmq.consumer | INFO | Mensaje recibido: request_id=01367
2026-04-06 00:01:18,788 | concert_ticketing.adapters.messaging.rabbitmq.consumer | INFO | Mensaje recibido: request_id=01363
2026-04-06 00:01:18,898 | concert_ticketing.adapters.messaging.rabbitmq.consumer | INFO | Mensaje recibido: request_id=01326
2026-04-06 00:01:19,022 | concert_ticketing.adapters.messaging.rabbitmq.consumer | INFO | Mensaje recibido: request_id=01304
2026-04-06 00:01:19,143 | concert_ticketing.adapters.messaging.rabbitmq.consumer | INFO | Mensaje recibido: request_id=01373
2026-04-06 00:01:19,295 | concert_ticketing.adapters.messaging.rabbitmq.consumer | INFO | Mensaje recibido: request_id=01277
2026-04-06 00:01:19,387 | concert_ticketing.adapters.messaging.rabbitmq.consumer | INFO | Mensaje recibido: request_id=01406
2026-04-06 00:01:19,490 | concert_ticketing.adapters.messaging.rabbitmq.consumer | INFO | Mensaje recibido: request_id=01411
2026-04-06 00:01:19,633 | concert_ticketing.adapters.messaging.rabbitmq.consumer | INFO | Mensaje recibido: request_id=01368
2026-04-06 00:01:19,732 | concert_ticketing.adapters.messaging.rabbitmq.consumer | INFO | Mensaje recibido: request_id=01435
2026-04-06 00:01:19,816 | concert_ticketing.adapters.messaging.rabbitmq.consumer | INFO | Mensaje recibido: request_id=01440
2026-04-06 00:01:19,915 | concert_ticketing.adapters.messaging.rabbitmq.consumer | INFO | Mensaje recibido: request_id=01417
2026-04-06 00:01:19,998 | concert_ticketing.adapters.messaging.rabbitmq.consumer | INFO | Mensaje recibido: request_id=01455
2026-04-06 00:01:20,079 | concert_ticketing.adapters.messaging.rabbitmq.consumer | INFO | Mensaje recibido: request_id=01449
2026-04-06 00:01:20,148 | concert_ticketing.adapters.messaging.rabbitmq.consumer | INFO | Mensaje recibido: request_id=01469
2026-04-06 00:01:20,242 | concert_ticketing.adapters.messaging.rabbitmq.consumer | INFO | Mensaje recibido: request_id=01418
2026-04-06 00:01:20,328 | concert_ticketing.adapters.messaging.rabbitmq.consumer | INFO | Mensaje recibido: request_id=01463
2026-04-06 00:01:20,417 | concert_ticketing.adapters.messaging.rabbitmq.consumer | INFO | Mensaje recibido: request_id=01503
2026-04-06 00:01:20,497 | concert_ticketing.adapters.messaging.rabbitmq.consumer | INFO | Mensaje recibido: request_id=01468
2026-04-06 00:01:20,600 | concert_ticketing.adapters.messaging.rabbitmq.consumer | INFO | Mensaje recibido: request_id=01389
2026-04-06 00:01:20,676 | concert_ticketing.adapters.messaging.rabbitmq.consumer | INFO | Mensaje recibido: request_id=01520
2026-04-06 00:01:20,778 | concert_ticketing.adapters.messaging.rabbitmq.consumer | INFO | Mensaje recibido: request_id=01537
2026-04-06 00:01:20,855 | concert_ticketing.adapters.messaging.rabbitmq.consumer | INFO | Mensaje recibido: request_id=01542
2026-04-06 00:01:20,946 | concert_ticketing.adapters.messaging.rabbitmq.consumer | INFO | Mensaje recibido: request_id=01552
2026-04-06 00:01:21,033 | concert_ticketing.adapters.messaging.rabbitmq.consumer | INFO | Mensaje recibido: request_id=01558
2026-04-06 00:01:21,124 | concert_ticketing.adapters.messaging.rabbitmq.consumer | INFO | Mensaje recibido: request_id=01522
2026-04-06 00:01:21,206 | concert_ticketing.adapters.messaging.rabbitmq.consumer | INFO | Mensaje recibido: request_id=01470
2026-04-06 00:01:21,280 | concert_ticketing.adapters.messaging.rabbitmq.consumer | INFO | Mensaje recibido: request_id=01536
2026-04-06 00:01:21,374 | concert_ticketing.adapters.messaging.rabbitmq.consumer | INFO | Mensaje recibido: request_id=01570
2026-04-06 00:01:21,452 | concert_ticketing.adapters.messaging.rabbitmq.consumer | INFO | Mensaje recibido: request_id=01505
2026-04-06 00:01:21,533 | concert_ticketing.adapters.messaging.rabbitmq.consumer | INFO | Mensaje recibido: request_id=01441
2026-04-06 00:01:21,616 | concert_ticketing.adapters.messaging.rabbitmq.consumer | INFO | Mensaje recibido: request_id=01572
2026-04-06 00:01:21,693 | concert_ticketing.adapters.messaging.rabbitmq.consumer | INFO | Mensaje recibido: request_id=01599
2026-04-06 00:01:21,763 | concert_ticketing.adapters.messaging.rabbitmq.consumer | INFO | Mensaje recibido: request_id=01591
2026-04-06 00:01:21,853 | concert_ticketing.adapters.messaging.rabbitmq.consumer | INFO | Mensaje recibido: request_id=01639
2026-04-06 00:01:21,946 | concert_ticketing.adapters.messaging.rabbitmq.consumer | INFO | Mensaje recibido: request_id=01561
2026-04-06 00:01:22,021 | concert_ticketing.adapters.messaging.rabbitmq.consumer | INFO | Mensaje recibido: request_id=01641
2026-04-06 00:01:22,115 | concert_ticketing.adapters.messaging.rabbitmq.consumer | INFO | Mensaje recibido: request_id=01665
2026-04-06 00:01:22,201 | concert_ticketing.adapters.messaging.rabbitmq.consumer | INFO | Mensaje recibido: request_id=01671
2026-04-06 00:01:22,288 | concert_ticketing.adapters.messaging.rabbitmq.consumer | INFO | Mensaje recibido: request_id=01673
2026-04-06 00:01:22,363 | concert_ticketing.adapters.messaging.rabbitmq.consumer | INFO | Mensaje recibido: request_id=01631
2026-04-06 00:01:22,451 | concert_ticketing.adapters.messaging.rabbitmq.consumer | INFO | Mensaje recibido: request_id=01666
2026-04-06 00:01:22,531 | concert_ticketing.adapters.messaging.rabbitmq.consumer | INFO | Mensaje recibido: request_id=01680
2026-04-06 00:01:22,626 | concert_ticketing.adapters.messaging.rabbitmq.consumer | INFO | Mensaje recibido: request_id=01664
2026-04-06 00:01:22,699 | concert_ticketing.adapters.messaging.rabbitmq.consumer | INFO | Mensaje recibido: request_id=01633
2026-04-06 00:01:22,794 | concert_ticketing.adapters.messaging.rabbitmq.consumer | INFO | Mensaje recibido: request_id=01678
2026-04-06 00:01:22,894 | concert_ticketing.adapters.messaging.rabbitmq.consumer | INFO | Mensaje recibido: request_id=01724
2026-04-06 00:01:22,963 | concert_ticketing.adapters.messaging.rabbitmq.consumer | INFO | Mensaje recibido: request_id=01744
2026-04-06 00:01:23,042 | concert_ticketing.adapters.messaging.rabbitmq.consumer | INFO | Mensaje recibido: request_id=01684
2026-04-06 00:01:23,138 | concert_ticketing.adapters.messaging.rabbitmq.consumer | INFO | Mensaje recibido: request_id=01759
2026-04-06 00:01:23,203 | concert_ticketing.adapters.messaging.rabbitmq.consumer | INFO | Mensaje recibido: request_id=01689
2026-04-06 00:01:23,284 | concert_ticketing.adapters.messaging.rabbitmq.consumer | INFO | Mensaje recibido: request_id=01547
2026-04-06 00:01:23,376 | concert_ticketing.adapters.messaging.rabbitmq.consumer | INFO | Mensaje recibido: request_id=01783
2026-04-06 00:01:23,458 | concert_ticketing.adapters.messaging.rabbitmq.consumer | INFO | Mensaje recibido: request_id=01779
2026-04-06 00:01:23,553 | concert_ticketing.adapters.messaging.rabbitmq.consumer | INFO | Mensaje recibido: request_id=01774
2026-04-06 00:01:23,629 | concert_ticketing.adapters.messaging.rabbitmq.consumer | INFO | Mensaje recibido: request_id=01732
2026-04-06 00:01:23,703 | concert_ticketing.adapters.messaging.rabbitmq.consumer | INFO | Mensaje recibido: request_id=01798
2026-04-06 00:01:23,791 | concert_ticketing.adapters.messaging.rabbitmq.consumer | INFO | Mensaje recibido: request_id=01823
2026-04-06 00:01:23,875 | concert_ticketing.adapters.messaging.rabbitmq.consumer | INFO | Mensaje recibido: request_id=01831
2026-04-06 00:01:23,969 | concert_ticketing.adapters.messaging.rabbitmq.consumer | INFO | Mensaje recibido: request_id=01755
2026-04-06 00:01:24,045 | concert_ticketing.adapters.messaging.rabbitmq.consumer | INFO | Mensaje recibido: request_id=01770
2026-04-06 00:01:24,117 | concert_ticketing.adapters.messaging.rabbitmq.consumer | INFO | Mensaje recibido: request_id=01790
2026-04-06 00:01:24,222 | concert_ticketing.adapters.messaging.rabbitmq.consumer | INFO | Mensaje recibido: request_id=01814
2026-04-06 00:01:24,306 | concert_ticketing.adapters.messaging.rabbitmq.consumer | INFO | Mensaje recibido: request_id=01727
2026-04-06 00:01:24,397 | concert_ticketing.adapters.messaging.rabbitmq.consumer | INFO | Mensaje recibido: request_id=01868
2026-04-06 00:01:24,498 | concert_ticketing.adapters.messaging.rabbitmq.consumer | INFO | Mensaje recibido: request_id=01822
2026-04-06 00:01:24,573 | concert_ticketing.adapters.messaging.rabbitmq.consumer | INFO | Mensaje recibido: request_id=01875
2026-04-06 00:01:24,655 | concert_ticketing.adapters.messaging.rabbitmq.consumer | INFO | Mensaje recibido: request_id=01863
2026-04-06 00:01:24,791 | concert_ticketing.adapters.messaging.rabbitmq.consumer | INFO | Mensaje recibido: request_id=01888
2026-04-06 00:01:24,894 | concert_ticketing.adapters.messaging.rabbitmq.consumer | INFO | Mensaje recibido: request_id=01847
2026-04-06 00:01:25,009 | concert_ticketing.adapters.messaging.rabbitmq.consumer | INFO | Mensaje recibido: request_id=01797
2026-04-06 00:01:25,115 | concert_ticketing.adapters.messaging.rabbitmq.consumer | INFO | Mensaje recibido: request_id=01902
2026-04-06 00:01:25,255 | concert_ticketing.adapters.messaging.rabbitmq.consumer | INFO | Mensaje recibido: request_id=01945
2026-04-06 00:01:25,351 | concert_ticketing.adapters.messaging.rabbitmq.consumer | INFO | Mensaje recibido: request_id=01943
2026-04-06 00:01:25,453 | concert_ticketing.adapters.messaging.rabbitmq.consumer | INFO | Mensaje recibido: request_id=01885
2026-04-06 00:01:25,580 | concert_ticketing.adapters.messaging.rabbitmq.consumer | INFO | Mensaje recibido: request_id=01925
2026-04-06 00:01:25,658 | concert_ticketing.adapters.messaging.rabbitmq.consumer | INFO | Mensaje recibido: request_id=01966
2026-04-06 00:01:25,755 | concert_ticketing.adapters.messaging.rabbitmq.consumer | INFO | Mensaje recibido: request_id=01858
2026-04-06 00:01:25,821 | concert_ticketing.adapters.messaging.rabbitmq.consumer | INFO | Mensaje recibido: request_id=01956
2026-04-06 00:01:25,905 | concert_ticketing.adapters.messaging.rabbitmq.consumer | INFO | Mensaje recibido: request_id=01999
2026-04-06 00:01:25,981 | concert_ticketing.adapters.messaging.rabbitmq.consumer | INFO | Mensaje recibido: request_id=01980
2026-04-06 00:01:26,032 | concert_ticketing.adapters.messaging.rabbitmq.consumer | INFO | Mensaje recibido: request_id=01871
2026-04-06 00:01:26,111 | concert_ticketing.adapters.messaging.rabbitmq.consumer | INFO | Mensaje recibido: request_id=01949
2026-04-06 00:01:26,199 | concert_ticketing.adapters.messaging.rabbitmq.consumer | INFO | Mensaje recibido: request_id=01991
2026-04-06 00:01:26,290 | concert_ticketing.adapters.messaging.rabbitmq.consumer | INFO | Mensaje recibido: request_id=01998
2026-04-06 00:01:26,375 | concert_ticketing.adapters.messaging.rabbitmq.consumer | INFO | Mensaje recibido: request_id=01955
2026-04-06 00:01:26,450 | concert_ticketing.adapters.messaging.rabbitmq.consumer | INFO | Mensaje recibido: request_id=01985
2026-04-06 00:01:26,548 | concert_ticketing.adapters.messaging.rabbitmq.consumer | INFO | Mensaje recibido: request_id=02057
2026-04-06 00:01:26,636 | concert_ticketing.adapters.messaging.rabbitmq.consumer | INFO | Mensaje recibido: request_id=02071
2026-04-06 00:01:26,722 | concert_ticketing.adapters.messaging.rabbitmq.consumer | INFO | Mensaje recibido: request_id=02037
2026-04-06 00:01:26,797 | concert_ticketing.adapters.messaging.rabbitmq.consumer | INFO | Mensaje recibido: request_id=02048
2026-04-06 00:01:26,896 | concert_ticketing.adapters.messaging.rabbitmq.consumer | INFO | Mensaje recibido: request_id=02058
2026-04-06 00:01:26,973 | concert_ticketing.adapters.messaging.rabbitmq.consumer | INFO | Mensaje recibido: request_id=02104
2026-04-06 00:01:27,055 | concert_ticketing.adapters.messaging.rabbitmq.consumer | INFO | Mensaje recibido: request_id=01973
2026-04-06 00:01:27,134 | concert_ticketing.adapters.messaging.rabbitmq.consumer | INFO | Mensaje recibido: request_id=02015
2026-04-06 00:01:27,221 | concert_ticketing.adapters.messaging.rabbitmq.consumer | INFO | Mensaje recibido: request_id=02079
2026-04-06 00:01:27,310 | concert_ticketing.adapters.messaging.rabbitmq.consumer | INFO | Mensaje recibido: request_id=02134
2026-04-06 00:01:27,399 | concert_ticketing.adapters.messaging.rabbitmq.consumer | INFO | Mensaje recibido: request_id=02118
2026-04-06 00:01:27,482 | concert_ticketing.adapters.messaging.rabbitmq.consumer | INFO | Mensaje recibido: request_id=02145
2026-04-06 00:01:27,563 | concert_ticketing.adapters.messaging.rabbitmq.consumer | INFO | Mensaje recibido: request_id=02082
2026-04-06 00:01:27,645 | concert_ticketing.adapters.messaging.rabbitmq.consumer | INFO | Mensaje recibido: request_id=02167
2026-04-06 00:01:27,730 | concert_ticketing.adapters.messaging.rabbitmq.consumer | INFO | Mensaje recibido: request_id=02175
2026-04-06 00:01:27,812 | concert_ticketing.adapters.messaging.rabbitmq.consumer | INFO | Mensaje recibido: request_id=02165
2026-04-06 00:01:27,909 | concert_ticketing.adapters.messaging.rabbitmq.consumer | INFO | Mensaje recibido: request_id=02137
2026-04-06 00:01:28,000 | concert_ticketing.adapters.messaging.rabbitmq.consumer | INFO | Mensaje recibido: request_id=02201
2026-04-06 00:01:28,075 | concert_ticketing.adapters.messaging.rabbitmq.consumer | INFO | Mensaje recibido: request_id=02206
2026-04-06 00:01:28,164 | concert_ticketing.adapters.messaging.rabbitmq.consumer | INFO | Mensaje recibido: request_id=02164
2026-04-06 00:01:28,250 | concert_ticketing.adapters.messaging.rabbitmq.consumer | INFO | Mensaje recibido: request_id=02223
2026-04-06 00:01:28,338 | concert_ticketing.adapters.messaging.rabbitmq.consumer | INFO | Mensaje recibido: request_id=01961
2026-04-06 00:01:28,408 | concert_ticketing.adapters.messaging.rabbitmq.consumer | INFO | Mensaje recibido: request_id=02200
2026-04-06 00:01:28,484 | concert_ticketing.adapters.messaging.rabbitmq.consumer | INFO | Mensaje recibido: request_id=02228
2026-04-06 00:01:28,554 | concert_ticketing.adapters.messaging.rabbitmq.consumer | INFO | Mensaje recibido: request_id=02252
2026-04-06 00:01:28,633 | concert_ticketing.adapters.messaging.rabbitmq.consumer | INFO | Mensaje recibido: request_id=02204
2026-04-06 00:01:28,717 | concert_ticketing.adapters.messaging.rabbitmq.consumer | INFO | Mensaje recibido: request_id=02262
2026-04-06 00:01:28,802 | concert_ticketing.adapters.messaging.rabbitmq.consumer | INFO | Mensaje recibido: request_id=02237
2026-04-06 00:01:28,888 | concert_ticketing.adapters.messaging.rabbitmq.consumer | INFO | Mensaje recibido: request_id=02270
2026-04-06 00:01:28,975 | concert_ticketing.adapters.messaging.rabbitmq.consumer | INFO | Mensaje recibido: request_id=02092
2026-04-06 00:01:29,066 | concert_ticketing.adapters.messaging.rabbitmq.consumer | INFO | Mensaje recibido: request_id=02219
2026-04-06 00:01:29,130 | concert_ticketing.adapters.messaging.rabbitmq.consumer | INFO | Mensaje recibido: request_id=02310
2026-04-06 00:01:29,216 | concert_ticketing.adapters.messaging.rabbitmq.consumer | INFO | Mensaje recibido: request_id=02300
2026-04-06 00:01:29,306 | concert_ticketing.adapters.messaging.rabbitmq.consumer | INFO | Mensaje recibido: request_id=02238
2026-04-06 00:01:29,376 | concert_ticketing.adapters.messaging.rabbitmq.consumer | INFO | Mensaje recibido: request_id=02321
2026-04-06 00:01:29,465 | concert_ticketing.adapters.messaging.rabbitmq.consumer | INFO | Mensaje recibido: request_id=02342
2026-04-06 00:01:29,552 | concert_ticketing.adapters.messaging.rabbitmq.consumer | INFO | Mensaje recibido: request_id=02318
2026-04-06 00:01:29,627 | concert_ticketing.adapters.messaging.rabbitmq.consumer | INFO | Mensaje recibido: request_id=02283
2026-04-06 00:01:29,691 | concert_ticketing.adapters.messaging.rabbitmq.consumer | INFO | Mensaje recibido: request_id=02357
2026-04-06 00:01:29,773 | concert_ticketing.adapters.messaging.rabbitmq.consumer | INFO | Mensaje recibido: request_id=02290
2026-04-06 00:01:29,872 | concert_ticketing.adapters.messaging.rabbitmq.consumer | INFO | Mensaje recibido: request_id=02301
2026-04-06 00:01:29,955 | concert_ticketing.adapters.messaging.rabbitmq.consumer | INFO | Mensaje recibido: request_id=02392
2026-04-06 00:01:30,034 | concert_ticketing.adapters.messaging.rabbitmq.consumer | INFO | Mensaje recibido: request_id=02387
2026-04-06 00:01:30,131 | concert_ticketing.adapters.messaging.rabbitmq.consumer | INFO | Mensaje recibido: request_id=02241
2026-04-06 00:01:30,215 | concert_ticketing.adapters.messaging.rabbitmq.consumer | INFO | Mensaje recibido: request_id=02415
2026-04-06 00:01:30,292 | concert_ticketing.adapters.messaging.rabbitmq.consumer | INFO | Mensaje recibido: request_id=02393
2026-04-06 00:01:30,386 | concert_ticketing.adapters.messaging.rabbitmq.consumer | INFO | Mensaje recibido: request_id=02256
2026-04-06 00:01:30,469 | concert_ticketing.adapters.messaging.rabbitmq.consumer | INFO | Mensaje recibido: request_id=02440
2026-04-06 00:01:30,546 | concert_ticketing.adapters.messaging.rabbitmq.consumer | INFO | Mensaje recibido: request_id=02446
2026-04-06 00:01:30,633 | concert_ticketing.adapters.messaging.rabbitmq.consumer | INFO | Mensaje recibido: request_id=02454
2026-04-06 00:01:30,719 | concert_ticketing.adapters.messaging.rabbitmq.consumer | INFO | Mensaje recibido: request_id=02463
2026-04-06 00:01:30,796 | concert_ticketing.adapters.messaging.rabbitmq.consumer | INFO | Mensaje recibido: request_id=02450
2026-04-06 00:01:30,872 | concert_ticketing.adapters.messaging.rabbitmq.consumer | INFO | Mensaje recibido: request_id=02457
2026-04-06 00:01:30,954 | concert_ticketing.adapters.messaging.rabbitmq.consumer | INFO | Mensaje recibido: request_id=02489
2026-04-06 00:01:31,042 | concert_ticketing.adapters.messaging.rabbitmq.consumer | INFO | Mensaje recibido: request_id=02494
2026-04-06 00:01:31,144 | concert_ticketing.adapters.messaging.rabbitmq.consumer | INFO | Mensaje recibido: request_id=02480
2026-04-06 00:01:31,223 | concert_ticketing.adapters.messaging.rabbitmq.consumer | INFO | Mensaje recibido: request_id=02511
2026-04-06 00:01:31,298 | concert_ticketing.adapters.messaging.rabbitmq.consumer | INFO | Mensaje recibido: request_id=02491
2026-04-06 00:01:31,380 | concert_ticketing.adapters.messaging.rabbitmq.consumer | INFO | Mensaje recibido: request_id=02470
2026-04-06 00:01:31,476 | concert_ticketing.adapters.messaging.rabbitmq.consumer | INFO | Mensaje recibido: request_id=02388
2026-04-06 00:01:31,545 | concert_ticketing.adapters.messaging.rabbitmq.consumer | INFO | Mensaje recibido: request_id=02514
2026-04-06 00:01:31,608 | concert_ticketing.adapters.messaging.rabbitmq.consumer | INFO | Mensaje recibido: request_id=02551
2026-04-06 00:01:31,686 | concert_ticketing.adapters.messaging.rabbitmq.consumer | INFO | Mensaje recibido: request_id=02560
2026-04-06 00:01:31,762 | concert_ticketing.adapters.messaging.rabbitmq.consumer | INFO | Mensaje recibido: request_id=02541
2026-04-06 00:01:31,848 | concert_ticketing.adapters.messaging.rabbitmq.consumer | INFO | Mensaje recibido: request_id=02566
2026-04-06 00:01:31,950 | concert_ticketing.adapters.messaging.rabbitmq.consumer | INFO | Mensaje recibido: request_id=02582
2026-04-06 00:01:32,034 | concert_ticketing.adapters.messaging.rabbitmq.consumer | INFO | Mensaje recibido: request_id=02586
2026-04-06 00:01:32,116 | concert_ticketing.adapters.messaging.rabbitmq.consumer | INFO | Mensaje recibido: request_id=02592
2026-04-06 00:01:32,196 | concert_ticketing.adapters.messaging.rabbitmq.consumer | INFO | Mensaje recibido: request_id=02554
2026-04-06 00:01:32,275 | concert_ticketing.adapters.messaging.rabbitmq.consumer | INFO | Mensaje recibido: request_id=02607
2026-04-06 00:01:32,368 | concert_ticketing.adapters.messaging.rabbitmq.consumer | INFO | Mensaje recibido: request_id=02584
2026-04-06 00:01:32,454 | concert_ticketing.adapters.messaging.rabbitmq.consumer | INFO | Mensaje recibido: request_id=02623
2026-04-06 00:01:32,561 | concert_ticketing.adapters.messaging.rabbitmq.consumer | INFO | Mensaje recibido: request_id=02602
2026-04-06 00:01:32,628 | concert_ticketing.adapters.messaging.rabbitmq.consumer | INFO | Mensaje recibido: request_id=02559
2026-04-06 00:01:32,720 | concert_ticketing.adapters.messaging.rabbitmq.consumer | INFO | Mensaje recibido: request_id=02655
2026-04-06 00:01:32,798 | concert_ticketing.adapters.messaging.rabbitmq.consumer | INFO | Mensaje recibido: request_id=02565
2026-04-06 00:01:32,876 | concert_ticketing.adapters.messaging.rabbitmq.consumer | INFO | Mensaje recibido: request_id=02612
2026-04-06 00:01:32,948 | concert_ticketing.adapters.messaging.rabbitmq.consumer | INFO | Mensaje recibido: request_id=02660
2026-04-06 00:01:33,033 | concert_ticketing.adapters.messaging.rabbitmq.consumer | INFO | Mensaje recibido: request_id=02654
2026-04-06 00:01:33,119 | concert_ticketing.adapters.messaging.rabbitmq.consumer | INFO | Mensaje recibido: request_id=02543
2026-04-06 00:01:33,200 | concert_ticketing.adapters.messaging.rabbitmq.consumer | INFO | Mensaje recibido: request_id=02614
2026-04-06 00:01:33,273 | concert_ticketing.adapters.messaging.rabbitmq.consumer | INFO | Mensaje recibido: request_id=02611
2026-04-06 00:01:33,337 | concert_ticketing.adapters.messaging.rabbitmq.consumer | INFO | Mensaje recibido: request_id=02716
2026-04-06 00:01:33,445 | concert_ticketing.adapters.messaging.rabbitmq.consumer | INFO | Mensaje recibido: request_id=02729
2026-04-06 00:01:33,542 | concert_ticketing.adapters.messaging.rabbitmq.consumer | INFO | Mensaje recibido: request_id=02705
2026-04-06 00:01:33,624 | concert_ticketing.adapters.messaging.rabbitmq.consumer | INFO | Mensaje recibido: request_id=02743
2026-04-06 00:01:33,706 | concert_ticketing.adapters.messaging.rabbitmq.consumer | INFO | Mensaje recibido: request_id=02620
2026-04-06 00:01:33,790 | concert_ticketing.adapters.messaging.rabbitmq.consumer | INFO | Mensaje recibido: request_id=02756
2026-04-06 00:01:33,869 | concert_ticketing.adapters.messaging.rabbitmq.consumer | INFO | Mensaje recibido: request_id=02765
2026-04-06 00:01:33,953 | concert_ticketing.adapters.messaging.rabbitmq.consumer | INFO | Mensaje recibido: request_id=02769
2026-04-06 00:01:34,023 | concert_ticketing.adapters.messaging.rabbitmq.consumer | INFO | Mensaje recibido: request_id=02782
2026-04-06 00:01:34,103 | concert_ticketing.adapters.messaging.rabbitmq.consumer | INFO | Mensaje recibido: request_id=02771
2026-04-06 00:01:34,195 | concert_ticketing.adapters.messaging.rabbitmq.consumer | INFO | Mensaje recibido: request_id=02643
2026-04-06 00:01:34,270 | concert_ticketing.adapters.messaging.rabbitmq.consumer | INFO | Mensaje recibido: request_id=02800
2026-04-06 00:01:34,361 | concert_ticketing.adapters.messaging.rabbitmq.consumer | INFO | Mensaje recibido: request_id=02815
2026-04-06 00:01:34,432 | concert_ticketing.adapters.messaging.rabbitmq.consumer | INFO | Mensaje recibido: request_id=02811
2026-04-06 00:01:34,515 | concert_ticketing.adapters.messaging.rabbitmq.consumer | INFO | Mensaje recibido: request_id=02816
2026-04-06 00:01:34,599 | concert_ticketing.adapters.messaging.rabbitmq.consumer | INFO | Mensaje recibido: request_id=02813
2026-04-06 00:01:34,695 | concert_ticketing.adapters.messaging.rabbitmq.consumer | INFO | Mensaje recibido: request_id=02761
2026-04-06 00:01:34,791 | concert_ticketing.adapters.messaging.rabbitmq.consumer | INFO | Mensaje recibido: request_id=02778
2026-04-06 00:01:34,856 | concert_ticketing.adapters.messaging.rabbitmq.consumer | INFO | Mensaje recibido: request_id=02863
2026-04-06 00:01:34,933 | concert_ticketing.adapters.messaging.rabbitmq.consumer | INFO | Mensaje recibido: request_id=02855
2026-04-06 00:01:35,027 | concert_ticketing.adapters.messaging.rabbitmq.consumer | INFO | Mensaje recibido: request_id=02847
2026-04-06 00:01:35,134 | concert_ticketing.adapters.messaging.rabbitmq.consumer | INFO | Mensaje recibido: request_id=02889
2026-04-06 00:01:35,220 | concert_ticketing.adapters.messaging.rabbitmq.consumer | INFO | Mensaje recibido: request_id=02869
2026-04-06 00:01:35,308 | concert_ticketing.adapters.messaging.rabbitmq.consumer | INFO | Mensaje recibido: request_id=02874
2026-04-06 00:01:35,392 | concert_ticketing.adapters.messaging.rabbitmq.consumer | INFO | Mensaje recibido: request_id=02909
2026-04-06 00:01:35,471 | concert_ticketing.adapters.messaging.rabbitmq.consumer | INFO | Mensaje recibido: request_id=02901
2026-04-06 00:01:35,552 | concert_ticketing.adapters.messaging.rabbitmq.consumer | INFO | Mensaje recibido: request_id=02900
2026-04-06 00:01:35,642 | concert_ticketing.adapters.messaging.rabbitmq.consumer | INFO | Mensaje recibido: request_id=02934
2026-04-06 00:01:35,728 | concert_ticketing.adapters.messaging.rabbitmq.consumer | INFO | Mensaje recibido: request_id=02913
2026-04-06 00:01:35,806 | concert_ticketing.adapters.messaging.rabbitmq.consumer | INFO | Mensaje recibido: request_id=02872
2026-04-06 00:01:35,895 | concert_ticketing.adapters.messaging.rabbitmq.consumer | INFO | Mensaje recibido: request_id=02957
2026-04-06 00:01:35,994 | concert_ticketing.adapters.messaging.rabbitmq.consumer | INFO | Mensaje recibido: request_id=02947
2026-04-06 00:01:36,103 | concert_ticketing.adapters.messaging.rabbitmq.consumer | INFO | Mensaje recibido: request_id=02910
2026-04-06 00:01:36,191 | concert_ticketing.adapters.messaging.rabbitmq.consumer | INFO | Mensaje recibido: request_id=02877
2026-04-06 00:01:36,298 | concert_ticketing.adapters.messaging.rabbitmq.consumer | INFO | Mensaje recibido: request_id=02879
2026-04-06 00:01:36,402 | concert_ticketing.adapters.messaging.rabbitmq.consumer | INFO | Mensaje recibido: request_id=02992
2026-04-06 00:01:36,524 | concert_ticketing.adapters.messaging.rabbitmq.consumer | INFO | Mensaje recibido: request_id=02911
2026-04-06 00:01:36,622 | concert_ticketing.adapters.messaging.rabbitmq.consumer | INFO | Mensaje recibido: request_id=02975
2026-04-06 00:01:36,745 | concert_ticketing.adapters.messaging.rabbitmq.consumer | INFO | Mensaje recibido: request_id=02941
2026-04-06 00:01:36,849 | concert_ticketing.adapters.messaging.rabbitmq.consumer | INFO | Mensaje recibido: request_id=03032
2026-04-06 00:01:36,942 | concert_ticketing.adapters.messaging.rabbitmq.consumer | INFO | Mensaje recibido: request_id=02991
2026-04-06 00:01:37,038 | concert_ticketing.adapters.messaging.rabbitmq.consumer | INFO | Mensaje recibido: request_id=03041
2026-04-06 00:01:37,124 | concert_ticketing.adapters.messaging.rabbitmq.consumer | INFO | Mensaje recibido: request_id=03033
2026-04-06 00:01:37,217 | concert_ticketing.adapters.messaging.rabbitmq.consumer | INFO | Mensaje recibido: request_id=03050
2026-04-06 00:01:37,284 | concert_ticketing.adapters.messaging.rabbitmq.consumer | INFO | Mensaje recibido: request_id=03038
2026-04-06 00:01:37,371 | concert_ticketing.adapters.messaging.rabbitmq.consumer | INFO | Mensaje recibido: request_id=03021
2026-04-06 00:01:37,478 | concert_ticketing.adapters.messaging.rabbitmq.consumer | INFO | Mensaje recibido: request_id=03036
2026-04-06 00:01:37,556 | concert_ticketing.adapters.messaging.rabbitmq.consumer | INFO | Mensaje recibido: request_id=03083
2026-04-06 00:01:37,632 | concert_ticketing.adapters.messaging.rabbitmq.consumer | INFO | Mensaje recibido: request_id=03063
2026-04-06 00:01:37,723 | concert_ticketing.adapters.messaging.rabbitmq.consumer | INFO | Mensaje recibido: request_id=03092
2026-04-06 00:01:37,809 | concert_ticketing.adapters.messaging.rabbitmq.consumer | INFO | Mensaje recibido: request_id=03016
2026-04-06 00:01:37,888 | concert_ticketing.adapters.messaging.rabbitmq.consumer | INFO | Mensaje recibido: request_id=03043
2026-04-06 00:01:37,975 | concert_ticketing.adapters.messaging.rabbitmq.consumer | INFO | Mensaje recibido: request_id=03114
2026-04-06 00:01:38,064 | concert_ticketing.adapters.messaging.rabbitmq.consumer | INFO | Mensaje recibido: request_id=03126
2026-04-06 00:01:38,128 | concert_ticketing.adapters.messaging.rabbitmq.consumer | INFO | Mensaje recibido: request_id=03140
2026-04-06 00:01:38,220 | concert_ticketing.adapters.messaging.rabbitmq.consumer | INFO | Mensaje recibido: request_id=02902
2026-04-06 00:01:38,300 | concert_ticketing.adapters.messaging.rabbitmq.consumer | INFO | Mensaje recibido: request_id=03124
2026-04-06 00:01:38,380 | concert_ticketing.adapters.messaging.rabbitmq.consumer | INFO | Mensaje recibido: request_id=03086
2026-04-06 00:01:38,459 | concert_ticketing.adapters.messaging.rabbitmq.consumer | INFO | Mensaje recibido: request_id=03182
2026-04-06 00:01:38,540 | concert_ticketing.adapters.messaging.rabbitmq.consumer | INFO | Mensaje recibido: request_id=03142
2026-04-06 00:01:38,612 | concert_ticketing.adapters.messaging.rabbitmq.consumer | INFO | Mensaje recibido: request_id=03154
2026-04-06 00:01:38,685 | concert_ticketing.adapters.messaging.rabbitmq.consumer | INFO | Mensaje recibido: request_id=03199
2026-04-06 00:01:38,791 | concert_ticketing.adapters.messaging.rabbitmq.consumer | INFO | Mensaje recibido: request_id=03173
2026-04-06 00:01:38,883 | concert_ticketing.adapters.messaging.rabbitmq.consumer | INFO | Mensaje recibido: request_id=03224
2026-04-06 00:01:38,969 | concert_ticketing.adapters.messaging.rabbitmq.consumer | INFO | Mensaje recibido: request_id=03184
2026-04-06 00:01:39,047 | concert_ticketing.adapters.messaging.rabbitmq.consumer | INFO | Mensaje recibido: request_id=03229
2026-04-06 00:01:39,115 | concert_ticketing.adapters.messaging.rabbitmq.consumer | INFO | Mensaje recibido: request_id=03230
2026-04-06 00:01:39,196 | concert_ticketing.adapters.messaging.rabbitmq.consumer | INFO | Mensaje recibido: request_id=03200
2026-04-06 00:01:39,270 | concert_ticketing.adapters.messaging.rabbitmq.consumer | INFO | Mensaje recibido: request_id=03261
2026-04-06 00:01:39,356 | concert_ticketing.adapters.messaging.rabbitmq.consumer | INFO | Mensaje recibido: request_id=03269
2026-04-06 00:01:39,447 | concert_ticketing.adapters.messaging.rabbitmq.consumer | INFO | Mensaje recibido: request_id=03237
2026-04-06 00:01:39,546 | concert_ticketing.adapters.messaging.rabbitmq.consumer | INFO | Mensaje recibido: request_id=03288
2026-04-06 00:01:39,622 | concert_ticketing.adapters.messaging.rabbitmq.consumer | INFO | Mensaje recibido: request_id=03222
2026-04-06 00:01:39,704 | concert_ticketing.adapters.messaging.rabbitmq.consumer | INFO | Mensaje recibido: request_id=03291
2026-04-06 00:01:39,785 | concert_ticketing.adapters.messaging.rabbitmq.consumer | INFO | Mensaje recibido: request_id=03292
2026-04-06 00:01:39,867 | concert_ticketing.adapters.messaging.rabbitmq.consumer | INFO | Mensaje recibido: request_id=03308
2026-04-06 00:01:39,946 | concert_ticketing.adapters.messaging.rabbitmq.consumer | INFO | Mensaje recibido: request_id=03164
2026-04-06 00:01:40,031 | concert_ticketing.adapters.messaging.rabbitmq.consumer | INFO | Mensaje recibido: request_id=03315
2026-04-06 00:01:40,111 | concert_ticketing.adapters.messaging.rabbitmq.consumer | INFO | Mensaje recibido: request_id=03336
2026-04-06 00:01:40,199 | concert_ticketing.adapters.messaging.rabbitmq.consumer | INFO | Mensaje recibido: request_id=03328
2026-04-06 00:01:40,289 | concert_ticketing.adapters.messaging.rabbitmq.consumer | INFO | Mensaje recibido: request_id=03294
2026-04-06 00:01:40,363 | concert_ticketing.adapters.messaging.rabbitmq.consumer | INFO | Mensaje recibido: request_id=03366
2026-04-06 00:01:40,445 | concert_ticketing.adapters.messaging.rabbitmq.consumer | INFO | Mensaje recibido: request_id=03332
2026-04-06 00:01:40,521 | concert_ticketing.adapters.messaging.rabbitmq.consumer | INFO | Mensaje recibido: request_id=03241
2026-04-06 00:01:40,611 | concert_ticketing.adapters.messaging.rabbitmq.consumer | INFO | Mensaje recibido: request_id=03376
2026-04-06 00:01:40,685 | concert_ticketing.adapters.messaging.rabbitmq.consumer | INFO | Mensaje recibido: request_id=03284
2026-04-06 00:01:40,783 | concert_ticketing.adapters.messaging.rabbitmq.consumer | INFO | Mensaje recibido: request_id=03254
2026-04-06 00:01:40,861 | concert_ticketing.adapters.messaging.rabbitmq.consumer | INFO | Mensaje recibido: request_id=03416
2026-04-06 00:01:40,927 | concert_ticketing.adapters.messaging.rabbitmq.consumer | INFO | Mensaje recibido: request_id=03387
2026-04-06 00:01:41,000 | concert_ticketing.adapters.messaging.rabbitmq.consumer | INFO | Mensaje recibido: request_id=03398
2026-04-06 00:01:41,090 | concert_ticketing.adapters.messaging.rabbitmq.consumer | INFO | Mensaje recibido: request_id=03420
2026-04-06 00:01:41,182 | concert_ticketing.adapters.messaging.rabbitmq.consumer | INFO | Mensaje recibido: request_id=03445
2026-04-06 00:01:41,277 | concert_ticketing.adapters.messaging.rabbitmq.consumer | INFO | Mensaje recibido: request_id=03453
2026-04-06 00:01:41,361 | concert_ticketing.adapters.messaging.rabbitmq.consumer | INFO | Mensaje recibido: request_id=03462
2026-04-06 00:01:41,463 | concert_ticketing.adapters.messaging.rabbitmq.consumer | INFO | Mensaje recibido: request_id=03370
2026-04-06 00:01:41,523 | concert_ticketing.adapters.messaging.rabbitmq.consumer | INFO | Mensaje recibido: request_id=03405
2026-04-06 00:01:41,617 | concert_ticketing.adapters.messaging.rabbitmq.consumer | INFO | Mensaje recibido: request_id=03472
2026-04-06 00:01:41,710 | concert_ticketing.adapters.messaging.rabbitmq.consumer | INFO | Mensaje recibido: request_id=03495
2026-04-06 00:01:41,790 | concert_ticketing.adapters.messaging.rabbitmq.consumer | INFO | Mensaje recibido: request_id=03386
2026-04-06 00:01:41,871 | concert_ticketing.adapters.messaging.rabbitmq.consumer | INFO | Mensaje recibido: request_id=03486
2026-04-06 00:01:41,967 | concert_ticketing.adapters.messaging.rabbitmq.consumer | INFO | Mensaje recibido: request_id=03505
2026-04-06 00:01:42,029 | concert_ticketing.adapters.messaging.rabbitmq.consumer | INFO | Mensaje recibido: request_id=03506
2026-04-06 00:01:42,117 | concert_ticketing.adapters.messaging.rabbitmq.consumer | INFO | Mensaje recibido: request_id=03531
2026-04-06 00:01:42,199 | concert_ticketing.adapters.messaging.rabbitmq.consumer | INFO | Mensaje recibido: request_id=03418
2026-04-06 00:01:42,270 | concert_ticketing.adapters.messaging.rabbitmq.consumer | INFO | Mensaje recibido: request_id=03525
2026-04-06 00:01:42,340 | concert_ticketing.adapters.messaging.rabbitmq.consumer | INFO | Mensaje recibido: request_id=03552
2026-04-06 00:01:42,417 | concert_ticketing.adapters.messaging.rabbitmq.consumer | INFO | Mensaje recibido: request_id=03395
2026-04-06 00:01:42,488 | concert_ticketing.adapters.messaging.rabbitmq.consumer | INFO | Mensaje recibido: request_id=03573
2026-04-06 00:01:42,581 | concert_ticketing.adapters.messaging.rabbitmq.consumer | INFO | Mensaje recibido: request_id=03481
2026-04-06 00:01:42,689 | concert_ticketing.adapters.messaging.rabbitmq.consumer | INFO | Mensaje recibido: request_id=03579
2026-04-06 00:01:42,747 | concert_ticketing.adapters.messaging.rabbitmq.consumer | INFO | Mensaje recibido: request_id=03522
2026-04-06 00:01:42,841 | concert_ticketing.adapters.messaging.rabbitmq.consumer | INFO | Mensaje recibido: request_id=03510
2026-04-06 00:01:42,920 | concert_ticketing.adapters.messaging.rabbitmq.consumer | INFO | Mensaje recibido: request_id=03539
2026-04-06 00:01:43,017 | concert_ticketing.adapters.messaging.rabbitmq.consumer | INFO | Mensaje recibido: request_id=03616
2026-04-06 00:01:43,113 | concert_ticketing.adapters.messaging.rabbitmq.consumer | INFO | Mensaje recibido: request_id=03606
2026-04-06 00:01:43,200 | concert_ticketing.adapters.messaging.rabbitmq.consumer | INFO | Mensaje recibido: request_id=03526
2026-04-06 00:01:43,284 | concert_ticketing.adapters.messaging.rabbitmq.consumer | INFO | Mensaje recibido: request_id=03639
2026-04-06 00:01:43,355 | concert_ticketing.adapters.messaging.rabbitmq.consumer | INFO | Mensaje recibido: request_id=03593
2026-04-06 00:01:43,438 | concert_ticketing.adapters.messaging.rabbitmq.consumer | INFO | Mensaje recibido: request_id=03530
2026-04-06 00:01:43,522 | concert_ticketing.adapters.messaging.rabbitmq.consumer | INFO | Mensaje recibido: request_id=03595
2026-04-06 00:01:43,606 | concert_ticketing.adapters.messaging.rabbitmq.consumer | INFO | Mensaje recibido: request_id=03679
2026-04-06 00:01:43,691 | concert_ticketing.adapters.messaging.rabbitmq.consumer | INFO | Mensaje recibido: request_id=03565
2026-04-06 00:01:43,774 | concert_ticketing.adapters.messaging.rabbitmq.consumer | INFO | Mensaje recibido: request_id=03684
2026-04-06 00:01:43,842 | concert_ticketing.adapters.messaging.rabbitmq.consumer | INFO | Mensaje recibido: request_id=03694
2026-04-06 00:01:43,930 | concert_ticketing.adapters.messaging.rabbitmq.consumer | INFO | Mensaje recibido: request_id=03703
2026-04-06 00:01:44,020 | concert_ticketing.adapters.messaging.rabbitmq.consumer | INFO | Mensaje recibido: request_id=03707
2026-04-06 00:01:44,100 | concert_ticketing.adapters.messaging.rabbitmq.consumer | INFO | Mensaje recibido: request_id=03720
2026-04-06 00:01:44,182 | concert_ticketing.adapters.messaging.rabbitmq.consumer | INFO | Mensaje recibido: request_id=03734
2026-04-06 00:01:44,275 | concert_ticketing.adapters.messaging.rabbitmq.consumer | INFO | Mensaje recibido: request_id=03692
2026-04-06 00:01:44,355 | concert_ticketing.adapters.messaging.rabbitmq.consumer | INFO | Mensaje recibido: request_id=03752
2026-04-06 00:01:44,425 | concert_ticketing.adapters.messaging.rabbitmq.consumer | INFO | Mensaje recibido: request_id=03666
2026-04-06 00:01:44,504 | concert_ticketing.adapters.messaging.rabbitmq.consumer | INFO | Mensaje recibido: request_id=03750
2026-04-06 00:01:44,590 | concert_ticketing.adapters.messaging.rabbitmq.consumer | INFO | Mensaje recibido: request_id=03736
2026-04-06 00:01:44,679 | concert_ticketing.adapters.messaging.rabbitmq.consumer | INFO | Mensaje recibido: request_id=03722
2026-04-06 00:01:44,751 | concert_ticketing.adapters.messaging.rabbitmq.consumer | INFO | Mensaje recibido: request_id=03791
2026-04-06 00:01:44,834 | concert_ticketing.adapters.messaging.rabbitmq.consumer | INFO | Mensaje recibido: request_id=03792
2026-04-06 00:01:44,928 | concert_ticketing.adapters.messaging.rabbitmq.consumer | INFO | Mensaje recibido: request_id=03800
2026-04-06 00:01:44,996 | concert_ticketing.adapters.messaging.rabbitmq.consumer | INFO | Mensaje recibido: request_id=03759
2026-04-06 00:01:45,092 | concert_ticketing.adapters.messaging.rabbitmq.consumer | INFO | Mensaje recibido: request_id=03808
2026-04-06 00:01:45,158 | concert_ticketing.adapters.messaging.rabbitmq.consumer | INFO | Mensaje recibido: request_id=03786
2026-04-06 00:01:45,242 | concert_ticketing.adapters.messaging.rabbitmq.consumer | INFO | Mensaje recibido: request_id=03824
2026-04-06 00:01:45,317 | concert_ticketing.adapters.messaging.rabbitmq.consumer | INFO | Mensaje recibido: request_id=03839
2026-04-06 00:01:45,418 | concert_ticketing.adapters.messaging.rabbitmq.consumer | INFO | Mensaje recibido: request_id=03780
2026-04-06 00:01:45,496 | concert_ticketing.adapters.messaging.rabbitmq.consumer | INFO | Mensaje recibido: request_id=03856
2026-04-06 00:01:45,627 | concert_ticketing.adapters.messaging.rabbitmq.consumer | INFO | Mensaje recibido: request_id=03863
2026-04-06 00:01:45,713 | concert_ticketing.adapters.messaging.rabbitmq.consumer | INFO | Mensaje recibido: request_id=03867
2026-04-06 00:01:45,808 | concert_ticketing.adapters.messaging.rabbitmq.consumer | INFO | Mensaje recibido: request_id=03836
2026-04-06 00:01:45,882 | concert_ticketing.adapters.messaging.rabbitmq.consumer | INFO | Mensaje recibido: request_id=03889
2026-04-06 00:01:45,979 | concert_ticketing.adapters.messaging.rabbitmq.consumer | INFO | Mensaje recibido: request_id=03905
2026-04-06 00:01:46,060 | concert_ticketing.adapters.messaging.rabbitmq.consumer | INFO | Mensaje recibido: request_id=03871
2026-04-06 00:01:46,143 | concert_ticketing.adapters.messaging.rabbitmq.consumer | INFO | Mensaje recibido: request_id=03866
2026-04-06 00:01:46,230 | concert_ticketing.adapters.messaging.rabbitmq.consumer | INFO | Mensaje recibido: request_id=03835
2026-04-06 00:01:46,317 | concert_ticketing.adapters.messaging.rabbitmq.consumer | INFO | Mensaje recibido: request_id=03890
2026-04-06 00:01:46,403 | concert_ticketing.adapters.messaging.rabbitmq.consumer | INFO | Mensaje recibido: request_id=03900
2026-04-06 00:01:46,481 | concert_ticketing.adapters.messaging.rabbitmq.consumer | INFO | Mensaje recibido: request_id=03950
2026-04-06 00:01:46,562 | concert_ticketing.adapters.messaging.rabbitmq.consumer | INFO | Mensaje recibido: request_id=03953
2026-04-06 00:01:46,656 | concert_ticketing.adapters.messaging.rabbitmq.consumer | INFO | Mensaje recibido: request_id=03923
2026-04-06 00:01:46,737 | concert_ticketing.adapters.messaging.rabbitmq.consumer | INFO | Mensaje recibido: request_id=03788
2026-04-06 00:01:46,824 | concert_ticketing.adapters.messaging.rabbitmq.consumer | INFO | Mensaje recibido: request_id=03891
2026-04-06 00:01:46,917 | concert_ticketing.adapters.messaging.rabbitmq.consumer | INFO | Mensaje recibido: request_id=03943
2026-04-06 00:01:47,006 | concert_ticketing.adapters.messaging.rabbitmq.consumer | INFO | Mensaje recibido: request_id=03976
2026-04-06 00:01:47,119 | concert_ticketing.adapters.messaging.rabbitmq.consumer | INFO | Mensaje recibido: request_id=03997
2026-04-06 00:01:47,211 | concert_ticketing.adapters.messaging.rabbitmq.consumer | INFO | Mensaje recibido: request_id=03995
2026-04-06 00:01:47,299 | concert_ticketing.adapters.messaging.rabbitmq.consumer | INFO | Mensaje recibido: request_id=03998
2026-04-06 00:01:47,414 | concert_ticketing.adapters.messaging.rabbitmq.consumer | INFO | Mensaje recibido: request_id=04017
2026-04-06 00:01:47,497 | concert_ticketing.adapters.messaging.rabbitmq.consumer | INFO | Mensaje recibido: request_id=04000
2026-04-06 00:01:47,616 | concert_ticketing.adapters.messaging.rabbitmq.consumer | INFO | Mensaje recibido: request_id=04048
2026-04-06 00:01:47,721 | concert_ticketing.adapters.messaging.rabbitmq.consumer | INFO | Mensaje recibido: request_id=04043
2026-04-06 00:01:47,812 | concert_ticketing.adapters.messaging.rabbitmq.consumer | INFO | Mensaje recibido: request_id=04054
2026-04-06 00:01:47,899 | concert_ticketing.adapters.messaging.rabbitmq.consumer | INFO | Mensaje recibido: request_id=04071
2026-04-06 00:01:48,000 | concert_ticketing.adapters.messaging.rabbitmq.consumer | INFO | Mensaje recibido: request_id=03988
2026-04-06 00:01:48,075 | concert_ticketing.adapters.messaging.rabbitmq.consumer | INFO | Mensaje recibido: request_id=04073
2026-04-06 00:01:48,163 | concert_ticketing.adapters.messaging.rabbitmq.consumer | INFO | Mensaje recibido: request_id=04075
2026-04-06 00:01:48,246 | concert_ticketing.adapters.messaging.rabbitmq.consumer | INFO | Mensaje recibido: request_id=04086
2026-04-06 00:01:48,337 | concert_ticketing.adapters.messaging.rabbitmq.consumer | INFO | Mensaje recibido: request_id=04055
2026-04-06 00:01:48,420 | concert_ticketing.adapters.messaging.rabbitmq.consumer | INFO | Mensaje recibido: request_id=04028
2026-04-06 00:01:48,506 | concert_ticketing.adapters.messaging.rabbitmq.consumer | INFO | Mensaje recibido: request_id=04126
2026-04-06 00:01:48,578 | concert_ticketing.adapters.messaging.rabbitmq.consumer | INFO | Mensaje recibido: request_id=04127
2026-04-06 00:01:48,653 | concert_ticketing.adapters.messaging.rabbitmq.consumer | INFO | Mensaje recibido: request_id=04115
2026-04-06 00:01:48,722 | concert_ticketing.adapters.messaging.rabbitmq.consumer | INFO | Mensaje recibido: request_id=04118
2026-04-06 00:01:48,828 | concert_ticketing.adapters.messaging.rabbitmq.consumer | INFO | Mensaje recibido: request_id=04150
2026-04-06 00:01:48,881 | concert_ticketing.adapters.messaging.rabbitmq.consumer | INFO | Mensaje recibido: request_id=04134
2026-04-06 00:01:48,954 | concert_ticketing.adapters.messaging.rabbitmq.consumer | INFO | Mensaje recibido: request_id=04095
2026-04-06 00:01:49,049 | concert_ticketing.adapters.messaging.rabbitmq.consumer | INFO | Mensaje recibido: request_id=04182
2026-04-06 00:01:49,120 | concert_ticketing.adapters.messaging.rabbitmq.consumer | INFO | Mensaje recibido: request_id=04119
2026-04-06 00:01:49,206 | concert_ticketing.adapters.messaging.rabbitmq.consumer | INFO | Mensaje recibido: request_id=04170
2026-04-06 00:01:49,284 | concert_ticketing.adapters.messaging.rabbitmq.consumer | INFO | Mensaje recibido: request_id=04206
2026-04-06 00:01:49,354 | concert_ticketing.adapters.messaging.rabbitmq.consumer | INFO | Mensaje recibido: request_id=04037
2026-04-06 00:01:49,440 | concert_ticketing.adapters.messaging.rabbitmq.consumer | INFO | Mensaje recibido: request_id=04205
2026-04-06 00:01:49,529 | concert_ticketing.adapters.messaging.rabbitmq.consumer | INFO | Mensaje recibido: request_id=04190
2026-04-06 00:01:49,596 | concert_ticketing.adapters.messaging.rabbitmq.consumer | INFO | Mensaje recibido: request_id=04238
2026-04-06 00:01:49,679 | concert_ticketing.adapters.messaging.rabbitmq.consumer | INFO | Mensaje recibido: request_id=04166
2026-04-06 00:01:49,761 | concert_ticketing.adapters.messaging.rabbitmq.consumer | INFO | Mensaje recibido: request_id=04207
2026-04-06 00:01:49,838 | concert_ticketing.adapters.messaging.rabbitmq.consumer | INFO | Mensaje recibido: request_id=04234
2026-04-06 00:01:49,914 | concert_ticketing.adapters.messaging.rabbitmq.consumer | INFO | Mensaje recibido: request_id=04181
2026-04-06 00:01:49,992 | concert_ticketing.adapters.messaging.rabbitmq.consumer | INFO | Mensaje recibido: request_id=04100
2026-04-06 00:01:50,092 | concert_ticketing.adapters.messaging.rabbitmq.consumer | INFO | Mensaje recibido: request_id=04179
2026-04-06 00:01:50,182 | concert_ticketing.adapters.messaging.rabbitmq.consumer | INFO | Mensaje recibido: request_id=04122
2026-04-06 00:01:50,267 | concert_ticketing.adapters.messaging.rabbitmq.consumer | INFO | Mensaje recibido: request_id=04196
2026-04-06 00:01:50,353 | concert_ticketing.adapters.messaging.rabbitmq.consumer | INFO | Mensaje recibido: request_id=04274
2026-04-06 00:01:50,421 | concert_ticketing.adapters.messaging.rabbitmq.consumer | INFO | Mensaje recibido: request_id=04222
2026-04-06 00:01:50,488 | concert_ticketing.adapters.messaging.rabbitmq.consumer | INFO | Mensaje recibido: request_id=04318
2026-04-06 00:01:50,570 | concert_ticketing.adapters.messaging.rabbitmq.consumer | INFO | Mensaje recibido: request_id=04322
2026-04-06 00:01:50,666 | concert_ticketing.adapters.messaging.rabbitmq.consumer | INFO | Mensaje recibido: request_id=04342
2026-04-06 00:01:50,749 | concert_ticketing.adapters.messaging.rabbitmq.consumer | INFO | Mensaje recibido: request_id=04349
2026-04-06 00:01:50,852 | concert_ticketing.adapters.messaging.rabbitmq.consumer | INFO | Mensaje recibido: request_id=04337
2026-04-06 00:01:50,923 | concert_ticketing.adapters.messaging.rabbitmq.consumer | INFO | Mensaje recibido: request_id=04350
2026-04-06 00:01:51,008 | concert_ticketing.adapters.messaging.rabbitmq.consumer | INFO | Mensaje recibido: request_id=04375
2026-04-06 00:01:51,099 | concert_ticketing.adapters.messaging.rabbitmq.consumer | INFO | Mensaje recibido: request_id=04376
2026-04-06 00:01:51,171 | concert_ticketing.adapters.messaging.rabbitmq.consumer | INFO | Mensaje recibido: request_id=04384
2026-04-06 00:01:51,248 | concert_ticketing.adapters.messaging.rabbitmq.consumer | INFO | Mensaje recibido: request_id=04328
2026-04-06 00:01:51,322 | concert_ticketing.adapters.messaging.rabbitmq.consumer | INFO | Mensaje recibido: request_id=04389
2026-04-06 00:01:51,408 | concert_ticketing.adapters.messaging.rabbitmq.consumer | INFO | Mensaje recibido: request_id=04404
2026-04-06 00:01:51,483 | concert_ticketing.adapters.messaging.rabbitmq.consumer | INFO | Mensaje recibido: request_id=04402
2026-04-06 00:01:51,569 | concert_ticketing.adapters.messaging.rabbitmq.consumer | INFO | Mensaje recibido: request_id=04385
2026-04-06 00:01:51,659 | concert_ticketing.adapters.messaging.rabbitmq.consumer | INFO | Mensaje recibido: request_id=04357
2026-04-06 00:01:51,730 | concert_ticketing.adapters.messaging.rabbitmq.consumer | INFO | Mensaje recibido: request_id=04438
2026-04-06 00:01:51,825 | concert_ticketing.adapters.messaging.rabbitmq.consumer | INFO | Mensaje recibido: request_id=04441
2026-04-06 00:01:51,911 | concert_ticketing.adapters.messaging.rabbitmq.consumer | INFO | Mensaje recibido: request_id=04457
2026-04-06 00:01:51,990 | concert_ticketing.adapters.messaging.rabbitmq.consumer | INFO | Mensaje recibido: request_id=04461
2026-04-06 00:01:52,084 | concert_ticketing.adapters.messaging.rabbitmq.consumer | INFO | Mensaje recibido: request_id=04468
2026-04-06 00:01:52,163 | concert_ticketing.adapters.messaging.rabbitmq.consumer | INFO | Mensaje recibido: request_id=04486
2026-04-06 00:01:52,245 | concert_ticketing.adapters.messaging.rabbitmq.consumer | INFO | Mensaje recibido: request_id=04428
2026-04-06 00:01:52,333 | concert_ticketing.adapters.messaging.rabbitmq.consumer | INFO | Mensaje recibido: request_id=04446
2026-04-06 00:01:52,440 | concert_ticketing.adapters.messaging.rabbitmq.consumer | INFO | Mensaje recibido: request_id=04476
2026-04-06 00:01:52,533 | concert_ticketing.adapters.messaging.rabbitmq.consumer | INFO | Mensaje recibido: request_id=04501
2026-04-06 00:01:52,601 | concert_ticketing.adapters.messaging.rabbitmq.consumer | INFO | Mensaje recibido: request_id=04526
2026-04-06 00:01:52,696 | concert_ticketing.adapters.messaging.rabbitmq.consumer | INFO | Mensaje recibido: request_id=04362
2026-04-06 00:01:52,763 | concert_ticketing.adapters.messaging.rabbitmq.consumer | INFO | Mensaje recibido: request_id=04525
2026-04-06 00:01:52,856 | concert_ticketing.adapters.messaging.rabbitmq.consumer | INFO | Mensaje recibido: request_id=04510
2026-04-06 00:01:52,952 | concert_ticketing.adapters.messaging.rabbitmq.consumer | INFO | Mensaje recibido: request_id=04537
2026-04-06 00:01:53,028 | concert_ticketing.adapters.messaging.rabbitmq.consumer | INFO | Mensaje recibido: request_id=04559
2026-04-06 00:01:53,113 | concert_ticketing.adapters.messaging.rabbitmq.consumer | INFO | Mensaje recibido: request_id=04551
2026-04-06 00:01:53,207 | concert_ticketing.adapters.messaging.rabbitmq.consumer | INFO | Mensaje recibido: request_id=04576
2026-04-06 00:01:53,296 | concert_ticketing.adapters.messaging.rabbitmq.consumer | INFO | Mensaje recibido: request_id=04583
2026-04-06 00:01:53,378 | concert_ticketing.adapters.messaging.rabbitmq.consumer | INFO | Mensaje recibido: request_id=04539
2026-04-06 00:01:53,448 | concert_ticketing.adapters.messaging.rabbitmq.consumer | INFO | Mensaje recibido: request_id=04591
2026-04-06 00:01:53,558 | concert_ticketing.adapters.messaging.rabbitmq.consumer | INFO | Mensaje recibido: request_id=04616
2026-04-06 00:01:53,646 | concert_ticketing.adapters.messaging.rabbitmq.consumer | INFO | Mensaje recibido: request_id=04600
2026-04-06 00:01:53,720 | concert_ticketing.adapters.messaging.rabbitmq.consumer | INFO | Mensaje recibido: request_id=04613
2026-04-06 00:01:53,800 | concert_ticketing.adapters.messaging.rabbitmq.consumer | INFO | Mensaje recibido: request_id=04550
2026-04-06 00:01:53,891 | concert_ticketing.adapters.messaging.rabbitmq.consumer | INFO | Mensaje recibido: request_id=04523
2026-04-06 00:01:53,974 | concert_ticketing.adapters.messaging.rabbitmq.consumer | INFO | Mensaje recibido: request_id=04646
2026-04-06 00:01:54,074 | concert_ticketing.adapters.messaging.rabbitmq.consumer | INFO | Mensaje recibido: request_id=04635
2026-04-06 00:01:54,148 | concert_ticketing.adapters.messaging.rabbitmq.consumer | INFO | Mensaje recibido: request_id=04645
2026-04-06 00:01:54,242 | concert_ticketing.adapters.messaging.rabbitmq.consumer | INFO | Mensaje recibido: request_id=04426
2026-04-06 00:01:54,325 | concert_ticketing.adapters.messaging.rabbitmq.consumer | INFO | Mensaje recibido: request_id=04659
2026-04-06 00:01:54,412 | concert_ticketing.adapters.messaging.rabbitmq.consumer | INFO | Mensaje recibido: request_id=04682
2026-04-06 00:01:54,503 | concert_ticketing.adapters.messaging.rabbitmq.consumer | INFO | Mensaje recibido: request_id=04704
2026-04-06 00:01:54,573 | concert_ticketing.adapters.messaging.rabbitmq.consumer | INFO | Mensaje recibido: request_id=04665
2026-04-06 00:01:54,659 | concert_ticketing.adapters.messaging.rabbitmq.consumer | INFO | Mensaje recibido: request_id=04702
2026-04-06 00:01:54,738 | concert_ticketing.adapters.messaging.rabbitmq.consumer | INFO | Mensaje recibido: request_id=04726
2026-04-06 00:01:54,828 | concert_ticketing.adapters.messaging.rabbitmq.consumer | INFO | Mensaje recibido: request_id=04730
2026-04-06 00:01:54,907 | concert_ticketing.adapters.messaging.rabbitmq.consumer | INFO | Mensaje recibido: request_id=04734
2026-04-06 00:01:54,995 | concert_ticketing.adapters.messaging.rabbitmq.consumer | INFO | Mensaje recibido: request_id=04750
2026-04-06 00:01:55,070 | concert_ticketing.adapters.messaging.rabbitmq.consumer | INFO | Mensaje recibido: request_id=04749
2026-04-06 00:01:55,158 | concert_ticketing.adapters.messaging.rabbitmq.consumer | INFO | Mensaje recibido: request_id=04720
2026-04-06 00:01:55,236 | concert_ticketing.adapters.messaging.rabbitmq.consumer | INFO | Mensaje recibido: request_id=04747
2026-04-06 00:01:55,327 | concert_ticketing.adapters.messaging.rabbitmq.consumer | INFO | Mensaje recibido: request_id=04716
2026-04-06 00:01:55,406 | concert_ticketing.adapters.messaging.rabbitmq.consumer | INFO | Mensaje recibido: request_id=04765
2026-04-06 00:01:55,480 | concert_ticketing.adapters.messaging.rabbitmq.consumer | INFO | Mensaje recibido: request_id=04790
2026-04-06 00:01:55,570 | concert_ticketing.adapters.messaging.rabbitmq.consumer | INFO | Mensaje recibido: request_id=04768
2026-04-06 00:01:55,667 | concert_ticketing.adapters.messaging.rabbitmq.consumer | INFO | Mensaje recibido: request_id=04815
2026-04-06 00:01:55,746 | concert_ticketing.adapters.messaging.rabbitmq.consumer | INFO | Mensaje recibido: request_id=04810
2026-04-06 00:01:55,831 | concert_ticketing.adapters.messaging.rabbitmq.consumer | INFO | Mensaje recibido: request_id=04754
2026-04-06 00:01:55,925 | concert_ticketing.adapters.messaging.rabbitmq.consumer | INFO | Mensaje recibido: request_id=04822
2026-04-06 00:01:55,994 | concert_ticketing.adapters.messaging.rabbitmq.consumer | INFO | Mensaje recibido: request_id=04836
2026-04-06 00:01:56,087 | concert_ticketing.adapters.messaging.rabbitmq.consumer | INFO | Mensaje recibido: request_id=04737
2026-04-06 00:01:56,165 | concert_ticketing.adapters.messaging.rabbitmq.consumer | INFO | Mensaje recibido: request_id=04814
2026-04-06 00:01:56,256 | concert_ticketing.adapters.messaging.rabbitmq.consumer | INFO | Mensaje recibido: request_id=04857
2026-04-06 00:01:56,350 | concert_ticketing.adapters.messaging.rabbitmq.consumer | INFO | Mensaje recibido: request_id=04865
2026-04-06 00:01:56,424 | concert_ticketing.adapters.messaging.rabbitmq.consumer | INFO | Mensaje recibido: request_id=04778
2026-04-06 00:01:56,502 | concert_ticketing.adapters.messaging.rabbitmq.consumer | INFO | Mensaje recibido: request_id=04885
2026-04-06 00:01:56,599 | concert_ticketing.adapters.messaging.rabbitmq.consumer | INFO | Mensaje recibido: request_id=04845
2026-04-06 00:01:56,691 | concert_ticketing.adapters.messaging.rabbitmq.consumer | INFO | Mensaje recibido: request_id=04794
2026-04-06 00:01:56,771 | concert_ticketing.adapters.messaging.rabbitmq.consumer | INFO | Mensaje recibido: request_id=04920
2026-04-06 00:01:56,854 | concert_ticketing.adapters.messaging.rabbitmq.consumer | INFO | Mensaje recibido: request_id=04927
2026-04-06 00:01:56,928 | concert_ticketing.adapters.messaging.rabbitmq.consumer | INFO | Mensaje recibido: request_id=04912
2026-04-06 00:01:56,999 | concert_ticketing.adapters.messaging.rabbitmq.consumer | INFO | Mensaje recibido: request_id=04942
2026-04-06 00:01:57,090 | concert_ticketing.adapters.messaging.rabbitmq.consumer | INFO | Mensaje recibido: request_id=04950
2026-04-06 00:01:57,171 | concert_ticketing.adapters.messaging.rabbitmq.consumer | INFO | Mensaje recibido: request_id=04876
2026-04-06 00:01:57,246 | concert_ticketing.adapters.messaging.rabbitmq.consumer | INFO | Mensaje recibido: request_id=04967
2026-04-06 00:01:57,321 | concert_ticketing.adapters.messaging.rabbitmq.consumer | INFO | Mensaje recibido: request_id=04919
2026-04-06 00:01:57,427 | concert_ticketing.adapters.messaging.rabbitmq.consumer | INFO | Mensaje recibido: request_id=04966
2026-04-06 00:01:57,504 | concert_ticketing.adapters.messaging.rabbitmq.consumer | INFO | Mensaje recibido: request_id=04939
2026-04-06 00:01:57,592 | concert_ticketing.adapters.messaging.rabbitmq.consumer | INFO | Mensaje recibido: request_id=04999
2026-04-06 00:01:57,677 | concert_ticketing.adapters.messaging.rabbitmq.consumer | INFO | Mensaje recibido: request_id=04898
2026-04-06 00:01:57,756 | concert_ticketing.adapters.messaging.rabbitmq.consumer | INFO | Mensaje recibido: request_id=04986
2026-04-06 00:01:57,834 | concert_ticketing.adapters.messaging.rabbitmq.consumer | INFO | Mensaje recibido: request_id=04949
2026-04-06 00:01:57,913 | concert_ticketing.adapters.messaging.rabbitmq.consumer | INFO | Mensaje recibido: request_id=05003
2026-04-06 00:01:58,000 | concert_ticketing.adapters.messaging.rabbitmq.consumer | INFO | Mensaje recibido: request_id=05014
2026-04-06 00:01:58,090 | concert_ticketing.adapters.messaging.rabbitmq.consumer | INFO | Mensaje recibido: request_id=04974
2026-04-06 00:01:58,172 | concert_ticketing.adapters.messaging.rabbitmq.consumer | INFO | Mensaje recibido: request_id=05053
2026-04-06 00:01:58,278 | concert_ticketing.adapters.messaging.rabbitmq.consumer | INFO | Mensaje recibido: request_id=05061
2026-04-06 00:01:58,361 | concert_ticketing.adapters.messaging.rabbitmq.consumer | INFO | Mensaje recibido: request_id=05071
2026-04-06 00:01:58,459 | concert_ticketing.adapters.messaging.rabbitmq.consumer | INFO | Mensaje recibido: request_id=05042
2026-04-06 00:01:58,566 | concert_ticketing.adapters.messaging.rabbitmq.consumer | INFO | Mensaje recibido: request_id=04968
2026-04-06 00:01:58,658 | concert_ticketing.adapters.messaging.rabbitmq.consumer | INFO | Mensaje recibido: request_id=05041
2026-04-06 00:01:58,737 | concert_ticketing.adapters.messaging.rabbitmq.consumer | INFO | Mensaje recibido: request_id=05055
2026-04-06 00:01:58,864 | concert_ticketing.adapters.messaging.rabbitmq.consumer | INFO | Mensaje recibido: request_id=05112
2026-04-06 00:01:58,978 | concert_ticketing.adapters.messaging.rabbitmq.consumer | INFO | Mensaje recibido: request_id=05111
2026-04-06 00:01:59,083 | concert_ticketing.adapters.messaging.rabbitmq.consumer | INFO | Mensaje recibido: request_id=05078
2026-04-06 00:01:59,173 | concert_ticketing.adapters.messaging.rabbitmq.consumer | INFO | Mensaje recibido: request_id=05129
2026-04-06 00:01:59,256 | concert_ticketing.adapters.messaging.rabbitmq.consumer | INFO | Mensaje recibido: request_id=05142
2026-04-06 00:01:59,341 | concert_ticketing.adapters.messaging.rabbitmq.consumer | INFO | Mensaje recibido: request_id=05133
2026-04-06 00:01:59,425 | concert_ticketing.adapters.messaging.rabbitmq.consumer | INFO | Mensaje recibido: request_id=05102
2026-04-06 00:01:59,509 | concert_ticketing.adapters.messaging.rabbitmq.consumer | INFO | Mensaje recibido: request_id=05110
2026-04-06 00:01:59,576 | concert_ticketing.adapters.messaging.rabbitmq.consumer | INFO | Mensaje recibido: request_id=05152
2026-04-06 00:01:59,664 | concert_ticketing.adapters.messaging.rabbitmq.consumer | INFO | Mensaje recibido: request_id=05182
2026-04-06 00:01:59,756 | concert_ticketing.adapters.messaging.rabbitmq.consumer | INFO | Mensaje recibido: request_id=05146
2026-04-06 00:01:59,810 | concert_ticketing.adapters.messaging.rabbitmq.consumer | INFO | Mensaje recibido: request_id=05199
2026-04-06 00:01:59,887 | concert_ticketing.adapters.messaging.rabbitmq.consumer | INFO | Mensaje recibido: request_id=05176
2026-04-06 00:01:59,959 | concert_ticketing.adapters.messaging.rabbitmq.consumer | INFO | Mensaje recibido: request_id=05173
2026-04-06 00:02:00,040 | concert_ticketing.adapters.messaging.rabbitmq.consumer | INFO | Mensaje recibido: request_id=05216
2026-04-06 00:02:00,117 | concert_ticketing.adapters.messaging.rabbitmq.consumer | INFO | Mensaje recibido: request_id=05186
2026-04-06 00:02:00,191 | concert_ticketing.adapters.messaging.rabbitmq.consumer | INFO | Mensaje recibido: request_id=05158
2026-04-06 00:02:00,279 | concert_ticketing.adapters.messaging.rabbitmq.consumer | INFO | Mensaje recibido: request_id=05189
2026-04-06 00:02:00,366 | concert_ticketing.adapters.messaging.rabbitmq.consumer | INFO | Mensaje recibido: request_id=05249
2026-04-06 00:02:00,460 | concert_ticketing.adapters.messaging.rabbitmq.consumer | INFO | Mensaje recibido: request_id=05228
2026-04-06 00:02:00,538 | concert_ticketing.adapters.messaging.rabbitmq.consumer | INFO | Mensaje recibido: request_id=05233
2026-04-06 00:02:00,603 | concert_ticketing.adapters.messaging.rabbitmq.consumer | INFO | Mensaje recibido: request_id=05236
2026-04-06 00:02:00,702 | concert_ticketing.adapters.messaging.rabbitmq.consumer | INFO | Mensaje recibido: request_id=05286
2026-04-06 00:02:00,780 | concert_ticketing.adapters.messaging.rabbitmq.consumer | INFO | Mensaje recibido: request_id=05237
2026-04-06 00:02:00,856 | concert_ticketing.adapters.messaging.rabbitmq.consumer | INFO | Mensaje recibido: request_id=05235
2026-04-06 00:02:00,950 | concert_ticketing.adapters.messaging.rabbitmq.consumer | INFO | Mensaje recibido: request_id=05304
2026-04-06 00:02:01,022 | concert_ticketing.adapters.messaging.rabbitmq.consumer | INFO | Mensaje recibido: request_id=05311
2026-04-06 00:02:01,123 | concert_ticketing.adapters.messaging.rabbitmq.consumer | INFO | Mensaje recibido: request_id=05282
2026-04-06 00:02:01,203 | concert_ticketing.adapters.messaging.rabbitmq.consumer | INFO | Mensaje recibido: request_id=05299
2026-04-06 00:02:01,283 | concert_ticketing.adapters.messaging.rabbitmq.consumer | INFO | Mensaje recibido: request_id=05309
2026-04-06 00:02:01,378 | concert_ticketing.adapters.messaging.rabbitmq.consumer | INFO | Mensaje recibido: request_id=05350
2026-04-06 00:02:01,471 | concert_ticketing.adapters.messaging.rabbitmq.consumer | INFO | Mensaje recibido: request_id=05281
2026-04-06 00:02:01,556 | concert_ticketing.adapters.messaging.rabbitmq.consumer | INFO | Mensaje recibido: request_id=05332
2026-04-06 00:02:01,635 | concert_ticketing.adapters.messaging.rabbitmq.consumer | INFO | Mensaje recibido: request_id=05341
2026-04-06 00:02:01,729 | concert_ticketing.adapters.messaging.rabbitmq.consumer | INFO | Mensaje recibido: request_id=05384
2026-04-06 00:02:01,804 | concert_ticketing.adapters.messaging.rabbitmq.consumer | INFO | Mensaje recibido: request_id=05367
2026-04-06 00:02:01,887 | concert_ticketing.adapters.messaging.rabbitmq.consumer | INFO | Mensaje recibido: request_id=05399
2026-04-06 00:02:01,972 | concert_ticketing.adapters.messaging.rabbitmq.consumer | INFO | Mensaje recibido: request_id=05354
2026-04-06 00:02:02,048 | concert_ticketing.adapters.messaging.rabbitmq.consumer | INFO | Mensaje recibido: request_id=05413
2026-04-06 00:02:02,149 | concert_ticketing.adapters.messaging.rabbitmq.consumer | INFO | Mensaje recibido: request_id=05351
2026-04-06 00:02:02,228 | concert_ticketing.adapters.messaging.rabbitmq.consumer | INFO | Mensaje recibido: request_id=05430
2026-04-06 00:02:02,324 | concert_ticketing.adapters.messaging.rabbitmq.consumer | INFO | Mensaje recibido: request_id=05340
2026-04-06 00:02:02,414 | concert_ticketing.adapters.messaging.rabbitmq.consumer | INFO | Mensaje recibido: request_id=05412
2026-04-06 00:02:02,498 | concert_ticketing.adapters.messaging.rabbitmq.consumer | INFO | Mensaje recibido: request_id=05426
2026-04-06 00:02:02,573 | concert_ticketing.adapters.messaging.rabbitmq.consumer | INFO | Mensaje recibido: request_id=05449
2026-04-06 00:02:02,642 | concert_ticketing.adapters.messaging.rabbitmq.consumer | INFO | Mensaje recibido: request_id=05356
2026-04-06 00:02:02,712 | concert_ticketing.adapters.messaging.rabbitmq.consumer | INFO | Mensaje recibido: request_id=05423
2026-04-06 00:02:02,779 | concert_ticketing.adapters.messaging.rabbitmq.consumer | INFO | Mensaje recibido: request_id=05473
2026-04-06 00:02:02,870 | concert_ticketing.adapters.messaging.rabbitmq.consumer | INFO | Mensaje recibido: request_id=05483
2026-04-06 00:02:02,948 | concert_ticketing.adapters.messaging.rabbitmq.consumer | INFO | Mensaje recibido: request_id=05501
2026-04-06 00:02:03,042 | concert_ticketing.adapters.messaging.rabbitmq.consumer | INFO | Mensaje recibido: request_id=05471
2026-04-06 00:02:03,128 | concert_ticketing.adapters.messaging.rabbitmq.consumer | INFO | Mensaje recibido: request_id=05507
2026-04-06 00:02:03,228 | concert_ticketing.adapters.messaging.rabbitmq.consumer | INFO | Mensaje recibido: request_id=05527
2026-04-06 00:02:03,322 | concert_ticketing.adapters.messaging.rabbitmq.consumer | INFO | Mensaje recibido: request_id=05499
2026-04-06 00:02:03,380 | concert_ticketing.adapters.messaging.rabbitmq.consumer | INFO | Mensaje recibido: request_id=05485
2026-04-06 00:02:03,455 | concert_ticketing.adapters.messaging.rabbitmq.consumer | INFO | Mensaje recibido: request_id=05549
2026-04-06 00:02:03,554 | concert_ticketing.adapters.messaging.rabbitmq.consumer | INFO | Mensaje recibido: request_id=05551
2026-04-06 00:02:03,626 | concert_ticketing.adapters.messaging.rabbitmq.consumer | INFO | Mensaje recibido: request_id=05506
2026-04-06 00:02:03,733 | concert_ticketing.adapters.messaging.rabbitmq.consumer | INFO | Mensaje recibido: request_id=05574
2026-04-06 00:02:03,819 | concert_ticketing.adapters.messaging.rabbitmq.consumer | INFO | Mensaje recibido: request_id=05490
2026-04-06 00:02:03,906 | concert_ticketing.adapters.messaging.rabbitmq.consumer | INFO | Mensaje recibido: request_id=05504
2026-04-06 00:02:03,980 | concert_ticketing.adapters.messaging.rabbitmq.consumer | INFO | Mensaje recibido: request_id=05571
2026-04-06 00:02:04,084 | concert_ticketing.adapters.messaging.rabbitmq.consumer | INFO | Mensaje recibido: request_id=05607
2026-04-06 00:02:04,142 | concert_ticketing.adapters.messaging.rabbitmq.consumer | INFO | Mensaje recibido: request_id=05613
2026-04-06 00:02:04,240 | concert_ticketing.adapters.messaging.rabbitmq.consumer | INFO | Mensaje recibido: request_id=05565
2026-04-06 00:02:04,310 | concert_ticketing.adapters.messaging.rabbitmq.consumer | INFO | Mensaje recibido: request_id=05619
2026-04-06 00:02:04,404 | concert_ticketing.adapters.messaging.rabbitmq.consumer | INFO | Mensaje recibido: request_id=05638
2026-04-06 00:02:04,470 | concert_ticketing.adapters.messaging.rabbitmq.consumer | INFO | Mensaje recibido: request_id=05636
2026-04-06 00:02:04,548 | concert_ticketing.adapters.messaging.rabbitmq.consumer | INFO | Mensaje recibido: request_id=05588
2026-04-06 00:02:04,640 | concert_ticketing.adapters.messaging.rabbitmq.consumer | INFO | Mensaje recibido: request_id=05622
2026-04-06 00:02:04,706 | concert_ticketing.adapters.messaging.rabbitmq.consumer | INFO | Mensaje recibido: request_id=05616
2026-04-06 00:02:04,796 | concert_ticketing.adapters.messaging.rabbitmq.consumer | INFO | Mensaje recibido: request_id=05654
2026-04-06 00:02:04,869 | concert_ticketing.adapters.messaging.rabbitmq.consumer | INFO | Mensaje recibido: request_id=05687
2026-04-06 00:02:04,955 | concert_ticketing.adapters.messaging.rabbitmq.consumer | INFO | Mensaje recibido: request_id=05515
2026-04-06 00:02:05,027 | concert_ticketing.adapters.messaging.rabbitmq.consumer | INFO | Mensaje recibido: request_id=05695
2026-04-06 00:02:05,117 | concert_ticketing.adapters.messaging.rabbitmq.consumer | INFO | Mensaje recibido: request_id=05675
2026-04-06 00:02:05,201 | concert_ticketing.adapters.messaging.rabbitmq.consumer | INFO | Mensaje recibido: request_id=05718
2026-04-06 00:02:05,278 | concert_ticketing.adapters.messaging.rabbitmq.consumer | INFO | Mensaje recibido: request_id=05727
2026-04-06 00:02:05,363 | concert_ticketing.adapters.messaging.rabbitmq.consumer | INFO | Mensaje recibido: request_id=05721
2026-04-06 00:02:05,448 | concert_ticketing.adapters.messaging.rabbitmq.consumer | INFO | Mensaje recibido: request_id=05669
2026-04-06 00:02:05,529 | concert_ticketing.adapters.messaging.rabbitmq.consumer | INFO | Mensaje recibido: request_id=05696
2026-04-06 00:02:05,594 | concert_ticketing.adapters.messaging.rabbitmq.consumer | INFO | Mensaje recibido: request_id=05700
2026-04-06 00:02:05,689 | concert_ticketing.adapters.messaging.rabbitmq.consumer | INFO | Mensaje recibido: request_id=05769
2026-04-06 00:02:05,778 | concert_ticketing.adapters.messaging.rabbitmq.consumer | INFO | Mensaje recibido: request_id=05672
2026-04-06 00:02:05,849 | concert_ticketing.adapters.messaging.rabbitmq.consumer | INFO | Mensaje recibido: request_id=05716
2026-04-06 00:02:05,917 | concert_ticketing.adapters.messaging.rabbitmq.consumer | INFO | Mensaje recibido: request_id=05788
2026-04-06 00:02:06,001 | concert_ticketing.adapters.messaging.rabbitmq.consumer | INFO | Mensaje recibido: request_id=05714
2026-04-06 00:02:06,085 | concert_ticketing.adapters.messaging.rabbitmq.consumer | INFO | Mensaje recibido: request_id=05749
2026-04-06 00:02:06,170 | concert_ticketing.adapters.messaging.rabbitmq.consumer | INFO | Mensaje recibido: request_id=05584
2026-04-06 00:02:06,250 | concert_ticketing.adapters.messaging.rabbitmq.consumer | INFO | Mensaje recibido: request_id=05813
2026-04-06 00:02:06,330 | concert_ticketing.adapters.messaging.rabbitmq.consumer | INFO | Mensaje recibido: request_id=05707
2026-04-06 00:02:06,425 | concert_ticketing.adapters.messaging.rabbitmq.consumer | INFO | Mensaje recibido: request_id=05824
2026-04-06 00:02:06,520 | concert_ticketing.adapters.messaging.rabbitmq.consumer | INFO | Mensaje recibido: request_id=05848
2026-04-06 00:02:06,578 | concert_ticketing.adapters.messaging.rabbitmq.consumer | INFO | Mensaje recibido: request_id=05834
2026-04-06 00:02:06,666 | concert_ticketing.adapters.messaging.rabbitmq.consumer | INFO | Mensaje recibido: request_id=05832
2026-04-06 00:02:06,753 | concert_ticketing.adapters.messaging.rabbitmq.consumer | INFO | Mensaje recibido: request_id=05836
2026-04-06 00:02:06,835 | concert_ticketing.adapters.messaging.rabbitmq.consumer | INFO | Mensaje recibido: request_id=05706
2026-04-06 00:02:06,905 | concert_ticketing.adapters.messaging.rabbitmq.consumer | INFO | Mensaje recibido: request_id=05875
2026-04-06 00:02:07,015 | concert_ticketing.adapters.messaging.rabbitmq.consumer | INFO | Mensaje recibido: request_id=05768
2026-04-06 00:02:07,085 | concert_ticketing.adapters.messaging.rabbitmq.consumer | INFO | Mensaje recibido: request_id=05885
2026-04-06 00:02:07,165 | concert_ticketing.adapters.messaging.rabbitmq.consumer | INFO | Mensaje recibido: request_id=05895
2026-04-06 00:02:07,245 | concert_ticketing.adapters.messaging.rabbitmq.consumer | INFO | Mensaje recibido: request_id=05918
2026-04-06 00:02:07,319 | concert_ticketing.adapters.messaging.rabbitmq.consumer | INFO | Mensaje recibido: request_id=05894
2026-04-06 00:02:07,406 | concert_ticketing.adapters.messaging.rabbitmq.consumer | INFO | Mensaje recibido: request_id=05929
2026-04-06 00:02:07,490 | concert_ticketing.adapters.messaging.rabbitmq.consumer | INFO | Mensaje recibido: request_id=05922
2026-04-06 00:02:07,594 | concert_ticketing.adapters.messaging.rabbitmq.consumer | INFO | Mensaje recibido: request_id=05917
2026-04-06 00:02:07,689 | concert_ticketing.adapters.messaging.rabbitmq.consumer | INFO | Mensaje recibido: request_id=05951
2026-04-06 00:02:07,761 | concert_ticketing.adapters.messaging.rabbitmq.consumer | INFO | Mensaje recibido: request_id=05949
2026-04-06 00:02:07,849 | concert_ticketing.adapters.messaging.rabbitmq.consumer | INFO | Mensaje recibido: request_id=05975
2026-04-06 00:02:07,928 | concert_ticketing.adapters.messaging.rabbitmq.consumer | INFO | Mensaje recibido: request_id=05904
2026-04-06 00:02:08,019 | concert_ticketing.adapters.messaging.rabbitmq.consumer | INFO | Mensaje recibido: request_id=05986
2026-04-06 00:02:08,094 | concert_ticketing.adapters.messaging.rabbitmq.consumer | INFO | Mensaje recibido: request_id=05942
2026-04-06 00:02:08,178 | concert_ticketing.adapters.messaging.rabbitmq.consumer | INFO | Mensaje recibido: request_id=05971
2026-04-06 00:02:08,266 | concert_ticketing.adapters.messaging.rabbitmq.consumer | INFO | Mensaje recibido: request_id=05988
2026-04-06 00:02:08,350 | concert_ticketing.adapters.messaging.rabbitmq.consumer | INFO | Mensaje recibido: request_id=05996
2026-04-06 00:02:08,427 | concert_ticketing.adapters.messaging.rabbitmq.consumer | INFO | Mensaje recibido: request_id=06030
2026-04-06 00:02:08,508 | concert_ticketing.adapters.messaging.rabbitmq.consumer | INFO | Mensaje recibido: request_id=06010
2026-04-06 00:02:08,582 | concert_ticketing.adapters.messaging.rabbitmq.consumer | INFO | Mensaje recibido: request_id=06037
2026-04-06 00:02:08,643 | concert_ticketing.adapters.messaging.rabbitmq.consumer | INFO | Mensaje recibido: request_id=06046
2026-04-06 00:02:08,746 | concert_ticketing.adapters.messaging.rabbitmq.consumer | INFO | Mensaje recibido: request_id=06063
2026-04-06 00:02:08,820 | concert_ticketing.adapters.messaging.rabbitmq.consumer | INFO | Mensaje recibido: request_id=05969
2026-04-06 00:02:08,898 | concert_ticketing.adapters.messaging.rabbitmq.consumer | INFO | Mensaje recibido: request_id=06064
2026-04-06 00:02:08,977 | concert_ticketing.adapters.messaging.rabbitmq.consumer | INFO | Mensaje recibido: request_id=06087
2026-04-06 00:02:09,041 | concert_ticketing.adapters.messaging.rabbitmq.consumer | INFO | Mensaje recibido: request_id=06070
2026-04-06 00:02:09,115 | concert_ticketing.adapters.messaging.rabbitmq.consumer | INFO | Mensaje recibido: request_id=06095
2026-04-06 00:02:09,196 | concert_ticketing.adapters.messaging.rabbitmq.consumer | INFO | Mensaje recibido: request_id=06102
2026-04-06 00:02:09,290 | concert_ticketing.adapters.messaging.rabbitmq.consumer | INFO | Mensaje recibido: request_id=06043
2026-04-06 00:02:09,381 | concert_ticketing.adapters.messaging.rabbitmq.consumer | INFO | Mensaje recibido: request_id=06116
2026-04-06 00:02:09,466 | concert_ticketing.adapters.messaging.rabbitmq.consumer | INFO | Mensaje recibido: request_id=06112
2026-04-06 00:02:09,563 | concert_ticketing.adapters.messaging.rabbitmq.consumer | INFO | Mensaje recibido: request_id=06129
2026-04-06 00:02:09,658 | concert_ticketing.adapters.messaging.rabbitmq.consumer | INFO | Mensaje recibido: request_id=06144
2026-04-06 00:02:09,753 | concert_ticketing.adapters.messaging.rabbitmq.consumer | INFO | Mensaje recibido: request_id=06113
2026-04-06 00:02:09,857 | concert_ticketing.adapters.messaging.rabbitmq.consumer | INFO | Mensaje recibido: request_id=06151
2026-04-06 00:02:09,969 | concert_ticketing.adapters.messaging.rabbitmq.consumer | INFO | Mensaje recibido: request_id=06169
2026-04-06 00:02:10,071 | concert_ticketing.adapters.messaging.rabbitmq.consumer | INFO | Mensaje recibido: request_id=06073
2026-04-06 00:02:10,157 | concert_ticketing.adapters.messaging.rabbitmq.consumer | INFO | Mensaje recibido: request_id=06047
2026-04-06 00:02:10,241 | concert_ticketing.adapters.messaging.rabbitmq.consumer | INFO | Mensaje recibido: request_id=06178
2026-04-06 00:02:10,322 | concert_ticketing.adapters.messaging.rabbitmq.consumer | INFO | Mensaje recibido: request_id=06155
2026-04-06 00:02:10,398 | concert_ticketing.adapters.messaging.rabbitmq.consumer | INFO | Mensaje recibido: request_id=06214
2026-04-06 00:02:10,496 | concert_ticketing.adapters.messaging.rabbitmq.consumer | INFO | Mensaje recibido: request_id=06077
2026-04-06 00:02:10,563 | concert_ticketing.adapters.messaging.rabbitmq.consumer | INFO | Mensaje recibido: request_id=06183
2026-04-06 00:02:10,653 | concert_ticketing.adapters.messaging.rabbitmq.consumer | INFO | Mensaje recibido: request_id=06217
2026-04-06 00:02:10,717 | concert_ticketing.adapters.messaging.rabbitmq.consumer | INFO | Mensaje recibido: request_id=06188
2026-04-06 00:02:10,784 | concert_ticketing.adapters.messaging.rabbitmq.consumer | INFO | Mensaje recibido: request_id=06127
2026-04-06 00:02:10,857 | concert_ticketing.adapters.messaging.rabbitmq.consumer | INFO | Mensaje recibido: request_id=06262
2026-04-06 00:02:10,933 | concert_ticketing.adapters.messaging.rabbitmq.consumer | INFO | Mensaje recibido: request_id=06272
2026-04-06 00:02:11,008 | concert_ticketing.adapters.messaging.rabbitmq.consumer | INFO | Mensaje recibido: request_id=06249
2026-04-06 00:02:11,072 | concert_ticketing.adapters.messaging.rabbitmq.consumer | INFO | Mensaje recibido: request_id=06278
2026-04-06 00:02:11,156 | concert_ticketing.adapters.messaging.rabbitmq.consumer | INFO | Mensaje recibido: request_id=06277
2026-04-06 00:02:11,216 | concert_ticketing.adapters.messaging.rabbitmq.consumer | INFO | Mensaje recibido: request_id=06303
2026-04-06 00:02:11,324 | concert_ticketing.adapters.messaging.rabbitmq.consumer | INFO | Mensaje recibido: request_id=06304
2026-04-06 00:02:11,446 | concert_ticketing.adapters.messaging.rabbitmq.consumer | INFO | Mensaje recibido: request_id=06314
2026-04-06 00:02:11,535 | concert_ticketing.adapters.messaging.rabbitmq.consumer | INFO | Mensaje recibido: request_id=06316
2026-04-06 00:02:11,606 | concert_ticketing.adapters.messaging.rabbitmq.consumer | INFO | Mensaje recibido: request_id=06333
2026-04-06 00:02:11,702 | concert_ticketing.adapters.messaging.rabbitmq.consumer | INFO | Mensaje recibido: request_id=06341
2026-04-06 00:02:11,758 | concert_ticketing.adapters.messaging.rabbitmq.consumer | INFO | Mensaje recibido: request_id=06343
2026-04-06 00:02:11,828 | concert_ticketing.adapters.messaging.rabbitmq.consumer | INFO | Mensaje recibido: request_id=06318
2026-04-06 00:02:11,944 | concert_ticketing.adapters.messaging.rabbitmq.consumer | INFO | Mensaje recibido: request_id=06356
2026-04-06 00:02:12,003 | concert_ticketing.adapters.messaging.rabbitmq.consumer | INFO | Mensaje recibido: request_id=06283
2026-04-06 00:02:12,100 | concert_ticketing.adapters.messaging.rabbitmq.consumer | INFO | Mensaje recibido: request_id=06383
2026-04-06 00:02:12,188 | concert_ticketing.adapters.messaging.rabbitmq.consumer | INFO | Mensaje recibido: request_id=06295
2026-04-06 00:02:12,256 | concert_ticketing.adapters.messaging.rabbitmq.consumer | INFO | Mensaje recibido: request_id=06346
2026-04-06 00:02:12,348 | concert_ticketing.adapters.messaging.rabbitmq.consumer | INFO | Mensaje recibido: request_id=06294
2026-04-06 00:02:12,412 | concert_ticketing.adapters.messaging.rabbitmq.consumer | INFO | Mensaje recibido: request_id=06384
2026-04-06 00:02:12,491 | concert_ticketing.adapters.messaging.rabbitmq.consumer | INFO | Mensaje recibido: request_id=06422
2026-04-06 00:02:12,562 | concert_ticketing.adapters.messaging.rabbitmq.consumer | INFO | Mensaje recibido: request_id=06292
2026-04-06 00:02:12,659 | concert_ticketing.adapters.messaging.rabbitmq.consumer | INFO | Mensaje recibido: request_id=06440
2026-04-06 00:02:12,745 | concert_ticketing.adapters.messaging.rabbitmq.consumer | INFO | Mensaje recibido: request_id=06423
2026-04-06 00:02:12,845 | concert_ticketing.adapters.messaging.rabbitmq.consumer | INFO | Mensaje recibido: request_id=06420
2026-04-06 00:02:12,917 | concert_ticketing.adapters.messaging.rabbitmq.consumer | INFO | Mensaje recibido: request_id=06462
2026-04-06 00:02:12,984 | concert_ticketing.adapters.messaging.rabbitmq.consumer | INFO | Mensaje recibido: request_id=06467
2026-04-06 00:02:13,057 | concert_ticketing.adapters.messaging.rabbitmq.consumer | INFO | Mensaje recibido: request_id=06457
2026-04-06 00:02:13,152 | concert_ticketing.adapters.messaging.rabbitmq.consumer | INFO | Mensaje recibido: request_id=06488
2026-04-06 00:02:13,215 | concert_ticketing.adapters.messaging.rabbitmq.consumer | INFO | Mensaje recibido: request_id=06486
2026-04-06 00:02:13,298 | concert_ticketing.adapters.messaging.rabbitmq.consumer | INFO | Mensaje recibido: request_id=06309
2026-04-06 00:02:13,387 | concert_ticketing.adapters.messaging.rabbitmq.consumer | INFO | Mensaje recibido: request_id=06510
2026-04-06 00:02:13,462 | concert_ticketing.adapters.messaging.rabbitmq.consumer | INFO | Mensaje recibido: request_id=06456
2026-04-06 00:02:13,565 | concert_ticketing.adapters.messaging.rabbitmq.consumer | INFO | Mensaje recibido: request_id=06528
2026-04-06 00:02:13,638 | concert_ticketing.adapters.messaging.rabbitmq.consumer | INFO | Mensaje recibido: request_id=06536
2026-04-06 00:02:13,717 | concert_ticketing.adapters.messaging.rabbitmq.consumer | INFO | Mensaje recibido: request_id=06503
2026-04-06 00:02:13,806 | concert_ticketing.adapters.messaging.rabbitmq.consumer | INFO | Mensaje recibido: request_id=06530
2026-04-06 00:02:13,902 | concert_ticketing.adapters.messaging.rabbitmq.consumer | INFO | Mensaje recibido: request_id=06553
2026-04-06 00:02:13,977 | concert_ticketing.adapters.messaging.rabbitmq.consumer | INFO | Mensaje recibido: request_id=06519
2026-04-06 00:02:14,062 | concert_ticketing.adapters.messaging.rabbitmq.consumer | INFO | Mensaje recibido: request_id=06575
2026-04-06 00:02:14,138 | concert_ticketing.adapters.messaging.rabbitmq.consumer | INFO | Mensaje recibido: request_id=06480
2026-04-06 00:02:14,227 | concert_ticketing.adapters.messaging.rabbitmq.consumer | INFO | Mensaje recibido: request_id=06590
2026-04-06 00:02:14,296 | concert_ticketing.adapters.messaging.rabbitmq.consumer | INFO | Mensaje recibido: request_id=06505
2026-04-06 00:02:14,382 | concert_ticketing.adapters.messaging.rabbitmq.consumer | INFO | Mensaje recibido: request_id=06559
2026-04-06 00:02:14,463 | concert_ticketing.adapters.messaging.rabbitmq.consumer | INFO | Mensaje recibido: request_id=06616
2026-04-06 00:02:14,542 | concert_ticketing.adapters.messaging.rabbitmq.consumer | INFO | Mensaje recibido: request_id=06502
2026-04-06 00:02:14,648 | concert_ticketing.adapters.messaging.rabbitmq.consumer | INFO | Mensaje recibido: request_id=06594
2026-04-06 00:02:14,730 | concert_ticketing.adapters.messaging.rabbitmq.consumer | INFO | Mensaje recibido: request_id=06628
2026-04-06 00:02:14,822 | concert_ticketing.adapters.messaging.rabbitmq.consumer | INFO | Mensaje recibido: request_id=06614
2026-04-06 00:02:14,908 | concert_ticketing.adapters.messaging.rabbitmq.consumer | INFO | Mensaje recibido: request_id=06640
2026-04-06 00:02:14,987 | concert_ticketing.adapters.messaging.rabbitmq.consumer | INFO | Mensaje recibido: request_id=06606
2026-04-06 00:02:15,049 | concert_ticketing.adapters.messaging.rabbitmq.consumer | INFO | Mensaje recibido: request_id=06671
2026-04-06 00:02:15,136 | concert_ticketing.adapters.messaging.rabbitmq.consumer | INFO | Mensaje recibido: request_id=06679
2026-04-06 00:02:15,204 | concert_ticketing.adapters.messaging.rabbitmq.consumer | INFO | Mensaje recibido: request_id=06570
2026-04-06 00:02:15,300 | concert_ticketing.adapters.messaging.rabbitmq.consumer | INFO | Mensaje recibido: request_id=06605
2026-04-06 00:02:15,379 | concert_ticketing.adapters.messaging.rabbitmq.consumer | INFO | Mensaje recibido: request_id=06691
2026-04-06 00:02:15,455 | concert_ticketing.adapters.messaging.rabbitmq.consumer | INFO | Mensaje recibido: request_id=06697
2026-04-06 00:02:15,520 | concert_ticketing.adapters.messaging.rabbitmq.consumer | INFO | Mensaje recibido: request_id=06664
2026-04-06 00:02:15,599 | concert_ticketing.adapters.messaging.rabbitmq.consumer | INFO | Mensaje recibido: request_id=06718
2026-04-06 00:02:15,675 | concert_ticketing.adapters.messaging.rabbitmq.consumer | INFO | Mensaje recibido: request_id=06703
2026-04-06 00:02:15,740 | concert_ticketing.adapters.messaging.rabbitmq.consumer | INFO | Mensaje recibido: request_id=06741
2026-04-06 00:02:15,838 | concert_ticketing.adapters.messaging.rabbitmq.consumer | INFO | Mensaje recibido: request_id=06749
2026-04-06 00:02:15,916 | concert_ticketing.adapters.messaging.rabbitmq.consumer | INFO | Mensaje recibido: request_id=06757
2026-04-06 00:02:15,994 | concert_ticketing.adapters.messaging.rabbitmq.consumer | INFO | Mensaje recibido: request_id=06767
2026-04-06 00:02:16,071 | concert_ticketing.adapters.messaging.rabbitmq.consumer | INFO | Mensaje recibido: request_id=06745
2026-04-06 00:02:16,127 | concert_ticketing.adapters.messaging.rabbitmq.consumer | INFO | Mensaje recibido: request_id=06775
2026-04-06 00:02:16,209 | concert_ticketing.adapters.messaging.rabbitmq.consumer | INFO | Mensaje recibido: request_id=06730
2026-04-06 00:02:16,292 | concert_ticketing.adapters.messaging.rabbitmq.consumer | INFO | Mensaje recibido: request_id=06790
2026-04-06 00:02:16,390 | concert_ticketing.adapters.messaging.rabbitmq.consumer | INFO | Mensaje recibido: request_id=06780
2026-04-06 00:02:16,482 | concert_ticketing.adapters.messaging.rabbitmq.consumer | INFO | Mensaje recibido: request_id=06728
2026-04-06 00:02:16,572 | concert_ticketing.adapters.messaging.rabbitmq.consumer | INFO | Mensaje recibido: request_id=06799
2026-04-06 00:02:16,656 | concert_ticketing.adapters.messaging.rabbitmq.consumer | INFO | Mensaje recibido: request_id=06769
2026-04-06 00:02:16,754 | concert_ticketing.adapters.messaging.rabbitmq.consumer | INFO | Mensaje recibido: request_id=06788
2026-04-06 00:02:16,833 | concert_ticketing.adapters.messaging.rabbitmq.consumer | INFO | Mensaje recibido: request_id=06834
2026-04-06 00:02:16,905 | concert_ticketing.adapters.messaging.rabbitmq.consumer | INFO | Mensaje recibido: request_id=06847
2026-04-06 00:02:16,987 | concert_ticketing.adapters.messaging.rabbitmq.consumer | INFO | Mensaje recibido: request_id=06825
2026-04-06 00:02:17,081 | concert_ticketing.adapters.messaging.rabbitmq.consumer | INFO | Mensaje recibido: request_id=06844
2026-04-06 00:02:17,142 | concert_ticketing.adapters.messaging.rabbitmq.consumer | INFO | Mensaje recibido: request_id=06840
2026-04-06 00:02:17,240 | concert_ticketing.adapters.messaging.rabbitmq.consumer | INFO | Mensaje recibido: request_id=06888
2026-04-06 00:02:17,324 | concert_ticketing.adapters.messaging.rabbitmq.consumer | INFO | Mensaje recibido: request_id=06882
2026-04-06 00:02:17,403 | concert_ticketing.adapters.messaging.rabbitmq.consumer | INFO | Mensaje recibido: request_id=06898
2026-04-06 00:02:17,492 | concert_ticketing.adapters.messaging.rabbitmq.consumer | INFO | Mensaje recibido: request_id=06884
2026-04-06 00:02:17,573 | concert_ticketing.adapters.messaging.rabbitmq.consumer | INFO | Mensaje recibido: request_id=06912
2026-04-06 00:02:17,665 | concert_ticketing.adapters.messaging.rabbitmq.consumer | INFO | Mensaje recibido: request_id=06905
2026-04-06 00:02:17,746 | concert_ticketing.adapters.messaging.rabbitmq.consumer | INFO | Mensaje recibido: request_id=06851
2026-04-06 00:02:17,827 | concert_ticketing.adapters.messaging.rabbitmq.consumer | INFO | Mensaje recibido: request_id=06849
2026-04-06 00:02:17,913 | concert_ticketing.adapters.messaging.rabbitmq.consumer | INFO | Mensaje recibido: request_id=06939
2026-04-06 00:02:17,990 | concert_ticketing.adapters.messaging.rabbitmq.consumer | INFO | Mensaje recibido: request_id=06950
2026-04-06 00:02:18,078 | concert_ticketing.adapters.messaging.rabbitmq.consumer | INFO | Mensaje recibido: request_id=06929
2026-04-06 00:02:18,166 | concert_ticketing.adapters.messaging.rabbitmq.consumer | INFO | Mensaje recibido: request_id=06881
2026-04-06 00:02:18,246 | concert_ticketing.adapters.messaging.rabbitmq.consumer | INFO | Mensaje recibido: request_id=06972
2026-04-06 00:02:18,342 | concert_ticketing.adapters.messaging.rabbitmq.consumer | INFO | Mensaje recibido: request_id=06993
2026-04-06 00:02:18,424 | concert_ticketing.adapters.messaging.rabbitmq.consumer | INFO | Mensaje recibido: request_id=06999
2026-04-06 00:02:18,502 | concert_ticketing.adapters.messaging.rabbitmq.consumer | INFO | Mensaje recibido: request_id=06931
2026-04-06 00:02:18,579 | concert_ticketing.adapters.messaging.rabbitmq.consumer | INFO | Mensaje recibido: request_id=06991
2026-04-06 00:02:18,659 | concert_ticketing.adapters.messaging.rabbitmq.consumer | INFO | Mensaje recibido: request_id=06631
2026-04-06 00:02:18,742 | concert_ticketing.adapters.messaging.rabbitmq.consumer | INFO | Mensaje recibido: request_id=07021
2026-04-06 00:02:18,806 | concert_ticketing.adapters.messaging.rabbitmq.consumer | INFO | Mensaje recibido: request_id=07031
2026-04-06 00:02:18,893 | concert_ticketing.adapters.messaging.rabbitmq.consumer | INFO | Mensaje recibido: request_id=07046
2026-04-06 00:02:18,976 | concert_ticketing.adapters.messaging.rabbitmq.consumer | INFO | Mensaje recibido: request_id=06925
2026-04-06 00:02:19,062 | concert_ticketing.adapters.messaging.rabbitmq.consumer | INFO | Mensaje recibido: request_id=07047
2026-04-06 00:02:19,124 | concert_ticketing.adapters.messaging.rabbitmq.consumer | INFO | Mensaje recibido: request_id=06986
2026-04-06 00:02:19,217 | concert_ticketing.adapters.messaging.rabbitmq.consumer | INFO | Mensaje recibido: request_id=07068
2026-04-06 00:02:19,303 | concert_ticketing.adapters.messaging.rabbitmq.consumer | INFO | Mensaje recibido: request_id=07060
2026-04-06 00:02:19,385 | concert_ticketing.adapters.messaging.rabbitmq.consumer | INFO | Mensaje recibido: request_id=07089
2026-04-06 00:02:19,467 | concert_ticketing.adapters.messaging.rabbitmq.consumer | INFO | Mensaje recibido: request_id=07061
2026-04-06 00:02:19,536 | concert_ticketing.adapters.messaging.rabbitmq.consumer | INFO | Mensaje recibido: request_id=07059
2026-04-06 00:02:19,637 | concert_ticketing.adapters.messaging.rabbitmq.consumer | INFO | Mensaje recibido: request_id=07121
2026-04-06 00:02:19,713 | concert_ticketing.adapters.messaging.rabbitmq.consumer | INFO | Mensaje recibido: request_id=07038
2026-04-06 00:02:19,792 | concert_ticketing.adapters.messaging.rabbitmq.consumer | INFO | Mensaje recibido: request_id=07103
2026-04-06 00:02:19,878 | concert_ticketing.adapters.messaging.rabbitmq.consumer | INFO | Mensaje recibido: request_id=07127
2026-04-06 00:02:19,941 | concert_ticketing.adapters.messaging.rabbitmq.consumer | INFO | Mensaje recibido: request_id=06963
2026-04-06 00:02:20,038 | concert_ticketing.adapters.messaging.rabbitmq.consumer | INFO | Mensaje recibido: request_id=07105
2026-04-06 00:02:20,119 | concert_ticketing.adapters.messaging.rabbitmq.consumer | INFO | Mensaje recibido: request_id=07069
2026-04-06 00:02:20,201 | concert_ticketing.adapters.messaging.rabbitmq.consumer | INFO | Mensaje recibido: request_id=07116
2026-04-06 00:02:20,292 | concert_ticketing.adapters.messaging.rabbitmq.consumer | INFO | Mensaje recibido: request_id=07144
2026-04-06 00:02:20,373 | concert_ticketing.adapters.messaging.rabbitmq.consumer | INFO | Mensaje recibido: request_id=07189
2026-04-06 00:02:20,480 | concert_ticketing.adapters.messaging.rabbitmq.consumer | INFO | Mensaje recibido: request_id=07162
2026-04-06 00:02:20,586 | concert_ticketing.adapters.messaging.rabbitmq.consumer | INFO | Mensaje recibido: request_id=07208
2026-04-06 00:02:20,676 | concert_ticketing.adapters.messaging.rabbitmq.consumer | INFO | Mensaje recibido: request_id=07179
2026-04-06 00:02:20,773 | concert_ticketing.adapters.messaging.rabbitmq.consumer | INFO | Mensaje recibido: request_id=07222
2026-04-06 00:02:20,866 | concert_ticketing.adapters.messaging.rabbitmq.consumer | INFO | Mensaje recibido: request_id=07196
2026-04-06 00:02:20,988 | concert_ticketing.adapters.messaging.rabbitmq.consumer | INFO | Mensaje recibido: request_id=07128
2026-04-06 00:02:21,091 | concert_ticketing.adapters.messaging.rabbitmq.consumer | INFO | Mensaje recibido: request_id=07247
2026-04-06 00:02:21,213 | concert_ticketing.adapters.messaging.rabbitmq.consumer | INFO | Mensaje recibido: request_id=07231
2026-04-06 00:02:21,321 | concert_ticketing.adapters.messaging.rabbitmq.consumer | INFO | Mensaje recibido: request_id=07255
2026-04-06 00:02:21,402 | concert_ticketing.adapters.messaging.rabbitmq.consumer | INFO | Mensaje recibido: request_id=07236
2026-04-06 00:02:21,509 | concert_ticketing.adapters.messaging.rabbitmq.consumer | INFO | Mensaje recibido: request_id=07242
2026-04-06 00:02:21,595 | concert_ticketing.adapters.messaging.rabbitmq.consumer | INFO | Mensaje recibido: request_id=07117
2026-04-06 00:02:21,671 | concert_ticketing.adapters.messaging.rabbitmq.consumer | INFO | Mensaje recibido: request_id=07295
2026-04-06 00:02:21,762 | concert_ticketing.adapters.messaging.rabbitmq.consumer | INFO | Mensaje recibido: request_id=07228
2026-04-06 00:02:21,866 | concert_ticketing.adapters.messaging.rabbitmq.consumer | INFO | Mensaje recibido: request_id=07278
2026-04-06 00:02:21,930 | concert_ticketing.adapters.messaging.rabbitmq.consumer | INFO | Mensaje recibido: request_id=07216
2026-04-06 00:02:22,022 | concert_ticketing.adapters.messaging.rabbitmq.consumer | INFO | Mensaje recibido: request_id=07277
2026-04-06 00:02:22,090 | concert_ticketing.adapters.messaging.rabbitmq.consumer | INFO | Mensaje recibido: request_id=07313
2026-04-06 00:02:22,185 | concert_ticketing.adapters.messaging.rabbitmq.consumer | INFO | Mensaje recibido: request_id=07303
2026-04-06 00:02:22,255 | concert_ticketing.adapters.messaging.rabbitmq.consumer | INFO | Mensaje recibido: request_id=07343
2026-04-06 00:02:22,327 | concert_ticketing.adapters.messaging.rabbitmq.consumer | INFO | Mensaje recibido: request_id=07330
2026-04-06 00:02:22,425 | concert_ticketing.adapters.messaging.rabbitmq.consumer | INFO | Mensaje recibido: request_id=07302
2026-04-06 00:02:22,508 | concert_ticketing.adapters.messaging.rabbitmq.consumer | INFO | Mensaje recibido: request_id=07368
2026-04-06 00:02:22,573 | concert_ticketing.adapters.messaging.rabbitmq.consumer | INFO | Mensaje recibido: request_id=07383
2026-04-06 00:02:22,653 | concert_ticketing.adapters.messaging.rabbitmq.consumer | INFO | Mensaje recibido: request_id=07363
2026-04-06 00:02:22,722 | concert_ticketing.adapters.messaging.rabbitmq.consumer | INFO | Mensaje recibido: request_id=07397
2026-04-06 00:02:22,804 | concert_ticketing.adapters.messaging.rabbitmq.consumer | INFO | Mensaje recibido: request_id=07359
2026-04-06 00:02:22,879 | concert_ticketing.adapters.messaging.rabbitmq.consumer | INFO | Mensaje recibido: request_id=07406
2026-04-06 00:02:22,961 | concert_ticketing.adapters.messaging.rabbitmq.consumer | INFO | Mensaje recibido: request_id=07357
2026-04-06 00:02:23,060 | concert_ticketing.adapters.messaging.rabbitmq.consumer | INFO | Mensaje recibido: request_id=07323
2026-04-06 00:02:23,144 | concert_ticketing.adapters.messaging.rabbitmq.consumer | INFO | Mensaje recibido: request_id=07440
2026-04-06 00:02:23,217 | concert_ticketing.adapters.messaging.rabbitmq.consumer | INFO | Mensaje recibido: request_id=07447
2026-04-06 00:02:23,302 | concert_ticketing.adapters.messaging.rabbitmq.consumer | INFO | Mensaje recibido: request_id=07455
2026-04-06 00:02:23,391 | concert_ticketing.adapters.messaging.rabbitmq.consumer | INFO | Mensaje recibido: request_id=07448
2026-04-06 00:02:23,448 | concert_ticketing.adapters.messaging.rabbitmq.consumer | INFO | Mensaje recibido: request_id=07346
2026-04-06 00:02:23,548 | concert_ticketing.adapters.messaging.rabbitmq.consumer | INFO | Mensaje recibido: request_id=07466
2026-04-06 00:02:23,630 | concert_ticketing.adapters.messaging.rabbitmq.consumer | INFO | Mensaje recibido: request_id=07454
2026-04-06 00:02:23,704 | concert_ticketing.adapters.messaging.rabbitmq.consumer | INFO | Mensaje recibido: request_id=07495
2026-04-06 00:02:23,796 | concert_ticketing.adapters.messaging.rabbitmq.consumer | INFO | Mensaje recibido: request_id=07412
2026-04-06 00:02:23,894 | concert_ticketing.adapters.messaging.rabbitmq.consumer | INFO | Mensaje recibido: request_id=07485
2026-04-06 00:02:23,960 | concert_ticketing.adapters.messaging.rabbitmq.consumer | INFO | Mensaje recibido: request_id=07511
2026-04-06 00:02:24,036 | concert_ticketing.adapters.messaging.rabbitmq.consumer | INFO | Mensaje recibido: request_id=07475
2026-04-06 00:02:24,134 | concert_ticketing.adapters.messaging.rabbitmq.consumer | INFO | Mensaje recibido: request_id=07483
2026-04-06 00:02:24,215 | concert_ticketing.adapters.messaging.rabbitmq.consumer | INFO | Mensaje recibido: request_id=07543
2026-04-06 00:02:24,303 | concert_ticketing.adapters.messaging.rabbitmq.consumer | INFO | Mensaje recibido: request_id=07544
2026-04-06 00:02:24,383 | concert_ticketing.adapters.messaging.rabbitmq.consumer | INFO | Mensaje recibido: request_id=07396
2026-04-06 00:02:24,456 | concert_ticketing.adapters.messaging.rabbitmq.consumer | INFO | Mensaje recibido: request_id=07494
2026-04-06 00:02:24,534 | concert_ticketing.adapters.messaging.rabbitmq.consumer | INFO | Mensaje recibido: request_id=07520
2026-04-06 00:02:24,606 | concert_ticketing.adapters.messaging.rabbitmq.consumer | INFO | Mensaje recibido: request_id=07528
2026-04-06 00:02:24,712 | concert_ticketing.adapters.messaging.rabbitmq.consumer | INFO | Mensaje recibido: request_id=07593
2026-04-06 00:02:24,790 | concert_ticketing.adapters.messaging.rabbitmq.consumer | INFO | Mensaje recibido: request_id=07579
2026-04-06 00:02:24,866 | concert_ticketing.adapters.messaging.rabbitmq.consumer | INFO | Mensaje recibido: request_id=07512
2026-04-06 00:02:24,951 | concert_ticketing.adapters.messaging.rabbitmq.consumer | INFO | Mensaje recibido: request_id=07612
2026-04-06 00:02:25,019 | concert_ticketing.adapters.messaging.rabbitmq.consumer | INFO | Mensaje recibido: request_id=07587
2026-04-06 00:02:25,106 | concert_ticketing.adapters.messaging.rabbitmq.consumer | INFO | Mensaje recibido: request_id=07617
2026-04-06 00:02:25,167 | concert_ticketing.adapters.messaging.rabbitmq.consumer | INFO | Mensaje recibido: request_id=07591
2026-04-06 00:02:25,246 | concert_ticketing.adapters.messaging.rabbitmq.consumer | INFO | Mensaje recibido: request_id=07626
2026-04-06 00:02:25,331 | concert_ticketing.adapters.messaging.rabbitmq.consumer | INFO | Mensaje recibido: request_id=07655
2026-04-06 00:02:25,396 | concert_ticketing.adapters.messaging.rabbitmq.consumer | INFO | Mensaje recibido: request_id=07536
2026-04-06 00:02:25,478 | concert_ticketing.adapters.messaging.rabbitmq.consumer | INFO | Mensaje recibido: request_id=07628
2026-04-06 00:02:25,553 | concert_ticketing.adapters.messaging.rabbitmq.consumer | INFO | Mensaje recibido: request_id=07680
2026-04-06 00:02:25,648 | concert_ticketing.adapters.messaging.rabbitmq.consumer | INFO | Mensaje recibido: request_id=07681
2026-04-06 00:02:25,730 | concert_ticketing.adapters.messaging.rabbitmq.consumer | INFO | Mensaje recibido: request_id=07658
2026-04-06 00:02:25,817 | concert_ticketing.adapters.messaging.rabbitmq.consumer | INFO | Mensaje recibido: request_id=07704
2026-04-06 00:02:25,891 | concert_ticketing.adapters.messaging.rabbitmq.consumer | INFO | Mensaje recibido: request_id=07711
2026-04-06 00:02:25,967 | concert_ticketing.adapters.messaging.rabbitmq.consumer | INFO | Mensaje recibido: request_id=07630
2026-04-06 00:02:26,040 | concert_ticketing.adapters.messaging.rabbitmq.consumer | INFO | Mensaje recibido: request_id=07601
2026-04-06 00:02:26,122 | concert_ticketing.adapters.messaging.rabbitmq.consumer | INFO | Mensaje recibido: request_id=07589
2026-04-06 00:02:26,210 | concert_ticketing.adapters.messaging.rabbitmq.consumer | INFO | Mensaje recibido: request_id=07730
2026-04-06 00:02:26,300 | concert_ticketing.adapters.messaging.rabbitmq.consumer | INFO | Mensaje recibido: request_id=07753
2026-04-06 00:02:26,383 | concert_ticketing.adapters.messaging.rabbitmq.consumer | INFO | Mensaje recibido: request_id=07726
2026-04-06 00:02:26,446 | concert_ticketing.adapters.messaging.rabbitmq.consumer | INFO | Mensaje recibido: request_id=07766
2026-04-06 00:02:26,524 | concert_ticketing.adapters.messaging.rabbitmq.consumer | INFO | Mensaje recibido: request_id=07747
2026-04-06 00:02:26,591 | concert_ticketing.adapters.messaging.rabbitmq.consumer | INFO | Mensaje recibido: request_id=07782
2026-04-06 00:02:26,675 | concert_ticketing.adapters.messaging.rabbitmq.consumer | INFO | Mensaje recibido: request_id=07689
2026-04-06 00:02:26,760 | concert_ticketing.adapters.messaging.rabbitmq.consumer | INFO | Mensaje recibido: request_id=07800
2026-04-06 00:02:26,837 | concert_ticketing.adapters.messaging.rabbitmq.consumer | INFO | Mensaje recibido: request_id=07741
2026-04-06 00:02:26,928 | concert_ticketing.adapters.messaging.rabbitmq.consumer | INFO | Mensaje recibido: request_id=07786
2026-04-06 00:02:27,017 | concert_ticketing.adapters.messaging.rabbitmq.consumer | INFO | Mensaje recibido: request_id=07823
2026-04-06 00:02:27,095 | concert_ticketing.adapters.messaging.rabbitmq.consumer | INFO | Mensaje recibido: request_id=07810
2026-04-06 00:02:27,157 | concert_ticketing.adapters.messaging.rabbitmq.consumer | INFO | Mensaje recibido: request_id=07819
2026-04-06 00:02:27,241 | concert_ticketing.adapters.messaging.rabbitmq.consumer | INFO | Mensaje recibido: request_id=07824
2026-04-06 00:02:27,323 | concert_ticketing.adapters.messaging.rabbitmq.consumer | INFO | Mensaje recibido: request_id=07648
2026-04-06 00:02:27,391 | concert_ticketing.adapters.messaging.rabbitmq.consumer | INFO | Mensaje recibido: request_id=07805
2026-04-06 00:02:27,480 | concert_ticketing.adapters.messaging.rabbitmq.consumer | INFO | Mensaje recibido: request_id=07793
2026-04-06 00:02:27,569 | concert_ticketing.adapters.messaging.rabbitmq.consumer | INFO | Mensaje recibido: request_id=07773
2026-04-06 00:02:27,641 | concert_ticketing.adapters.messaging.rabbitmq.consumer | INFO | Mensaje recibido: request_id=07854
2026-04-06 00:02:27,733 | concert_ticketing.adapters.messaging.rabbitmq.consumer | INFO | Mensaje recibido: request_id=07851
2026-04-06 00:02:27,823 | concert_ticketing.adapters.messaging.rabbitmq.consumer | INFO | Mensaje recibido: request_id=07904
2026-04-06 00:02:27,887 | concert_ticketing.adapters.messaging.rabbitmq.consumer | INFO | Mensaje recibido: request_id=07891
2026-04-06 00:02:27,980 | concert_ticketing.adapters.messaging.rabbitmq.consumer | INFO | Mensaje recibido: request_id=07811
2026-04-06 00:02:28,060 | concert_ticketing.adapters.messaging.rabbitmq.consumer | INFO | Mensaje recibido: request_id=07843
2026-04-06 00:02:28,147 | concert_ticketing.adapters.messaging.rabbitmq.consumer | INFO | Mensaje recibido: request_id=07881
2026-04-06 00:02:28,236 | concert_ticketing.adapters.messaging.rabbitmq.consumer | INFO | Mensaje recibido: request_id=07900
2026-04-06 00:02:28,313 | concert_ticketing.adapters.messaging.rabbitmq.consumer | INFO | Mensaje recibido: request_id=07888
2026-04-06 00:02:28,380 | concert_ticketing.adapters.messaging.rabbitmq.consumer | INFO | Mensaje recibido: request_id=07879
2026-04-06 00:02:28,475 | concert_ticketing.adapters.messaging.rabbitmq.consumer | INFO | Mensaje recibido: request_id=07968
2026-04-06 00:02:28,544 | concert_ticketing.adapters.messaging.rabbitmq.consumer | INFO | Mensaje recibido: request_id=07907
2026-04-06 00:02:28,631 | concert_ticketing.adapters.messaging.rabbitmq.consumer | INFO | Mensaje recibido: request_id=07868
2026-04-06 00:02:28,711 | concert_ticketing.adapters.messaging.rabbitmq.consumer | INFO | Mensaje recibido: request_id=07958
2026-04-06 00:02:28,778 | concert_ticketing.adapters.messaging.rabbitmq.consumer | INFO | Mensaje recibido: request_id=07997
2026-04-06 00:02:28,854 | concert_ticketing.adapters.messaging.rabbitmq.consumer | INFO | Mensaje recibido: request_id=07990
2026-04-06 00:02:28,925 | concert_ticketing.adapters.messaging.rabbitmq.consumer | INFO | Mensaje recibido: request_id=07991
2026-04-06 00:02:29,008 | concert_ticketing.adapters.messaging.rabbitmq.consumer | INFO | Mensaje recibido: request_id=08016
2026-04-06 00:02:29,092 | concert_ticketing.adapters.messaging.rabbitmq.consumer | INFO | Mensaje recibido: request_id=08012
2026-04-06 00:02:29,181 | concert_ticketing.adapters.messaging.rabbitmq.consumer | INFO | Mensaje recibido: request_id=08000
2026-04-06 00:02:29,254 | concert_ticketing.adapters.messaging.rabbitmq.consumer | INFO | Mensaje recibido: request_id=07954
2026-04-06 00:02:29,320 | concert_ticketing.adapters.messaging.rabbitmq.consumer | INFO | Mensaje recibido: request_id=07964
2026-04-06 00:02:29,412 | concert_ticketing.adapters.messaging.rabbitmq.consumer | INFO | Mensaje recibido: request_id=08064
2026-04-06 00:02:29,496 | concert_ticketing.adapters.messaging.rabbitmq.consumer | INFO | Mensaje recibido: request_id=08071
2026-04-06 00:02:29,570 | concert_ticketing.adapters.messaging.rabbitmq.consumer | INFO | Mensaje recibido: request_id=08035
2026-04-06 00:02:29,654 | concert_ticketing.adapters.messaging.rabbitmq.consumer | INFO | Mensaje recibido: request_id=07986
2026-04-06 00:02:29,720 | concert_ticketing.adapters.messaging.rabbitmq.consumer | INFO | Mensaje recibido: request_id=08028
2026-04-06 00:02:29,821 | concert_ticketing.adapters.messaging.rabbitmq.consumer | INFO | Mensaje recibido: request_id=08104
2026-04-06 00:02:29,880 | concert_ticketing.adapters.messaging.rabbitmq.consumer | INFO | Mensaje recibido: request_id=07943
2026-04-06 00:02:29,966 | concert_ticketing.adapters.messaging.rabbitmq.consumer | INFO | Mensaje recibido: request_id=08031
2026-04-06 00:02:30,046 | concert_ticketing.adapters.messaging.rabbitmq.consumer | INFO | Mensaje recibido: request_id=08120
2026-04-06 00:02:30,123 | concert_ticketing.adapters.messaging.rabbitmq.consumer | INFO | Mensaje recibido: request_id=08134
2026-04-06 00:02:30,210 | concert_ticketing.adapters.messaging.rabbitmq.consumer | INFO | Mensaje recibido: request_id=08088
2026-04-06 00:02:30,280 | concert_ticketing.adapters.messaging.rabbitmq.consumer | INFO | Mensaje recibido: request_id=08135
2026-04-06 00:02:30,371 | concert_ticketing.adapters.messaging.rabbitmq.consumer | INFO | Mensaje recibido: request_id=08019
2026-04-06 00:02:30,444 | concert_ticketing.adapters.messaging.rabbitmq.consumer | INFO | Mensaje recibido: request_id=08042
2026-04-06 00:02:30,541 | concert_ticketing.adapters.messaging.rabbitmq.consumer | INFO | Mensaje recibido: request_id=08015
2026-04-06 00:02:30,605 | concert_ticketing.adapters.messaging.rabbitmq.consumer | INFO | Mensaje recibido: request_id=08167
2026-04-06 00:02:30,700 | concert_ticketing.adapters.messaging.rabbitmq.consumer | INFO | Mensaje recibido: request_id=08148
2026-04-06 00:02:30,778 | concert_ticketing.adapters.messaging.rabbitmq.consumer | INFO | Mensaje recibido: request_id=08165
2026-04-06 00:02:30,869 | concert_ticketing.adapters.messaging.rabbitmq.consumer | INFO | Mensaje recibido: request_id=08209
2026-04-06 00:02:30,954 | concert_ticketing.adapters.messaging.rabbitmq.consumer | INFO | Mensaje recibido: request_id=08180
2026-04-06 00:02:31,025 | concert_ticketing.adapters.messaging.rabbitmq.consumer | INFO | Mensaje recibido: request_id=08216
2026-04-06 00:02:31,102 | concert_ticketing.adapters.messaging.rabbitmq.consumer | INFO | Mensaje recibido: request_id=08208
2026-04-06 00:02:31,198 | concert_ticketing.adapters.messaging.rabbitmq.consumer | INFO | Mensaje recibido: request_id=08130
2026-04-06 00:02:31,273 | concert_ticketing.adapters.messaging.rabbitmq.consumer | INFO | Mensaje recibido: request_id=08218
2026-04-06 00:02:31,342 | concert_ticketing.adapters.messaging.rabbitmq.consumer | INFO | Mensaje recibido: request_id=08217
2026-04-06 00:02:31,446 | concert_ticketing.adapters.messaging.rabbitmq.consumer | INFO | Mensaje recibido: request_id=08242
2026-04-06 00:02:31,531 | concert_ticketing.adapters.messaging.rabbitmq.consumer | INFO | Mensaje recibido: request_id=08131
2026-04-06 00:02:31,638 | concert_ticketing.adapters.messaging.rabbitmq.consumer | INFO | Mensaje recibido: request_id=08079
2026-04-06 00:02:31,750 | concert_ticketing.adapters.messaging.rabbitmq.consumer | INFO | Mensaje recibido: request_id=08251
2026-04-06 00:02:31,833 | concert_ticketing.adapters.messaging.rabbitmq.consumer | INFO | Mensaje recibido: request_id=08275
2026-04-06 00:02:31,953 | concert_ticketing.adapters.messaging.rabbitmq.consumer | INFO | Mensaje recibido: request_id=08263
2026-04-06 00:02:32,066 | concert_ticketing.adapters.messaging.rabbitmq.consumer | INFO | Mensaje recibido: request_id=08311
2026-04-06 00:02:32,187 | concert_ticketing.adapters.messaging.rabbitmq.consumer | INFO | Mensaje recibido: request_id=08248
2026-04-06 00:02:32,303 | concert_ticketing.adapters.messaging.rabbitmq.consumer | INFO | Mensaje recibido: request_id=08327
2026-04-06 00:02:32,394 | concert_ticketing.adapters.messaging.rabbitmq.consumer | INFO | Mensaje recibido: request_id=08283
2026-04-06 00:02:32,473 | concert_ticketing.adapters.messaging.rabbitmq.consumer | INFO | Mensaje recibido: request_id=08227
2026-04-06 00:02:32,569 | concert_ticketing.adapters.messaging.rabbitmq.consumer | INFO | Mensaje recibido: request_id=08301
2026-04-06 00:02:32,670 | concert_ticketing.adapters.messaging.rabbitmq.consumer | INFO | Mensaje recibido: request_id=08228
2026-04-06 00:02:32,755 | concert_ticketing.adapters.messaging.rabbitmq.consumer | INFO | Mensaje recibido: request_id=08295
2026-04-06 00:02:32,846 | concert_ticketing.adapters.messaging.rabbitmq.consumer | INFO | Mensaje recibido: request_id=08348
2026-04-06 00:02:32,911 | concert_ticketing.adapters.messaging.rabbitmq.consumer | INFO | Mensaje recibido: request_id=08373
2026-04-06 00:02:33,012 | concert_ticketing.adapters.messaging.rabbitmq.consumer | INFO | Mensaje recibido: request_id=08338
2026-04-06 00:02:33,102 | concert_ticketing.adapters.messaging.rabbitmq.consumer | INFO | Mensaje recibido: request_id=08350
2026-04-06 00:02:33,181 | concert_ticketing.adapters.messaging.rabbitmq.consumer | INFO | Mensaje recibido: request_id=08317
2026-04-06 00:02:33,270 | concert_ticketing.adapters.messaging.rabbitmq.consumer | INFO | Mensaje recibido: request_id=08409
2026-04-06 00:02:33,346 | concert_ticketing.adapters.messaging.rabbitmq.consumer | INFO | Mensaje recibido: request_id=08412
2026-04-06 00:02:33,434 | concert_ticketing.adapters.messaging.rabbitmq.consumer | INFO | Mensaje recibido: request_id=08366
2026-04-06 00:02:33,524 | concert_ticketing.adapters.messaging.rabbitmq.consumer | INFO | Mensaje recibido: request_id=08406
2026-04-06 00:02:33,605 | concert_ticketing.adapters.messaging.rabbitmq.consumer | INFO | Mensaje recibido: request_id=08441
2026-04-06 00:02:33,681 | concert_ticketing.adapters.messaging.rabbitmq.consumer | INFO | Mensaje recibido: request_id=08304
2026-04-06 00:02:33,770 | concert_ticketing.adapters.messaging.rabbitmq.consumer | INFO | Mensaje recibido: request_id=08457
2026-04-06 00:02:33,846 | concert_ticketing.adapters.messaging.rabbitmq.consumer | INFO | Mensaje recibido: request_id=08439
2026-04-06 00:02:33,921 | concert_ticketing.adapters.messaging.rabbitmq.consumer | INFO | Mensaje recibido: request_id=08449
2026-04-06 00:02:34,004 | concert_ticketing.adapters.messaging.rabbitmq.consumer | INFO | Mensaje recibido: request_id=08468
2026-04-06 00:02:34,083 | concert_ticketing.adapters.messaging.rabbitmq.consumer | INFO | Mensaje recibido: request_id=08428
2026-04-06 00:02:34,163 | concert_ticketing.adapters.messaging.rabbitmq.consumer | INFO | Mensaje recibido: request_id=08495
2026-04-06 00:02:34,279 | concert_ticketing.adapters.messaging.rabbitmq.consumer | INFO | Mensaje recibido: request_id=08494
2026-04-06 00:02:34,370 | concert_ticketing.adapters.messaging.rabbitmq.consumer | INFO | Mensaje recibido: request_id=08518
2026-04-06 00:02:34,454 | concert_ticketing.adapters.messaging.rabbitmq.consumer | INFO | Mensaje recibido: request_id=08432
2026-04-06 00:02:34,533 | concert_ticketing.adapters.messaging.rabbitmq.consumer | INFO | Mensaje recibido: request_id=08534
2026-04-06 00:02:34,607 | concert_ticketing.adapters.messaging.rabbitmq.consumer | INFO | Mensaje recibido: request_id=08540
2026-04-06 00:02:34,681 | concert_ticketing.adapters.messaging.rabbitmq.consumer | INFO | Mensaje recibido: request_id=08456
2026-04-06 00:02:34,784 | concert_ticketing.adapters.messaging.rabbitmq.consumer | INFO | Mensaje recibido: request_id=08561
2026-04-06 00:02:34,854 | concert_ticketing.adapters.messaging.rabbitmq.consumer | INFO | Mensaje recibido: request_id=08567
2026-04-06 00:02:34,933 | concert_ticketing.adapters.messaging.rabbitmq.consumer | INFO | Mensaje recibido: request_id=08574
2026-04-06 00:02:35,030 | concert_ticketing.adapters.messaging.rabbitmq.consumer | INFO | Mensaje recibido: request_id=08521
2026-04-06 00:02:35,115 | concert_ticketing.adapters.messaging.rabbitmq.consumer | INFO | Mensaje recibido: request_id=08573
2026-04-06 00:02:35,196 | concert_ticketing.adapters.messaging.rabbitmq.consumer | INFO | Mensaje recibido: request_id=08372
2026-04-06 00:02:35,270 | concert_ticketing.adapters.messaging.rabbitmq.consumer | INFO | Mensaje recibido: request_id=08529
2026-04-06 00:02:35,342 | concert_ticketing.adapters.messaging.rabbitmq.consumer | INFO | Mensaje recibido: request_id=08605
2026-04-06 00:02:35,442 | concert_ticketing.adapters.messaging.rabbitmq.consumer | INFO | Mensaje recibido: request_id=08587
2026-04-06 00:02:35,504 | concert_ticketing.adapters.messaging.rabbitmq.consumer | INFO | Mensaje recibido: request_id=08602
2026-04-06 00:02:35,602 | concert_ticketing.adapters.messaging.rabbitmq.consumer | INFO | Mensaje recibido: request_id=08630
2026-04-06 00:02:35,683 | concert_ticketing.adapters.messaging.rabbitmq.consumer | INFO | Mensaje recibido: request_id=08639
2026-04-06 00:02:35,765 | concert_ticketing.adapters.messaging.rabbitmq.consumer | INFO | Mensaje recibido: request_id=08654
2026-04-06 00:02:35,855 | concert_ticketing.adapters.messaging.rabbitmq.consumer | INFO | Mensaje recibido: request_id=08648
2026-04-06 00:02:35,929 | concert_ticketing.adapters.messaging.rabbitmq.consumer | INFO | Mensaje recibido: request_id=08555
2026-04-06 00:02:35,999 | concert_ticketing.adapters.messaging.rabbitmq.consumer | INFO | Mensaje recibido: request_id=08632
2026-04-06 00:02:36,074 | concert_ticketing.adapters.messaging.rabbitmq.consumer | INFO | Mensaje recibido: request_id=08663
2026-04-06 00:02:36,174 | concert_ticketing.adapters.messaging.rabbitmq.consumer | INFO | Mensaje recibido: request_id=08694
2026-04-06 00:02:36,240 | concert_ticketing.adapters.messaging.rabbitmq.consumer | INFO | Mensaje recibido: request_id=08633
2026-04-06 00:02:36,322 | concert_ticketing.adapters.messaging.rabbitmq.consumer | INFO | Mensaje recibido: request_id=08659
2026-04-06 00:02:36,416 | concert_ticketing.adapters.messaging.rabbitmq.consumer | INFO | Mensaje recibido: request_id=08692
2026-04-06 00:02:36,497 | concert_ticketing.adapters.messaging.rabbitmq.consumer | INFO | Mensaje recibido: request_id=08716
2026-04-06 00:02:36,579 | concert_ticketing.adapters.messaging.rabbitmq.consumer | INFO | Mensaje recibido: request_id=08735
2026-04-06 00:02:36,666 | concert_ticketing.adapters.messaging.rabbitmq.consumer | INFO | Mensaje recibido: request_id=08737
2026-04-06 00:02:36,762 | concert_ticketing.adapters.messaging.rabbitmq.consumer | INFO | Mensaje recibido: request_id=08751
2026-04-06 00:02:36,837 | concert_ticketing.adapters.messaging.rabbitmq.consumer | INFO | Mensaje recibido: request_id=08677
2026-04-06 00:02:36,920 | concert_ticketing.adapters.messaging.rabbitmq.consumer | INFO | Mensaje recibido: request_id=08710
2026-04-06 00:02:36,984 | concert_ticketing.adapters.messaging.rabbitmq.consumer | INFO | Mensaje recibido: request_id=08718
2026-04-06 00:02:37,075 | concert_ticketing.adapters.messaging.rabbitmq.consumer | INFO | Mensaje recibido: request_id=08729
2026-04-06 00:02:37,168 | concert_ticketing.adapters.messaging.rabbitmq.consumer | INFO | Mensaje recibido: request_id=08658
2026-04-06 00:02:37,250 | concert_ticketing.adapters.messaging.rabbitmq.consumer | INFO | Mensaje recibido: request_id=08777
2026-04-06 00:02:37,346 | concert_ticketing.adapters.messaging.rabbitmq.consumer | INFO | Mensaje recibido: request_id=08807
2026-04-06 00:02:37,446 | concert_ticketing.adapters.messaging.rabbitmq.consumer | INFO | Mensaje recibido: request_id=08793
2026-04-06 00:02:37,516 | concert_ticketing.adapters.messaging.rabbitmq.consumer | INFO | Mensaje recibido: request_id=08798
2026-04-06 00:02:37,605 | concert_ticketing.adapters.messaging.rabbitmq.consumer | INFO | Mensaje recibido: request_id=08730
2026-04-06 00:02:37,698 | concert_ticketing.adapters.messaging.rabbitmq.consumer | INFO | Mensaje recibido: request_id=08806
2026-04-06 00:02:37,779 | concert_ticketing.adapters.messaging.rabbitmq.consumer | INFO | Mensaje recibido: request_id=08847
2026-04-06 00:02:37,846 | concert_ticketing.adapters.messaging.rabbitmq.consumer | INFO | Mensaje recibido: request_id=08836
2026-04-06 00:02:37,954 | concert_ticketing.adapters.messaging.rabbitmq.consumer | INFO | Mensaje recibido: request_id=08821
2026-04-06 00:02:38,034 | concert_ticketing.adapters.messaging.rabbitmq.consumer | INFO | Mensaje recibido: request_id=08858
2026-04-06 00:02:38,127 | concert_ticketing.adapters.messaging.rabbitmq.consumer | INFO | Mensaje recibido: request_id=08789
2026-04-06 00:02:38,197 | concert_ticketing.adapters.messaging.rabbitmq.consumer | INFO | Mensaje recibido: request_id=08888
2026-04-06 00:02:38,284 | concert_ticketing.adapters.messaging.rabbitmq.consumer | INFO | Mensaje recibido: request_id=08895
2026-04-06 00:02:38,356 | concert_ticketing.adapters.messaging.rabbitmq.consumer | INFO | Mensaje recibido: request_id=08846
2026-04-06 00:02:38,438 | concert_ticketing.adapters.messaging.rabbitmq.consumer | INFO | Mensaje recibido: request_id=08909
2026-04-06 00:02:38,541 | concert_ticketing.adapters.messaging.rabbitmq.consumer | INFO | Mensaje recibido: request_id=08907
2026-04-06 00:02:38,612 | concert_ticketing.adapters.messaging.rabbitmq.consumer | INFO | Mensaje recibido: request_id=08915
2026-04-06 00:02:38,695 | concert_ticketing.adapters.messaging.rabbitmq.consumer | INFO | Mensaje recibido: request_id=08925
2026-04-06 00:02:38,778 | concert_ticketing.adapters.messaging.rabbitmq.consumer | INFO | Mensaje recibido: request_id=08942
2026-04-06 00:02:38,851 | concert_ticketing.adapters.messaging.rabbitmq.consumer | INFO | Mensaje recibido: request_id=08948
2026-04-06 00:02:38,940 | concert_ticketing.adapters.messaging.rabbitmq.consumer | INFO | Mensaje recibido: request_id=08959
2026-04-06 00:02:39,024 | concert_ticketing.adapters.messaging.rabbitmq.consumer | INFO | Mensaje recibido: request_id=08839
2026-04-06 00:02:39,095 | concert_ticketing.adapters.messaging.rabbitmq.consumer | INFO | Mensaje recibido: request_id=08905
2026-04-06 00:02:39,167 | concert_ticketing.adapters.messaging.rabbitmq.consumer | INFO | Mensaje recibido: request_id=08931
2026-04-06 00:02:39,288 | concert_ticketing.adapters.messaging.rabbitmq.consumer | INFO | Mensaje recibido: request_id=08834
2026-04-06 00:02:39,356 | concert_ticketing.adapters.messaging.rabbitmq.consumer | INFO | Mensaje recibido: request_id=08971
2026-04-06 00:02:39,452 | concert_ticketing.adapters.messaging.rabbitmq.consumer | INFO | Mensaje recibido: request_id=08919
2026-04-06 00:02:39,533 | concert_ticketing.adapters.messaging.rabbitmq.consumer | INFO | Mensaje recibido: request_id=08981
2026-04-06 00:02:39,628 | concert_ticketing.adapters.messaging.rabbitmq.consumer | INFO | Mensaje recibido: request_id=08991
2026-04-06 00:02:39,688 | concert_ticketing.adapters.messaging.rabbitmq.consumer | INFO | Mensaje recibido: request_id=09022
2026-04-06 00:02:39,778 | concert_ticketing.adapters.messaging.rabbitmq.consumer | INFO | Mensaje recibido: request_id=09040
2026-04-06 00:02:39,862 | concert_ticketing.adapters.messaging.rabbitmq.consumer | INFO | Mensaje recibido: request_id=09046
2026-04-06 00:02:39,931 | concert_ticketing.adapters.messaging.rabbitmq.consumer | INFO | Mensaje recibido: request_id=08963
2026-04-06 00:02:40,029 | concert_ticketing.adapters.messaging.rabbitmq.consumer | INFO | Mensaje recibido: request_id=09065
2026-04-06 00:02:40,105 | concert_ticketing.adapters.messaging.rabbitmq.consumer | INFO | Mensaje recibido: request_id=09004
2026-04-06 00:02:40,200 | concert_ticketing.adapters.messaging.rabbitmq.consumer | INFO | Mensaje recibido: request_id=09078
2026-04-06 00:02:40,275 | concert_ticketing.adapters.messaging.rabbitmq.consumer | INFO | Mensaje recibido: request_id=09058
2026-04-06 00:02:40,367 | concert_ticketing.adapters.messaging.rabbitmq.consumer | INFO | Mensaje recibido: request_id=09063
2026-04-06 00:02:40,437 | concert_ticketing.adapters.messaging.rabbitmq.consumer | INFO | Mensaje recibido: request_id=09103
2026-04-06 00:02:40,525 | concert_ticketing.adapters.messaging.rabbitmq.consumer | INFO | Mensaje recibido: request_id=09041
2026-04-06 00:02:40,615 | concert_ticketing.adapters.messaging.rabbitmq.consumer | INFO | Mensaje recibido: request_id=08842
2026-04-06 00:02:40,695 | concert_ticketing.adapters.messaging.rabbitmq.consumer | INFO | Mensaje recibido: request_id=09064
2026-04-06 00:02:40,784 | concert_ticketing.adapters.messaging.rabbitmq.consumer | INFO | Mensaje recibido: request_id=09027
2026-04-06 00:02:40,877 | concert_ticketing.adapters.messaging.rabbitmq.consumer | INFO | Mensaje recibido: request_id=09123
2026-04-06 00:02:40,945 | concert_ticketing.adapters.messaging.rabbitmq.consumer | INFO | Mensaje recibido: request_id=09143
2026-04-06 00:02:41,025 | concert_ticketing.adapters.messaging.rabbitmq.consumer | INFO | Mensaje recibido: request_id=09155
2026-04-06 00:02:41,105 | concert_ticketing.adapters.messaging.rabbitmq.consumer | INFO | Mensaje recibido: request_id=09159
2026-04-06 00:02:41,196 | concert_ticketing.adapters.messaging.rabbitmq.consumer | INFO | Mensaje recibido: request_id=09061
2026-04-06 00:02:41,277 | concert_ticketing.adapters.messaging.rabbitmq.consumer | INFO | Mensaje recibido: request_id=09148
2026-04-06 00:02:41,363 | concert_ticketing.adapters.messaging.rabbitmq.consumer | INFO | Mensaje recibido: request_id=09135
2026-04-06 00:02:41,454 | concert_ticketing.adapters.messaging.rabbitmq.consumer | INFO | Mensaje recibido: request_id=09199
2026-04-06 00:02:41,542 | concert_ticketing.adapters.messaging.rabbitmq.consumer | INFO | Mensaje recibido: request_id=09179
2026-04-06 00:02:41,624 | concert_ticketing.adapters.messaging.rabbitmq.consumer | INFO | Mensaje recibido: request_id=09106
2026-04-06 00:02:41,694 | concert_ticketing.adapters.messaging.rabbitmq.consumer | INFO | Mensaje recibido: request_id=09176
2026-04-06 00:02:41,795 | concert_ticketing.adapters.messaging.rabbitmq.consumer | INFO | Mensaje recibido: request_id=09224
2026-04-06 00:02:41,860 | concert_ticketing.adapters.messaging.rabbitmq.consumer | INFO | Mensaje recibido: request_id=09200
2026-04-06 00:02:41,957 | concert_ticketing.adapters.messaging.rabbitmq.consumer | INFO | Mensaje recibido: request_id=09249
2026-04-06 00:02:42,021 | concert_ticketing.adapters.messaging.rabbitmq.consumer | INFO | Mensaje recibido: request_id=09246
2026-04-06 00:02:42,141 | concert_ticketing.adapters.messaging.rabbitmq.consumer | INFO | Mensaje recibido: request_id=09265
2026-04-06 00:02:42,221 | concert_ticketing.adapters.messaging.rabbitmq.consumer | INFO | Mensaje recibido: request_id=09248
2026-04-06 00:02:42,284 | concert_ticketing.adapters.messaging.rabbitmq.consumer | INFO | Mensaje recibido: request_id=09255
2026-04-06 00:02:42,369 | concert_ticketing.adapters.messaging.rabbitmq.consumer | INFO | Mensaje recibido: request_id=09243
2026-04-06 00:02:42,459 | concert_ticketing.adapters.messaging.rabbitmq.consumer | INFO | Mensaje recibido: request_id=09295
2026-04-06 00:02:42,537 | concert_ticketing.adapters.messaging.rabbitmq.consumer | INFO | Mensaje recibido: request_id=09197
2026-04-06 00:02:42,619 | concert_ticketing.adapters.messaging.rabbitmq.consumer | INFO | Mensaje recibido: request_id=09281
2026-04-06 00:02:42,719 | concert_ticketing.adapters.messaging.rabbitmq.consumer | INFO | Mensaje recibido: request_id=09177
2026-04-06 00:02:42,806 | concert_ticketing.adapters.messaging.rabbitmq.consumer | INFO | Mensaje recibido: request_id=09327
2026-04-06 00:02:42,913 | concert_ticketing.adapters.messaging.rabbitmq.consumer | INFO | Mensaje recibido: request_id=09212
2026-04-06 00:02:43,002 | concert_ticketing.adapters.messaging.rabbitmq.consumer | INFO | Mensaje recibido: request_id=09343
2026-04-06 00:02:43,124 | concert_ticketing.adapters.messaging.rabbitmq.consumer | INFO | Mensaje recibido: request_id=09175
2026-04-06 00:02:43,235 | concert_ticketing.adapters.messaging.rabbitmq.consumer | INFO | Mensaje recibido: request_id=09305
2026-04-06 00:02:43,344 | concert_ticketing.adapters.messaging.rabbitmq.consumer | INFO | Mensaje recibido: request_id=09315
2026-04-06 00:02:43,454 | concert_ticketing.adapters.messaging.rabbitmq.consumer | INFO | Mensaje recibido: request_id=09324
2026-04-06 00:02:43,566 | concert_ticketing.adapters.messaging.rabbitmq.consumer | INFO | Mensaje recibido: request_id=09366
2026-04-06 00:02:43,669 | concert_ticketing.adapters.messaging.rabbitmq.consumer | INFO | Mensaje recibido: request_id=09391
2026-04-06 00:02:43,738 | concert_ticketing.adapters.messaging.rabbitmq.consumer | INFO | Mensaje recibido: request_id=09396
2026-04-06 00:02:43,823 | concert_ticketing.adapters.messaging.rabbitmq.consumer | INFO | Mensaje recibido: request_id=09406
2026-04-06 00:02:43,910 | concert_ticketing.adapters.messaging.rabbitmq.consumer | INFO | Mensaje recibido: request_id=09416
2026-04-06 00:02:43,996 | concert_ticketing.adapters.messaging.rabbitmq.consumer | INFO | Mensaje recibido: request_id=09369
2026-04-06 00:02:44,066 | concert_ticketing.adapters.messaging.rabbitmq.consumer | INFO | Mensaje recibido: request_id=09431
2026-04-06 00:02:44,133 | concert_ticketing.adapters.messaging.rabbitmq.consumer | INFO | Mensaje recibido: request_id=09335
2026-04-06 00:02:44,221 | concert_ticketing.adapters.messaging.rabbitmq.consumer | INFO | Mensaje recibido: request_id=09445
2026-04-06 00:02:44,313 | concert_ticketing.adapters.messaging.rabbitmq.consumer | INFO | Mensaje recibido: request_id=09325
2026-04-06 00:02:44,384 | concert_ticketing.adapters.messaging.rabbitmq.consumer | INFO | Mensaje recibido: request_id=09462
2026-04-06 00:02:44,480 | concert_ticketing.adapters.messaging.rabbitmq.consumer | INFO | Mensaje recibido: request_id=09437
2026-04-06 00:02:44,552 | concert_ticketing.adapters.messaging.rabbitmq.consumer | INFO | Mensaje recibido: request_id=09470
2026-04-06 00:02:44,623 | concert_ticketing.adapters.messaging.rabbitmq.consumer | INFO | Mensaje recibido: request_id=09485
2026-04-06 00:02:44,694 | concert_ticketing.adapters.messaging.rabbitmq.consumer | INFO | Mensaje recibido: request_id=09484
2026-04-06 00:02:44,775 | concert_ticketing.adapters.messaging.rabbitmq.consumer | INFO | Mensaje recibido: request_id=09494
2026-04-06 00:02:44,845 | concert_ticketing.adapters.messaging.rabbitmq.consumer | INFO | Mensaje recibido: request_id=09435
2026-04-06 00:02:44,934 | concert_ticketing.adapters.messaging.rabbitmq.consumer | INFO | Mensaje recibido: request_id=09511
2026-04-06 00:02:45,005 | concert_ticketing.adapters.messaging.rabbitmq.consumer | INFO | Mensaje recibido: request_id=09512
2026-04-06 00:02:45,076 | concert_ticketing.adapters.messaging.rabbitmq.consumer | INFO | Mensaje recibido: request_id=09440
2026-04-06 00:02:45,159 | concert_ticketing.adapters.messaging.rabbitmq.consumer | INFO | Mensaje recibido: request_id=09459
2026-04-06 00:02:45,242 | concert_ticketing.adapters.messaging.rabbitmq.consumer | INFO | Mensaje recibido: request_id=09551
2026-04-06 00:02:45,326 | concert_ticketing.adapters.messaging.rabbitmq.consumer | INFO | Mensaje recibido: request_id=09510
2026-04-06 00:02:45,392 | concert_ticketing.adapters.messaging.rabbitmq.consumer | INFO | Mensaje recibido: request_id=09558
2026-04-06 00:02:45,457 | concert_ticketing.adapters.messaging.rabbitmq.consumer | INFO | Mensaje recibido: request_id=09465
2026-04-06 00:02:45,534 | concert_ticketing.adapters.messaging.rabbitmq.consumer | INFO | Mensaje recibido: request_id=09363
2026-04-06 00:02:45,623 | concert_ticketing.adapters.messaging.rabbitmq.consumer | INFO | Mensaje recibido: request_id=09530
2026-04-06 00:02:45,683 | concert_ticketing.adapters.messaging.rabbitmq.consumer | INFO | Mensaje recibido: request_id=09488
2026-04-06 00:02:45,760 | concert_ticketing.adapters.messaging.rabbitmq.consumer | INFO | Mensaje recibido: request_id=09599
2026-04-06 00:02:45,849 | concert_ticketing.adapters.messaging.rabbitmq.consumer | INFO | Mensaje recibido: request_id=09617
2026-04-06 00:02:45,934 | concert_ticketing.adapters.messaging.rabbitmq.consumer | INFO | Mensaje recibido: request_id=09613
2026-04-06 00:02:46,015 | concert_ticketing.adapters.messaging.rabbitmq.consumer | INFO | Mensaje recibido: request_id=09540
2026-04-06 00:02:46,087 | concert_ticketing.adapters.messaging.rabbitmq.consumer | INFO | Mensaje recibido: request_id=09631
2026-04-06 00:02:46,161 | concert_ticketing.adapters.messaging.rabbitmq.consumer | INFO | Mensaje recibido: request_id=09493
2026-04-06 00:02:46,249 | concert_ticketing.adapters.messaging.rabbitmq.consumer | INFO | Mensaje recibido: request_id=09619
2026-04-06 00:02:46,339 | concert_ticketing.adapters.messaging.rabbitmq.consumer | INFO | Mensaje recibido: request_id=09633
2026-04-06 00:02:46,431 | concert_ticketing.adapters.messaging.rabbitmq.consumer | INFO | Mensaje recibido: request_id=09587
2026-04-06 00:02:46,520 | concert_ticketing.adapters.messaging.rabbitmq.consumer | INFO | Mensaje recibido: request_id=09644
2026-04-06 00:02:46,596 | concert_ticketing.adapters.messaging.rabbitmq.consumer | INFO | Mensaje recibido: request_id=09653
2026-04-06 00:02:46,672 | concert_ticketing.adapters.messaging.rabbitmq.consumer | INFO | Mensaje recibido: request_id=09687
2026-04-06 00:02:46,756 | concert_ticketing.adapters.messaging.rabbitmq.consumer | INFO | Mensaje recibido: request_id=09703
2026-04-06 00:02:46,828 | concert_ticketing.adapters.messaging.rabbitmq.consumer | INFO | Mensaje recibido: request_id=09679
2026-04-06 00:02:46,912 | concert_ticketing.adapters.messaging.rabbitmq.consumer | INFO | Mensaje recibido: request_id=09717
2026-04-06 00:02:46,991 | concert_ticketing.adapters.messaging.rabbitmq.consumer | INFO | Mensaje recibido: request_id=09686
2026-04-06 00:02:47,067 | concert_ticketing.adapters.messaging.rabbitmq.consumer | INFO | Mensaje recibido: request_id=09704
2026-04-06 00:02:47,142 | concert_ticketing.adapters.messaging.rabbitmq.consumer | INFO | Mensaje recibido: request_id=09742
2026-04-06 00:02:47,231 | concert_ticketing.adapters.messaging.rabbitmq.consumer | INFO | Mensaje recibido: request_id=09720
2026-04-06 00:02:47,310 | concert_ticketing.adapters.messaging.rabbitmq.consumer | INFO | Mensaje recibido: request_id=09752
2026-04-06 00:02:47,396 | concert_ticketing.adapters.messaging.rabbitmq.consumer | INFO | Mensaje recibido: request_id=09646
2026-04-06 00:02:47,469 | concert_ticketing.adapters.messaging.rabbitmq.consumer | INFO | Mensaje recibido: request_id=09768
2026-04-06 00:02:47,556 | concert_ticketing.adapters.messaging.rabbitmq.consumer | INFO | Mensaje recibido: request_id=09782
2026-04-06 00:02:47,659 | concert_ticketing.adapters.messaging.rabbitmq.consumer | INFO | Mensaje recibido: request_id=09751
2026-04-06 00:02:47,731 | concert_ticketing.adapters.messaging.rabbitmq.consumer | INFO | Mensaje recibido: request_id=09673
2026-04-06 00:02:47,863 | concert_ticketing.adapters.messaging.rabbitmq.consumer | INFO | Mensaje recibido: request_id=09793
2026-04-06 00:02:47,934 | concert_ticketing.adapters.messaging.rabbitmq.consumer | INFO | Mensaje recibido: request_id=09791
2026-04-06 00:02:48,014 | concert_ticketing.adapters.messaging.rabbitmq.consumer | INFO | Mensaje recibido: request_id=09823
2026-04-06 00:02:48,106 | concert_ticketing.adapters.messaging.rabbitmq.consumer | INFO | Mensaje recibido: request_id=09777
2026-04-06 00:02:48,188 | concert_ticketing.adapters.messaging.rabbitmq.consumer | INFO | Mensaje recibido: request_id=09767
2026-04-06 00:02:48,263 | concert_ticketing.adapters.messaging.rabbitmq.consumer | INFO | Mensaje recibido: request_id=09829
2026-04-06 00:02:48,355 | concert_ticketing.adapters.messaging.rabbitmq.consumer | INFO | Mensaje recibido: request_id=09835
2026-04-06 00:02:48,442 | concert_ticketing.adapters.messaging.rabbitmq.consumer | INFO | Mensaje recibido: request_id=09801
2026-04-06 00:02:48,517 | concert_ticketing.adapters.messaging.rabbitmq.consumer | INFO | Mensaje recibido: request_id=09844
2026-04-06 00:02:48,596 | concert_ticketing.adapters.messaging.rabbitmq.consumer | INFO | Mensaje recibido: request_id=09820
2026-04-06 00:02:48,688 | concert_ticketing.adapters.messaging.rabbitmq.consumer | INFO | Mensaje recibido: request_id=09887
2026-04-06 00:02:48,759 | concert_ticketing.adapters.messaging.rabbitmq.consumer | INFO | Mensaje recibido: request_id=09867
2026-04-06 00:02:48,856 | concert_ticketing.adapters.messaging.rabbitmq.consumer | INFO | Mensaje recibido: request_id=09892
2026-04-06 00:02:48,920 | concert_ticketing.adapters.messaging.rabbitmq.consumer | INFO | Mensaje recibido: request_id=09831
2026-04-06 00:02:49,012 | concert_ticketing.adapters.messaging.rabbitmq.consumer | INFO | Mensaje recibido: request_id=09753
2026-04-06 00:02:49,085 | concert_ticketing.adapters.messaging.rabbitmq.consumer | INFO | Mensaje recibido: request_id=09875
2026-04-06 00:02:49,171 | concert_ticketing.adapters.messaging.rabbitmq.consumer | INFO | Mensaje recibido: request_id=09915
2026-04-06 00:02:49,268 | concert_ticketing.adapters.messaging.rabbitmq.consumer | INFO | Mensaje recibido: request_id=09864
2026-04-06 00:02:49,344 | concert_ticketing.adapters.messaging.rabbitmq.consumer | INFO | Mensaje recibido: request_id=09951
2026-04-06 00:02:49,403 | concert_ticketing.adapters.messaging.rabbitmq.consumer | INFO | Mensaje recibido: request_id=09957
2026-04-06 00:02:49,498 | concert_ticketing.adapters.messaging.rabbitmq.consumer | INFO | Mensaje recibido: request_id=09920
2026-04-06 00:02:49,584 | concert_ticketing.adapters.messaging.rabbitmq.consumer | INFO | Mensaje recibido: request_id=09949
2026-04-06 00:02:49,660 | concert_ticketing.adapters.messaging.rabbitmq.consumer | INFO | Mensaje recibido: request_id=09848
2026-04-06 00:02:49,746 | concert_ticketing.adapters.messaging.rabbitmq.consumer | INFO | Mensaje recibido: request_id=09953
2026-04-06 00:02:49,821 | concert_ticketing.adapters.messaging.rabbitmq.consumer | INFO | Mensaje recibido: request_id=09955
2026-04-06 00:02:49,910 | concert_ticketing.adapters.messaging.rabbitmq.consumer | INFO | Mensaje recibido: request_id=10008
2026-04-06 00:02:50,000 | concert_ticketing.adapters.messaging.rabbitmq.consumer | INFO | Mensaje recibido: request_id=09861
2026-04-06 00:02:50,073 | concert_ticketing.adapters.messaging.rabbitmq.consumer | INFO | Mensaje recibido: request_id=09914
2026-04-06 00:02:50,154 | concert_ticketing.adapters.messaging.rabbitmq.consumer | INFO | Mensaje recibido: request_id=10024
2026-04-06 00:02:50,248 | concert_ticketing.adapters.messaging.rabbitmq.consumer | INFO | Mensaje recibido: request_id=10040
2026-04-06 00:02:50,326 | concert_ticketing.adapters.messaging.rabbitmq.consumer | INFO | Mensaje recibido: request_id=10041
2026-04-06 00:02:50,398 | concert_ticketing.adapters.messaging.rabbitmq.consumer | INFO | Mensaje recibido: request_id=10034
2026-04-06 00:02:50,463 | concert_ticketing.adapters.messaging.rabbitmq.consumer | INFO | Mensaje recibido: request_id=09995
2026-04-06 00:02:50,560 | concert_ticketing.adapters.messaging.rabbitmq.consumer | INFO | Mensaje recibido: request_id=10054
2026-04-06 00:02:50,629 | concert_ticketing.adapters.messaging.rabbitmq.consumer | INFO | Mensaje recibido: request_id=10078
2026-04-06 00:02:50,713 | concert_ticketing.adapters.messaging.rabbitmq.consumer | INFO | Mensaje recibido: request_id=09971
2026-04-06 00:02:50,798 | concert_ticketing.adapters.messaging.rabbitmq.consumer | INFO | Mensaje recibido: request_id=10097
2026-04-06 00:02:50,875 | concert_ticketing.adapters.messaging.rabbitmq.consumer | INFO | Mensaje recibido: request_id=10005
2026-04-06 00:02:50,954 | concert_ticketing.adapters.messaging.rabbitmq.consumer | INFO | Mensaje recibido: request_id=10059
2026-04-06 00:02:51,034 | concert_ticketing.adapters.messaging.rabbitmq.consumer | INFO | Mensaje recibido: request_id=10110
2026-04-06 00:02:51,121 | concert_ticketing.adapters.messaging.rabbitmq.consumer | INFO | Mensaje recibido: request_id=10048
2026-04-06 00:02:51,194 | concert_ticketing.adapters.messaging.rabbitmq.consumer | INFO | Mensaje recibido: request_id=10133
2026-04-06 00:02:51,282 | concert_ticketing.adapters.messaging.rabbitmq.consumer | INFO | Mensaje recibido: request_id=10087
2026-04-06 00:02:51,359 | concert_ticketing.adapters.messaging.rabbitmq.consumer | INFO | Mensaje recibido: request_id=10151
2026-04-06 00:02:51,434 | concert_ticketing.adapters.messaging.rabbitmq.consumer | INFO | Mensaje recibido: request_id=10063
2026-04-06 00:02:51,531 | concert_ticketing.adapters.messaging.rabbitmq.consumer | INFO | Mensaje recibido: request_id=10098
2026-04-06 00:02:51,633 | concert_ticketing.adapters.messaging.rabbitmq.consumer | INFO | Mensaje recibido: request_id=10118
2026-04-06 00:02:51,724 | concert_ticketing.adapters.messaging.rabbitmq.consumer | INFO | Mensaje recibido: request_id=10166
2026-04-06 00:02:51,824 | concert_ticketing.adapters.messaging.rabbitmq.consumer | INFO | Mensaje recibido: request_id=10146
2026-04-06 00:02:51,920 | concert_ticketing.adapters.messaging.rabbitmq.consumer | INFO | Mensaje recibido: request_id=10198
2026-04-06 00:02:52,000 | concert_ticketing.adapters.messaging.rabbitmq.consumer | INFO | Mensaje recibido: request_id=10094
2026-04-06 00:02:52,083 | concert_ticketing.adapters.messaging.rabbitmq.consumer | INFO | Mensaje recibido: request_id=10187
2026-04-06 00:02:52,163 | concert_ticketing.adapters.messaging.rabbitmq.consumer | INFO | Mensaje recibido: request_id=10213
2026-04-06 00:02:52,252 | concert_ticketing.adapters.messaging.rabbitmq.consumer | INFO | Mensaje recibido: request_id=10100
2026-04-06 00:02:52,325 | concert_ticketing.adapters.messaging.rabbitmq.consumer | INFO | Mensaje recibido: request_id=10222
2026-04-06 00:02:52,414 | concert_ticketing.adapters.messaging.rabbitmq.consumer | INFO | Mensaje recibido: request_id=10237
2026-04-06 00:02:52,504 | concert_ticketing.adapters.messaging.rabbitmq.consumer | INFO | Mensaje recibido: request_id=10175
2026-04-06 00:02:52,576 | concert_ticketing.adapters.messaging.rabbitmq.consumer | INFO | Mensaje recibido: request_id=10250
2026-04-06 00:02:52,648 | concert_ticketing.adapters.messaging.rabbitmq.consumer | INFO | Mensaje recibido: request_id=10219
2026-04-06 00:02:52,746 | concert_ticketing.adapters.messaging.rabbitmq.consumer | INFO | Mensaje recibido: request_id=10185
2026-04-06 00:02:52,840 | concert_ticketing.adapters.messaging.rabbitmq.consumer | INFO | Mensaje recibido: request_id=10259
2026-04-06 00:02:52,926 | concert_ticketing.adapters.messaging.rabbitmq.consumer | INFO | Mensaje recibido: request_id=10287
2026-04-06 00:02:53,050 | concert_ticketing.adapters.messaging.rabbitmq.consumer | INFO | Mensaje recibido: request_id=10288
2026-04-06 00:02:53,132 | concert_ticketing.adapters.messaging.rabbitmq.consumer | INFO | Mensaje recibido: request_id=10308
2026-04-06 00:02:53,262 | concert_ticketing.adapters.messaging.rabbitmq.consumer | INFO | Mensaje recibido: request_id=10306
2026-04-06 00:02:53,342 | concert_ticketing.adapters.messaging.rabbitmq.consumer | INFO | Mensaje recibido: request_id=10327
2026-04-06 00:02:53,432 | concert_ticketing.adapters.messaging.rabbitmq.consumer | INFO | Mensaje recibido: request_id=10335
2026-04-06 00:02:53,526 | concert_ticketing.adapters.messaging.rabbitmq.consumer | INFO | Mensaje recibido: request_id=10298
2026-04-06 00:02:53,625 | concert_ticketing.adapters.messaging.rabbitmq.consumer | INFO | Mensaje recibido: request_id=10351
2026-04-06 00:02:53,715 | concert_ticketing.adapters.messaging.rabbitmq.consumer | INFO | Mensaje recibido: request_id=10359
2026-04-06 00:02:53,819 | concert_ticketing.adapters.messaging.rabbitmq.consumer | INFO | Mensaje recibido: request_id=10356
2026-04-06 00:02:53,942 | concert_ticketing.adapters.messaging.rabbitmq.consumer | INFO | Mensaje recibido: request_id=10353
2026-04-06 00:02:54,031 | concert_ticketing.adapters.messaging.rabbitmq.consumer | INFO | Mensaje recibido: request_id=10379
2026-04-06 00:02:54,142 | concert_ticketing.adapters.messaging.rabbitmq.consumer | INFO | Mensaje recibido: request_id=10206
2026-04-06 00:02:54,264 | concert_ticketing.adapters.messaging.rabbitmq.consumer | INFO | Mensaje recibido: request_id=10383
2026-04-06 00:02:54,374 | concert_ticketing.adapters.messaging.rabbitmq.consumer | INFO | Mensaje recibido: request_id=10407
2026-04-06 00:02:54,479 | concert_ticketing.adapters.messaging.rabbitmq.consumer | INFO | Mensaje recibido: request_id=10380
2026-04-06 00:02:54,647 | concert_ticketing.adapters.messaging.rabbitmq.consumer | INFO | Mensaje recibido: request_id=10423
2026-04-06 00:02:54,751 | concert_ticketing.adapters.messaging.rabbitmq.consumer | INFO | Mensaje recibido: request_id=10352
2026-04-06 00:02:54,869 | concert_ticketing.adapters.messaging.rabbitmq.consumer | INFO | Mensaje recibido: request_id=10415
2026-04-06 00:02:54,954 | concert_ticketing.adapters.messaging.rabbitmq.consumer | INFO | Mensaje recibido: request_id=10416
2026-04-06 00:02:55,052 | concert_ticketing.adapters.messaging.rabbitmq.consumer | INFO | Mensaje recibido: request_id=10441
2026-04-06 00:02:55,144 | concert_ticketing.adapters.messaging.rabbitmq.consumer | INFO | Mensaje recibido: request_id=10442
2026-04-06 00:02:55,222 | concert_ticketing.adapters.messaging.rabbitmq.consumer | INFO | Mensaje recibido: request_id=10341
2026-04-06 00:02:55,295 | concert_ticketing.adapters.messaging.rabbitmq.consumer | INFO | Mensaje recibido: request_id=10444
2026-04-06 00:02:55,382 | concert_ticketing.adapters.messaging.rabbitmq.consumer | INFO | Mensaje recibido: request_id=10457
2026-04-06 00:02:55,476 | concert_ticketing.adapters.messaging.rabbitmq.consumer | INFO | Mensaje recibido: request_id=10447
2026-04-06 00:02:55,568 | concert_ticketing.adapters.messaging.rabbitmq.consumer | INFO | Mensaje recibido: request_id=10503
2026-04-06 00:02:55,645 | concert_ticketing.adapters.messaging.rabbitmq.consumer | INFO | Mensaje recibido: request_id=10493
2026-04-06 00:02:55,709 | concert_ticketing.adapters.messaging.rabbitmq.consumer | INFO | Mensaje recibido: request_id=10479
2026-04-06 00:02:55,800 | concert_ticketing.adapters.messaging.rabbitmq.consumer | INFO | Mensaje recibido: request_id=10507
2026-04-06 00:02:55,885 | concert_ticketing.adapters.messaging.rabbitmq.consumer | INFO | Mensaje recibido: request_id=10438
2026-04-06 00:02:55,956 | concert_ticketing.adapters.messaging.rabbitmq.consumer | INFO | Mensaje recibido: request_id=10471
2026-04-06 00:02:56,041 | concert_ticketing.adapters.messaging.rabbitmq.consumer | INFO | Mensaje recibido: request_id=10553
2026-04-06 00:02:56,112 | concert_ticketing.adapters.messaging.rabbitmq.consumer | INFO | Mensaje recibido: request_id=10559
2026-04-06 00:02:56,183 | concert_ticketing.adapters.messaging.rabbitmq.consumer | INFO | Mensaje recibido: request_id=10556
2026-04-06 00:02:56,263 | concert_ticketing.adapters.messaging.rabbitmq.consumer | INFO | Mensaje recibido: request_id=10575
2026-04-06 00:02:56,352 | concert_ticketing.adapters.messaging.rabbitmq.consumer | INFO | Mensaje recibido: request_id=10558
2026-04-06 00:02:56,433 | concert_ticketing.adapters.messaging.rabbitmq.consumer | INFO | Mensaje recibido: request_id=10547
2026-04-06 00:02:56,516 | concert_ticketing.adapters.messaging.rabbitmq.consumer | INFO | Mensaje recibido: request_id=10579
2026-04-06 00:02:56,599 | concert_ticketing.adapters.messaging.rabbitmq.consumer | INFO | Mensaje recibido: request_id=10608
2026-04-06 00:02:56,680 | concert_ticketing.adapters.messaging.rabbitmq.consumer | INFO | Mensaje recibido: request_id=10613
2026-04-06 00:02:56,781 | concert_ticketing.adapters.messaging.rabbitmq.consumer | INFO | Mensaje recibido: request_id=10566
2026-04-06 00:02:56,853 | concert_ticketing.adapters.messaging.rabbitmq.consumer | INFO | Mensaje recibido: request_id=10595
2026-04-06 00:02:56,922 | concert_ticketing.adapters.messaging.rabbitmq.consumer | INFO | Mensaje recibido: request_id=10515
2026-04-06 00:02:57,003 | concert_ticketing.adapters.messaging.rabbitmq.consumer | INFO | Mensaje recibido: request_id=10648
2026-04-06 00:02:57,082 | concert_ticketing.adapters.messaging.rabbitmq.consumer | INFO | Mensaje recibido: request_id=10498
2026-04-06 00:02:57,173 | concert_ticketing.adapters.messaging.rabbitmq.consumer | INFO | Mensaje recibido: request_id=10638
2026-04-06 00:02:57,271 | concert_ticketing.adapters.messaging.rabbitmq.consumer | INFO | Mensaje recibido: request_id=10670
2026-04-06 00:02:57,354 | concert_ticketing.adapters.messaging.rabbitmq.consumer | INFO | Mensaje recibido: request_id=10622
2026-04-06 00:02:57,447 | concert_ticketing.adapters.messaging.rabbitmq.consumer | INFO | Mensaje recibido: request_id=10686
2026-04-06 00:02:57,516 | concert_ticketing.adapters.messaging.rabbitmq.consumer | INFO | Mensaje recibido: request_id=10693
2026-04-06 00:02:57,609 | concert_ticketing.adapters.messaging.rabbitmq.consumer | INFO | Mensaje recibido: request_id=10630
2026-04-06 00:02:57,694 | concert_ticketing.adapters.messaging.rabbitmq.consumer | INFO | Mensaje recibido: request_id=10656
2026-04-06 00:02:57,754 | concert_ticketing.adapters.messaging.rabbitmq.consumer | INFO | Mensaje recibido: request_id=10593
2026-04-06 00:02:57,851 | concert_ticketing.adapters.messaging.rabbitmq.consumer | INFO | Mensaje recibido: request_id=10726
2026-04-06 00:02:57,952 | concert_ticketing.adapters.messaging.rabbitmq.consumer | INFO | Mensaje recibido: request_id=10696
2026-04-06 00:02:58,044 | concert_ticketing.adapters.messaging.rabbitmq.consumer | INFO | Mensaje recibido: request_id=10741
2026-04-06 00:02:58,119 | concert_ticketing.adapters.messaging.rabbitmq.consumer | INFO | Mensaje recibido: request_id=10748
2026-04-06 00:02:58,217 | concert_ticketing.adapters.messaging.rabbitmq.consumer | INFO | Mensaje recibido: request_id=10746
2026-04-06 00:02:58,298 | concert_ticketing.adapters.messaging.rabbitmq.consumer | INFO | Mensaje recibido: request_id=10585
2026-04-06 00:02:58,387 | concert_ticketing.adapters.messaging.rabbitmq.consumer | INFO | Mensaje recibido: request_id=10762
2026-04-06 00:02:58,439 | concert_ticketing.adapters.messaging.rabbitmq.consumer | INFO | Mensaje recibido: request_id=10756
2026-04-06 00:02:58,542 | concert_ticketing.adapters.messaging.rabbitmq.consumer | INFO | Mensaje recibido: request_id=10780
2026-04-06 00:02:58,629 | concert_ticketing.adapters.messaging.rabbitmq.consumer | INFO | Mensaje recibido: request_id=10791
2026-04-06 00:02:58,731 | concert_ticketing.adapters.messaging.rabbitmq.consumer | INFO | Mensaje recibido: request_id=10691
2026-04-06 00:02:58,805 | concert_ticketing.adapters.messaging.rabbitmq.consumer | INFO | Mensaje recibido: request_id=10798
2026-04-06 00:02:58,894 | concert_ticketing.adapters.messaging.rabbitmq.consumer | INFO | Mensaje recibido: request_id=10716
2026-04-06 00:02:58,978 | concert_ticketing.adapters.messaging.rabbitmq.consumer | INFO | Mensaje recibido: request_id=10813
2026-04-06 00:02:59,132 | concert_ticketing.adapters.messaging.rabbitmq.consumer | INFO | Mensaje recibido: request_id=10785
2026-04-06 00:02:59,211 | concert_ticketing.adapters.messaging.rabbitmq.consumer | INFO | Mensaje recibido: request_id=10814
2026-04-06 00:02:59,298 | concert_ticketing.adapters.messaging.rabbitmq.consumer | INFO | Mensaje recibido: request_id=10841
2026-04-06 00:02:59,405 | concert_ticketing.adapters.messaging.rabbitmq.consumer | INFO | Mensaje recibido: request_id=10864
2026-04-06 00:02:59,517 | concert_ticketing.adapters.messaging.rabbitmq.consumer | INFO | Mensaje recibido: request_id=10853
2026-04-06 00:02:59,631 | concert_ticketing.adapters.messaging.rabbitmq.consumer | INFO | Mensaje recibido: request_id=10865
2026-04-06 00:02:59,732 | concert_ticketing.adapters.messaging.rabbitmq.consumer | INFO | Mensaje recibido: request_id=10818
2026-04-06 00:02:59,838 | concert_ticketing.adapters.messaging.rabbitmq.consumer | INFO | Mensaje recibido: request_id=10809
2026-04-06 00:02:59,929 | concert_ticketing.adapters.messaging.rabbitmq.consumer | INFO | Mensaje recibido: request_id=10808
2026-04-06 00:03:00,012 | concert_ticketing.adapters.messaging.rabbitmq.consumer | INFO | Mensaje recibido: request_id=10866
2026-04-06 00:03:00,099 | concert_ticketing.adapters.messaging.rabbitmq.consumer | INFO | Mensaje recibido: request_id=10897
2026-04-06 00:03:00,179 | concert_ticketing.adapters.messaging.rabbitmq.consumer | INFO | Mensaje recibido: request_id=10832
2026-04-06 00:03:00,267 | concert_ticketing.adapters.messaging.rabbitmq.consumer | INFO | Mensaje recibido: request_id=10885
2026-04-06 00:03:00,370 | concert_ticketing.adapters.messaging.rabbitmq.consumer | INFO | Mensaje recibido: request_id=10921
2026-04-06 00:03:00,504 | concert_ticketing.adapters.messaging.rabbitmq.consumer | INFO | Mensaje recibido: request_id=10930
2026-04-06 00:03:00,581 | concert_ticketing.adapters.messaging.rabbitmq.consumer | INFO | Mensaje recibido: request_id=10845
2026-04-06 00:03:00,682 | concert_ticketing.adapters.messaging.rabbitmq.consumer | INFO | Mensaje recibido: request_id=10927
2026-04-06 00:03:00,767 | concert_ticketing.adapters.messaging.rabbitmq.consumer | INFO | Mensaje recibido: request_id=10843
2026-04-06 00:03:00,864 | concert_ticketing.adapters.messaging.rabbitmq.consumer | INFO | Mensaje recibido: request_id=10971
2026-04-06 00:03:00,949 | concert_ticketing.adapters.messaging.rabbitmq.consumer | INFO | Mensaje recibido: request_id=10991
2026-04-06 00:03:01,035 | concert_ticketing.adapters.messaging.rabbitmq.consumer | INFO | Mensaje recibido: request_id=10984
2026-04-06 00:03:01,123 | concert_ticketing.adapters.messaging.rabbitmq.consumer | INFO | Mensaje recibido: request_id=10977
2026-04-06 00:03:01,196 | concert_ticketing.adapters.messaging.rabbitmq.consumer | INFO | Mensaje recibido: request_id=11005
2026-04-06 00:03:01,309 | concert_ticketing.adapters.messaging.rabbitmq.consumer | INFO | Mensaje recibido: request_id=10907
2026-04-06 00:03:01,422 | concert_ticketing.adapters.messaging.rabbitmq.consumer | INFO | Mensaje recibido: request_id=11031
2026-04-06 00:03:01,519 | concert_ticketing.adapters.messaging.rabbitmq.consumer | INFO | Mensaje recibido: request_id=11024
2026-04-06 00:03:01,618 | concert_ticketing.adapters.messaging.rabbitmq.consumer | INFO | Mensaje recibido: request_id=11032
2026-04-06 00:03:01,689 | concert_ticketing.adapters.messaging.rabbitmq.consumer | INFO | Mensaje recibido: request_id=11045
2026-04-06 00:03:01,786 | concert_ticketing.adapters.messaging.rabbitmq.consumer | INFO | Mensaje recibido: request_id=11006
2026-04-06 00:03:01,864 | concert_ticketing.adapters.messaging.rabbitmq.consumer | INFO | Mensaje recibido: request_id=11063
2026-04-06 00:03:01,949 | concert_ticketing.adapters.messaging.rabbitmq.consumer | INFO | Mensaje recibido: request_id=11052
2026-04-06 00:03:02,030 | concert_ticketing.adapters.messaging.rabbitmq.consumer | INFO | Mensaje recibido: request_id=11067
2026-04-06 00:03:02,144 | concert_ticketing.adapters.messaging.rabbitmq.consumer | INFO | Mensaje recibido: request_id=11061
2026-04-06 00:03:02,250 | concert_ticketing.adapters.messaging.rabbitmq.consumer | INFO | Mensaje recibido: request_id=11074
2026-04-06 00:03:02,338 | concert_ticketing.adapters.messaging.rabbitmq.consumer | INFO | Mensaje recibido: request_id=11086
2026-04-06 00:03:02,445 | concert_ticketing.adapters.messaging.rabbitmq.consumer | INFO | Mensaje recibido: request_id=11016
2026-04-06 00:03:02,546 | concert_ticketing.adapters.messaging.rabbitmq.consumer | INFO | Mensaje recibido: request_id=11125
2026-04-06 00:03:02,632 | concert_ticketing.adapters.messaging.rabbitmq.consumer | INFO | Mensaje recibido: request_id=11114
2026-04-06 00:03:02,726 | concert_ticketing.adapters.messaging.rabbitmq.consumer | INFO | Mensaje recibido: request_id=11127
2026-04-06 00:03:02,813 | concert_ticketing.adapters.messaging.rabbitmq.consumer | INFO | Mensaje recibido: request_id=11103
2026-04-06 00:03:02,913 | concert_ticketing.adapters.messaging.rabbitmq.consumer | INFO | Mensaje recibido: request_id=11142
2026-04-06 00:03:02,991 | concert_ticketing.adapters.messaging.rabbitmq.consumer | INFO | Mensaje recibido: request_id=11145
2026-04-06 00:03:03,106 | concert_ticketing.adapters.messaging.rabbitmq.consumer | INFO | Mensaje recibido: request_id=11109
2026-04-06 00:03:03,205 | concert_ticketing.adapters.messaging.rabbitmq.consumer | INFO | Mensaje recibido: request_id=11151
2026-04-06 00:03:03,304 | concert_ticketing.adapters.messaging.rabbitmq.consumer | INFO | Mensaje recibido: request_id=11191
2026-04-06 00:03:03,399 | concert_ticketing.adapters.messaging.rabbitmq.consumer | INFO | Mensaje recibido: request_id=11199
2026-04-06 00:03:03,486 | concert_ticketing.adapters.messaging.rabbitmq.consumer | INFO | Mensaje recibido: request_id=11138
2026-04-06 00:03:03,604 | concert_ticketing.adapters.messaging.rabbitmq.consumer | INFO | Mensaje recibido: request_id=11208
2026-04-06 00:03:03,691 | concert_ticketing.adapters.messaging.rabbitmq.consumer | INFO | Mensaje recibido: request_id=11193
2026-04-06 00:03:03,763 | concert_ticketing.adapters.messaging.rabbitmq.consumer | INFO | Mensaje recibido: request_id=11213
2026-04-06 00:03:03,861 | concert_ticketing.adapters.messaging.rabbitmq.consumer | INFO | Mensaje recibido: request_id=11206
2026-04-06 00:03:03,884 | concert_ticketing.adapters.messaging.rabbitmq.consumer | INFO | Mensaje recibido: request_id=11192
2026-04-06 00:03:03,967 | concert_ticketing.adapters.messaging.rabbitmq.consumer | INFO | Mensaje recibido: request_id=11207
2026-04-06 00:03:04,088 | concert_ticketing.adapters.messaging.rabbitmq.consumer | INFO | Mensaje recibido: request_id=11218
2026-04-06 00:03:04,178 | concert_ticketing.adapters.messaging.rabbitmq.consumer | INFO | Mensaje recibido: request_id=11185
2026-04-06 00:03:04,284 | concert_ticketing.adapters.messaging.rabbitmq.consumer | INFO | Mensaje recibido: request_id=11156
2026-04-06 00:03:04,367 | concert_ticketing.adapters.messaging.rabbitmq.consumer | INFO | Mensaje recibido: request_id=11237
2026-04-06 00:03:04,467 | concert_ticketing.adapters.messaging.rabbitmq.consumer | INFO | Mensaje recibido: request_id=11292
2026-04-06 00:03:04,571 | concert_ticketing.adapters.messaging.rabbitmq.consumer | INFO | Mensaje recibido: request_id=11252
2026-04-06 00:03:04,677 | concert_ticketing.adapters.messaging.rabbitmq.consumer | INFO | Mensaje recibido: request_id=11310
2026-04-06 00:03:04,738 | concert_ticketing.adapters.messaging.rabbitmq.consumer | INFO | Mensaje recibido: request_id=11317
2026-04-06 00:03:04,812 | concert_ticketing.adapters.messaging.rabbitmq.consumer | INFO | Mensaje recibido: request_id=11323
2026-04-06 00:03:04,912 | concert_ticketing.adapters.messaging.rabbitmq.consumer | INFO | Mensaje recibido: request_id=11293
2026-04-06 00:03:05,017 | concert_ticketing.adapters.messaging.rabbitmq.consumer | INFO | Mensaje recibido: request_id=11331
2026-04-06 00:03:05,109 | concert_ticketing.adapters.messaging.rabbitmq.consumer | INFO | Mensaje recibido: request_id=11282
2026-04-06 00:03:05,214 | concert_ticketing.adapters.messaging.rabbitmq.consumer | INFO | Mensaje recibido: request_id=11345
2026-04-06 00:03:05,308 | concert_ticketing.adapters.messaging.rabbitmq.consumer | INFO | Mensaje recibido: request_id=11328
2026-04-06 00:03:05,410 | concert_ticketing.adapters.messaging.rabbitmq.consumer | INFO | Mensaje recibido: request_id=11349
2026-04-06 00:03:05,521 | concert_ticketing.adapters.messaging.rabbitmq.consumer | INFO | Mensaje recibido: request_id=11290
2026-04-06 00:03:05,638 | concert_ticketing.adapters.messaging.rabbitmq.consumer | INFO | Mensaje recibido: request_id=11378
2026-04-06 00:03:05,741 | concert_ticketing.adapters.messaging.rabbitmq.consumer | INFO | Mensaje recibido: request_id=11371
2026-04-06 00:03:05,882 | concert_ticketing.adapters.messaging.rabbitmq.consumer | INFO | Mensaje recibido: request_id=11287
2026-04-06 00:03:05,995 | concert_ticketing.adapters.messaging.rabbitmq.consumer | INFO | Mensaje recibido: request_id=11413
2026-04-06 00:03:06,084 | concert_ticketing.adapters.messaging.rabbitmq.consumer | INFO | Mensaje recibido: request_id=11347
2026-04-06 00:03:06,185 | concert_ticketing.adapters.messaging.rabbitmq.consumer | INFO | Mensaje recibido: request_id=11380
2026-04-06 00:03:06,285 | concert_ticketing.adapters.messaging.rabbitmq.consumer | INFO | Mensaje recibido: request_id=11431
2026-04-06 00:03:06,369 | concert_ticketing.adapters.messaging.rabbitmq.consumer | INFO | Mensaje recibido: request_id=11364
2026-04-06 00:03:06,462 | concert_ticketing.adapters.messaging.rabbitmq.consumer | INFO | Mensaje recibido: request_id=11426
2026-04-06 00:03:06,542 | concert_ticketing.adapters.messaging.rabbitmq.consumer | INFO | Mensaje recibido: request_id=11459
2026-04-06 00:03:06,638 | concert_ticketing.adapters.messaging.rabbitmq.consumer | INFO | Mensaje recibido: request_id=11369
2026-04-06 00:03:06,713 | concert_ticketing.adapters.messaging.rabbitmq.consumer | INFO | Mensaje recibido: request_id=11455
2026-04-06 00:03:06,787 | concert_ticketing.adapters.messaging.rabbitmq.consumer | INFO | Mensaje recibido: request_id=11450
2026-04-06 00:03:06,867 | concert_ticketing.adapters.messaging.rabbitmq.consumer | INFO | Mensaje recibido: request_id=11494
2026-04-06 00:03:06,952 | concert_ticketing.adapters.messaging.rabbitmq.consumer | INFO | Mensaje recibido: request_id=11437
2026-04-06 00:03:07,050 | concert_ticketing.adapters.messaging.rabbitmq.consumer | INFO | Mensaje recibido: request_id=11400
2026-04-06 00:03:07,137 | concert_ticketing.adapters.messaging.rabbitmq.consumer | INFO | Mensaje recibido: request_id=11516
2026-04-06 00:03:07,213 | concert_ticketing.adapters.messaging.rabbitmq.consumer | INFO | Mensaje recibido: request_id=11524
2026-04-06 00:03:07,301 | concert_ticketing.adapters.messaging.rabbitmq.consumer | INFO | Mensaje recibido: request_id=11443
2026-04-06 00:03:07,396 | concert_ticketing.adapters.messaging.rabbitmq.consumer | INFO | Mensaje recibido: request_id=11534
2026-04-06 00:03:07,474 | concert_ticketing.adapters.messaging.rabbitmq.consumer | INFO | Mensaje recibido: request_id=11548
2026-04-06 00:03:07,558 | concert_ticketing.adapters.messaging.rabbitmq.consumer | INFO | Mensaje recibido: request_id=11520
2026-04-06 00:03:07,642 | concert_ticketing.adapters.messaging.rabbitmq.consumer | INFO | Mensaje recibido: request_id=11322
2026-04-06 00:03:07,725 | concert_ticketing.adapters.messaging.rabbitmq.consumer | INFO | Mensaje recibido: request_id=11573
2026-04-06 00:03:07,817 | concert_ticketing.adapters.messaging.rabbitmq.consumer | INFO | Mensaje recibido: request_id=11584
2026-04-06 00:03:07,887 | concert_ticketing.adapters.messaging.rabbitmq.consumer | INFO | Mensaje recibido: request_id=11530
2026-04-06 00:03:07,995 | concert_ticketing.adapters.messaging.rabbitmq.consumer | INFO | Mensaje recibido: request_id=11476
2026-04-06 00:03:08,066 | concert_ticketing.adapters.messaging.rabbitmq.consumer | INFO | Mensaje recibido: request_id=11576
2026-04-06 00:03:08,148 | concert_ticketing.adapters.messaging.rabbitmq.consumer | INFO | Mensaje recibido: request_id=11604
2026-04-06 00:03:08,255 | concert_ticketing.adapters.messaging.rabbitmq.consumer | INFO | Mensaje recibido: request_id=11525
2026-04-06 00:03:08,395 | concert_ticketing.adapters.messaging.rabbitmq.consumer | INFO | Mensaje recibido: request_id=11610
2026-04-06 00:03:08,471 | concert_ticketing.adapters.messaging.rabbitmq.consumer | INFO | Mensaje recibido: request_id=11621
2026-04-06 00:03:08,575 | concert_ticketing.adapters.messaging.rabbitmq.consumer | INFO | Mensaje recibido: request_id=11644
2026-04-06 00:03:08,653 | concert_ticketing.adapters.messaging.rabbitmq.consumer | INFO | Mensaje recibido: request_id=11629
2026-04-06 00:03:08,739 | concert_ticketing.adapters.messaging.rabbitmq.consumer | INFO | Mensaje recibido: request_id=11612
2026-04-06 00:03:08,819 | concert_ticketing.adapters.messaging.rabbitmq.consumer | INFO | Mensaje recibido: request_id=11660
2026-04-06 00:03:08,914 | concert_ticketing.adapters.messaging.rabbitmq.consumer | INFO | Mensaje recibido: request_id=11664
2026-04-06 00:03:08,996 | concert_ticketing.adapters.messaging.rabbitmq.consumer | INFO | Mensaje recibido: request_id=11493
2026-04-06 00:03:09,069 | concert_ticketing.adapters.messaging.rabbitmq.consumer | INFO | Mensaje recibido: request_id=11657
2026-04-06 00:03:09,162 | concert_ticketing.adapters.messaging.rabbitmq.consumer | INFO | Mensaje recibido: request_id=11658
2026-04-06 00:03:09,242 | concert_ticketing.adapters.messaging.rabbitmq.consumer | INFO | Mensaje recibido: request_id=11488
2026-04-06 00:03:09,325 | concert_ticketing.adapters.messaging.rabbitmq.consumer | INFO | Mensaje recibido: request_id=11649
2026-04-06 00:03:09,413 | concert_ticketing.adapters.messaging.rabbitmq.consumer | INFO | Mensaje recibido: request_id=11725
2026-04-06 00:03:09,488 | concert_ticketing.adapters.messaging.rabbitmq.consumer | INFO | Mensaje recibido: request_id=11661
2026-04-06 00:03:09,579 | concert_ticketing.adapters.messaging.rabbitmq.consumer | INFO | Mensaje recibido: request_id=11741
2026-04-06 00:03:09,666 | concert_ticketing.adapters.messaging.rabbitmq.consumer | INFO | Mensaje recibido: request_id=11752
2026-04-06 00:03:09,742 | concert_ticketing.adapters.messaging.rabbitmq.consumer | INFO | Mensaje recibido: request_id=11665
2026-04-06 00:03:09,832 | concert_ticketing.adapters.messaging.rabbitmq.consumer | INFO | Mensaje recibido: request_id=11742
2026-04-06 00:03:09,890 | concert_ticketing.adapters.messaging.rabbitmq.consumer | INFO | Mensaje recibido: request_id=11724
2026-04-06 00:03:09,964 | concert_ticketing.adapters.messaging.rabbitmq.consumer | INFO | Mensaje recibido: request_id=11712
2026-04-06 00:03:10,046 | concert_ticketing.adapters.messaging.rabbitmq.consumer | INFO | Mensaje recibido: request_id=11696
2026-04-06 00:03:10,137 | concert_ticketing.adapters.messaging.rabbitmq.consumer | INFO | Mensaje recibido: request_id=11687
2026-04-06 00:03:10,207 | concert_ticketing.adapters.messaging.rabbitmq.consumer | INFO | Mensaje recibido: request_id=11792
2026-04-06 00:03:10,258 | concert_ticketing.adapters.messaging.rabbitmq.consumer | INFO | Mensaje recibido: request_id=11778
2026-04-06 00:03:10,342 | concert_ticketing.adapters.messaging.rabbitmq.consumer | INFO | Mensaje recibido: request_id=11820
2026-04-06 00:03:10,409 | concert_ticketing.adapters.messaging.rabbitmq.consumer | INFO | Mensaje recibido: request_id=11773
2026-04-06 00:03:10,500 | concert_ticketing.adapters.messaging.rabbitmq.consumer | INFO | Mensaje recibido: request_id=11774
2026-04-06 00:03:10,562 | concert_ticketing.adapters.messaging.rabbitmq.consumer | INFO | Mensaje recibido: request_id=11815
2026-04-06 00:03:10,675 | concert_ticketing.adapters.messaging.rabbitmq.consumer | INFO | Mensaje recibido: request_id=11835
2026-04-06 00:03:10,770 | concert_ticketing.adapters.messaging.rabbitmq.consumer | INFO | Mensaje recibido: request_id=11861
2026-04-06 00:03:10,856 | concert_ticketing.adapters.messaging.rabbitmq.consumer | INFO | Mensaje recibido: request_id=11862
2026-04-06 00:03:10,945 | concert_ticketing.adapters.messaging.rabbitmq.consumer | INFO | Mensaje recibido: request_id=11859
2026-04-06 00:03:11,046 | concert_ticketing.adapters.messaging.rabbitmq.consumer | INFO | Mensaje recibido: request_id=11878
2026-04-06 00:03:11,112 | concert_ticketing.adapters.messaging.rabbitmq.consumer | INFO | Mensaje recibido: request_id=11871
2026-04-06 00:03:11,177 | concert_ticketing.adapters.messaging.rabbitmq.consumer | INFO | Mensaje recibido: request_id=11899
2026-04-06 00:03:11,248 | concert_ticketing.adapters.messaging.rabbitmq.consumer | INFO | Mensaje recibido: request_id=11857
2026-04-06 00:03:11,328 | concert_ticketing.adapters.messaging.rabbitmq.consumer | INFO | Mensaje recibido: request_id=11805
2026-04-06 00:03:11,422 | concert_ticketing.adapters.messaging.rabbitmq.consumer | INFO | Mensaje recibido: request_id=11917
2026-04-06 00:03:11,516 | concert_ticketing.adapters.messaging.rabbitmq.consumer | INFO | Mensaje recibido: request_id=11908
2026-04-06 00:03:11,598 | concert_ticketing.adapters.messaging.rabbitmq.consumer | INFO | Mensaje recibido: request_id=11914
2026-04-06 00:03:11,680 | concert_ticketing.adapters.messaging.rabbitmq.consumer | INFO | Mensaje recibido: request_id=11889
2026-04-06 00:03:11,778 | concert_ticketing.adapters.messaging.rabbitmq.consumer | INFO | Mensaje recibido: request_id=11957
2026-04-06 00:03:11,857 | concert_ticketing.adapters.messaging.rabbitmq.consumer | INFO | Mensaje recibido: request_id=11921
2026-04-06 00:03:11,936 | concert_ticketing.adapters.messaging.rabbitmq.consumer | INFO | Mensaje recibido: request_id=11928
2026-04-06 00:03:12,036 | concert_ticketing.adapters.messaging.rabbitmq.consumer | INFO | Mensaje recibido: request_id=11960
2026-04-06 00:03:12,103 | concert_ticketing.adapters.messaging.rabbitmq.consumer | INFO | Mensaje recibido: request_id=11941
2026-04-06 00:03:12,195 | concert_ticketing.adapters.messaging.rabbitmq.consumer | INFO | Mensaje recibido: request_id=11986
2026-04-06 00:03:12,279 | concert_ticketing.adapters.messaging.rabbitmq.consumer | INFO | Mensaje recibido: request_id=12005
2026-04-06 00:03:12,361 | concert_ticketing.adapters.messaging.rabbitmq.consumer | INFO | Mensaje recibido: request_id=11996
2026-04-06 00:03:12,440 | concert_ticketing.adapters.messaging.rabbitmq.consumer | INFO | Mensaje recibido: request_id=11949
2026-04-06 00:03:12,531 | concert_ticketing.adapters.messaging.rabbitmq.consumer | INFO | Mensaje recibido: request_id=11981
2026-04-06 00:03:12,616 | concert_ticketing.adapters.messaging.rabbitmq.consumer | INFO | Mensaje recibido: request_id=11965
2026-04-06 00:03:12,692 | concert_ticketing.adapters.messaging.rabbitmq.consumer | INFO | Mensaje recibido: request_id=12046
2026-04-06 00:03:12,782 | concert_ticketing.adapters.messaging.rabbitmq.consumer | INFO | Mensaje recibido: request_id=12054
2026-04-06 00:03:12,871 | concert_ticketing.adapters.messaging.rabbitmq.consumer | INFO | Mensaje recibido: request_id=11884
2026-04-06 00:03:12,956 | concert_ticketing.adapters.messaging.rabbitmq.consumer | INFO | Mensaje recibido: request_id=11984
2026-04-06 00:03:13,037 | concert_ticketing.adapters.messaging.rabbitmq.consumer | INFO | Mensaje recibido: request_id=12052
2026-04-06 00:03:13,120 | concert_ticketing.adapters.messaging.rabbitmq.consumer | INFO | Mensaje recibido: request_id=12051
2026-04-06 00:03:13,214 | concert_ticketing.adapters.messaging.rabbitmq.consumer | INFO | Mensaje recibido: request_id=11916
2026-04-06 00:03:13,303 | concert_ticketing.adapters.messaging.rabbitmq.consumer | INFO | Mensaje recibido: request_id=12080
2026-04-06 00:03:13,388 | concert_ticketing.adapters.messaging.rabbitmq.consumer | INFO | Mensaje recibido: request_id=12027
2026-04-06 00:03:13,495 | concert_ticketing.adapters.messaging.rabbitmq.consumer | INFO | Mensaje recibido: request_id=12070
2026-04-06 00:03:13,585 | concert_ticketing.adapters.messaging.rabbitmq.consumer | INFO | Mensaje recibido: request_id=12123
2026-04-06 00:03:13,675 | concert_ticketing.adapters.messaging.rabbitmq.consumer | INFO | Mensaje recibido: request_id=12081
2026-04-06 00:03:13,762 | concert_ticketing.adapters.messaging.rabbitmq.consumer | INFO | Mensaje recibido: request_id=12076
2026-04-06 00:03:13,856 | concert_ticketing.adapters.messaging.rabbitmq.consumer | INFO | Mensaje recibido: request_id=12074
2026-04-06 00:03:13,917 | concert_ticketing.adapters.messaging.rabbitmq.consumer | INFO | Mensaje recibido: request_id=12105
2026-04-06 00:03:14,010 | concert_ticketing.adapters.messaging.rabbitmq.consumer | INFO | Mensaje recibido: request_id=12151
2026-04-06 00:03:14,094 | concert_ticketing.adapters.messaging.rabbitmq.consumer | INFO | Mensaje recibido: request_id=12149
2026-04-06 00:03:14,196 | concert_ticketing.adapters.messaging.rabbitmq.consumer | INFO | Mensaje recibido: request_id=12180
2026-04-06 00:03:14,262 | concert_ticketing.adapters.messaging.rabbitmq.consumer | INFO | Mensaje recibido: request_id=12162
2026-04-06 00:03:14,350 | concert_ticketing.adapters.messaging.rabbitmq.consumer | INFO | Mensaje recibido: request_id=12133
2026-04-06 00:03:14,420 | concert_ticketing.adapters.messaging.rabbitmq.consumer | INFO | Mensaje recibido: request_id=12171
2026-04-06 00:03:14,513 | concert_ticketing.adapters.messaging.rabbitmq.consumer | INFO | Mensaje recibido: request_id=12186
2026-04-06 00:03:14,613 | concert_ticketing.adapters.messaging.rabbitmq.consumer | INFO | Mensaje recibido: request_id=12126
2026-04-06 00:03:14,699 | concert_ticketing.adapters.messaging.rabbitmq.consumer | INFO | Mensaje recibido: request_id=12201
2026-04-06 00:03:14,784 | concert_ticketing.adapters.messaging.rabbitmq.consumer | INFO | Mensaje recibido: request_id=12235
2026-04-06 00:03:14,867 | concert_ticketing.adapters.messaging.rabbitmq.consumer | INFO | Mensaje recibido: request_id=12163
2026-04-06 00:03:14,944 | concert_ticketing.adapters.messaging.rabbitmq.consumer | INFO | Mensaje recibido: request_id=12221
2026-04-06 00:03:15,039 | concert_ticketing.adapters.messaging.rabbitmq.consumer | INFO | Mensaje recibido: request_id=12250
2026-04-06 00:03:15,117 | concert_ticketing.adapters.messaging.rabbitmq.consumer | INFO | Mensaje recibido: request_id=12268
2026-04-06 00:03:15,208 | concert_ticketing.adapters.messaging.rabbitmq.consumer | INFO | Mensaje recibido: request_id=12225
2026-04-06 00:03:15,300 | concert_ticketing.adapters.messaging.rabbitmq.consumer | INFO | Mensaje recibido: request_id=12278
2026-04-06 00:03:15,380 | concert_ticketing.adapters.messaging.rabbitmq.consumer | INFO | Mensaje recibido: request_id=12240
2026-04-06 00:03:15,472 | concert_ticketing.adapters.messaging.rabbitmq.consumer | INFO | Mensaje recibido: request_id=12286
2026-04-06 00:03:15,545 | concert_ticketing.adapters.messaging.rabbitmq.consumer | INFO | Mensaje recibido: request_id=12309
2026-04-06 00:03:15,628 | concert_ticketing.adapters.messaging.rabbitmq.consumer | INFO | Mensaje recibido: request_id=12302
2026-04-06 00:03:15,698 | concert_ticketing.adapters.messaging.rabbitmq.consumer | INFO | Mensaje recibido: request_id=12315
2026-04-06 00:03:15,787 | concert_ticketing.adapters.messaging.rabbitmq.consumer | INFO | Mensaje recibido: request_id=12294
2026-04-06 00:03:15,855 | concert_ticketing.adapters.messaging.rabbitmq.consumer | INFO | Mensaje recibido: request_id=12333
2026-04-06 00:03:15,941 | concert_ticketing.adapters.messaging.rabbitmq.consumer | INFO | Mensaje recibido: request_id=12273
2026-04-06 00:03:16,013 | concert_ticketing.adapters.messaging.rabbitmq.consumer | INFO | Mensaje recibido: request_id=12257
2026-04-06 00:03:16,088 | concert_ticketing.adapters.messaging.rabbitmq.consumer | INFO | Mensaje recibido: request_id=12306
2026-04-06 00:03:16,178 | concert_ticketing.adapters.messaging.rabbitmq.consumer | INFO | Mensaje recibido: request_id=12364
2026-04-06 00:03:16,279 | concert_ticketing.adapters.messaging.rabbitmq.consumer | INFO | Mensaje recibido: request_id=12199
2026-04-06 00:03:16,391 | concert_ticketing.adapters.messaging.rabbitmq.consumer | INFO | Mensaje recibido: request_id=12388
2026-04-06 00:03:16,475 | concert_ticketing.adapters.messaging.rabbitmq.consumer | INFO | Mensaje recibido: request_id=12397
2026-04-06 00:03:16,571 | concert_ticketing.adapters.messaging.rabbitmq.consumer | INFO | Mensaje recibido: request_id=12366
2026-04-06 00:03:16,681 | concert_ticketing.adapters.messaging.rabbitmq.consumer | INFO | Mensaje recibido: request_id=12363
2026-04-06 00:03:16,801 | concert_ticketing.adapters.messaging.rabbitmq.consumer | INFO | Mensaje recibido: request_id=12109
2026-04-06 00:03:16,896 | concert_ticketing.adapters.messaging.rabbitmq.consumer | INFO | Mensaje recibido: request_id=12428
2026-04-06 00:03:16,985 | concert_ticketing.adapters.messaging.rabbitmq.consumer | INFO | Mensaje recibido: request_id=12415
2026-04-06 00:03:17,084 | concert_ticketing.adapters.messaging.rabbitmq.consumer | INFO | Mensaje recibido: request_id=12446
2026-04-06 00:03:17,207 | concert_ticketing.adapters.messaging.rabbitmq.consumer | INFO | Mensaje recibido: request_id=12454
2026-04-06 00:03:17,280 | concert_ticketing.adapters.messaging.rabbitmq.consumer | INFO | Mensaje recibido: request_id=12440
2026-04-06 00:03:17,377 | concert_ticketing.adapters.messaging.rabbitmq.consumer | INFO | Mensaje recibido: request_id=12472
2026-04-06 00:03:17,454 | concert_ticketing.adapters.messaging.rabbitmq.consumer | INFO | Mensaje recibido: request_id=12439
2026-04-06 00:03:17,545 | concert_ticketing.adapters.messaging.rabbitmq.consumer | INFO | Mensaje recibido: request_id=12477
2026-04-06 00:03:17,612 | concert_ticketing.adapters.messaging.rabbitmq.consumer | INFO | Mensaje recibido: request_id=12452
2026-04-06 00:03:17,681 | concert_ticketing.adapters.messaging.rabbitmq.consumer | INFO | Mensaje recibido: request_id=12500
2026-04-06 00:03:17,758 | concert_ticketing.adapters.messaging.rabbitmq.consumer | INFO | Mensaje recibido: request_id=12462
2026-04-06 00:03:17,825 | concert_ticketing.adapters.messaging.rabbitmq.consumer | INFO | Mensaje recibido: request_id=12432
2026-04-06 00:03:17,892 | concert_ticketing.adapters.messaging.rabbitmq.consumer | INFO | Mensaje recibido: request_id=12492
2026-04-06 00:03:17,966 | concert_ticketing.adapters.messaging.rabbitmq.consumer | INFO | Mensaje recibido: request_id=12498
2026-04-06 00:03:18,067 | concert_ticketing.adapters.messaging.rabbitmq.consumer | INFO | Mensaje recibido: request_id=12473
2026-04-06 00:03:18,147 | concert_ticketing.adapters.messaging.rabbitmq.consumer | INFO | Mensaje recibido: request_id=12522
2026-04-06 00:03:18,242 | concert_ticketing.adapters.messaging.rabbitmq.consumer | INFO | Mensaje recibido: request_id=12526
2026-04-06 00:03:18,313 | concert_ticketing.adapters.messaging.rabbitmq.consumer | INFO | Mensaje recibido: request_id=12531
2026-04-06 00:03:18,408 | concert_ticketing.adapters.messaging.rabbitmq.consumer | INFO | Mensaje recibido: request_id=12557
2026-04-06 00:03:18,489 | concert_ticketing.adapters.messaging.rabbitmq.consumer | INFO | Mensaje recibido: request_id=12328
2026-04-06 00:03:18,552 | concert_ticketing.adapters.messaging.rabbitmq.consumer | INFO | Mensaje recibido: request_id=12510
2026-04-06 00:03:18,642 | concert_ticketing.adapters.messaging.rabbitmq.consumer | INFO | Mensaje recibido: request_id=12584
2026-04-06 00:03:18,731 | concert_ticketing.adapters.messaging.rabbitmq.consumer | INFO | Mensaje recibido: request_id=12597
2026-04-06 00:03:18,821 | concert_ticketing.adapters.messaging.rabbitmq.consumer | INFO | Mensaje recibido: request_id=12612
2026-04-06 00:03:18,898 | concert_ticketing.adapters.messaging.rabbitmq.consumer | INFO | Mensaje recibido: request_id=12537
2026-04-06 00:03:18,977 | concert_ticketing.adapters.messaging.rabbitmq.consumer | INFO | Mensaje recibido: request_id=12590
2026-04-06 00:03:19,049 | concert_ticketing.adapters.messaging.rabbitmq.consumer | INFO | Mensaje recibido: request_id=12613
2026-04-06 00:03:19,129 | concert_ticketing.adapters.messaging.rabbitmq.consumer | INFO | Mensaje recibido: request_id=12600
2026-04-06 00:03:19,215 | concert_ticketing.adapters.messaging.rabbitmq.consumer | INFO | Mensaje recibido: request_id=12623
2026-04-06 00:03:19,300 | concert_ticketing.adapters.messaging.rabbitmq.consumer | INFO | Mensaje recibido: request_id=12628
2026-04-06 00:03:19,375 | concert_ticketing.adapters.messaging.rabbitmq.consumer | INFO | Mensaje recibido: request_id=12663
2026-04-06 00:03:19,458 | concert_ticketing.adapters.messaging.rabbitmq.consumer | INFO | Mensaje recibido: request_id=12645
2026-04-06 00:03:19,531 | concert_ticketing.adapters.messaging.rabbitmq.consumer | INFO | Mensaje recibido: request_id=12678
2026-04-06 00:03:19,605 | concert_ticketing.adapters.messaging.rabbitmq.consumer | INFO | Mensaje recibido: request_id=12692
2026-04-06 00:03:19,691 | concert_ticketing.adapters.messaging.rabbitmq.consumer | INFO | Mensaje recibido: request_id=12701
2026-04-06 00:03:19,770 | concert_ticketing.adapters.messaging.rabbitmq.consumer | INFO | Mensaje recibido: request_id=12674
2026-04-06 00:03:19,853 | concert_ticketing.adapters.messaging.rabbitmq.consumer | INFO | Mensaje recibido: request_id=12686
2026-04-06 00:03:19,948 | concert_ticketing.adapters.messaging.rabbitmq.consumer | INFO | Mensaje recibido: request_id=12725
2026-04-06 00:03:20,025 | concert_ticketing.adapters.messaging.rabbitmq.consumer | INFO | Mensaje recibido: request_id=12728
2026-04-06 00:03:20,111 | concert_ticketing.adapters.messaging.rabbitmq.consumer | INFO | Mensaje recibido: request_id=12723
2026-04-06 00:03:20,189 | concert_ticketing.adapters.messaging.rabbitmq.consumer | INFO | Mensaje recibido: request_id=12634
2026-04-06 00:03:20,270 | concert_ticketing.adapters.messaging.rabbitmq.consumer | INFO | Mensaje recibido: request_id=12696
2026-04-06 00:03:20,356 | concert_ticketing.adapters.messaging.rabbitmq.consumer | INFO | Mensaje recibido: request_id=12765
2026-04-06 00:03:20,407 | concert_ticketing.adapters.messaging.rabbitmq.consumer | INFO | Mensaje recibido: request_id=12770
2026-04-06 00:03:20,508 | concert_ticketing.adapters.messaging.rabbitmq.consumer | INFO | Mensaje recibido: request_id=12783
2026-04-06 00:03:20,591 | concert_ticketing.adapters.messaging.rabbitmq.consumer | INFO | Mensaje recibido: request_id=12699
2026-04-06 00:03:20,669 | concert_ticketing.adapters.messaging.rabbitmq.consumer | INFO | Mensaje recibido: request_id=12741
2026-04-06 00:03:20,746 | concert_ticketing.adapters.messaging.rabbitmq.consumer | INFO | Mensaje recibido: request_id=12777
2026-04-06 00:03:20,811 | concert_ticketing.adapters.messaging.rabbitmq.consumer | INFO | Mensaje recibido: request_id=12781
2026-04-06 00:03:20,898 | concert_ticketing.adapters.messaging.rabbitmq.consumer | INFO | Mensaje recibido: request_id=12801
2026-04-06 00:03:20,980 | concert_ticketing.adapters.messaging.rabbitmq.consumer | INFO | Mensaje recibido: request_id=12729
2026-04-06 00:03:21,075 | concert_ticketing.adapters.messaging.rabbitmq.consumer | INFO | Mensaje recibido: request_id=12838
2026-04-06 00:03:21,152 | concert_ticketing.adapters.messaging.rabbitmq.consumer | INFO | Mensaje recibido: request_id=12806
2026-04-06 00:03:21,238 | concert_ticketing.adapters.messaging.rabbitmq.consumer | INFO | Mensaje recibido: request_id=12853
2026-04-06 00:03:21,326 | concert_ticketing.adapters.messaging.rabbitmq.consumer | INFO | Mensaje recibido: request_id=12833
2026-04-06 00:03:21,398 | concert_ticketing.adapters.messaging.rabbitmq.consumer | INFO | Mensaje recibido: request_id=12824
2026-04-06 00:03:21,487 | concert_ticketing.adapters.messaging.rabbitmq.consumer | INFO | Mensaje recibido: request_id=12818
2026-04-06 00:03:21,575 | concert_ticketing.adapters.messaging.rabbitmq.consumer | INFO | Mensaje recibido: request_id=12884
2026-04-06 00:03:21,658 | concert_ticketing.adapters.messaging.rabbitmq.consumer | INFO | Mensaje recibido: request_id=12887
2026-04-06 00:03:21,728 | concert_ticketing.adapters.messaging.rabbitmq.consumer | INFO | Mensaje recibido: request_id=12871
2026-04-06 00:03:21,825 | concert_ticketing.adapters.messaging.rabbitmq.consumer | INFO | Mensaje recibido: request_id=12798
2026-04-06 00:03:21,916 | concert_ticketing.adapters.messaging.rabbitmq.consumer | INFO | Mensaje recibido: request_id=12857
2026-04-06 00:03:21,980 | concert_ticketing.adapters.messaging.rabbitmq.consumer | INFO | Mensaje recibido: request_id=12900
2026-04-06 00:03:22,061 | concert_ticketing.adapters.messaging.rabbitmq.consumer | INFO | Mensaje recibido: request_id=12933
2026-04-06 00:03:22,135 | concert_ticketing.adapters.messaging.rabbitmq.consumer | INFO | Mensaje recibido: request_id=12940
2026-04-06 00:03:22,230 | concert_ticketing.adapters.messaging.rabbitmq.consumer | INFO | Mensaje recibido: request_id=12943
2026-04-06 00:03:22,310 | concert_ticketing.adapters.messaging.rabbitmq.consumer | INFO | Mensaje recibido: request_id=12909
2026-04-06 00:03:22,392 | concert_ticketing.adapters.messaging.rabbitmq.consumer | INFO | Mensaje recibido: request_id=12965
2026-04-06 00:03:22,480 | concert_ticketing.adapters.messaging.rabbitmq.consumer | INFO | Mensaje recibido: request_id=12932
2026-04-06 00:03:22,575 | concert_ticketing.adapters.messaging.rabbitmq.consumer | INFO | Mensaje recibido: request_id=12972
2026-04-06 00:03:22,636 | concert_ticketing.adapters.messaging.rabbitmq.consumer | INFO | Mensaje recibido: request_id=12894
2026-04-06 00:03:22,727 | concert_ticketing.adapters.messaging.rabbitmq.consumer | INFO | Mensaje recibido: request_id=12846
2026-04-06 00:03:22,817 | concert_ticketing.adapters.messaging.rabbitmq.consumer | INFO | Mensaje recibido: request_id=12975
2026-04-06 00:03:22,879 | concert_ticketing.adapters.messaging.rabbitmq.consumer | INFO | Mensaje recibido: request_id=12990
2026-04-06 00:03:22,975 | concert_ticketing.adapters.messaging.rabbitmq.consumer | INFO | Mensaje recibido: request_id=13022
2026-04-06 00:03:23,064 | concert_ticketing.adapters.messaging.rabbitmq.consumer | INFO | Mensaje recibido: request_id=13029
2026-04-06 00:03:23,129 | concert_ticketing.adapters.messaging.rabbitmq.consumer | INFO | Mensaje recibido: request_id=13027
2026-04-06 00:03:23,226 | concert_ticketing.adapters.messaging.rabbitmq.consumer | INFO | Mensaje recibido: request_id=13040
2026-04-06 00:03:23,310 | concert_ticketing.adapters.messaging.rabbitmq.consumer | INFO | Mensaje recibido: request_id=12983
2026-04-06 00:03:23,379 | concert_ticketing.adapters.messaging.rabbitmq.consumer | INFO | Mensaje recibido: request_id=13043
2026-04-06 00:03:23,458 | concert_ticketing.adapters.messaging.rabbitmq.consumer | INFO | Mensaje recibido: request_id=12843
2026-04-06 00:03:23,520 | concert_ticketing.adapters.messaging.rabbitmq.consumer | INFO | Mensaje recibido: request_id=13067
2026-04-06 00:03:23,606 | concert_ticketing.adapters.messaging.rabbitmq.consumer | INFO | Mensaje recibido: request_id=13084
2026-04-06 00:03:23,679 | concert_ticketing.adapters.messaging.rabbitmq.consumer | INFO | Mensaje recibido: request_id=13011
2026-04-06 00:03:23,783 | concert_ticketing.adapters.messaging.rabbitmq.consumer | INFO | Mensaje recibido: request_id=13091
2026-04-06 00:03:23,851 | concert_ticketing.adapters.messaging.rabbitmq.consumer | INFO | Mensaje recibido: request_id=13070
2026-04-06 00:03:23,959 | concert_ticketing.adapters.messaging.rabbitmq.consumer | INFO | Mensaje recibido: request_id=13104
2026-04-06 00:03:24,034 | concert_ticketing.adapters.messaging.rabbitmq.consumer | INFO | Mensaje recibido: request_id=13117
2026-04-06 00:03:24,122 | concert_ticketing.adapters.messaging.rabbitmq.consumer | INFO | Mensaje recibido: request_id=13059
2026-04-06 00:03:24,204 | concert_ticketing.adapters.messaging.rabbitmq.consumer | INFO | Mensaje recibido: request_id=13082
2026-04-06 00:03:24,300 | concert_ticketing.adapters.messaging.rabbitmq.consumer | INFO | Mensaje recibido: request_id=13124
2026-04-06 00:03:24,386 | concert_ticketing.adapters.messaging.rabbitmq.consumer | INFO | Mensaje recibido: request_id=13101
2026-04-06 00:03:24,466 | concert_ticketing.adapters.messaging.rabbitmq.consumer | INFO | Mensaje recibido: request_id=13131
2026-04-06 00:03:24,554 | concert_ticketing.adapters.messaging.rabbitmq.consumer | INFO | Mensaje recibido: request_id=13173
2026-04-06 00:03:24,637 | concert_ticketing.adapters.messaging.rabbitmq.consumer | INFO | Mensaje recibido: request_id=13165
2026-04-06 00:03:24,708 | concert_ticketing.adapters.messaging.rabbitmq.consumer | INFO | Mensaje recibido: request_id=13155
2026-04-06 00:03:24,786 | concert_ticketing.adapters.messaging.rabbitmq.consumer | INFO | Mensaje recibido: request_id=13185
2026-04-06 00:03:24,846 | concert_ticketing.adapters.messaging.rabbitmq.consumer | INFO | Mensaje recibido: request_id=13006
2026-04-06 00:03:24,931 | concert_ticketing.adapters.messaging.rabbitmq.consumer | INFO | Mensaje recibido: request_id=13199
2026-04-06 00:03:25,021 | concert_ticketing.adapters.messaging.rabbitmq.consumer | INFO | Mensaje recibido: request_id=13218
2026-04-06 00:03:25,096 | concert_ticketing.adapters.messaging.rabbitmq.consumer | INFO | Mensaje recibido: request_id=13228
2026-04-06 00:03:25,184 | concert_ticketing.adapters.messaging.rabbitmq.consumer | INFO | Mensaje recibido: request_id=13207
2026-04-06 00:03:25,260 | concert_ticketing.adapters.messaging.rabbitmq.consumer | INFO | Mensaje recibido: request_id=13188
2026-04-06 00:03:25,339 | concert_ticketing.adapters.messaging.rabbitmq.consumer | INFO | Mensaje recibido: request_id=13253
2026-04-06 00:03:25,420 | concert_ticketing.adapters.messaging.rabbitmq.consumer | INFO | Mensaje recibido: request_id=13129
2026-04-06 00:03:25,503 | concert_ticketing.adapters.messaging.rabbitmq.consumer | INFO | Mensaje recibido: request_id=13270
2026-04-06 00:03:25,581 | concert_ticketing.adapters.messaging.rabbitmq.consumer | INFO | Mensaje recibido: request_id=13174
2026-04-06 00:03:25,654 | concert_ticketing.adapters.messaging.rabbitmq.consumer | INFO | Mensaje recibido: request_id=13271
2026-04-06 00:03:25,744 | concert_ticketing.adapters.messaging.rabbitmq.consumer | INFO | Mensaje recibido: request_id=13285
2026-04-06 00:03:25,831 | concert_ticketing.adapters.messaging.rabbitmq.consumer | INFO | Mensaje recibido: request_id=13294
2026-04-06 00:03:25,942 | concert_ticketing.adapters.messaging.rabbitmq.consumer | INFO | Mensaje recibido: request_id=13308
2026-04-06 00:03:26,039 | concert_ticketing.adapters.messaging.rabbitmq.consumer | INFO | Mensaje recibido: request_id=13319
2026-04-06 00:03:26,104 | concert_ticketing.adapters.messaging.rabbitmq.consumer | INFO | Mensaje recibido: request_id=13311
2026-04-06 00:03:26,208 | concert_ticketing.adapters.messaging.rabbitmq.consumer | INFO | Mensaje recibido: request_id=13316
2026-04-06 00:03:26,267 | concert_ticketing.adapters.messaging.rabbitmq.consumer | INFO | Mensaje recibido: request_id=13334
2026-04-06 00:03:26,363 | concert_ticketing.adapters.messaging.rabbitmq.consumer | INFO | Mensaje recibido: request_id=13348
2026-04-06 00:03:26,436 | concert_ticketing.adapters.messaging.rabbitmq.consumer | INFO | Mensaje recibido: request_id=13318
2026-04-06 00:03:26,514 | concert_ticketing.adapters.messaging.rabbitmq.consumer | INFO | Mensaje recibido: request_id=13336
2026-04-06 00:03:26,585 | concert_ticketing.adapters.messaging.rabbitmq.consumer | INFO | Mensaje recibido: request_id=13259
2026-04-06 00:03:26,662 | concert_ticketing.adapters.messaging.rabbitmq.consumer | INFO | Mensaje recibido: request_id=13256
2026-04-06 00:03:26,742 | concert_ticketing.adapters.messaging.rabbitmq.consumer | INFO | Mensaje recibido: request_id=13370
2026-04-06 00:03:26,825 | concert_ticketing.adapters.messaging.rabbitmq.consumer | INFO | Mensaje recibido: request_id=13356
2026-04-06 00:03:26,902 | concert_ticketing.adapters.messaging.rabbitmq.consumer | INFO | Mensaje recibido: request_id=13346
2026-04-06 00:03:26,993 | concert_ticketing.adapters.messaging.rabbitmq.consumer | INFO | Mensaje recibido: request_id=13216
2026-04-06 00:03:27,088 | concert_ticketing.adapters.messaging.rabbitmq.consumer | INFO | Mensaje recibido: request_id=13325
2026-04-06 00:03:27,187 | concert_ticketing.adapters.messaging.rabbitmq.consumer | INFO | Mensaje recibido: request_id=13429
2026-04-06 00:03:27,266 | concert_ticketing.adapters.messaging.rabbitmq.consumer | INFO | Mensaje recibido: request_id=13268
2026-04-06 00:03:27,351 | concert_ticketing.adapters.messaging.rabbitmq.consumer | INFO | Mensaje recibido: request_id=13425
2026-04-06 00:03:27,435 | concert_ticketing.adapters.messaging.rabbitmq.consumer | INFO | Mensaje recibido: request_id=13395
2026-04-06 00:03:27,516 | concert_ticketing.adapters.messaging.rabbitmq.consumer | INFO | Mensaje recibido: request_id=13448
2026-04-06 00:03:27,616 | concert_ticketing.adapters.messaging.rabbitmq.consumer | INFO | Mensaje recibido: request_id=13437
2026-04-06 00:03:27,702 | concert_ticketing.adapters.messaging.rabbitmq.consumer | INFO | Mensaje recibido: request_id=13476
2026-04-06 00:03:27,792 | concert_ticketing.adapters.messaging.rabbitmq.consumer | INFO | Mensaje recibido: request_id=13405
2026-04-06 00:03:27,903 | concert_ticketing.adapters.messaging.rabbitmq.consumer | INFO | Mensaje recibido: request_id=13492
2026-04-06 00:03:27,967 | concert_ticketing.adapters.messaging.rabbitmq.consumer | INFO | Mensaje recibido: request_id=13490
2026-04-06 00:03:28,077 | concert_ticketing.adapters.messaging.rabbitmq.consumer | INFO | Mensaje recibido: request_id=13509
2026-04-06 00:03:28,181 | concert_ticketing.adapters.messaging.rabbitmq.consumer | INFO | Mensaje recibido: request_id=13403
2026-04-06 00:03:28,255 | concert_ticketing.adapters.messaging.rabbitmq.consumer | INFO | Mensaje recibido: request_id=13357
2026-04-06 00:03:28,350 | concert_ticketing.adapters.messaging.rabbitmq.consumer | INFO | Mensaje recibido: request_id=13481
2026-04-06 00:03:28,421 | concert_ticketing.adapters.messaging.rabbitmq.consumer | INFO | Mensaje recibido: request_id=13540
2026-04-06 00:03:28,525 | concert_ticketing.adapters.messaging.rabbitmq.consumer | INFO | Mensaje recibido: request_id=13551
2026-04-06 00:03:28,606 | concert_ticketing.adapters.messaging.rabbitmq.consumer | INFO | Mensaje recibido: request_id=13557
2026-04-06 00:03:28,700 | concert_ticketing.adapters.messaging.rabbitmq.consumer | INFO | Mensaje recibido: request_id=13526
2026-04-06 00:03:28,775 | concert_ticketing.adapters.messaging.rabbitmq.consumer | INFO | Mensaje recibido: request_id=13572
2026-04-06 00:03:28,863 | concert_ticketing.adapters.messaging.rabbitmq.consumer | INFO | Mensaje recibido: request_id=13581
2026-04-06 00:03:28,928 | concert_ticketing.adapters.messaging.rabbitmq.consumer | INFO | Mensaje recibido: request_id=13582
2026-04-06 00:03:29,027 | concert_ticketing.adapters.messaging.rabbitmq.consumer | INFO | Mensaje recibido: request_id=13545
2026-04-06 00:03:29,119 | concert_ticketing.adapters.messaging.rabbitmq.consumer | INFO | Mensaje recibido: request_id=13598
2026-04-06 00:03:29,206 | concert_ticketing.adapters.messaging.rabbitmq.consumer | INFO | Mensaje recibido: request_id=13590
2026-04-06 00:03:29,295 | concert_ticketing.adapters.messaging.rabbitmq.consumer | INFO | Mensaje recibido: request_id=13431
2026-04-06 00:03:29,374 | concert_ticketing.adapters.messaging.rabbitmq.consumer | INFO | Mensaje recibido: request_id=13569
2026-04-06 00:03:29,450 | concert_ticketing.adapters.messaging.rabbitmq.consumer | INFO | Mensaje recibido: request_id=13469
2026-04-06 00:03:29,550 | concert_ticketing.adapters.messaging.rabbitmq.consumer | INFO | Mensaje recibido: request_id=13627
2026-04-06 00:03:29,631 | concert_ticketing.adapters.messaging.rabbitmq.consumer | INFO | Mensaje recibido: request_id=13653
2026-04-06 00:03:29,712 | concert_ticketing.adapters.messaging.rabbitmq.consumer | INFO | Mensaje recibido: request_id=13647
2026-04-06 00:03:29,789 | concert_ticketing.adapters.messaging.rabbitmq.consumer | INFO | Mensaje recibido: request_id=13660
2026-04-06 00:03:29,879 | concert_ticketing.adapters.messaging.rabbitmq.consumer | INFO | Mensaje recibido: request_id=13635
2026-04-06 00:03:29,955 | concert_ticketing.adapters.messaging.rabbitmq.consumer | INFO | Mensaje recibido: request_id=13657
2026-04-06 00:03:30,042 | concert_ticketing.adapters.messaging.rabbitmq.consumer | INFO | Mensaje recibido: request_id=13633
2026-04-06 00:03:30,111 | concert_ticketing.adapters.messaging.rabbitmq.consumer | INFO | Mensaje recibido: request_id=13610
2026-04-06 00:03:30,216 | concert_ticketing.adapters.messaging.rabbitmq.consumer | INFO | Mensaje recibido: request_id=13711
2026-04-06 00:03:30,287 | concert_ticketing.adapters.messaging.rabbitmq.consumer | INFO | Mensaje recibido: request_id=13655
2026-04-06 00:03:30,373 | concert_ticketing.adapters.messaging.rabbitmq.consumer | INFO | Mensaje recibido: request_id=13720
2026-04-06 00:03:30,463 | concert_ticketing.adapters.messaging.rabbitmq.consumer | INFO | Mensaje recibido: request_id=13587
2026-04-06 00:03:30,531 | concert_ticketing.adapters.messaging.rabbitmq.consumer | INFO | Mensaje recibido: request_id=13734
2026-04-06 00:03:30,606 | concert_ticketing.adapters.messaging.rabbitmq.consumer | INFO | Mensaje recibido: request_id=13733
2026-04-06 00:03:30,694 | concert_ticketing.adapters.messaging.rabbitmq.consumer | INFO | Mensaje recibido: request_id=13686
2026-04-06 00:03:30,778 | concert_ticketing.adapters.messaging.rabbitmq.consumer | INFO | Mensaje recibido: request_id=13764
2026-04-06 00:03:30,852 | concert_ticketing.adapters.messaging.rabbitmq.consumer | INFO | Mensaje recibido: request_id=13759
2026-04-06 00:03:30,930 | concert_ticketing.adapters.messaging.rabbitmq.consumer | INFO | Mensaje recibido: request_id=13681
2026-04-06 00:03:31,017 | concert_ticketing.adapters.messaging.rabbitmq.consumer | INFO | Mensaje recibido: request_id=13637
2026-04-06 00:03:31,092 | concert_ticketing.adapters.messaging.rabbitmq.consumer | INFO | Mensaje recibido: request_id=13699
2026-04-06 00:03:31,191 | concert_ticketing.adapters.messaging.rabbitmq.consumer | INFO | Mensaje recibido: request_id=13805
2026-04-06 00:03:31,263 | concert_ticketing.adapters.messaging.rabbitmq.consumer | INFO | Mensaje recibido: request_id=13786
2026-04-06 00:03:31,349 | concert_ticketing.adapters.messaging.rabbitmq.consumer | INFO | Mensaje recibido: request_id=13799
2026-04-06 00:03:31,424 | concert_ticketing.adapters.messaging.rabbitmq.consumer | INFO | Mensaje recibido: request_id=13828
2026-04-06 00:03:31,506 | concert_ticketing.adapters.messaging.rabbitmq.consumer | INFO | Mensaje recibido: request_id=13827
2026-04-06 00:03:31,596 | concert_ticketing.adapters.messaging.rabbitmq.consumer | INFO | Mensaje recibido: request_id=13789
2026-04-06 00:03:31,646 | concert_ticketing.adapters.messaging.rabbitmq.consumer | INFO | Mensaje recibido: request_id=13846
2026-04-06 00:03:31,727 | concert_ticketing.adapters.messaging.rabbitmq.consumer | INFO | Mensaje recibido: request_id=13851
2026-04-06 00:03:31,799 | concert_ticketing.adapters.messaging.rabbitmq.consumer | INFO | Mensaje recibido: request_id=13859
2026-04-06 00:03:31,892 | concert_ticketing.adapters.messaging.rabbitmq.consumer | INFO | Mensaje recibido: request_id=13814
2026-04-06 00:03:31,962 | concert_ticketing.adapters.messaging.rabbitmq.consumer | INFO | Mensaje recibido: request_id=13879
2026-04-06 00:03:32,039 | concert_ticketing.adapters.messaging.rabbitmq.consumer | INFO | Mensaje recibido: request_id=13834
2026-04-06 00:03:32,100 | concert_ticketing.adapters.messaging.rabbitmq.consumer | INFO | Mensaje recibido: request_id=13714
2026-04-06 00:03:32,184 | concert_ticketing.adapters.messaging.rabbitmq.consumer | INFO | Mensaje recibido: request_id=13845
2026-04-06 00:03:32,273 | concert_ticketing.adapters.messaging.rabbitmq.consumer | INFO | Mensaje recibido: request_id=13911
2026-04-06 00:03:32,340 | concert_ticketing.adapters.messaging.rabbitmq.consumer | INFO | Mensaje recibido: request_id=13888
2026-04-06 00:03:32,422 | concert_ticketing.adapters.messaging.rabbitmq.consumer | INFO | Mensaje recibido: request_id=13923
2026-04-06 00:03:32,492 | concert_ticketing.adapters.messaging.rabbitmq.consumer | INFO | Mensaje recibido: request_id=13867
2026-04-06 00:03:32,573 | concert_ticketing.adapters.messaging.rabbitmq.consumer | INFO | Mensaje recibido: request_id=13935
2026-04-06 00:03:32,652 | concert_ticketing.adapters.messaging.rabbitmq.consumer | INFO | Mensaje recibido: request_id=13933
2026-04-06 00:03:32,738 | concert_ticketing.adapters.messaging.rabbitmq.consumer | INFO | Mensaje recibido: request_id=13957
2026-04-06 00:03:32,806 | concert_ticketing.adapters.messaging.rabbitmq.consumer | INFO | Mensaje recibido: request_id=13972
2026-04-06 00:03:32,894 | concert_ticketing.adapters.messaging.rabbitmq.consumer | INFO | Mensaje recibido: request_id=13951
2026-04-06 00:03:32,967 | concert_ticketing.adapters.messaging.rabbitmq.consumer | INFO | Mensaje recibido: request_id=13989
2026-04-06 00:03:33,041 | concert_ticketing.adapters.messaging.rabbitmq.consumer | INFO | Mensaje recibido: request_id=13853
2026-04-06 00:03:33,117 | concert_ticketing.adapters.messaging.rabbitmq.consumer | INFO | Mensaje recibido: request_id=14005
2026-04-06 00:03:33,191 | concert_ticketing.adapters.messaging.rabbitmq.consumer | INFO | Mensaje recibido: request_id=13987
2026-04-06 00:03:33,272 | concert_ticketing.adapters.messaging.rabbitmq.consumer | INFO | Mensaje recibido: request_id=14004
2026-04-06 00:03:33,356 | concert_ticketing.adapters.messaging.rabbitmq.consumer | INFO | Mensaje recibido: request_id=13991
2026-04-06 00:03:33,436 | concert_ticketing.adapters.messaging.rabbitmq.consumer | INFO | Mensaje recibido: request_id=13927
2026-04-06 00:03:33,523 | concert_ticketing.adapters.messaging.rabbitmq.consumer | INFO | Mensaje recibido: request_id=14008
2026-04-06 00:03:33,602 | concert_ticketing.adapters.messaging.rabbitmq.consumer | INFO | Mensaje recibido: request_id=14024
2026-04-06 00:03:33,673 | concert_ticketing.adapters.messaging.rabbitmq.consumer | INFO | Mensaje recibido: request_id=14000
2026-04-06 00:03:33,757 | concert_ticketing.adapters.messaging.rabbitmq.consumer | INFO | Mensaje recibido: request_id=13915
2026-04-06 00:03:33,819 | concert_ticketing.adapters.messaging.rabbitmq.consumer | INFO | Mensaje recibido: request_id=14026
2026-04-06 00:03:33,905 | concert_ticketing.adapters.messaging.rabbitmq.consumer | INFO | Mensaje recibido: request_id=13990
2026-04-06 00:03:33,991 | concert_ticketing.adapters.messaging.rabbitmq.consumer | INFO | Mensaje recibido: request_id=14066
2026-04-06 00:03:34,067 | concert_ticketing.adapters.messaging.rabbitmq.consumer | INFO | Mensaje recibido: request_id=14088
2026-04-06 00:03:34,141 | concert_ticketing.adapters.messaging.rabbitmq.consumer | INFO | Mensaje recibido: request_id=14050
2026-04-06 00:03:34,246 | concert_ticketing.adapters.messaging.rabbitmq.consumer | INFO | Mensaje recibido: request_id=13944
2026-04-06 00:03:34,348 | concert_ticketing.adapters.messaging.rabbitmq.consumer | INFO | Mensaje recibido: request_id=14126
2026-04-06 00:03:34,419 | concert_ticketing.adapters.messaging.rabbitmq.consumer | INFO | Mensaje recibido: request_id=14073
2026-04-06 00:03:34,504 | concert_ticketing.adapters.messaging.rabbitmq.consumer | INFO | Mensaje recibido: request_id=14092
2026-04-06 00:03:34,579 | concert_ticketing.adapters.messaging.rabbitmq.consumer | INFO | Mensaje recibido: request_id=14149
2026-04-06 00:03:34,684 | concert_ticketing.adapters.messaging.rabbitmq.consumer | INFO | Mensaje recibido: request_id=14145
2026-04-06 00:03:34,744 | concert_ticketing.adapters.messaging.rabbitmq.consumer | INFO | Mensaje recibido: request_id=14122
2026-04-06 00:03:34,824 | concert_ticketing.adapters.messaging.rabbitmq.consumer | INFO | Mensaje recibido: request_id=14131
2026-04-06 00:03:34,905 | concert_ticketing.adapters.messaging.rabbitmq.consumer | INFO | Mensaje recibido: request_id=14150
2026-04-06 00:03:34,985 | concert_ticketing.adapters.messaging.rabbitmq.consumer | INFO | Mensaje recibido: request_id=14154
2026-04-06 00:03:35,071 | concert_ticketing.adapters.messaging.rabbitmq.consumer | INFO | Mensaje recibido: request_id=14183
2026-04-06 00:03:35,161 | concert_ticketing.adapters.messaging.rabbitmq.consumer | INFO | Mensaje recibido: request_id=14201
2026-04-06 00:03:35,237 | concert_ticketing.adapters.messaging.rabbitmq.consumer | INFO | Mensaje recibido: request_id=13966
2026-04-06 00:03:35,324 | concert_ticketing.adapters.messaging.rabbitmq.consumer | INFO | Mensaje recibido: request_id=14221
2026-04-06 00:03:35,398 | concert_ticketing.adapters.messaging.rabbitmq.consumer | INFO | Mensaje recibido: request_id=14228
2026-04-06 00:03:35,488 | concert_ticketing.adapters.messaging.rabbitmq.consumer | INFO | Mensaje recibido: request_id=14177
2026-04-06 00:03:35,572 | concert_ticketing.adapters.messaging.rabbitmq.consumer | INFO | Mensaje recibido: request_id=14229
2026-04-06 00:03:35,643 | concert_ticketing.adapters.messaging.rabbitmq.consumer | INFO | Mensaje recibido: request_id=14214
2026-04-06 00:03:35,731 | concert_ticketing.adapters.messaging.rabbitmq.consumer | INFO | Mensaje recibido: request_id=14233
2026-04-06 00:03:35,817 | concert_ticketing.adapters.messaging.rabbitmq.consumer | INFO | Mensaje recibido: request_id=14269
2026-04-06 00:03:35,894 | concert_ticketing.adapters.messaging.rabbitmq.consumer | INFO | Mensaje recibido: request_id=14263
2026-04-06 00:03:35,963 | concert_ticketing.adapters.messaging.rabbitmq.consumer | INFO | Mensaje recibido: request_id=14218
2026-04-06 00:03:36,051 | concert_ticketing.adapters.messaging.rabbitmq.consumer | INFO | Mensaje recibido: request_id=14293
2026-04-06 00:03:36,120 | concert_ticketing.adapters.messaging.rabbitmq.consumer | INFO | Mensaje recibido: request_id=14217
2026-04-06 00:03:36,199 | concert_ticketing.adapters.messaging.rabbitmq.consumer | INFO | Mensaje recibido: request_id=14309
2026-04-06 00:03:36,282 | concert_ticketing.adapters.messaging.rabbitmq.consumer | INFO | Mensaje recibido: request_id=14288
2026-04-06 00:03:36,366 | concert_ticketing.adapters.messaging.rabbitmq.consumer | INFO | Mensaje recibido: request_id=14305
2026-04-06 00:03:36,454 | concert_ticketing.adapters.messaging.rabbitmq.consumer | INFO | Mensaje recibido: request_id=14312
2026-04-06 00:03:36,519 | concert_ticketing.adapters.messaging.rabbitmq.consumer | INFO | Mensaje recibido: request_id=14251
2026-04-06 00:03:36,616 | concert_ticketing.adapters.messaging.rabbitmq.consumer | INFO | Mensaje recibido: request_id=14310
2026-04-06 00:03:36,700 | concert_ticketing.adapters.messaging.rabbitmq.consumer | INFO | Mensaje recibido: request_id=14334
2026-04-06 00:03:36,773 | concert_ticketing.adapters.messaging.rabbitmq.consumer | INFO | Mensaje recibido: request_id=14357
2026-04-06 00:03:36,846 | concert_ticketing.adapters.messaging.rabbitmq.consumer | INFO | Mensaje recibido: request_id=14335
2026-04-06 00:03:36,927 | concert_ticketing.adapters.messaging.rabbitmq.consumer | INFO | Mensaje recibido: request_id=14364
2026-04-06 00:03:37,016 | concert_ticketing.adapters.messaging.rabbitmq.consumer | INFO | Mensaje recibido: request_id=14365
2026-04-06 00:03:37,092 | concert_ticketing.adapters.messaging.rabbitmq.consumer | INFO | Mensaje recibido: request_id=14397
2026-04-06 00:03:37,177 | concert_ticketing.adapters.messaging.rabbitmq.consumer | INFO | Mensaje recibido: request_id=14308
2026-04-06 00:03:37,254 | concert_ticketing.adapters.messaging.rabbitmq.consumer | INFO | Mensaje recibido: request_id=14411
2026-04-06 00:03:37,336 | concert_ticketing.adapters.messaging.rabbitmq.consumer | INFO | Mensaje recibido: request_id=14413
2026-04-06 00:03:37,424 | concert_ticketing.adapters.messaging.rabbitmq.consumer | INFO | Mensaje recibido: request_id=14417
2026-04-06 00:03:37,516 | concert_ticketing.adapters.messaging.rabbitmq.consumer | INFO | Mensaje recibido: request_id=14426
2026-04-06 00:03:37,602 | concert_ticketing.adapters.messaging.rabbitmq.consumer | INFO | Mensaje recibido: request_id=14446
2026-04-06 00:03:37,675 | concert_ticketing.adapters.messaging.rabbitmq.consumer | INFO | Mensaje recibido: request_id=14452
2026-04-06 00:03:37,754 | concert_ticketing.adapters.messaging.rabbitmq.consumer | INFO | Mensaje recibido: request_id=14461
2026-04-06 00:03:37,829 | concert_ticketing.adapters.messaging.rabbitmq.consumer | INFO | Mensaje recibido: request_id=14468
2026-04-06 00:03:37,889 | concert_ticketing.adapters.messaging.rabbitmq.consumer | INFO | Mensaje recibido: request_id=14337
2026-04-06 00:03:37,976 | concert_ticketing.adapters.messaging.rabbitmq.consumer | INFO | Mensaje recibido: request_id=14483
2026-04-06 00:03:38,049 | concert_ticketing.adapters.messaging.rabbitmq.consumer | INFO | Mensaje recibido: request_id=14490
2026-04-06 00:03:38,127 | concert_ticketing.adapters.messaging.rabbitmq.consumer | INFO | Mensaje recibido: request_id=14464
2026-04-06 00:03:38,198 | concert_ticketing.adapters.messaging.rabbitmq.consumer | INFO | Mensaje recibido: request_id=14484
2026-04-06 00:03:38,275 | concert_ticketing.adapters.messaging.rabbitmq.consumer | INFO | Mensaje recibido: request_id=14494
2026-04-06 00:03:38,346 | concert_ticketing.adapters.messaging.rabbitmq.consumer | INFO | Mensaje recibido: request_id=14409
2026-04-06 00:03:38,429 | concert_ticketing.adapters.messaging.rabbitmq.consumer | INFO | Mensaje recibido: request_id=14496
2026-04-06 00:03:38,538 | concert_ticketing.adapters.messaging.rabbitmq.consumer | INFO | Mensaje recibido: request_id=14541
2026-04-06 00:03:38,639 | concert_ticketing.adapters.messaging.rabbitmq.consumer | INFO | Mensaje recibido: request_id=14549
2026-04-06 00:03:38,779 | concert_ticketing.adapters.messaging.rabbitmq.consumer | INFO | Mensaje recibido: request_id=14551
2026-04-06 00:03:38,887 | concert_ticketing.adapters.messaging.rabbitmq.consumer | INFO | Mensaje recibido: request_id=14565
2026-04-06 00:03:39,009 | concert_ticketing.adapters.messaging.rabbitmq.consumer | INFO | Mensaje recibido: request_id=14563
2026-04-06 00:03:39,142 | concert_ticketing.adapters.messaging.rabbitmq.consumer | INFO | Mensaje recibido: request_id=14580
2026-04-06 00:03:39,275 | concert_ticketing.adapters.messaging.rabbitmq.consumer | INFO | Mensaje recibido: request_id=14513
2026-04-06 00:03:39,411 | concert_ticketing.adapters.messaging.rabbitmq.consumer | INFO | Mensaje recibido: request_id=14577
2026-04-06 00:03:39,520 | concert_ticketing.adapters.messaging.rabbitmq.consumer | INFO | Mensaje recibido: request_id=14605
2026-04-06 00:03:39,604 | concert_ticketing.adapters.messaging.rabbitmq.consumer | INFO | Mensaje recibido: request_id=14450
2026-04-06 00:03:39,685 | concert_ticketing.adapters.messaging.rabbitmq.consumer | INFO | Mensaje recibido: request_id=14584
2026-04-06 00:03:39,773 | concert_ticketing.adapters.messaging.rabbitmq.consumer | INFO | Mensaje recibido: request_id=14576
2026-04-06 00:03:39,863 | concert_ticketing.adapters.messaging.rabbitmq.consumer | INFO | Mensaje recibido: request_id=14636
2026-04-06 00:03:39,965 | concert_ticketing.adapters.messaging.rabbitmq.consumer | INFO | Mensaje recibido: request_id=14586
2026-04-06 00:03:40,038 | concert_ticketing.adapters.messaging.rabbitmq.consumer | INFO | Mensaje recibido: request_id=14609
2026-04-06 00:03:40,120 | concert_ticketing.adapters.messaging.rabbitmq.consumer | INFO | Mensaje recibido: request_id=14662
2026-04-06 00:03:40,200 | concert_ticketing.adapters.messaging.rabbitmq.consumer | INFO | Mensaje recibido: request_id=14669
2026-04-06 00:03:40,292 | concert_ticketing.adapters.messaging.rabbitmq.consumer | INFO | Mensaje recibido: request_id=14635
2026-04-06 00:03:40,372 | concert_ticketing.adapters.messaging.rabbitmq.consumer | INFO | Mensaje recibido: request_id=14560
2026-04-06 00:03:40,458 | concert_ticketing.adapters.messaging.rabbitmq.consumer | INFO | Mensaje recibido: request_id=14692
2026-04-06 00:03:40,537 | concert_ticketing.adapters.messaging.rabbitmq.consumer | INFO | Mensaje recibido: request_id=14657
2026-04-06 00:03:40,605 | concert_ticketing.adapters.messaging.rabbitmq.consumer | INFO | Mensaje recibido: request_id=14678
2026-04-06 00:03:40,679 | concert_ticketing.adapters.messaging.rabbitmq.consumer | INFO | Mensaje recibido: request_id=14648
2026-04-06 00:03:40,759 | concert_ticketing.adapters.messaging.rabbitmq.consumer | INFO | Mensaje recibido: request_id=14658
2026-04-06 00:03:40,845 | concert_ticketing.adapters.messaging.rabbitmq.consumer | INFO | Mensaje recibido: request_id=14717
2026-04-06 00:03:40,933 | concert_ticketing.adapters.messaging.rabbitmq.consumer | INFO | Mensaje recibido: request_id=14677
2026-04-06 00:03:41,020 | concert_ticketing.adapters.messaging.rabbitmq.consumer | INFO | Mensaje recibido: request_id=14629
2026-04-06 00:03:41,095 | concert_ticketing.adapters.messaging.rabbitmq.consumer | INFO | Mensaje recibido: request_id=14707
2026-04-06 00:03:41,191 | concert_ticketing.adapters.messaging.rabbitmq.consumer | INFO | Mensaje recibido: request_id=14765
2026-04-06 00:03:41,286 | concert_ticketing.adapters.messaging.rabbitmq.consumer | INFO | Mensaje recibido: request_id=14728
2026-04-06 00:03:41,392 | concert_ticketing.adapters.messaging.rabbitmq.consumer | INFO | Mensaje recibido: request_id=14504
2026-04-06 00:03:41,477 | concert_ticketing.adapters.messaging.rabbitmq.consumer | INFO | Mensaje recibido: request_id=14771
2026-04-06 00:03:41,563 | concert_ticketing.adapters.messaging.rabbitmq.consumer | INFO | Mensaje recibido: request_id=14796
2026-04-06 00:03:41,637 | concert_ticketing.adapters.messaging.rabbitmq.consumer | INFO | Mensaje recibido: request_id=14785
2026-04-06 00:03:41,713 | concert_ticketing.adapters.messaging.rabbitmq.consumer | INFO | Mensaje recibido: request_id=14766
2026-04-06 00:03:41,791 | concert_ticketing.adapters.messaging.rabbitmq.consumer | INFO | Mensaje recibido: request_id=14821
2026-04-06 00:03:41,878 | concert_ticketing.adapters.messaging.rabbitmq.consumer | INFO | Mensaje recibido: request_id=14786
2026-04-06 00:03:41,955 | concert_ticketing.adapters.messaging.rabbitmq.consumer | INFO | Mensaje recibido: request_id=14820
2026-04-06 00:03:42,023 | concert_ticketing.adapters.messaging.rabbitmq.consumer | INFO | Mensaje recibido: request_id=14801
2026-04-06 00:03:42,106 | concert_ticketing.adapters.messaging.rabbitmq.consumer | INFO | Mensaje recibido: request_id=14827
2026-04-06 00:03:42,180 | concert_ticketing.adapters.messaging.rabbitmq.consumer | INFO | Mensaje recibido: request_id=14638
2026-04-06 00:03:42,278 | concert_ticketing.adapters.messaging.rabbitmq.consumer | INFO | Mensaje recibido: request_id=14792
2026-04-06 00:03:42,356 | concert_ticketing.adapters.messaging.rabbitmq.consumer | INFO | Mensaje recibido: request_id=14871
2026-04-06 00:03:42,443 | concert_ticketing.adapters.messaging.rabbitmq.consumer | INFO | Mensaje recibido: request_id=14883
2026-04-06 00:03:42,509 | concert_ticketing.adapters.messaging.rabbitmq.consumer | INFO | Mensaje recibido: request_id=14799
2026-04-06 00:03:42,585 | concert_ticketing.adapters.messaging.rabbitmq.consumer | INFO | Mensaje recibido: request_id=14853
2026-04-06 00:03:42,671 | concert_ticketing.adapters.messaging.rabbitmq.consumer | INFO | Mensaje recibido: request_id=14894
2026-04-06 00:03:42,742 | concert_ticketing.adapters.messaging.rabbitmq.consumer | INFO | Mensaje recibido: request_id=14908
2026-04-06 00:03:42,832 | concert_ticketing.adapters.messaging.rabbitmq.consumer | INFO | Mensaje recibido: request_id=14913
2026-04-06 00:03:42,923 | concert_ticketing.adapters.messaging.rabbitmq.consumer | INFO | Mensaje recibido: request_id=14897
2026-04-06 00:03:43,004 | concert_ticketing.adapters.messaging.rabbitmq.consumer | INFO | Mensaje recibido: request_id=14940
2026-04-06 00:03:43,069 | concert_ticketing.adapters.messaging.rabbitmq.consumer | INFO | Mensaje recibido: request_id=14925
2026-04-06 00:03:43,146 | concert_ticketing.adapters.messaging.rabbitmq.consumer | INFO | Mensaje recibido: request_id=14737
2026-04-06 00:03:43,221 | concert_ticketing.adapters.messaging.rabbitmq.consumer | INFO | Mensaje recibido: request_id=14898
2026-04-06 00:03:43,304 | concert_ticketing.adapters.messaging.rabbitmq.consumer | INFO | Mensaje recibido: request_id=14909
2026-04-06 00:03:43,387 | concert_ticketing.adapters.messaging.rabbitmq.consumer | INFO | Mensaje recibido: request_id=14983
2026-04-06 00:03:43,465 | concert_ticketing.adapters.messaging.rabbitmq.consumer | INFO | Mensaje recibido: request_id=14839
2026-04-06 00:03:43,546 | concert_ticketing.adapters.messaging.rabbitmq.consumer | INFO | Mensaje recibido: request_id=14975
2026-04-06 00:03:43,617 | concert_ticketing.adapters.messaging.rabbitmq.consumer | INFO | Mensaje recibido: request_id=14879
2026-04-06 00:03:43,703 | concert_ticketing.adapters.messaging.rabbitmq.consumer | INFO | Mensaje recibido: request_id=14984
2026-04-06 00:03:43,775 | concert_ticketing.adapters.messaging.rabbitmq.consumer | INFO | Mensaje recibido: request_id=14954
2026-04-06 00:03:43,862 | concert_ticketing.adapters.messaging.rabbitmq.consumer | INFO | Mensaje recibido: request_id=14988
2026-04-06 00:03:43,958 | concert_ticketing.adapters.messaging.rabbitmq.consumer | INFO | Mensaje recibido: request_id=15009
2026-04-06 00:03:44,045 | concert_ticketing.adapters.messaging.rabbitmq.consumer | INFO | Mensaje recibido: request_id=15026
2026-04-06 00:03:44,137 | concert_ticketing.adapters.messaging.rabbitmq.consumer | INFO | Mensaje recibido: request_id=15046
2026-04-06 00:03:44,238 | concert_ticketing.adapters.messaging.rabbitmq.consumer | INFO | Mensaje recibido: request_id=14982
2026-04-06 00:03:44,325 | concert_ticketing.adapters.messaging.rabbitmq.consumer | INFO | Mensaje recibido: request_id=15057
2026-04-06 00:03:44,398 | concert_ticketing.adapters.messaging.rabbitmq.consumer | INFO | Mensaje recibido: request_id=14999
2026-04-06 00:03:44,488 | concert_ticketing.adapters.messaging.rabbitmq.consumer | INFO | Mensaje recibido: request_id=15074
2026-04-06 00:03:44,594 | concert_ticketing.adapters.messaging.rabbitmq.consumer | INFO | Mensaje recibido: request_id=15076
2026-04-06 00:03:44,684 | concert_ticketing.adapters.messaging.rabbitmq.consumer | INFO | Mensaje recibido: request_id=15034
2026-04-06 00:03:44,761 | concert_ticketing.adapters.messaging.rabbitmq.consumer | INFO | Mensaje recibido: request_id=15090
2026-04-06 00:03:44,837 | concert_ticketing.adapters.messaging.rabbitmq.consumer | INFO | Mensaje recibido: request_id=15115
2026-04-06 00:03:44,971 | concert_ticketing.adapters.messaging.rabbitmq.consumer | INFO | Mensaje recibido: request_id=15061
2026-04-06 00:03:45,072 | concert_ticketing.adapters.messaging.rabbitmq.consumer | INFO | Mensaje recibido: request_id=15112
2026-04-06 00:03:45,133 | concert_ticketing.adapters.messaging.rabbitmq.consumer | INFO | Mensaje recibido: request_id=15062
2026-04-06 00:03:45,225 | concert_ticketing.adapters.messaging.rabbitmq.consumer | INFO | Mensaje recibido: request_id=15097
2026-04-06 00:03:45,308 | concert_ticketing.adapters.messaging.rabbitmq.consumer | INFO | Mensaje recibido: request_id=15151
2026-04-06 00:03:45,395 | concert_ticketing.adapters.messaging.rabbitmq.consumer | INFO | Mensaje recibido: request_id=15078
2026-04-06 00:03:45,478 | concert_ticketing.adapters.messaging.rabbitmq.consumer | INFO | Mensaje recibido: request_id=15138
2026-04-06 00:03:45,576 | concert_ticketing.adapters.messaging.rabbitmq.consumer | INFO | Mensaje recibido: request_id=15176
2026-04-06 00:03:45,662 | concert_ticketing.adapters.messaging.rabbitmq.consumer | INFO | Mensaje recibido: request_id=15177
2026-04-06 00:03:45,740 | concert_ticketing.adapters.messaging.rabbitmq.consumer | INFO | Mensaje recibido: request_id=15185
2026-04-06 00:03:45,819 | concert_ticketing.adapters.messaging.rabbitmq.consumer | INFO | Mensaje recibido: request_id=15204
2026-04-06 00:03:45,898 | concert_ticketing.adapters.messaging.rabbitmq.consumer | INFO | Mensaje recibido: request_id=15163
2026-04-06 00:03:45,981 | concert_ticketing.adapters.messaging.rabbitmq.consumer | INFO | Mensaje recibido: request_id=15116
2026-04-06 00:03:46,063 | concert_ticketing.adapters.messaging.rabbitmq.consumer | INFO | Mensaje recibido: request_id=15229
2026-04-06 00:03:46,146 | concert_ticketing.adapters.messaging.rabbitmq.consumer | INFO | Mensaje recibido: request_id=15203
2026-04-06 00:03:46,222 | concert_ticketing.adapters.messaging.rabbitmq.consumer | INFO | Mensaje recibido: request_id=15236
2026-04-06 00:03:46,288 | concert_ticketing.adapters.messaging.rabbitmq.consumer | INFO | Mensaje recibido: request_id=15207
2026-04-06 00:03:46,381 | concert_ticketing.adapters.messaging.rabbitmq.consumer | INFO | Mensaje recibido: request_id=15140
2026-04-06 00:03:46,467 | concert_ticketing.adapters.messaging.rabbitmq.consumer | INFO | Mensaje recibido: request_id=15256
2026-04-06 00:03:46,521 | concert_ticketing.adapters.messaging.rabbitmq.consumer | INFO | Mensaje recibido: request_id=15262
2026-04-06 00:03:46,619 | concert_ticketing.adapters.messaging.rabbitmq.consumer | INFO | Mensaje recibido: request_id=15284
2026-04-06 00:03:46,696 | concert_ticketing.adapters.messaging.rabbitmq.consumer | INFO | Mensaje recibido: request_id=15264
2026-04-06 00:03:46,791 | concert_ticketing.adapters.messaging.rabbitmq.consumer | INFO | Mensaje recibido: request_id=15302
2026-04-06 00:03:46,864 | concert_ticketing.adapters.messaging.rabbitmq.consumer | INFO | Mensaje recibido: request_id=15308
2026-04-06 00:03:46,941 | concert_ticketing.adapters.messaging.rabbitmq.consumer | INFO | Mensaje recibido: request_id=15315
2026-04-06 00:03:47,014 | concert_ticketing.adapters.messaging.rabbitmq.consumer | INFO | Mensaje recibido: request_id=15314
2026-04-06 00:03:47,090 | concert_ticketing.adapters.messaging.rabbitmq.consumer | INFO | Mensaje recibido: request_id=15323
2026-04-06 00:03:47,192 | concert_ticketing.adapters.messaging.rabbitmq.consumer | INFO | Mensaje recibido: request_id=15342
2026-04-06 00:03:47,282 | concert_ticketing.adapters.messaging.rabbitmq.consumer | INFO | Mensaje recibido: request_id=15329
2026-04-06 00:03:47,369 | concert_ticketing.adapters.messaging.rabbitmq.consumer | INFO | Mensaje recibido: request_id=15358
2026-04-06 00:03:47,444 | concert_ticketing.adapters.messaging.rabbitmq.consumer | INFO | Mensaje recibido: request_id=15244
2026-04-06 00:03:47,523 | concert_ticketing.adapters.messaging.rabbitmq.consumer | INFO | Mensaje recibido: request_id=15372
2026-04-06 00:03:47,598 | concert_ticketing.adapters.messaging.rabbitmq.consumer | INFO | Mensaje recibido: request_id=15373
2026-04-06 00:03:47,694 | concert_ticketing.adapters.messaging.rabbitmq.consumer | INFO | Mensaje recibido: request_id=15343
2026-04-06 00:03:47,773 | concert_ticketing.adapters.messaging.rabbitmq.consumer | INFO | Mensaje recibido: request_id=15397
2026-04-06 00:03:47,860 | concert_ticketing.adapters.messaging.rabbitmq.consumer | INFO | Mensaje recibido: request_id=15374
2026-04-06 00:03:47,939 | concert_ticketing.adapters.messaging.rabbitmq.consumer | INFO | Mensaje recibido: request_id=15405
2026-04-06 00:03:48,007 | concert_ticketing.adapters.messaging.rabbitmq.consumer | INFO | Mensaje recibido: request_id=15350
2026-04-06 00:03:48,095 | concert_ticketing.adapters.messaging.rabbitmq.consumer | INFO | Mensaje recibido: request_id=15413
2026-04-06 00:03:48,157 | concert_ticketing.adapters.messaging.rabbitmq.consumer | INFO | Mensaje recibido: request_id=15426
2026-04-06 00:03:48,254 | concert_ticketing.adapters.messaging.rabbitmq.consumer | INFO | Mensaje recibido: request_id=15448
2026-04-06 00:03:48,325 | concert_ticketing.adapters.messaging.rabbitmq.consumer | INFO | Mensaje recibido: request_id=15428
2026-04-06 00:03:48,418 | concert_ticketing.adapters.messaging.rabbitmq.consumer | INFO | Mensaje recibido: request_id=15417
2026-04-06 00:03:48,498 | concert_ticketing.adapters.messaging.rabbitmq.consumer | INFO | Mensaje recibido: request_id=15471
2026-04-06 00:03:48,586 | concert_ticketing.adapters.messaging.rabbitmq.consumer | INFO | Mensaje recibido: request_id=15433
2026-04-06 00:03:48,671 | concert_ticketing.adapters.messaging.rabbitmq.consumer | INFO | Mensaje recibido: request_id=15478
2026-04-06 00:03:48,739 | concert_ticketing.adapters.messaging.rabbitmq.consumer | INFO | Mensaje recibido: request_id=15491
2026-04-06 00:03:48,821 | concert_ticketing.adapters.messaging.rabbitmq.consumer | INFO | Mensaje recibido: request_id=15485
2026-04-06 00:03:48,903 | concert_ticketing.adapters.messaging.rabbitmq.consumer | INFO | Mensaje recibido: request_id=15447
2026-04-06 00:03:48,977 | concert_ticketing.adapters.messaging.rabbitmq.consumer | INFO | Mensaje recibido: request_id=15515
2026-04-06 00:03:49,060 | concert_ticketing.adapters.messaging.rabbitmq.consumer | INFO | Mensaje recibido: request_id=15516
2026-04-06 00:03:49,144 | concert_ticketing.adapters.messaging.rabbitmq.consumer | INFO | Mensaje recibido: request_id=15534
2026-04-06 00:03:49,225 | concert_ticketing.adapters.messaging.rabbitmq.consumer | INFO | Mensaje recibido: request_id=15541
2026-04-06 00:03:49,306 | concert_ticketing.adapters.messaging.rabbitmq.consumer | INFO | Mensaje recibido: request_id=15381
2026-04-06 00:03:49,403 | concert_ticketing.adapters.messaging.rabbitmq.consumer | INFO | Mensaje recibido: request_id=15503
2026-04-06 00:03:49,469 | concert_ticketing.adapters.messaging.rabbitmq.consumer | INFO | Mensaje recibido: request_id=15529
2026-04-06 00:03:49,559 | concert_ticketing.adapters.messaging.rabbitmq.consumer | INFO | Mensaje recibido: request_id=15493
2026-04-06 00:03:49,657 | concert_ticketing.adapters.messaging.rabbitmq.consumer | INFO | Mensaje recibido: request_id=15545
2026-04-06 00:03:49,767 | concert_ticketing.adapters.messaging.rabbitmq.consumer | INFO | Mensaje recibido: request_id=15580
2026-04-06 00:03:49,857 | concert_ticketing.adapters.messaging.rabbitmq.consumer | INFO | Mensaje recibido: request_id=15572
2026-04-06 00:03:49,977 | concert_ticketing.adapters.messaging.rabbitmq.consumer | INFO | Mensaje recibido: request_id=15502
2026-04-06 00:03:50,087 | concert_ticketing.adapters.messaging.rabbitmq.consumer | INFO | Mensaje recibido: request_id=15557
2026-04-06 00:03:50,211 | concert_ticketing.adapters.messaging.rabbitmq.consumer | INFO | Mensaje recibido: request_id=15621
2026-04-06 00:03:50,292 | concert_ticketing.adapters.messaging.rabbitmq.consumer | INFO | Mensaje recibido: request_id=15498
2026-04-06 00:03:50,379 | concert_ticketing.adapters.messaging.rabbitmq.consumer | INFO | Mensaje recibido: request_id=15589
2026-04-06 00:03:50,459 | concert_ticketing.adapters.messaging.rabbitmq.consumer | INFO | Mensaje recibido: request_id=15578
2026-04-06 00:03:50,590 | concert_ticketing.adapters.messaging.rabbitmq.consumer | INFO | Mensaje recibido: request_id=15650
2026-04-06 00:03:50,687 | concert_ticketing.adapters.messaging.rabbitmq.consumer | INFO | Mensaje recibido: request_id=15554
2026-04-06 00:03:50,781 | concert_ticketing.adapters.messaging.rabbitmq.consumer | INFO | Mensaje recibido: request_id=15669
2026-04-06 00:03:50,855 | concert_ticketing.adapters.messaging.rabbitmq.consumer | INFO | Mensaje recibido: request_id=15558
2026-04-06 00:03:50,927 | concert_ticketing.adapters.messaging.rabbitmq.consumer | INFO | Mensaje recibido: request_id=15585
2026-04-06 00:03:51,008 | concert_ticketing.adapters.messaging.rabbitmq.consumer | INFO | Mensaje recibido: request_id=15667
2026-04-06 00:03:51,073 | concert_ticketing.adapters.messaging.rabbitmq.consumer | INFO | Mensaje recibido: request_id=15617
2026-04-06 00:03:51,159 | concert_ticketing.adapters.messaging.rabbitmq.consumer | INFO | Mensaje recibido: request_id=15636
2026-04-06 00:03:51,232 | concert_ticketing.adapters.messaging.rabbitmq.consumer | INFO | Mensaje recibido: request_id=15716
2026-04-06 00:03:51,317 | concert_ticketing.adapters.messaging.rabbitmq.consumer | INFO | Mensaje recibido: request_id=15639
2026-04-06 00:03:51,409 | concert_ticketing.adapters.messaging.rabbitmq.consumer | INFO | Mensaje recibido: request_id=15603
2026-04-06 00:03:51,485 | concert_ticketing.adapters.messaging.rabbitmq.consumer | INFO | Mensaje recibido: request_id=15729
2026-04-06 00:03:51,567 | concert_ticketing.adapters.messaging.rabbitmq.consumer | INFO | Mensaje recibido: request_id=15739
2026-04-06 00:03:51,647 | concert_ticketing.adapters.messaging.rabbitmq.consumer | INFO | Mensaje recibido: request_id=15750
2026-04-06 00:03:51,720 | concert_ticketing.adapters.messaging.rabbitmq.consumer | INFO | Mensaje recibido: request_id=15728
2026-04-06 00:03:51,796 | concert_ticketing.adapters.messaging.rabbitmq.consumer | INFO | Mensaje recibido: request_id=15759
2026-04-06 00:03:51,879 | concert_ticketing.adapters.messaging.rabbitmq.consumer | INFO | Mensaje recibido: request_id=15776
2026-04-06 00:03:51,972 | concert_ticketing.adapters.messaging.rabbitmq.consumer | INFO | Mensaje recibido: request_id=15788
2026-04-06 00:03:52,054 | concert_ticketing.adapters.messaging.rabbitmq.consumer | INFO | Mensaje recibido: request_id=15761
2026-04-06 00:03:52,129 | concert_ticketing.adapters.messaging.rabbitmq.consumer | INFO | Mensaje recibido: request_id=15723
2026-04-06 00:03:52,208 | concert_ticketing.adapters.messaging.rabbitmq.consumer | INFO | Mensaje recibido: request_id=15805
2026-04-06 00:03:52,284 | concert_ticketing.adapters.messaging.rabbitmq.consumer | INFO | Mensaje recibido: request_id=15821
2026-04-06 00:03:52,355 | concert_ticketing.adapters.messaging.rabbitmq.consumer | INFO | Mensaje recibido: request_id=15828
2026-04-06 00:03:52,446 | concert_ticketing.adapters.messaging.rabbitmq.consumer | INFO | Mensaje recibido: request_id=15733
2026-04-06 00:03:52,531 | concert_ticketing.adapters.messaging.rabbitmq.consumer | INFO | Mensaje recibido: request_id=15823
2026-04-06 00:03:52,627 | concert_ticketing.adapters.messaging.rabbitmq.consumer | INFO | Mensaje recibido: request_id=15853
2026-04-06 00:03:52,700 | concert_ticketing.adapters.messaging.rabbitmq.consumer | INFO | Mensaje recibido: request_id=15861
2026-04-06 00:03:52,766 | concert_ticketing.adapters.messaging.rabbitmq.consumer | INFO | Mensaje recibido: request_id=15847
2026-04-06 00:03:52,869 | concert_ticketing.adapters.messaging.rabbitmq.consumer | INFO | Mensaje recibido: request_id=15587
2026-04-06 00:03:52,954 | concert_ticketing.adapters.messaging.rabbitmq.consumer | INFO | Mensaje recibido: request_id=15839
2026-04-06 00:03:53,034 | concert_ticketing.adapters.messaging.rabbitmq.consumer | INFO | Mensaje recibido: request_id=15884
2026-04-06 00:03:53,121 | concert_ticketing.adapters.messaging.rabbitmq.consumer | INFO | Mensaje recibido: request_id=15790
2026-04-06 00:03:53,203 | concert_ticketing.adapters.messaging.rabbitmq.consumer | INFO | Mensaje recibido: request_id=15874
2026-04-06 00:03:53,292 | concert_ticketing.adapters.messaging.rabbitmq.consumer | INFO | Mensaje recibido: request_id=15850
2026-04-06 00:03:53,385 | concert_ticketing.adapters.messaging.rabbitmq.consumer | INFO | Mensaje recibido: request_id=15878
2026-04-06 00:03:53,488 | concert_ticketing.adapters.messaging.rabbitmq.consumer | INFO | Mensaje recibido: request_id=15835
2026-04-06 00:03:53,546 | concert_ticketing.adapters.messaging.rabbitmq.consumer | INFO | Mensaje recibido: request_id=15920
2026-04-06 00:03:53,620 | concert_ticketing.adapters.messaging.rabbitmq.consumer | INFO | Mensaje recibido: request_id=15909
2026-04-06 00:03:53,714 | concert_ticketing.adapters.messaging.rabbitmq.consumer | INFO | Mensaje recibido: request_id=15883
2026-04-06 00:03:53,789 | concert_ticketing.adapters.messaging.rabbitmq.consumer | INFO | Mensaje recibido: request_id=15965
2026-04-06 00:03:53,872 | concert_ticketing.adapters.messaging.rabbitmq.consumer | INFO | Mensaje recibido: request_id=15974
2026-04-06 00:03:53,941 | concert_ticketing.adapters.messaging.rabbitmq.consumer | INFO | Mensaje recibido: request_id=15980
2026-04-06 00:03:54,036 | concert_ticketing.adapters.messaging.rabbitmq.consumer | INFO | Mensaje recibido: request_id=15989
2026-04-06 00:03:54,106 | concert_ticketing.adapters.messaging.rabbitmq.consumer | INFO | Mensaje recibido: request_id=15987
2026-04-06 00:03:54,187 | concert_ticketing.adapters.messaging.rabbitmq.consumer | INFO | Mensaje recibido: request_id=15973
2026-04-06 00:03:54,273 | concert_ticketing.adapters.messaging.rabbitmq.consumer | INFO | Mensaje recibido: request_id=15963
2026-04-06 00:03:54,338 | concert_ticketing.adapters.messaging.rabbitmq.consumer | INFO | Mensaje recibido: request_id=16020
2026-04-06 00:03:54,417 | concert_ticketing.adapters.messaging.rabbitmq.consumer | INFO | Mensaje recibido: request_id=16004
2026-04-06 00:03:54,504 | concert_ticketing.adapters.messaging.rabbitmq.consumer | INFO | Mensaje recibido: request_id=16036
2026-04-06 00:03:54,570 | concert_ticketing.adapters.messaging.rabbitmq.consumer | INFO | Mensaje recibido: request_id=16028
2026-04-06 00:03:54,655 | concert_ticketing.adapters.messaging.rabbitmq.consumer | INFO | Mensaje recibido: request_id=16039
2026-04-06 00:03:54,729 | concert_ticketing.adapters.messaging.rabbitmq.consumer | INFO | Mensaje recibido: request_id=16017
2026-04-06 00:03:54,819 | concert_ticketing.adapters.messaging.rabbitmq.consumer | INFO | Mensaje recibido: request_id=15932
2026-04-06 00:03:54,898 | concert_ticketing.adapters.messaging.rabbitmq.consumer | INFO | Mensaje recibido: request_id=16058
2026-04-06 00:03:54,982 | concert_ticketing.adapters.messaging.rabbitmq.consumer | INFO | Mensaje recibido: request_id=16083
2026-04-06 00:03:55,075 | concert_ticketing.adapters.messaging.rabbitmq.consumer | INFO | Mensaje recibido: request_id=16084
2026-04-06 00:03:55,146 | concert_ticketing.adapters.messaging.rabbitmq.consumer | INFO | Mensaje recibido: request_id=16087
2026-04-06 00:03:55,227 | concert_ticketing.adapters.messaging.rabbitmq.consumer | INFO | Mensaje recibido: request_id=16030
2026-04-06 00:03:55,309 | concert_ticketing.adapters.messaging.rabbitmq.consumer | INFO | Mensaje recibido: request_id=16095
2026-04-06 00:03:55,378 | concert_ticketing.adapters.messaging.rabbitmq.consumer | INFO | Mensaje recibido: request_id=16117
2026-04-06 00:03:55,470 | concert_ticketing.adapters.messaging.rabbitmq.consumer | INFO | Mensaje recibido: request_id=16134
2026-04-06 00:03:55,546 | concert_ticketing.adapters.messaging.rabbitmq.consumer | INFO | Mensaje recibido: request_id=16139
2026-04-06 00:03:55,611 | concert_ticketing.adapters.messaging.rabbitmq.consumer | INFO | Mensaje recibido: request_id=16067
2026-04-06 00:03:55,700 | concert_ticketing.adapters.messaging.rabbitmq.consumer | INFO | Mensaje recibido: request_id=16145
2026-04-06 00:03:55,789 | concert_ticketing.adapters.messaging.rabbitmq.consumer | INFO | Mensaje recibido: request_id=16147
2026-04-06 00:03:55,866 | concert_ticketing.adapters.messaging.rabbitmq.consumer | INFO | Mensaje recibido: request_id=16094
2026-04-06 00:03:55,948 | concert_ticketing.adapters.messaging.rabbitmq.consumer | INFO | Mensaje recibido: request_id=16180
2026-04-06 00:03:56,028 | concert_ticketing.adapters.messaging.rabbitmq.consumer | INFO | Mensaje recibido: request_id=16136
2026-04-06 00:03:56,088 | concert_ticketing.adapters.messaging.rabbitmq.consumer | INFO | Mensaje recibido: request_id=16196
2026-04-06 00:03:56,169 | concert_ticketing.adapters.messaging.rabbitmq.consumer | INFO | Mensaje recibido: request_id=16169
2026-04-06 00:03:56,277 | concert_ticketing.adapters.messaging.rabbitmq.consumer | INFO | Mensaje recibido: request_id=16212
2026-04-06 00:03:56,364 | concert_ticketing.adapters.messaging.rabbitmq.consumer | INFO | Mensaje recibido: request_id=16203
2026-04-06 00:03:56,446 | concert_ticketing.adapters.messaging.rabbitmq.consumer | INFO | Mensaje recibido: request_id=16184
2026-04-06 00:03:56,507 | concert_ticketing.adapters.messaging.rabbitmq.consumer | INFO | Mensaje recibido: request_id=16187
2026-04-06 00:03:56,601 | concert_ticketing.adapters.messaging.rabbitmq.consumer | INFO | Mensaje recibido: request_id=16132
2026-04-06 00:03:56,666 | concert_ticketing.adapters.messaging.rabbitmq.consumer | INFO | Mensaje recibido: request_id=16218
2026-04-06 00:03:56,758 | concert_ticketing.adapters.messaging.rabbitmq.consumer | INFO | Mensaje recibido: request_id=16243
2026-04-06 00:03:56,833 | concert_ticketing.adapters.messaging.rabbitmq.consumer | INFO | Mensaje recibido: request_id=16176
2026-04-06 00:03:56,924 | concert_ticketing.adapters.messaging.rabbitmq.consumer | INFO | Mensaje recibido: request_id=16173
2026-04-06 00:03:57,009 | concert_ticketing.adapters.messaging.rabbitmq.consumer | INFO | Mensaje recibido: request_id=16284
2026-04-06 00:03:57,109 | concert_ticketing.adapters.messaging.rabbitmq.consumer | INFO | Mensaje recibido: request_id=16295
2026-04-06 00:03:57,183 | concert_ticketing.adapters.messaging.rabbitmq.consumer | INFO | Mensaje recibido: request_id=16288
2026-04-06 00:03:57,263 | concert_ticketing.adapters.messaging.rabbitmq.consumer | INFO | Mensaje recibido: request_id=16308
2026-04-06 00:03:57,339 | concert_ticketing.adapters.messaging.rabbitmq.consumer | INFO | Mensaje recibido: request_id=16294
2026-04-06 00:03:57,437 | concert_ticketing.adapters.messaging.rabbitmq.consumer | INFO | Mensaje recibido: request_id=16301
2026-04-06 00:03:57,516 | concert_ticketing.adapters.messaging.rabbitmq.consumer | INFO | Mensaje recibido: request_id=16312
2026-04-06 00:03:57,609 | concert_ticketing.adapters.messaging.rabbitmq.consumer | INFO | Mensaje recibido: request_id=16318
2026-04-06 00:03:57,698 | concert_ticketing.adapters.messaging.rabbitmq.consumer | INFO | Mensaje recibido: request_id=16349
2026-04-06 00:03:57,773 | concert_ticketing.adapters.messaging.rabbitmq.consumer | INFO | Mensaje recibido: request_id=16327
2026-04-06 00:03:57,856 | concert_ticketing.adapters.messaging.rabbitmq.consumer | INFO | Mensaje recibido: request_id=16339
2026-04-06 00:03:57,935 | concert_ticketing.adapters.messaging.rabbitmq.consumer | INFO | Mensaje recibido: request_id=16270
2026-04-06 00:03:58,017 | concert_ticketing.adapters.messaging.rabbitmq.consumer | INFO | Mensaje recibido: request_id=16309
2026-04-06 00:03:58,100 | concert_ticketing.adapters.messaging.rabbitmq.consumer | INFO | Mensaje recibido: request_id=16350
2026-04-06 00:03:58,177 | concert_ticketing.adapters.messaging.rabbitmq.consumer | INFO | Mensaje recibido: request_id=16396
2026-04-06 00:03:58,249 | concert_ticketing.adapters.messaging.rabbitmq.consumer | INFO | Mensaje recibido: request_id=16404
2026-04-06 00:03:58,333 | concert_ticketing.adapters.messaging.rabbitmq.consumer | INFO | Mensaje recibido: request_id=16388
2026-04-06 00:03:58,409 | concert_ticketing.adapters.messaging.rabbitmq.consumer | INFO | Mensaje recibido: request_id=16195
2026-04-06 00:03:58,508 | concert_ticketing.adapters.messaging.rabbitmq.consumer | INFO | Mensaje recibido: request_id=16325
2026-04-06 00:03:58,581 | concert_ticketing.adapters.messaging.rabbitmq.consumer | INFO | Mensaje recibido: request_id=16432
2026-04-06 00:03:58,669 | concert_ticketing.adapters.messaging.rabbitmq.consumer | INFO | Mensaje recibido: request_id=16410
2026-04-06 00:03:58,750 | concert_ticketing.adapters.messaging.rabbitmq.consumer | INFO | Mensaje recibido: request_id=16454
2026-04-06 00:03:58,819 | concert_ticketing.adapters.messaging.rabbitmq.consumer | INFO | Mensaje recibido: request_id=16322
2026-04-06 00:03:58,895 | concert_ticketing.adapters.messaging.rabbitmq.consumer | INFO | Mensaje recibido: request_id=16430
2026-04-06 00:03:58,991 | concert_ticketing.adapters.messaging.rabbitmq.consumer | INFO | Mensaje recibido: request_id=16451
2026-04-06 00:03:59,067 | concert_ticketing.adapters.messaging.rabbitmq.consumer | INFO | Mensaje recibido: request_id=16480
2026-04-06 00:03:59,146 | concert_ticketing.adapters.messaging.rabbitmq.consumer | INFO | Mensaje recibido: request_id=16493
2026-04-06 00:03:59,223 | concert_ticketing.adapters.messaging.rabbitmq.consumer | INFO | Mensaje recibido: request_id=16351
2026-04-06 00:03:59,275 | concert_ticketing.adapters.messaging.rabbitmq.consumer | INFO | Mensaje recibido: request_id=16505
2026-04-06 00:03:59,374 | concert_ticketing.adapters.messaging.rabbitmq.consumer | INFO | Mensaje recibido: request_id=16460
2026-04-06 00:03:59,454 | concert_ticketing.adapters.messaging.rabbitmq.consumer | INFO | Mensaje recibido: request_id=16427
2026-04-06 00:03:59,539 | concert_ticketing.adapters.messaging.rabbitmq.consumer | INFO | Mensaje recibido: request_id=16521
2026-04-06 00:03:59,635 | concert_ticketing.adapters.messaging.rabbitmq.consumer | INFO | Mensaje recibido: request_id=16527
2026-04-06 00:03:59,727 | concert_ticketing.adapters.messaging.rabbitmq.consumer | INFO | Mensaje recibido: request_id=16543
2026-04-06 00:03:59,807 | concert_ticketing.adapters.messaging.rabbitmq.consumer | INFO | Mensaje recibido: request_id=16500
2026-04-06 00:03:59,892 | concert_ticketing.adapters.messaging.rabbitmq.consumer | INFO | Mensaje recibido: request_id=16504
2026-04-06 00:03:59,981 | concert_ticketing.adapters.messaging.rabbitmq.consumer | INFO | Mensaje recibido: request_id=16540
2026-04-06 00:04:00,059 | concert_ticketing.adapters.messaging.rabbitmq.consumer | INFO | Mensaje recibido: request_id=16562
2026-04-06 00:04:00,155 | concert_ticketing.adapters.messaging.rabbitmq.consumer | INFO | Mensaje recibido: request_id=16587
2026-04-06 00:04:00,239 | concert_ticketing.adapters.messaging.rabbitmq.consumer | INFO | Mensaje recibido: request_id=16466
2026-04-06 00:04:00,341 | concert_ticketing.adapters.messaging.rabbitmq.consumer | INFO | Mensaje recibido: request_id=16596
2026-04-06 00:04:00,420 | concert_ticketing.adapters.messaging.rabbitmq.consumer | INFO | Mensaje recibido: request_id=16613
2026-04-06 00:04:00,500 | concert_ticketing.adapters.messaging.rabbitmq.consumer | INFO | Mensaje recibido: request_id=16519
2026-04-06 00:04:00,595 | concert_ticketing.adapters.messaging.rabbitmq.consumer | INFO | Mensaje recibido: request_id=16630
2026-04-06 00:04:00,675 | concert_ticketing.adapters.messaging.rabbitmq.consumer | INFO | Mensaje recibido: request_id=16638
2026-04-06 00:04:00,769 | concert_ticketing.adapters.messaging.rabbitmq.consumer | INFO | Mensaje recibido: request_id=16523
2026-04-06 00:04:00,865 | concert_ticketing.adapters.messaging.rabbitmq.consumer | INFO | Mensaje recibido: request_id=16643
2026-04-06 00:04:00,968 | concert_ticketing.adapters.messaging.rabbitmq.consumer | INFO | Mensaje recibido: request_id=16594
2026-04-06 00:04:01,060 | concert_ticketing.adapters.messaging.rabbitmq.consumer | INFO | Mensaje recibido: request_id=16624
2026-04-06 00:04:01,157 | concert_ticketing.adapters.messaging.rabbitmq.consumer | INFO | Mensaje recibido: request_id=16676
2026-04-06 00:04:01,244 | concert_ticketing.adapters.messaging.rabbitmq.consumer | INFO | Mensaje recibido: request_id=16557
2026-04-06 00:04:01,384 | concert_ticketing.adapters.messaging.rabbitmq.consumer | INFO | Mensaje recibido: request_id=16667
2026-04-06 00:04:01,513 | concert_ticketing.adapters.messaging.rabbitmq.consumer | INFO | Mensaje recibido: request_id=16702
2026-04-06 00:04:01,611 | concert_ticketing.adapters.messaging.rabbitmq.consumer | INFO | Mensaje recibido: request_id=16682
2026-04-06 00:04:01,720 | concert_ticketing.adapters.messaging.rabbitmq.consumer | INFO | Mensaje recibido: request_id=16711
2026-04-06 00:04:01,828 | concert_ticketing.adapters.messaging.rabbitmq.consumer | INFO | Mensaje recibido: request_id=16623
2026-04-06 00:04:01,913 | concert_ticketing.adapters.messaging.rabbitmq.consumer | INFO | Mensaje recibido: request_id=16668
2026-04-06 00:04:01,981 | concert_ticketing.adapters.messaging.rabbitmq.consumer | INFO | Mensaje recibido: request_id=16726
2026-04-06 00:04:02,084 | concert_ticketing.adapters.messaging.rabbitmq.consumer | INFO | Mensaje recibido: request_id=16695
2026-04-06 00:04:02,170 | concert_ticketing.adapters.messaging.rabbitmq.consumer | INFO | Mensaje recibido: request_id=16699
2026-04-06 00:04:02,245 | concert_ticketing.adapters.messaging.rabbitmq.consumer | INFO | Mensaje recibido: request_id=16615
2026-04-06 00:04:02,346 | concert_ticketing.adapters.messaging.rabbitmq.consumer | INFO | Mensaje recibido: request_id=16728
2026-04-06 00:04:02,418 | concert_ticketing.adapters.messaging.rabbitmq.consumer | INFO | Mensaje recibido: request_id=16767
2026-04-06 00:04:02,508 | concert_ticketing.adapters.messaging.rabbitmq.consumer | INFO | Mensaje recibido: request_id=16741
2026-04-06 00:04:02,587 | concert_ticketing.adapters.messaging.rabbitmq.consumer | INFO | Mensaje recibido: request_id=16785
2026-04-06 00:04:02,675 | concert_ticketing.adapters.messaging.rabbitmq.consumer | INFO | Mensaje recibido: request_id=16788
2026-04-06 00:04:02,775 | concert_ticketing.adapters.messaging.rabbitmq.consumer | INFO | Mensaje recibido: request_id=16815
2026-04-06 00:04:02,856 | concert_ticketing.adapters.messaging.rabbitmq.consumer | INFO | Mensaje recibido: request_id=16764
2026-04-06 00:04:02,941 | concert_ticketing.adapters.messaging.rabbitmq.consumer | INFO | Mensaje recibido: request_id=16801
2026-04-06 00:04:03,010 | concert_ticketing.adapters.messaging.rabbitmq.consumer | INFO | Mensaje recibido: request_id=16718
2026-04-06 00:04:03,106 | concert_ticketing.adapters.messaging.rabbitmq.consumer | INFO | Mensaje recibido: request_id=16804
2026-04-06 00:04:03,196 | concert_ticketing.adapters.messaging.rabbitmq.consumer | INFO | Mensaje recibido: request_id=16853
2026-04-06 00:04:03,264 | concert_ticketing.adapters.messaging.rabbitmq.consumer | INFO | Mensaje recibido: request_id=16844
2026-04-06 00:04:03,354 | concert_ticketing.adapters.messaging.rabbitmq.consumer | INFO | Mensaje recibido: request_id=16847
2026-04-06 00:04:03,432 | concert_ticketing.adapters.messaging.rabbitmq.consumer | INFO | Mensaje recibido: request_id=16870
2026-04-06 00:04:03,522 | concert_ticketing.adapters.messaging.rabbitmq.consumer | INFO | Mensaje recibido: request_id=16885
2026-04-06 00:04:03,590 | concert_ticketing.adapters.messaging.rabbitmq.consumer | INFO | Mensaje recibido: request_id=16869
2026-04-06 00:04:03,675 | concert_ticketing.adapters.messaging.rabbitmq.consumer | INFO | Mensaje recibido: request_id=16848
2026-04-06 00:04:03,752 | concert_ticketing.adapters.messaging.rabbitmq.consumer | INFO | Mensaje recibido: request_id=16873
2026-04-06 00:04:03,810 | concert_ticketing.adapters.messaging.rabbitmq.consumer | INFO | Mensaje recibido: request_id=16902
2026-04-06 00:04:03,891 | concert_ticketing.adapters.messaging.rabbitmq.consumer | INFO | Mensaje recibido: request_id=16916
2026-04-06 00:04:03,980 | concert_ticketing.adapters.messaging.rabbitmq.consumer | INFO | Mensaje recibido: request_id=16932
2026-04-06 00:04:04,064 | concert_ticketing.adapters.messaging.rabbitmq.consumer | INFO | Mensaje recibido: request_id=16940
2026-04-06 00:04:04,145 | concert_ticketing.adapters.messaging.rabbitmq.consumer | INFO | Mensaje recibido: request_id=16846
2026-04-06 00:04:04,227 | concert_ticketing.adapters.messaging.rabbitmq.consumer | INFO | Mensaje recibido: request_id=16886
2026-04-06 00:04:04,296 | concert_ticketing.adapters.messaging.rabbitmq.consumer | INFO | Mensaje recibido: request_id=16917
2026-04-06 00:04:04,377 | concert_ticketing.adapters.messaging.rabbitmq.consumer | INFO | Mensaje recibido: request_id=16808
2026-04-06 00:04:04,468 | concert_ticketing.adapters.messaging.rabbitmq.consumer | INFO | Mensaje recibido: request_id=16954
2026-04-06 00:04:04,546 | concert_ticketing.adapters.messaging.rabbitmq.consumer | INFO | Mensaje recibido: request_id=16944
2026-04-06 00:04:04,628 | concert_ticketing.adapters.messaging.rabbitmq.consumer | INFO | Mensaje recibido: request_id=16941
2026-04-06 00:04:04,714 | concert_ticketing.adapters.messaging.rabbitmq.consumer | INFO | Mensaje recibido: request_id=16915
2026-04-06 00:04:04,799 | concert_ticketing.adapters.messaging.rabbitmq.consumer | INFO | Mensaje recibido: request_id=17006
2026-04-06 00:04:04,877 | concert_ticketing.adapters.messaging.rabbitmq.consumer | INFO | Mensaje recibido: request_id=17019
2026-04-06 00:04:04,965 | concert_ticketing.adapters.messaging.rabbitmq.consumer | INFO | Mensaje recibido: request_id=16892
2026-04-06 00:04:05,045 | concert_ticketing.adapters.messaging.rabbitmq.consumer | INFO | Mensaje recibido: request_id=17036
2026-04-06 00:04:05,115 | concert_ticketing.adapters.messaging.rabbitmq.consumer | INFO | Mensaje recibido: request_id=16912
2026-04-06 00:04:05,188 | concert_ticketing.adapters.messaging.rabbitmq.consumer | INFO | Mensaje recibido: request_id=16805
2026-04-06 00:04:05,273 | concert_ticketing.adapters.messaging.rabbitmq.consumer | INFO | Mensaje recibido: request_id=17059
2026-04-06 00:04:05,373 | concert_ticketing.adapters.messaging.rabbitmq.consumer | INFO | Mensaje recibido: request_id=16943
2026-04-06 00:04:05,449 | concert_ticketing.adapters.messaging.rabbitmq.consumer | INFO | Mensaje recibido: request_id=17046
2026-04-06 00:04:05,537 | concert_ticketing.adapters.messaging.rabbitmq.consumer | INFO | Mensaje recibido: request_id=17086
2026-04-06 00:04:05,607 | concert_ticketing.adapters.messaging.rabbitmq.consumer | INFO | Mensaje recibido: request_id=17057
2026-04-06 00:04:05,678 | concert_ticketing.adapters.messaging.rabbitmq.consumer | INFO | Mensaje recibido: request_id=17009
2026-04-06 00:04:05,749 | concert_ticketing.adapters.messaging.rabbitmq.consumer | INFO | Mensaje recibido: request_id=17079
2026-04-06 00:04:05,825 | concert_ticketing.adapters.messaging.rabbitmq.consumer | INFO | Mensaje recibido: request_id=17084
2026-04-06 00:04:05,911 | concert_ticketing.adapters.messaging.rabbitmq.consumer | INFO | Mensaje recibido: request_id=17125
2026-04-06 00:04:05,988 | concert_ticketing.adapters.messaging.rabbitmq.consumer | INFO | Mensaje recibido: request_id=17102
2026-04-06 00:04:06,075 | concert_ticketing.adapters.messaging.rabbitmq.consumer | INFO | Mensaje recibido: request_id=16979
2026-04-06 00:04:06,138 | concert_ticketing.adapters.messaging.rabbitmq.consumer | INFO | Mensaje recibido: request_id=17147
2026-04-06 00:04:06,208 | concert_ticketing.adapters.messaging.rabbitmq.consumer | INFO | Mensaje recibido: request_id=17154
2026-04-06 00:04:06,291 | concert_ticketing.adapters.messaging.rabbitmq.consumer | INFO | Mensaje recibido: request_id=16874
2026-04-06 00:04:06,383 | concert_ticketing.adapters.messaging.rabbitmq.consumer | INFO | Mensaje recibido: request_id=17173
2026-04-06 00:04:06,465 | concert_ticketing.adapters.messaging.rabbitmq.consumer | INFO | Mensaje recibido: request_id=17174
2026-04-06 00:04:06,559 | concert_ticketing.adapters.messaging.rabbitmq.consumer | INFO | Mensaje recibido: request_id=17050
2026-04-06 00:04:06,638 | concert_ticketing.adapters.messaging.rabbitmq.consumer | INFO | Mensaje recibido: request_id=17190
2026-04-06 00:04:06,708 | concert_ticketing.adapters.messaging.rabbitmq.consumer | INFO | Mensaje recibido: request_id=17118
2026-04-06 00:04:06,770 | concert_ticketing.adapters.messaging.rabbitmq.consumer | INFO | Mensaje recibido: request_id=17165
2026-04-06 00:04:06,849 | concert_ticketing.adapters.messaging.rabbitmq.consumer | INFO | Mensaje recibido: request_id=17189
2026-04-06 00:04:06,939 | concert_ticketing.adapters.messaging.rabbitmq.consumer | INFO | Mensaje recibido: request_id=17135
2026-04-06 00:04:07,014 | concert_ticketing.adapters.messaging.rabbitmq.consumer | INFO | Mensaje recibido: request_id=17229
2026-04-06 00:04:07,098 | concert_ticketing.adapters.messaging.rabbitmq.consumer | INFO | Mensaje recibido: request_id=17245
2026-04-06 00:04:07,177 | concert_ticketing.adapters.messaging.rabbitmq.consumer | INFO | Mensaje recibido: request_id=17100
2026-04-06 00:04:07,262 | concert_ticketing.adapters.messaging.rabbitmq.consumer | INFO | Mensaje recibido: request_id=17210
2026-04-06 00:04:07,355 | concert_ticketing.adapters.messaging.rabbitmq.consumer | INFO | Mensaje recibido: request_id=17235
2026-04-06 00:04:07,438 | concert_ticketing.adapters.messaging.rabbitmq.consumer | INFO | Mensaje recibido: request_id=17194
2026-04-06 00:04:07,520 | concert_ticketing.adapters.messaging.rabbitmq.consumer | INFO | Mensaje recibido: request_id=17188
2026-04-06 00:04:07,596 | concert_ticketing.adapters.messaging.rabbitmq.consumer | INFO | Mensaje recibido: request_id=17293
2026-04-06 00:04:07,648 | concert_ticketing.adapters.messaging.rabbitmq.consumer | INFO | Mensaje recibido: request_id=17227
2026-04-06 00:04:07,723 | concert_ticketing.adapters.messaging.rabbitmq.consumer | INFO | Mensaje recibido: request_id=17271
2026-04-06 00:04:07,798 | concert_ticketing.adapters.messaging.rabbitmq.consumer | INFO | Mensaje recibido: request_id=17310
2026-04-06 00:04:07,892 | concert_ticketing.adapters.messaging.rabbitmq.consumer | INFO | Mensaje recibido: request_id=17300
2026-04-06 00:04:07,975 | concert_ticketing.adapters.messaging.rabbitmq.consumer | INFO | Mensaje recibido: request_id=17333
2026-04-06 00:04:08,054 | concert_ticketing.adapters.messaging.rabbitmq.consumer | INFO | Mensaje recibido: request_id=17309
2026-04-06 00:04:08,127 | concert_ticketing.adapters.messaging.rabbitmq.consumer | INFO | Mensaje recibido: request_id=17349
2026-04-06 00:04:08,204 | concert_ticketing.adapters.messaging.rabbitmq.consumer | INFO | Mensaje recibido: request_id=17292
2026-04-06 00:04:08,282 | concert_ticketing.adapters.messaging.rabbitmq.consumer | INFO | Mensaje recibido: request_id=17366
2026-04-06 00:04:08,353 | concert_ticketing.adapters.messaging.rabbitmq.consumer | INFO | Mensaje recibido: request_id=17348
2026-04-06 00:04:08,448 | concert_ticketing.adapters.messaging.rabbitmq.consumer | INFO | Mensaje recibido: request_id=17380
2026-04-06 00:04:08,519 | concert_ticketing.adapters.messaging.rabbitmq.consumer | INFO | Mensaje recibido: request_id=17356
2026-04-06 00:04:08,610 | concert_ticketing.adapters.messaging.rabbitmq.consumer | INFO | Mensaje recibido: request_id=17367
2026-04-06 00:04:08,699 | concert_ticketing.adapters.messaging.rabbitmq.consumer | INFO | Mensaje recibido: request_id=17404
2026-04-06 00:04:08,777 | concert_ticketing.adapters.messaging.rabbitmq.consumer | INFO | Mensaje recibido: request_id=17381
2026-04-06 00:04:08,867 | concert_ticketing.adapters.messaging.rabbitmq.consumer | INFO | Mensaje recibido: request_id=17398
2026-04-06 00:04:08,941 | concert_ticketing.adapters.messaging.rabbitmq.consumer | INFO | Mensaje recibido: request_id=17405
2026-04-06 00:04:09,038 | concert_ticketing.adapters.messaging.rabbitmq.consumer | INFO | Mensaje recibido: request_id=17429
2026-04-06 00:04:09,121 | concert_ticketing.adapters.messaging.rabbitmq.consumer | INFO | Mensaje recibido: request_id=17428
2026-04-06 00:04:09,210 | concert_ticketing.adapters.messaging.rabbitmq.consumer | INFO | Mensaje recibido: request_id=17415
2026-04-06 00:04:09,296 | concert_ticketing.adapters.messaging.rabbitmq.consumer | INFO | Mensaje recibido: request_id=17435
2026-04-06 00:04:09,388 | concert_ticketing.adapters.messaging.rabbitmq.consumer | INFO | Mensaje recibido: request_id=17436
2026-04-06 00:04:09,467 | concert_ticketing.adapters.messaging.rabbitmq.consumer | INFO | Mensaje recibido: request_id=17478
2026-04-06 00:04:09,550 | concert_ticketing.adapters.messaging.rabbitmq.consumer | INFO | Mensaje recibido: request_id=17485
2026-04-06 00:04:09,629 | concert_ticketing.adapters.messaging.rabbitmq.consumer | INFO | Mensaje recibido: request_id=17391
2026-04-06 00:04:09,689 | concert_ticketing.adapters.messaging.rabbitmq.consumer | INFO | Mensaje recibido: request_id=17399
2026-04-06 00:04:09,774 | concert_ticketing.adapters.messaging.rabbitmq.consumer | INFO | Mensaje recibido: request_id=17439
2026-04-06 00:04:09,848 | concert_ticketing.adapters.messaging.rabbitmq.consumer | INFO | Mensaje recibido: request_id=17420
2026-04-06 00:04:09,938 | concert_ticketing.adapters.messaging.rabbitmq.consumer | INFO | Mensaje recibido: request_id=17433
2026-04-06 00:04:10,025 | concert_ticketing.adapters.messaging.rabbitmq.consumer | INFO | Mensaje recibido: request_id=17507
2026-04-06 00:04:10,112 | concert_ticketing.adapters.messaging.rabbitmq.consumer | INFO | Mensaje recibido: request_id=17531
2026-04-06 00:04:10,181 | concert_ticketing.adapters.messaging.rabbitmq.consumer | INFO | Mensaje recibido: request_id=17513
2026-04-06 00:04:10,267 | concert_ticketing.adapters.messaging.rabbitmq.consumer | INFO | Mensaje recibido: request_id=17481
2026-04-06 00:04:10,355 | concert_ticketing.adapters.messaging.rabbitmq.consumer | INFO | Mensaje recibido: request_id=17566
2026-04-06 00:04:10,441 | concert_ticketing.adapters.messaging.rabbitmq.consumer | INFO | Mensaje recibido: request_id=17500
2026-04-06 00:04:10,539 | concert_ticketing.adapters.messaging.rabbitmq.consumer | INFO | Mensaje recibido: request_id=17582
2026-04-06 00:04:10,620 | concert_ticketing.adapters.messaging.rabbitmq.consumer | INFO | Mensaje recibido: request_id=17576
2026-04-06 00:04:10,698 | concert_ticketing.adapters.messaging.rabbitmq.consumer | INFO | Mensaje recibido: request_id=17514
2026-04-06 00:04:10,779 | concert_ticketing.adapters.messaging.rabbitmq.consumer | INFO | Mensaje recibido: request_id=17583
2026-04-06 00:04:10,852 | concert_ticketing.adapters.messaging.rabbitmq.consumer | INFO | Mensaje recibido: request_id=17476
2026-04-06 00:04:10,915 | concert_ticketing.adapters.messaging.rabbitmq.consumer | INFO | Mensaje recibido: request_id=17619
2026-04-06 00:04:10,987 | concert_ticketing.adapters.messaging.rabbitmq.consumer | INFO | Mensaje recibido: request_id=17613
2026-04-06 00:04:11,067 | concert_ticketing.adapters.messaging.rabbitmq.consumer | INFO | Mensaje recibido: request_id=17567
2026-04-06 00:04:11,156 | concert_ticketing.adapters.messaging.rabbitmq.consumer | INFO | Mensaje recibido: request_id=17512
2026-04-06 00:04:11,232 | concert_ticketing.adapters.messaging.rabbitmq.consumer | INFO | Mensaje recibido: request_id=17554
2026-04-06 00:04:11,301 | concert_ticketing.adapters.messaging.rabbitmq.consumer | INFO | Mensaje recibido: request_id=17638
2026-04-06 00:04:11,395 | concert_ticketing.adapters.messaging.rabbitmq.consumer | INFO | Mensaje recibido: request_id=17629
2026-04-06 00:04:11,487 | concert_ticketing.adapters.messaging.rabbitmq.consumer | INFO | Mensaje recibido: request_id=17605
2026-04-06 00:04:11,599 | concert_ticketing.adapters.messaging.rabbitmq.consumer | INFO | Mensaje recibido: request_id=17644
2026-04-06 00:04:11,682 | concert_ticketing.adapters.messaging.rabbitmq.consumer | INFO | Mensaje recibido: request_id=17584
2026-04-06 00:04:11,764 | concert_ticketing.adapters.messaging.rabbitmq.consumer | INFO | Mensaje recibido: request_id=17617
2026-04-06 00:04:11,834 | concert_ticketing.adapters.messaging.rabbitmq.consumer | INFO | Mensaje recibido: request_id=17631
2026-04-06 00:04:11,920 | concert_ticketing.adapters.messaging.rabbitmq.consumer | INFO | Mensaje recibido: request_id=17636
2026-04-06 00:04:12,012 | concert_ticketing.adapters.messaging.rabbitmq.consumer | INFO | Mensaje recibido: request_id=17591
2026-04-06 00:04:12,110 | concert_ticketing.adapters.messaging.rabbitmq.consumer | INFO | Mensaje recibido: request_id=17643
2026-04-06 00:04:12,205 | concert_ticketing.adapters.messaging.rabbitmq.consumer | INFO | Mensaje recibido: request_id=17726
2026-04-06 00:04:12,275 | concert_ticketing.adapters.messaging.rabbitmq.consumer | INFO | Mensaje recibido: request_id=17748
2026-04-06 00:04:12,370 | concert_ticketing.adapters.messaging.rabbitmq.consumer | INFO | Mensaje recibido: request_id=17532
2026-04-06 00:04:12,473 | concert_ticketing.adapters.messaging.rabbitmq.consumer | INFO | Mensaje recibido: request_id=17763
2026-04-06 00:04:12,573 | concert_ticketing.adapters.messaging.rabbitmq.consumer | INFO | Mensaje recibido: request_id=17742
2026-04-06 00:04:12,675 | concert_ticketing.adapters.messaging.rabbitmq.consumer | INFO | Mensaje recibido: request_id=17783
2026-04-06 00:04:12,766 | concert_ticketing.adapters.messaging.rabbitmq.consumer | INFO | Mensaje recibido: request_id=17782
2026-04-06 00:04:12,873 | concert_ticketing.adapters.messaging.rabbitmq.consumer | INFO | Mensaje recibido: request_id=17730
2026-04-06 00:04:12,954 | concert_ticketing.adapters.messaging.rabbitmq.consumer | INFO | Mensaje recibido: request_id=17714
2026-04-06 00:04:13,036 | concert_ticketing.adapters.messaging.rabbitmq.consumer | INFO | Mensaje recibido: request_id=17792
2026-04-06 00:04:13,121 | concert_ticketing.adapters.messaging.rabbitmq.consumer | INFO | Mensaje recibido: request_id=17813
2026-04-06 00:04:13,203 | concert_ticketing.adapters.messaging.rabbitmq.consumer | INFO | Mensaje recibido: request_id=17789
2026-04-06 00:04:13,256 | concert_ticketing.adapters.messaging.rabbitmq.consumer | INFO | Mensaje recibido: request_id=17533
2026-04-06 00:04:13,356 | concert_ticketing.adapters.messaging.rabbitmq.consumer | INFO | Mensaje recibido: request_id=17797
2026-04-06 00:04:13,457 | concert_ticketing.adapters.messaging.rabbitmq.consumer | INFO | Mensaje recibido: request_id=17803
2026-04-06 00:04:13,531 | concert_ticketing.adapters.messaging.rabbitmq.consumer | INFO | Mensaje recibido: request_id=17862
2026-04-06 00:04:13,590 | concert_ticketing.adapters.messaging.rabbitmq.consumer | INFO | Mensaje recibido: request_id=17869
2026-04-06 00:04:13,665 | concert_ticketing.adapters.messaging.rabbitmq.consumer | INFO | Mensaje recibido: request_id=17810
2026-04-06 00:04:13,763 | concert_ticketing.adapters.messaging.rabbitmq.consumer | INFO | Mensaje recibido: request_id=17875
2026-04-06 00:04:13,867 | concert_ticketing.adapters.messaging.rabbitmq.consumer | INFO | Mensaje recibido: request_id=17894
2026-04-06 00:04:13,943 | concert_ticketing.adapters.messaging.rabbitmq.consumer | INFO | Mensaje recibido: request_id=17890
2026-04-06 00:04:14,025 | concert_ticketing.adapters.messaging.rabbitmq.consumer | INFO | Mensaje recibido: request_id=17671
2026-04-06 00:04:14,104 | concert_ticketing.adapters.messaging.rabbitmq.consumer | INFO | Mensaje recibido: request_id=17905
2026-04-06 00:04:14,198 | concert_ticketing.adapters.messaging.rabbitmq.consumer | INFO | Mensaje recibido: request_id=17860
2026-04-06 00:04:14,277 | concert_ticketing.adapters.messaging.rabbitmq.consumer | INFO | Mensaje recibido: request_id=17918
2026-04-06 00:04:14,372 | concert_ticketing.adapters.messaging.rabbitmq.consumer | INFO | Mensaje recibido: request_id=17940
2026-04-06 00:04:14,453 | concert_ticketing.adapters.messaging.rabbitmq.consumer | INFO | Mensaje recibido: request_id=17941
2026-04-06 00:04:14,536 | concert_ticketing.adapters.messaging.rabbitmq.consumer | INFO | Mensaje recibido: request_id=17850
2026-04-06 00:04:14,648 | concert_ticketing.adapters.messaging.rabbitmq.consumer | INFO | Mensaje recibido: request_id=17958
2026-04-06 00:04:14,723 | concert_ticketing.adapters.messaging.rabbitmq.consumer | INFO | Mensaje recibido: request_id=17973
2026-04-06 00:04:14,816 | concert_ticketing.adapters.messaging.rabbitmq.consumer | INFO | Mensaje recibido: request_id=17982
2026-04-06 00:04:14,878 | concert_ticketing.adapters.messaging.rabbitmq.consumer | INFO | Mensaje recibido: request_id=17980
2026-04-06 00:04:14,970 | concert_ticketing.adapters.messaging.rabbitmq.consumer | INFO | Mensaje recibido: request_id=17995
2026-04-06 00:04:15,046 | concert_ticketing.adapters.messaging.rabbitmq.consumer | INFO | Mensaje recibido: request_id=18005
2026-04-06 00:04:15,129 | concert_ticketing.adapters.messaging.rabbitmq.consumer | INFO | Mensaje recibido: request_id=17917
2026-04-06 00:04:15,215 | concert_ticketing.adapters.messaging.rabbitmq.consumer | INFO | Mensaje recibido: request_id=18021
2026-04-06 00:04:15,298 | concert_ticketing.adapters.messaging.rabbitmq.consumer | INFO | Mensaje recibido: request_id=18025
2026-04-06 00:04:15,394 | concert_ticketing.adapters.messaging.rabbitmq.consumer | INFO | Mensaje recibido: request_id=18037
2026-04-06 00:04:15,486 | concert_ticketing.adapters.messaging.rabbitmq.consumer | INFO | Mensaje recibido: request_id=18024
2026-04-06 00:04:15,563 | concert_ticketing.adapters.messaging.rabbitmq.consumer | INFO | Mensaje recibido: request_id=17994
2026-04-06 00:04:15,657 | concert_ticketing.adapters.messaging.rabbitmq.consumer | INFO | Mensaje recibido: request_id=18053
2026-04-06 00:04:15,736 | concert_ticketing.adapters.messaging.rabbitmq.consumer | INFO | Mensaje recibido: request_id=18067
2026-04-06 00:04:15,849 | concert_ticketing.adapters.messaging.rabbitmq.consumer | INFO | Mensaje recibido: request_id=18027
2026-04-06 00:04:15,923 | concert_ticketing.adapters.messaging.rabbitmq.consumer | INFO | Mensaje recibido: request_id=18086
2026-04-06 00:04:16,004 | concert_ticketing.adapters.messaging.rabbitmq.consumer | INFO | Mensaje recibido: request_id=18093
2026-04-06 00:04:16,089 | concert_ticketing.adapters.messaging.rabbitmq.consumer | INFO | Mensaje recibido: request_id=18102
2026-04-06 00:04:16,164 | concert_ticketing.adapters.messaging.rabbitmq.consumer | INFO | Mensaje recibido: request_id=18034
2026-04-06 00:04:16,258 | concert_ticketing.adapters.messaging.rabbitmq.consumer | INFO | Mensaje recibido: request_id=18110
2026-04-06 00:04:16,352 | concert_ticketing.adapters.messaging.rabbitmq.consumer | INFO | Mensaje recibido: request_id=18124
2026-04-06 00:04:16,436 | concert_ticketing.adapters.messaging.rabbitmq.consumer | INFO | Mensaje recibido: request_id=18006
2026-04-06 00:04:16,517 | concert_ticketing.adapters.messaging.rabbitmq.consumer | INFO | Mensaje recibido: request_id=18071
2026-04-06 00:04:16,604 | concert_ticketing.adapters.messaging.rabbitmq.consumer | INFO | Mensaje recibido: request_id=18120
2026-04-06 00:04:16,692 | concert_ticketing.adapters.messaging.rabbitmq.consumer | INFO | Mensaje recibido: request_id=18072
2026-04-06 00:04:16,795 | concert_ticketing.adapters.messaging.rabbitmq.consumer | INFO | Mensaje recibido: request_id=18166
2026-04-06 00:04:16,856 | concert_ticketing.adapters.messaging.rabbitmq.consumer | INFO | Mensaje recibido: request_id=18171
2026-04-06 00:04:16,946 | concert_ticketing.adapters.messaging.rabbitmq.consumer | INFO | Mensaje recibido: request_id=18062
2026-04-06 00:04:17,034 | concert_ticketing.adapters.messaging.rabbitmq.consumer | INFO | Mensaje recibido: request_id=18183
2026-04-06 00:04:17,124 | concert_ticketing.adapters.messaging.rabbitmq.consumer | INFO | Mensaje recibido: request_id=18196
2026-04-06 00:04:17,217 | concert_ticketing.adapters.messaging.rabbitmq.consumer | INFO | Mensaje recibido: request_id=18194
2026-04-06 00:04:17,295 | concert_ticketing.adapters.messaging.rabbitmq.consumer | INFO | Mensaje recibido: request_id=18175
2026-04-06 00:04:17,386 | concert_ticketing.adapters.messaging.rabbitmq.consumer | INFO | Mensaje recibido: request_id=18221
2026-04-06 00:04:17,469 | concert_ticketing.adapters.messaging.rabbitmq.consumer | INFO | Mensaje recibido: request_id=18198
2026-04-06 00:04:17,551 | concert_ticketing.adapters.messaging.rabbitmq.consumer | INFO | Mensaje recibido: request_id=18100
2026-04-06 00:04:17,646 | concert_ticketing.adapters.messaging.rabbitmq.consumer | INFO | Mensaje recibido: request_id=18208
2026-04-06 00:04:17,718 | concert_ticketing.adapters.messaging.rabbitmq.consumer | INFO | Mensaje recibido: request_id=18238
2026-04-06 00:04:17,809 | concert_ticketing.adapters.messaging.rabbitmq.consumer | INFO | Mensaje recibido: request_id=18248
2026-04-06 00:04:17,898 | concert_ticketing.adapters.messaging.rabbitmq.consumer | INFO | Mensaje recibido: request_id=18241
2026-04-06 00:04:17,976 | concert_ticketing.adapters.messaging.rabbitmq.consumer | INFO | Mensaje recibido: request_id=18243
2026-04-06 00:04:18,060 | concert_ticketing.adapters.messaging.rabbitmq.consumer | INFO | Mensaje recibido: request_id=18266
2026-04-06 00:04:18,139 | concert_ticketing.adapters.messaging.rabbitmq.consumer | INFO | Mensaje recibido: request_id=18245
2026-04-06 00:04:18,230 | concert_ticketing.adapters.messaging.rabbitmq.consumer | INFO | Mensaje recibido: request_id=18302
2026-04-06 00:04:18,321 | concert_ticketing.adapters.messaging.rabbitmq.consumer | INFO | Mensaje recibido: request_id=18235
2026-04-06 00:04:18,398 | concert_ticketing.adapters.messaging.rabbitmq.consumer | INFO | Mensaje recibido: request_id=18254
2026-04-06 00:04:18,492 | concert_ticketing.adapters.messaging.rabbitmq.consumer | INFO | Mensaje recibido: request_id=18279
2026-04-06 00:04:18,567 | concert_ticketing.adapters.messaging.rabbitmq.consumer | INFO | Mensaje recibido: request_id=18320
2026-04-06 00:04:18,635 | concert_ticketing.adapters.messaging.rabbitmq.consumer | INFO | Mensaje recibido: request_id=18325
2026-04-06 00:04:18,724 | concert_ticketing.adapters.messaging.rabbitmq.consumer | INFO | Mensaje recibido: request_id=18342
2026-04-06 00:04:18,810 | concert_ticketing.adapters.messaging.rabbitmq.consumer | INFO | Mensaje recibido: request_id=18323
2026-04-06 00:04:18,898 | concert_ticketing.adapters.messaging.rabbitmq.consumer | INFO | Mensaje recibido: request_id=18271
2026-04-06 00:04:18,978 | concert_ticketing.adapters.messaging.rabbitmq.consumer | INFO | Mensaje recibido: request_id=18374
2026-04-06 00:04:19,048 | concert_ticketing.adapters.messaging.rabbitmq.consumer | INFO | Mensaje recibido: request_id=18339
2026-04-06 00:04:19,138 | concert_ticketing.adapters.messaging.rabbitmq.consumer | INFO | Mensaje recibido: request_id=18373
2026-04-06 00:04:19,210 | concert_ticketing.adapters.messaging.rabbitmq.consumer | INFO | Mensaje recibido: request_id=18395
2026-04-06 00:04:19,293 | concert_ticketing.adapters.messaging.rabbitmq.consumer | INFO | Mensaje recibido: request_id=18397
2026-04-06 00:04:19,387 | concert_ticketing.adapters.messaging.rabbitmq.consumer | INFO | Mensaje recibido: request_id=18411
2026-04-06 00:04:19,454 | concert_ticketing.adapters.messaging.rabbitmq.consumer | INFO | Mensaje recibido: request_id=18421
2026-04-06 00:04:19,559 | concert_ticketing.adapters.messaging.rabbitmq.consumer | INFO | Mensaje recibido: request_id=18429
2026-04-06 00:04:19,646 | concert_ticketing.adapters.messaging.rabbitmq.consumer | INFO | Mensaje recibido: request_id=18368
2026-04-06 00:04:19,727 | concert_ticketing.adapters.messaging.rabbitmq.consumer | INFO | Mensaje recibido: request_id=18446
2026-04-06 00:04:19,793 | concert_ticketing.adapters.messaging.rabbitmq.consumer | INFO | Mensaje recibido: request_id=18424
2026-04-06 00:04:19,868 | concert_ticketing.adapters.messaging.rabbitmq.consumer | INFO | Mensaje recibido: request_id=18383
2026-04-06 00:04:19,945 | concert_ticketing.adapters.messaging.rabbitmq.consumer | INFO | Mensaje recibido: request_id=18423
2026-04-06 00:04:20,020 | concert_ticketing.adapters.messaging.rabbitmq.consumer | INFO | Mensaje recibido: request_id=18448
2026-04-06 00:04:20,096 | concert_ticketing.adapters.messaging.rabbitmq.consumer | INFO | Mensaje recibido: request_id=18394
2026-04-06 00:04:20,168 | concert_ticketing.adapters.messaging.rabbitmq.consumer | INFO | Mensaje recibido: request_id=18485
2026-04-06 00:04:20,262 | concert_ticketing.adapters.messaging.rabbitmq.consumer | INFO | Mensaje recibido: request_id=18502
2026-04-06 00:04:20,337 | concert_ticketing.adapters.messaging.rabbitmq.consumer | INFO | Mensaje recibido: request_id=18501
2026-04-06 00:04:20,418 | concert_ticketing.adapters.messaging.rabbitmq.consumer | INFO | Mensaje recibido: request_id=18425
2026-04-06 00:04:20,509 | concert_ticketing.adapters.messaging.rabbitmq.consumer | INFO | Mensaje recibido: request_id=18525
2026-04-06 00:04:20,585 | concert_ticketing.adapters.messaging.rabbitmq.consumer | INFO | Mensaje recibido: request_id=18430
2026-04-06 00:04:20,667 | concert_ticketing.adapters.messaging.rabbitmq.consumer | INFO | Mensaje recibido: request_id=18505
2026-04-06 00:04:20,746 | concert_ticketing.adapters.messaging.rabbitmq.consumer | INFO | Mensaje recibido: request_id=18378
2026-04-06 00:04:20,809 | concert_ticketing.adapters.messaging.rabbitmq.consumer | INFO | Mensaje recibido: request_id=18549
2026-04-06 00:04:20,908 | concert_ticketing.adapters.messaging.rabbitmq.consumer | INFO | Mensaje recibido: request_id=18507
2026-04-06 00:04:20,990 | concert_ticketing.adapters.messaging.rabbitmq.consumer | INFO | Mensaje recibido: request_id=18539
2026-04-06 00:04:21,064 | concert_ticketing.adapters.messaging.rabbitmq.consumer | INFO | Mensaje recibido: request_id=18575
2026-04-06 00:04:21,146 | concert_ticketing.adapters.messaging.rabbitmq.consumer | INFO | Mensaje recibido: request_id=18531
2026-04-06 00:04:21,230 | concert_ticketing.adapters.messaging.rabbitmq.consumer | INFO | Mensaje recibido: request_id=18598
2026-04-06 00:04:21,317 | concert_ticketing.adapters.messaging.rabbitmq.consumer | INFO | Mensaje recibido: request_id=18581
2026-04-06 00:04:21,404 | concert_ticketing.adapters.messaging.rabbitmq.consumer | INFO | Mensaje recibido: request_id=18607
2026-04-06 00:04:21,498 | concert_ticketing.adapters.messaging.rabbitmq.consumer | INFO | Mensaje recibido: request_id=18621
2026-04-06 00:04:21,570 | concert_ticketing.adapters.messaging.rabbitmq.consumer | INFO | Mensaje recibido: request_id=18601
2026-04-06 00:04:21,658 | concert_ticketing.adapters.messaging.rabbitmq.consumer | INFO | Mensaje recibido: request_id=18557
2026-04-06 00:04:21,739 | concert_ticketing.adapters.messaging.rabbitmq.consumer | INFO | Mensaje recibido: request_id=18637
2026-04-06 00:04:21,824 | concert_ticketing.adapters.messaging.rabbitmq.consumer | INFO | Mensaje recibido: request_id=18652
2026-04-06 00:04:21,896 | concert_ticketing.adapters.messaging.rabbitmq.consumer | INFO | Mensaje recibido: request_id=18564
2026-04-06 00:04:21,975 | concert_ticketing.adapters.messaging.rabbitmq.consumer | INFO | Mensaje recibido: request_id=18661
2026-04-06 00:04:22,052 | concert_ticketing.adapters.messaging.rabbitmq.consumer | INFO | Mensaje recibido: request_id=18653
2026-04-06 00:04:22,148 | concert_ticketing.adapters.messaging.rabbitmq.consumer | INFO | Mensaje recibido: request_id=18674
2026-04-06 00:04:22,211 | concert_ticketing.adapters.messaging.rabbitmq.consumer | INFO | Mensaje recibido: request_id=18585
2026-04-06 00:04:22,282 | concert_ticketing.adapters.messaging.rabbitmq.consumer | INFO | Mensaje recibido: request_id=18689
2026-04-06 00:04:22,371 | concert_ticketing.adapters.messaging.rabbitmq.consumer | INFO | Mensaje recibido: request_id=18709
2026-04-06 00:04:22,450 | concert_ticketing.adapters.messaging.rabbitmq.consumer | INFO | Mensaje recibido: request_id=18647
2026-04-06 00:04:22,531 | concert_ticketing.adapters.messaging.rabbitmq.consumer | INFO | Mensaje recibido: request_id=18708
2026-04-06 00:04:22,612 | concert_ticketing.adapters.messaging.rabbitmq.consumer | INFO | Mensaje recibido: request_id=18719
2026-04-06 00:04:22,683 | concert_ticketing.adapters.messaging.rabbitmq.consumer | INFO | Mensaje recibido: request_id=18722
2026-04-06 00:04:22,762 | concert_ticketing.adapters.messaging.rabbitmq.consumer | INFO | Mensaje recibido: request_id=18740
2026-04-06 00:04:22,854 | concert_ticketing.adapters.messaging.rabbitmq.consumer | INFO | Mensaje recibido: request_id=18757
2026-04-06 00:04:22,931 | concert_ticketing.adapters.messaging.rabbitmq.consumer | INFO | Mensaje recibido: request_id=18713
2026-04-06 00:04:23,009 | concert_ticketing.adapters.messaging.rabbitmq.consumer | INFO | Mensaje recibido: request_id=18773
2026-04-06 00:04:23,097 | concert_ticketing.adapters.messaging.rabbitmq.consumer | INFO | Mensaje recibido: request_id=18746
2026-04-06 00:04:23,192 | concert_ticketing.adapters.messaging.rabbitmq.consumer | INFO | Mensaje recibido: request_id=18789
2026-04-06 00:04:23,293 | concert_ticketing.adapters.messaging.rabbitmq.consumer | INFO | Mensaje recibido: request_id=18791
2026-04-06 00:04:23,373 | concert_ticketing.adapters.messaging.rabbitmq.consumer | INFO | Mensaje recibido: request_id=18663
2026-04-06 00:04:23,461 | concert_ticketing.adapters.messaging.rabbitmq.consumer | INFO | Mensaje recibido: request_id=18747
2026-04-06 00:04:23,581 | concert_ticketing.adapters.messaging.rabbitmq.consumer | INFO | Mensaje recibido: request_id=18745
2026-04-06 00:04:23,679 | concert_ticketing.adapters.messaging.rabbitmq.consumer | INFO | Mensaje recibido: request_id=18805
2026-04-06 00:04:23,791 | concert_ticketing.adapters.messaging.rabbitmq.consumer | INFO | Mensaje recibido: request_id=18826
2026-04-06 00:04:23,913 | concert_ticketing.adapters.messaging.rabbitmq.consumer | INFO | Mensaje recibido: request_id=18846
2026-04-06 00:04:24,013 | concert_ticketing.adapters.messaging.rabbitmq.consumer | INFO | Mensaje recibido: request_id=18780
2026-04-06 00:04:24,112 | concert_ticketing.adapters.messaging.rabbitmq.consumer | INFO | Mensaje recibido: request_id=18862
2026-04-06 00:04:24,190 | concert_ticketing.adapters.messaging.rabbitmq.consumer | INFO | Mensaje recibido: request_id=18853
2026-04-06 00:04:24,270 | concert_ticketing.adapters.messaging.rabbitmq.consumer | INFO | Mensaje recibido: request_id=18878
2026-04-06 00:04:24,351 | concert_ticketing.adapters.messaging.rabbitmq.consumer | INFO | Mensaje recibido: request_id=18748
2026-04-06 00:04:24,435 | concert_ticketing.adapters.messaging.rabbitmq.consumer | INFO | Mensaje recibido: request_id=18885
2026-04-06 00:04:24,520 | concert_ticketing.adapters.messaging.rabbitmq.consumer | INFO | Mensaje recibido: request_id=18899
2026-04-06 00:04:24,613 | concert_ticketing.adapters.messaging.rabbitmq.consumer | INFO | Mensaje recibido: request_id=18884
2026-04-06 00:04:24,694 | concert_ticketing.adapters.messaging.rabbitmq.consumer | INFO | Mensaje recibido: request_id=18911
2026-04-06 00:04:24,780 | concert_ticketing.adapters.messaging.rabbitmq.consumer | INFO | Mensaje recibido: request_id=18868
2026-04-06 00:04:24,850 | concert_ticketing.adapters.messaging.rabbitmq.consumer | INFO | Mensaje recibido: request_id=18925
2026-04-06 00:04:24,935 | concert_ticketing.adapters.messaging.rabbitmq.consumer | INFO | Mensaje recibido: request_id=18941
2026-04-06 00:04:25,011 | concert_ticketing.adapters.messaging.rabbitmq.consumer | INFO | Mensaje recibido: request_id=18809
2026-04-06 00:04:25,106 | concert_ticketing.adapters.messaging.rabbitmq.consumer | INFO | Mensaje recibido: request_id=18894
2026-04-06 00:04:25,173 | concert_ticketing.adapters.messaging.rabbitmq.consumer | INFO | Mensaje recibido: request_id=18895
2026-04-06 00:04:25,248 | concert_ticketing.adapters.messaging.rabbitmq.consumer | INFO | Mensaje recibido: request_id=18964
2026-04-06 00:04:25,325 | concert_ticketing.adapters.messaging.rabbitmq.consumer | INFO | Mensaje recibido: request_id=18982
2026-04-06 00:04:25,389 | concert_ticketing.adapters.messaging.rabbitmq.consumer | INFO | Mensaje recibido: request_id=18979
2026-04-06 00:04:25,477 | concert_ticketing.adapters.messaging.rabbitmq.consumer | INFO | Mensaje recibido: request_id=18782
2026-04-06 00:04:25,543 | concert_ticketing.adapters.messaging.rabbitmq.consumer | INFO | Mensaje recibido: request_id=18988
2026-04-06 00:04:25,623 | concert_ticketing.adapters.messaging.rabbitmq.consumer | INFO | Mensaje recibido: request_id=18943
2026-04-06 00:04:25,708 | concert_ticketing.adapters.messaging.rabbitmq.consumer | INFO | Mensaje recibido: request_id=19019
2026-04-06 00:04:25,791 | concert_ticketing.adapters.messaging.rabbitmq.consumer | INFO | Mensaje recibido: request_id=18976
2026-04-06 00:04:25,871 | concert_ticketing.adapters.messaging.rabbitmq.consumer | INFO | Mensaje recibido: request_id=19028
2026-04-06 00:04:25,942 | concert_ticketing.adapters.messaging.rabbitmq.consumer | INFO | Mensaje recibido: request_id=19006
2026-04-06 00:04:26,038 | concert_ticketing.adapters.messaging.rabbitmq.consumer | INFO | Mensaje recibido: request_id=19014
2026-04-06 00:04:26,116 | concert_ticketing.adapters.messaging.rabbitmq.consumer | INFO | Mensaje recibido: request_id=19043
2026-04-06 00:04:26,191 | concert_ticketing.adapters.messaging.rabbitmq.consumer | INFO | Mensaje recibido: request_id=19034
2026-04-06 00:04:26,292 | concert_ticketing.adapters.messaging.rabbitmq.consumer | INFO | Mensaje recibido: request_id=19004
2026-04-06 00:04:26,363 | concert_ticketing.adapters.messaging.rabbitmq.consumer | INFO | Mensaje recibido: request_id=19057
2026-04-06 00:04:26,438 | concert_ticketing.adapters.messaging.rabbitmq.consumer | INFO | Mensaje recibido: request_id=19094
2026-04-06 00:04:26,492 | concert_ticketing.adapters.messaging.rabbitmq.consumer | INFO | Mensaje recibido: request_id=19081
2026-04-06 00:04:26,588 | concert_ticketing.adapters.messaging.rabbitmq.consumer | INFO | Mensaje recibido: request_id=19073
2026-04-06 00:04:26,670 | concert_ticketing.adapters.messaging.rabbitmq.consumer | INFO | Mensaje recibido: request_id=19109
2026-04-06 00:04:26,746 | concert_ticketing.adapters.messaging.rabbitmq.consumer | INFO | Mensaje recibido: request_id=19097
2026-04-06 00:04:26,833 | concert_ticketing.adapters.messaging.rabbitmq.consumer | INFO | Mensaje recibido: request_id=18998
2026-04-06 00:04:26,916 | concert_ticketing.adapters.messaging.rabbitmq.consumer | INFO | Mensaje recibido: request_id=19143
2026-04-06 00:04:27,025 | concert_ticketing.adapters.messaging.rabbitmq.consumer | INFO | Mensaje recibido: request_id=19150
2026-04-06 00:04:27,120 | concert_ticketing.adapters.messaging.rabbitmq.consumer | INFO | Mensaje recibido: request_id=19059
2026-04-06 00:04:27,184 | concert_ticketing.adapters.messaging.rabbitmq.consumer | INFO | Mensaje recibido: request_id=19137
2026-04-06 00:04:27,276 | concert_ticketing.adapters.messaging.rabbitmq.consumer | INFO | Mensaje recibido: request_id=19096
2026-04-06 00:04:27,375 | concert_ticketing.adapters.messaging.rabbitmq.consumer | INFO | Mensaje recibido: request_id=19145
2026-04-06 00:04:27,452 | concert_ticketing.adapters.messaging.rabbitmq.consumer | INFO | Mensaje recibido: request_id=19189
2026-04-06 00:04:27,536 | concert_ticketing.adapters.messaging.rabbitmq.consumer | INFO | Mensaje recibido: request_id=19170
2026-04-06 00:04:27,577 | concert_ticketing.adapters.messaging.rabbitmq.consumer | INFO | Mensaje recibido: request_id=19159
2026-04-06 00:04:27,653 | concert_ticketing.adapters.messaging.rabbitmq.consumer | INFO | Mensaje recibido: request_id=19207
2026-04-06 00:04:27,729 | concert_ticketing.adapters.messaging.rabbitmq.consumer | INFO | Mensaje recibido: request_id=19206
2026-04-06 00:04:27,838 | concert_ticketing.adapters.messaging.rabbitmq.consumer | INFO | Mensaje recibido: request_id=19174
2026-04-06 00:04:27,929 | concert_ticketing.adapters.messaging.rabbitmq.consumer | INFO | Mensaje recibido: request_id=19203
2026-04-06 00:04:28,000 | concert_ticketing.adapters.messaging.rabbitmq.consumer | INFO | Mensaje recibido: request_id=19242
2026-04-06 00:04:28,100 | concert_ticketing.adapters.messaging.rabbitmq.consumer | INFO | Mensaje recibido: request_id=19221
2026-04-06 00:04:28,191 | concert_ticketing.adapters.messaging.rabbitmq.consumer | INFO | Mensaje recibido: request_id=19260
2026-04-06 00:04:28,243 | concert_ticketing.adapters.messaging.rabbitmq.consumer | INFO | Mensaje recibido: request_id=19216
2026-04-06 00:04:28,348 | concert_ticketing.adapters.messaging.rabbitmq.consumer | INFO | Mensaje recibido: request_id=19256
2026-04-06 00:04:28,432 | concert_ticketing.adapters.messaging.rabbitmq.consumer | INFO | Mensaje recibido: request_id=19238
2026-04-06 00:04:28,535 | concert_ticketing.adapters.messaging.rabbitmq.consumer | INFO | Mensaje recibido: request_id=19199
2026-04-06 00:04:28,627 | concert_ticketing.adapters.messaging.rabbitmq.consumer | INFO | Mensaje recibido: request_id=19280
2026-04-06 00:04:28,706 | concert_ticketing.adapters.messaging.rabbitmq.consumer | INFO | Mensaje recibido: request_id=19300
2026-04-06 00:04:28,800 | concert_ticketing.adapters.messaging.rabbitmq.consumer | INFO | Mensaje recibido: request_id=19301
2026-04-06 00:04:28,873 | concert_ticketing.adapters.messaging.rabbitmq.consumer | INFO | Mensaje recibido: request_id=19302
2026-04-06 00:04:28,958 | concert_ticketing.adapters.messaging.rabbitmq.consumer | INFO | Mensaje recibido: request_id=19330
2026-04-06 00:04:29,024 | concert_ticketing.adapters.messaging.rabbitmq.consumer | INFO | Mensaje recibido: request_id=19262
2026-04-06 00:04:29,114 | concert_ticketing.adapters.messaging.rabbitmq.consumer | INFO | Mensaje recibido: request_id=19331
2026-04-06 00:04:29,199 | concert_ticketing.adapters.messaging.rabbitmq.consumer | INFO | Mensaje recibido: request_id=19334
2026-04-06 00:04:29,287 | concert_ticketing.adapters.messaging.rabbitmq.consumer | INFO | Mensaje recibido: request_id=19316
2026-04-06 00:04:29,362 | concert_ticketing.adapters.messaging.rabbitmq.consumer | INFO | Mensaje recibido: request_id=19342
2026-04-06 00:04:29,434 | concert_ticketing.adapters.messaging.rabbitmq.consumer | INFO | Mensaje recibido: request_id=19370
2026-04-06 00:04:29,503 | concert_ticketing.adapters.messaging.rabbitmq.consumer | INFO | Mensaje recibido: request_id=19385
2026-04-06 00:04:29,587 | concert_ticketing.adapters.messaging.rabbitmq.consumer | INFO | Mensaje recibido: request_id=19363
2026-04-06 00:04:29,658 | concert_ticketing.adapters.messaging.rabbitmq.consumer | INFO | Mensaje recibido: request_id=19318
2026-04-06 00:04:29,756 | concert_ticketing.adapters.messaging.rabbitmq.consumer | INFO | Mensaje recibido: request_id=19254
2026-04-06 00:04:29,843 | concert_ticketing.adapters.messaging.rabbitmq.consumer | INFO | Mensaje recibido: request_id=19418
2026-04-06 00:04:29,916 | concert_ticketing.adapters.messaging.rabbitmq.consumer | INFO | Mensaje recibido: request_id=19412
2026-04-06 00:04:30,011 | concert_ticketing.adapters.messaging.rabbitmq.consumer | INFO | Mensaje recibido: request_id=19437
2026-04-06 00:04:30,063 | concert_ticketing.adapters.messaging.rabbitmq.consumer | INFO | Mensaje recibido: request_id=19352
2026-04-06 00:04:30,165 | concert_ticketing.adapters.messaging.rabbitmq.consumer | INFO | Mensaje recibido: request_id=19426
2026-04-06 00:04:30,240 | concert_ticketing.adapters.messaging.rabbitmq.consumer | INFO | Mensaje recibido: request_id=19445
2026-04-06 00:04:30,337 | concert_ticketing.adapters.messaging.rabbitmq.consumer | INFO | Mensaje recibido: request_id=19467
2026-04-06 00:04:30,414 | concert_ticketing.adapters.messaging.rabbitmq.consumer | INFO | Mensaje recibido: request_id=19474
2026-04-06 00:04:30,513 | concert_ticketing.adapters.messaging.rabbitmq.consumer | INFO | Mensaje recibido: request_id=19457
2026-04-06 00:04:30,595 | concert_ticketing.adapters.messaging.rabbitmq.consumer | INFO | Mensaje recibido: request_id=19486
2026-04-06 00:04:30,703 | concert_ticketing.adapters.messaging.rabbitmq.consumer | INFO | Mensaje recibido: request_id=19501
2026-04-06 00:04:30,791 | concert_ticketing.adapters.messaging.rabbitmq.consumer | INFO | Mensaje recibido: request_id=19507
2026-04-06 00:04:30,870 | concert_ticketing.adapters.messaging.rabbitmq.consumer | INFO | Mensaje recibido: request_id=19514
2026-04-06 00:04:30,962 | concert_ticketing.adapters.messaging.rabbitmq.consumer | INFO | Mensaje recibido: request_id=19513
2026-04-06 00:04:31,043 | concert_ticketing.adapters.messaging.rabbitmq.consumer | INFO | Mensaje recibido: request_id=19473
2026-04-06 00:04:31,128 | concert_ticketing.adapters.messaging.rabbitmq.consumer | INFO | Mensaje recibido: request_id=19510
2026-04-06 00:04:31,223 | concert_ticketing.adapters.messaging.rabbitmq.consumer | INFO | Mensaje recibido: request_id=19310
2026-04-06 00:04:31,333 | concert_ticketing.adapters.messaging.rabbitmq.consumer | INFO | Mensaje recibido: request_id=19558
2026-04-06 00:04:31,428 | concert_ticketing.adapters.messaging.rabbitmq.consumer | INFO | Mensaje recibido: request_id=19547
2026-04-06 00:04:31,512 | concert_ticketing.adapters.messaging.rabbitmq.consumer | INFO | Mensaje recibido: request_id=19557
2026-04-06 00:04:31,599 | concert_ticketing.adapters.messaging.rabbitmq.consumer | INFO | Mensaje recibido: request_id=19545
2026-04-06 00:04:31,688 | concert_ticketing.adapters.messaging.rabbitmq.consumer | INFO | Mensaje recibido: request_id=19538
2026-04-06 00:04:31,770 | concert_ticketing.adapters.messaging.rabbitmq.consumer | INFO | Mensaje recibido: request_id=19543
2026-04-06 00:04:31,871 | concert_ticketing.adapters.messaging.rabbitmq.consumer | INFO | Mensaje recibido: request_id=19535
2026-04-06 00:04:31,938 | concert_ticketing.adapters.messaging.rabbitmq.consumer | INFO | Mensaje recibido: request_id=19519
2026-04-06 00:04:32,046 | concert_ticketing.adapters.messaging.rabbitmq.consumer | INFO | Mensaje recibido: request_id=19605
2026-04-06 00:04:32,123 | concert_ticketing.adapters.messaging.rabbitmq.consumer | INFO | Mensaje recibido: request_id=19627
2026-04-06 00:04:32,203 | concert_ticketing.adapters.messaging.rabbitmq.consumer | INFO | Mensaje recibido: request_id=19592
2026-04-06 00:04:32,295 | concert_ticketing.adapters.messaging.rabbitmq.consumer | INFO | Mensaje recibido: request_id=19618
2026-04-06 00:04:32,378 | concert_ticketing.adapters.messaging.rabbitmq.consumer | INFO | Mensaje recibido: request_id=19652
2026-04-06 00:04:32,450 | concert_ticketing.adapters.messaging.rabbitmq.consumer | INFO | Mensaje recibido: request_id=19645
2026-04-06 00:04:32,537 | concert_ticketing.adapters.messaging.rabbitmq.consumer | INFO | Mensaje recibido: request_id=19625
2026-04-06 00:04:32,602 | concert_ticketing.adapters.messaging.rabbitmq.consumer | INFO | Mensaje recibido: request_id=19614
2026-04-06 00:04:32,689 | concert_ticketing.adapters.messaging.rabbitmq.consumer | INFO | Mensaje recibido: request_id=19683
2026-04-06 00:04:32,775 | concert_ticketing.adapters.messaging.rabbitmq.consumer | INFO | Mensaje recibido: request_id=19662
2026-04-06 00:04:32,855 | concert_ticketing.adapters.messaging.rabbitmq.consumer | INFO | Mensaje recibido: request_id=19637
2026-04-06 00:04:32,933 | concert_ticketing.adapters.messaging.rabbitmq.consumer | INFO | Mensaje recibido: request_id=19670
2026-04-06 00:04:33,023 | concert_ticketing.adapters.messaging.rabbitmq.consumer | INFO | Mensaje recibido: request_id=19709
2026-04-06 00:04:33,111 | concert_ticketing.adapters.messaging.rabbitmq.consumer | INFO | Mensaje recibido: request_id=19698
2026-04-06 00:04:33,188 | concert_ticketing.adapters.messaging.rabbitmq.consumer | INFO | Mensaje recibido: request_id=19729
2026-04-06 00:04:33,252 | concert_ticketing.adapters.messaging.rabbitmq.consumer | INFO | Mensaje recibido: request_id=19735
2026-04-06 00:04:33,337 | concert_ticketing.adapters.messaging.rabbitmq.consumer | INFO | Mensaje recibido: request_id=19745
2026-04-06 00:04:33,425 | concert_ticketing.adapters.messaging.rabbitmq.consumer | INFO | Mensaje recibido: request_id=19756
2026-04-06 00:04:33,500 | concert_ticketing.adapters.messaging.rabbitmq.consumer | INFO | Mensaje recibido: request_id=19700
2026-04-06 00:04:33,593 | concert_ticketing.adapters.messaging.rabbitmq.consumer | INFO | Mensaje recibido: request_id=19770
2026-04-06 00:04:33,672 | concert_ticketing.adapters.messaging.rabbitmq.consumer | INFO | Mensaje recibido: request_id=19737
2026-04-06 00:04:33,730 | concert_ticketing.adapters.messaging.rabbitmq.consumer | INFO | Mensaje recibido: request_id=19786
2026-04-06 00:04:33,809 | concert_ticketing.adapters.messaging.rabbitmq.consumer | INFO | Mensaje recibido: request_id=19751
2026-04-06 00:04:33,893 | concert_ticketing.adapters.messaging.rabbitmq.consumer | INFO | Mensaje recibido: request_id=19802
2026-04-06 00:04:33,975 | concert_ticketing.adapters.messaging.rabbitmq.consumer | INFO | Mensaje recibido: request_id=19801
2026-04-06 00:04:34,056 | concert_ticketing.adapters.messaging.rabbitmq.consumer | INFO | Mensaje recibido: request_id=19819
2026-04-06 00:04:34,148 | concert_ticketing.adapters.messaging.rabbitmq.consumer | INFO | Mensaje recibido: request_id=19738
2026-04-06 00:04:34,246 | concert_ticketing.adapters.messaging.rabbitmq.consumer | INFO | Mensaje recibido: request_id=19774
2026-04-06 00:04:34,349 | concert_ticketing.adapters.messaging.rabbitmq.consumer | INFO | Mensaje recibido: request_id=19769
2026-04-06 00:04:34,448 | concert_ticketing.adapters.messaging.rabbitmq.consumer | INFO | Mensaje recibido: request_id=19795
2026-04-06 00:04:34,536 | concert_ticketing.adapters.messaging.rabbitmq.consumer | INFO | Mensaje recibido: request_id=19811
2026-04-06 00:04:34,634 | concert_ticketing.adapters.messaging.rabbitmq.consumer | INFO | Mensaje recibido: request_id=19867
2026-04-06 00:04:34,727 | concert_ticketing.adapters.messaging.rabbitmq.consumer | INFO | Mensaje recibido: request_id=19781
2026-04-06 00:04:34,842 | concert_ticketing.adapters.messaging.rabbitmq.consumer | INFO | Mensaje recibido: request_id=19873
2026-04-06 00:04:34,929 | concert_ticketing.adapters.messaging.rabbitmq.consumer | INFO | Mensaje recibido: request_id=19890
2026-04-06 00:04:35,063 | concert_ticketing.adapters.messaging.rabbitmq.consumer | INFO | Mensaje recibido: request_id=19887
2026-04-06 00:04:35,169 | concert_ticketing.adapters.messaging.rabbitmq.consumer | INFO | Mensaje recibido: request_id=19908
2026-04-06 00:04:35,256 | concert_ticketing.adapters.messaging.rabbitmq.consumer | INFO | Mensaje recibido: request_id=19916
2026-04-06 00:04:35,338 | concert_ticketing.adapters.messaging.rabbitmq.consumer | INFO | Mensaje recibido: request_id=19876
2026-04-06 00:04:35,422 | concert_ticketing.adapters.messaging.rabbitmq.consumer | INFO | Mensaje recibido: request_id=19878
2026-04-06 00:04:35,496 | concert_ticketing.adapters.messaging.rabbitmq.consumer | INFO | Mensaje recibido: request_id=19933
2026-04-06 00:04:35,575 | concert_ticketing.adapters.messaging.rabbitmq.consumer | INFO | Mensaje recibido: request_id=19875
2026-04-06 00:04:35,668 | concert_ticketing.adapters.messaging.rabbitmq.consumer | INFO | Mensaje recibido: request_id=19856
2026-04-06 00:04:35,748 | concert_ticketing.adapters.messaging.rabbitmq.consumer | INFO | Mensaje recibido: request_id=19914
2026-04-06 00:04:35,829 | concert_ticketing.adapters.messaging.rabbitmq.consumer | INFO | Mensaje recibido: request_id=19969
2026-04-06 00:04:35,912 | concert_ticketing.adapters.messaging.rabbitmq.consumer | INFO | Mensaje recibido: request_id=19977
2026-04-06 00:04:35,999 | concert_ticketing.adapters.messaging.rabbitmq.consumer | INFO | Mensaje recibido: request_id=19967
2026-04-06 00:04:36,073 | concert_ticketing.adapters.messaging.rabbitmq.consumer | INFO | Mensaje recibido: request_id=19996
2026-04-06 00:04:36,131 | concert_ticketing.adapters.messaging.rabbitmq.consumer | INFO | Mensaje recibido: request_id=19961
2026-04-06 00:04:36,217 | concert_ticketing.adapters.messaging.rabbitmq.consumer | INFO | Mensaje recibido: request_id=19921
2026-04-06 00:04:36,280 | concert_ticketing.adapters.messaging.rabbitmq.consumer | INFO | Mensaje recibido: request_id=19997
2026-04-06 00:04:36,341 | concert_ticketing.adapters.messaging.rabbitmq.consumer | INFO | Mensaje recibido: request_id=19966
2026-04-06 00:04:36,392 | concert_ticketing.adapters.messaging.rabbitmq.consumer | INFO | Mensaje recibido: request_id=19942
