2026-04-06 00:01:03,812 | concert_ticketing.adapters.persistence.redis.connection | INFO | Cliente Redis creado -> localhost:6379/0
2026-04-06 00:01:03,820 | pika.adapters.utils.connection_workflow | INFO | Pika version 1.3.2 connecting to ('::1', 5672, 0, 0)
2026-04-06 00:01:03,821 | pika.adapters.utils.io_services_utils | INFO | Socket connected: <socket.socket fd=1172, family=23, type=1, proto=6, laddr=('::1', 57656, 0, 0), raddr=('::1', 5672, 0, 0)>
2026-04-06 00:01:03,821 | pika.adapters.utils.connection_workflow | INFO | Streaming transport linked up: (<pika.adapters.utils.io_services_utils._AsyncPlaintextTransport object at 0x0000022A66197EC0>, _StreamingProtocolShim: <SelectConnection PROTOCOL transport=<pika.adapters.utils.io_services_utils._AsyncPlaintextTransport object at 0x0000022A66197EC0> params=<ConnectionParameters host=localhost port=5672 virtual_host=/ ssl=False>>).
2026-04-06 00:01:03,869 | pika.adapters.utils.connection_workflow | INFO | AMQPConnector - reporting success: <SelectConnection OPEN transport=<pika.adapters.utils.io_services_utils._AsyncPlaintextTransport object at 0x0000022A66197EC0> params=<ConnectionParameters host=localhost port=5672 virtual_host=/ ssl=False>>
2026-04-06 00:01:03,869 | pika.adapters.utils.connection_workflow | INFO | AMQPConnectionWorkflow - reporting success: <SelectConnection OPEN transport=<pika.adapters.utils.io_services_utils._AsyncPlaintextTransport object at 0x0000022A66197EC0> params=<ConnectionParameters host=localhost port=5672 virtual_host=/ ssl=False>>
2026-04-06 00:01:03,869 | pika.adapters.blocking_connection | INFO | Connection workflow succeeded: <SelectConnection OPEN transport=<pika.adapters.utils.io_services_utils._AsyncPlaintextTransport object at 0x0000022A66197EC0> params=<ConnectionParameters host=localhost port=5672 virtual_host=/ ssl=False>>
2026-04-06 00:01:03,869 | concert_ticketing.adapters.messaging.rabbitmq.connection | INFO | Conexion RabbitMQ establecida -> localhost:5672
2026-04-06 00:01:03,869 | __main__ | INFO | Conexión RabbitMQ establecida (intento 1/10)
2026-04-06 00:01:03,870 | pika.adapters.blocking_connection | INFO | Created channel=1
2026-04-06 00:01:03,875 | concert_ticketing.adapters.messaging.rabbitmq.queue_setup | INFO | Cola 'purchase_requests' declarada.
2026-04-06 00:01:03,876 | concert_ticketing.adapters.messaging.rabbitmq.queue_setup | INFO | Exchange 'purchase_results' declarado.
2026-04-06 00:01:03,876 | __main__ | INFO | Worker iniciado. Consumiendo peticiones de compra...
2026-04-06 00:01:03,878 | concert_ticketing.adapters.messaging.rabbitmq.consumer | INFO | Consumiendo de 'purchase_requests'. Esperando mensajes...
2026-04-06 00:01:08,148 | concert_ticketing.adapters.messaging.rabbitmq.consumer | INFO | Mensaje recibido: request_id=00014
2026-04-06 00:01:08,209 | concert_ticketing.adapters.messaging.rabbitmq.consumer | INFO | Mensaje recibido: request_id=00003
2026-04-06 00:01:08,261 | concert_ticketing.adapters.messaging.rabbitmq.consumer | INFO | Mensaje recibido: request_id=00031
2026-04-06 00:01:08,309 | concert_ticketing.adapters.messaging.rabbitmq.consumer | INFO | Mensaje recibido: request_id=00026
2026-04-06 00:01:08,357 | concert_ticketing.adapters.messaging.rabbitmq.consumer | INFO | Mensaje recibido: request_id=00022
2026-04-06 00:01:08,405 | concert_ticketing.adapters.messaging.rabbitmq.consumer | INFO | Mensaje recibido: request_id=00015
2026-04-06 00:01:08,456 | concert_ticketing.adapters.messaging.rabbitmq.consumer | INFO | Mensaje recibido: request_id=00053
2026-04-06 00:01:08,504 | concert_ticketing.adapters.messaging.rabbitmq.consumer | INFO | Mensaje recibido: request_id=00062
2026-04-06 00:01:08,548 | concert_ticketing.adapters.messaging.rabbitmq.consumer | INFO | Mensaje recibido: request_id=00068
2026-04-06 00:01:08,592 | concert_ticketing.adapters.messaging.rabbitmq.consumer | INFO | Mensaje recibido: request_id=00076
2026-04-06 00:01:08,637 | concert_ticketing.adapters.messaging.rabbitmq.consumer | INFO | Mensaje recibido: request_id=00083
2026-04-06 00:01:08,684 | concert_ticketing.adapters.messaging.rabbitmq.consumer | INFO | Mensaje recibido: request_id=00091
2026-04-06 00:01:08,731 | concert_ticketing.adapters.messaging.rabbitmq.consumer | INFO | Mensaje recibido: request_id=00099
2026-04-06 00:01:08,775 | concert_ticketing.adapters.messaging.rabbitmq.consumer | INFO | Mensaje recibido: request_id=00107
2026-04-06 00:01:08,825 | concert_ticketing.adapters.messaging.rabbitmq.consumer | INFO | Mensaje recibido: request_id=00116
2026-04-06 00:01:08,872 | concert_ticketing.adapters.messaging.rabbitmq.consumer | INFO | Mensaje recibido: request_id=00124
2026-04-06 00:01:08,915 | concert_ticketing.adapters.messaging.rabbitmq.consumer | INFO | Mensaje recibido: request_id=00132
2026-04-06 00:01:08,961 | concert_ticketing.adapters.messaging.rabbitmq.consumer | INFO | Mensaje recibido: request_id=00140
2026-04-06 00:01:09,004 | concert_ticketing.adapters.messaging.rabbitmq.consumer | INFO | Mensaje recibido: request_id=00148
2026-04-06 00:01:09,056 | concert_ticketing.adapters.messaging.rabbitmq.consumer | INFO | Mensaje recibido: request_id=00156
2026-04-06 00:01:09,105 | concert_ticketing.adapters.messaging.rabbitmq.consumer | INFO | Mensaje recibido: request_id=00164
2026-04-06 00:01:09,152 | concert_ticketing.adapters.messaging.rabbitmq.consumer | INFO | Mensaje recibido: request_id=00172
2026-04-06 00:01:09,200 | concert_ticketing.adapters.messaging.rabbitmq.consumer | INFO | Mensaje recibido: request_id=00180
2026-04-06 00:01:09,248 | concert_ticketing.adapters.messaging.rabbitmq.consumer | INFO | Mensaje recibido: request_id=00188
2026-04-06 00:01:09,296 | concert_ticketing.adapters.messaging.rabbitmq.consumer | INFO | Mensaje recibido: request_id=00195
2026-04-06 00:01:09,340 | concert_ticketing.adapters.messaging.rabbitmq.consumer | INFO | Mensaje recibido: request_id=00203
2026-04-06 00:01:09,381 | concert_ticketing.adapters.messaging.rabbitmq.consumer | INFO | Mensaje recibido: request_id=00211
2026-04-06 00:01:09,428 | concert_ticketing.adapters.messaging.rabbitmq.consumer | INFO | Mensaje recibido: request_id=00219
2026-04-06 00:01:09,476 | concert_ticketing.adapters.messaging.rabbitmq.consumer | INFO | Mensaje recibido: request_id=00227
2026-04-06 00:01:09,528 | concert_ticketing.adapters.messaging.rabbitmq.consumer | INFO | Mensaje recibido: request_id=00236
2026-04-06 00:01:09,576 | concert_ticketing.adapters.messaging.rabbitmq.consumer | INFO | Mensaje recibido: request_id=00244
2026-04-06 00:01:09,620 | concert_ticketing.adapters.messaging.rabbitmq.consumer | INFO | Mensaje recibido: request_id=00251
2026-04-06 00:01:09,663 | concert_ticketing.adapters.messaging.rabbitmq.consumer | INFO | Mensaje recibido: request_id=00259
2026-04-06 00:01:09,709 | concert_ticketing.adapters.messaging.rabbitmq.consumer | INFO | Mensaje recibido: request_id=00268
2026-04-06 00:01:09,756 | concert_ticketing.adapters.messaging.rabbitmq.consumer | INFO | Mensaje recibido: request_id=00275
2026-04-06 00:01:09,800 | concert_ticketing.adapters.messaging.rabbitmq.consumer | INFO | Mensaje recibido: request_id=00282
2026-04-06 00:01:09,845 | concert_ticketing.adapters.messaging.rabbitmq.consumer | INFO | Mensaje recibido: request_id=00289
2026-04-06 00:01:09,892 | concert_ticketing.adapters.messaging.rabbitmq.consumer | INFO | Mensaje recibido: request_id=00297
2026-04-06 00:01:09,948 | concert_ticketing.adapters.messaging.rabbitmq.consumer | INFO | Mensaje recibido: request_id=00306
2026-04-06 00:01:09,996 | concert_ticketing.adapters.messaging.rabbitmq.consumer | INFO | Mensaje recibido: request_id=00314
2026-04-06 00:01:10,040 | concert_ticketing.adapters.messaging.rabbitmq.consumer | INFO | Mensaje recibido: request_id=00322
2026-04-06 00:01:10,088 | concert_ticketing.adapters.messaging.rabbitmq.consumer | INFO | Mensaje recibido: request_id=00329
2026-04-06 00:01:10,133 | concert_ticketing.adapters.messaging.rabbitmq.consumer | INFO | Mensaje recibido: request_id=00337
2026-04-06 00:01:10,179 | concert_ticketing.adapters.messaging.rabbitmq.consumer | INFO | Mensaje recibido: request_id=00345
2026-04-06 00:01:10,228 | concert_ticketing.adapters.messaging.rabbitmq.consumer | INFO | Mensaje recibido: request_id=00352
2026-04-06 00:01:10,276 | concert_ticketing.adapters.messaging.rabbitmq.consumer | INFO | Mensaje recibido: request_id=00361
2026-04-06 00:01:10,328 | concert_ticketing.adapters.messaging.rabbitmq.consumer | INFO | Mensaje recibido: request_id=00368
2026-04-06 00:01:10,375 | concert_ticketing.adapters.messaging.rabbitmq.consumer | INFO | Mensaje recibido: request_id=00376
2026-04-06 00:01:10,428 | concert_ticketing.adapters.messaging.rabbitmq.consumer | INFO | Mensaje recibido: request_id=00385
2026-04-06 00:01:10,471 | concert_ticketing.adapters.messaging.rabbitmq.consumer | INFO | Mensaje recibido: request_id=00393
2026-04-06 00:01:10,516 | concert_ticketing.adapters.messaging.rabbitmq.consumer | INFO | Mensaje recibido: request_id=00401
2026-04-06 00:01:10,561 | concert_ticketing.adapters.messaging.rabbitmq.consumer | INFO | Mensaje recibido: request_id=00409
2026-04-06 00:01:10,607 | concert_ticketing.adapters.messaging.rabbitmq.consumer | INFO | Mensaje recibido: request_id=00417
2026-04-06 00:01:10,656 | concert_ticketing.adapters.messaging.rabbitmq.consumer | INFO | Mensaje recibido: request_id=00425
2026-04-06 00:01:10,704 | concert_ticketing.adapters.messaging.rabbitmq.consumer | INFO | Mensaje recibido: request_id=00433
2026-04-06 00:01:10,753 | concert_ticketing.adapters.messaging.rabbitmq.consumer | INFO | Mensaje recibido: request_id=00441
2026-04-06 00:01:10,801 | concert_ticketing.adapters.messaging.rabbitmq.consumer | INFO | Mensaje recibido: request_id=00449
2026-04-06 00:01:10,845 | concert_ticketing.adapters.messaging.rabbitmq.consumer | INFO | Mensaje recibido: request_id=00456
2026-04-06 00:01:10,892 | concert_ticketing.adapters.messaging.rabbitmq.consumer | INFO | Mensaje recibido: request_id=00464
2026-04-06 00:01:10,945 | concert_ticketing.adapters.messaging.rabbitmq.consumer | INFO | Mensaje recibido: request_id=00473
2026-04-06 00:01:10,989 | concert_ticketing.adapters.messaging.rabbitmq.consumer | INFO | Mensaje recibido: request_id=00481
2026-04-06 00:01:11,037 | concert_ticketing.adapters.messaging.rabbitmq.consumer | INFO | Mensaje recibido: request_id=00489
2026-04-06 00:01:11,088 | concert_ticketing.adapters.messaging.rabbitmq.consumer | INFO | Mensaje recibido: request_id=00497
2026-04-06 00:01:11,132 | concert_ticketing.adapters.messaging.rabbitmq.consumer | INFO | Mensaje recibido: request_id=00504
2026-04-06 00:01:11,181 | concert_ticketing.adapters.messaging.rabbitmq.consumer | INFO | Mensaje recibido: request_id=00513
2026-04-06 00:01:11,229 | concert_ticketing.adapters.messaging.rabbitmq.consumer | INFO | Mensaje recibido: request_id=00520
2026-04-06 00:01:11,277 | concert_ticketing.adapters.messaging.rabbitmq.consumer | INFO | Mensaje recibido: request_id=00528
2026-04-06 00:01:11,325 | concert_ticketing.adapters.messaging.rabbitmq.consumer | INFO | Mensaje recibido: request_id=00536
2026-04-06 00:01:11,373 | concert_ticketing.adapters.messaging.rabbitmq.consumer | INFO | Mensaje recibido: request_id=00544
2026-04-06 00:01:11,425 | concert_ticketing.adapters.messaging.rabbitmq.consumer | INFO | Mensaje recibido: request_id=00553
2026-04-06 00:01:11,473 | concert_ticketing.adapters.messaging.rabbitmq.consumer | INFO | Mensaje recibido: request_id=00560
2026-04-06 00:01:11,521 | concert_ticketing.adapters.messaging.rabbitmq.consumer | INFO | Mensaje recibido: request_id=00568
2026-04-06 00:01:11,569 | concert_ticketing.adapters.messaging.rabbitmq.consumer | INFO | Mensaje recibido: request_id=00576
2026-04-06 00:01:11,621 | concert_ticketing.adapters.messaging.rabbitmq.consumer | INFO | Mensaje recibido: request_id=00585
2026-04-06 00:01:11,673 | concert_ticketing.adapters.messaging.rabbitmq.consumer | INFO | Mensaje recibido: request_id=00594
2026-04-06 00:01:11,724 | concert_ticketing.adapters.messaging.rabbitmq.consumer | INFO | Mensaje recibido: request_id=00602
2026-04-06 00:01:11,767 | concert_ticketing.adapters.messaging.rabbitmq.consumer | INFO | Mensaje recibido: request_id=00609
2026-04-06 00:01:11,812 | concert_ticketing.adapters.messaging.rabbitmq.consumer | INFO | Mensaje recibido: request_id=00617
2026-04-06 00:01:11,856 | concert_ticketing.adapters.messaging.rabbitmq.consumer | INFO | Mensaje recibido: request_id=00625
2026-04-06 00:01:11,898 | concert_ticketing.adapters.messaging.rabbitmq.consumer | INFO | Mensaje recibido: request_id=00633
2026-04-06 00:01:11,945 | concert_ticketing.adapters.messaging.rabbitmq.consumer | INFO | Mensaje recibido: request_id=00640
2026-04-06 00:01:11,992 | concert_ticketing.adapters.messaging.rabbitmq.consumer | INFO | Mensaje recibido: request_id=00649
2026-04-06 00:01:12,040 | concert_ticketing.adapters.messaging.rabbitmq.consumer | INFO | Mensaje recibido: request_id=00656
2026-04-06 00:01:12,084 | concert_ticketing.adapters.messaging.rabbitmq.consumer | INFO | Mensaje recibido: request_id=00663
2026-04-06 00:01:12,141 | concert_ticketing.adapters.messaging.rabbitmq.consumer | INFO | Mensaje recibido: request_id=00673
2026-04-06 00:01:12,189 | concert_ticketing.adapters.messaging.rabbitmq.consumer | INFO | Mensaje recibido: request_id=00681
2026-04-06 00:01:12,232 | concert_ticketing.adapters.messaging.rabbitmq.consumer | INFO | Mensaje recibido: request_id=00689
2026-04-06 00:01:12,275 | concert_ticketing.adapters.messaging.rabbitmq.consumer | INFO | Mensaje recibido: request_id=00695
2026-04-06 00:01:12,328 | concert_ticketing.adapters.messaging.rabbitmq.consumer | INFO | Mensaje recibido: request_id=00705
2026-04-06 00:01:12,373 | concert_ticketing.adapters.messaging.rabbitmq.consumer | INFO | Mensaje recibido: request_id=00711
2026-04-06 00:01:12,429 | concert_ticketing.adapters.messaging.rabbitmq.consumer | INFO | Mensaje recibido: request_id=00722
2026-04-06 00:01:12,480 | concert_ticketing.adapters.messaging.rabbitmq.consumer | INFO | Mensaje recibido: request_id=00730
2026-04-06 00:01:12,524 | concert_ticketing.adapters.messaging.rabbitmq.consumer | INFO | Mensaje recibido: request_id=00738
2026-04-06 00:01:12,567 | concert_ticketing.adapters.messaging.rabbitmq.consumer | INFO | Mensaje recibido: request_id=00744
2026-04-06 00:01:12,620 | concert_ticketing.adapters.messaging.rabbitmq.consumer | INFO | Mensaje recibido: request_id=00753
2026-04-06 00:01:12,665 | concert_ticketing.adapters.messaging.rabbitmq.consumer | INFO | Mensaje recibido: request_id=00761
2026-04-06 00:01:12,712 | concert_ticketing.adapters.messaging.rabbitmq.consumer | INFO | Mensaje recibido: request_id=00768
2026-04-06 00:01:12,761 | concert_ticketing.adapters.messaging.rabbitmq.consumer | INFO | Mensaje recibido: request_id=00776
2026-04-06 00:01:12,804 | concert_ticketing.adapters.messaging.rabbitmq.consumer | INFO | Mensaje recibido: request_id=00783
2026-04-06 00:01:12,856 | concert_ticketing.adapters.messaging.rabbitmq.consumer | INFO | Mensaje recibido: request_id=00792
2026-04-06 00:01:12,917 | concert_ticketing.adapters.messaging.rabbitmq.consumer | INFO | Mensaje recibido: request_id=00801
2026-04-06 00:01:12,967 | concert_ticketing.adapters.messaging.rabbitmq.consumer | INFO | Mensaje recibido: request_id=00810
2026-04-06 00:01:13,012 | concert_ticketing.adapters.messaging.rabbitmq.consumer | INFO | Mensaje recibido: request_id=00818
2026-04-06 00:01:13,061 | concert_ticketing.adapters.messaging.rabbitmq.consumer | INFO | Mensaje recibido: request_id=00826
2026-04-06 00:01:13,107 | concert_ticketing.adapters.messaging.rabbitmq.consumer | INFO | Mensaje recibido: request_id=00834
2026-04-06 00:01:13,156 | concert_ticketing.adapters.messaging.rabbitmq.consumer | INFO | Mensaje recibido: request_id=00842
2026-04-06 00:01:13,208 | concert_ticketing.adapters.messaging.rabbitmq.consumer | INFO | Mensaje recibido: request_id=00850
2026-04-06 00:01:13,252 | concert_ticketing.adapters.messaging.rabbitmq.consumer | INFO | Mensaje recibido: request_id=00858
2026-04-06 00:01:13,296 | concert_ticketing.adapters.messaging.rabbitmq.consumer | INFO | Mensaje recibido: request_id=00866
2026-04-06 00:01:13,340 | concert_ticketing.adapters.messaging.rabbitmq.consumer | INFO | Mensaje recibido: request_id=00874
2026-04-06 00:01:13,392 | concert_ticketing.adapters.messaging.rabbitmq.consumer | INFO | Mensaje recibido: request_id=00881
2026-04-06 00:01:13,441 | concert_ticketing.adapters.messaging.rabbitmq.consumer | INFO | Mensaje recibido: request_id=00889
2026-04-06 00:01:13,492 | concert_ticketing.adapters.messaging.rabbitmq.consumer | INFO | Mensaje recibido: request_id=00897
2026-04-06 00:01:13,544 | concert_ticketing.adapters.messaging.rabbitmq.consumer | INFO | Mensaje recibido: request_id=00905
2026-04-06 00:01:13,592 | concert_ticketing.adapters.messaging.rabbitmq.consumer | INFO | Mensaje recibido: request_id=00913
2026-04-06 00:01:13,641 | concert_ticketing.adapters.messaging.rabbitmq.consumer | INFO | Mensaje recibido: request_id=00921
2026-04-06 00:01:13,689 | concert_ticketing.adapters.messaging.rabbitmq.consumer | INFO | Mensaje recibido: request_id=00929
2026-04-06 00:01:13,736 | concert_ticketing.adapters.messaging.rabbitmq.consumer | INFO | Mensaje recibido: request_id=00937
2026-04-06 00:01:13,785 | concert_ticketing.adapters.messaging.rabbitmq.consumer | INFO | Mensaje recibido: request_id=00945
2026-04-06 00:01:13,833 | concert_ticketing.adapters.messaging.rabbitmq.consumer | INFO | Mensaje recibido: request_id=00953
2026-04-06 00:01:13,880 | concert_ticketing.adapters.messaging.rabbitmq.consumer | INFO | Mensaje recibido: request_id=00961
2026-04-06 00:01:13,929 | concert_ticketing.adapters.messaging.rabbitmq.consumer | INFO | Mensaje recibido: request_id=00969
2026-04-06 00:01:13,977 | concert_ticketing.adapters.messaging.rabbitmq.consumer | INFO | Mensaje recibido: request_id=00977
2026-04-06 00:01:14,033 | concert_ticketing.adapters.messaging.rabbitmq.consumer | INFO | Mensaje recibido: request_id=00985
2026-04-06 00:01:14,084 | concert_ticketing.adapters.messaging.rabbitmq.consumer | INFO | Mensaje recibido: request_id=00993
2026-04-06 00:01:14,137 | concert_ticketing.adapters.messaging.rabbitmq.consumer | INFO | Mensaje recibido: request_id=01002
2026-04-06 00:01:14,184 | concert_ticketing.adapters.messaging.rabbitmq.consumer | INFO | Mensaje recibido: request_id=01010
2026-04-06 00:01:14,232 | concert_ticketing.adapters.messaging.rabbitmq.consumer | INFO | Mensaje recibido: request_id=01018
2026-04-06 00:01:14,284 | concert_ticketing.adapters.messaging.rabbitmq.consumer | INFO | Mensaje recibido: request_id=01026
2026-04-06 00:01:14,337 | concert_ticketing.adapters.messaging.rabbitmq.consumer | INFO | Mensaje recibido: request_id=01034
2026-04-06 00:01:14,388 | concert_ticketing.adapters.messaging.rabbitmq.consumer | INFO | Mensaje recibido: request_id=01042
2026-04-06 00:01:14,437 | concert_ticketing.adapters.messaging.rabbitmq.consumer | INFO | Mensaje recibido: request_id=01050
2026-04-06 00:01:14,488 | concert_ticketing.adapters.messaging.rabbitmq.consumer | INFO | Mensaje recibido: request_id=01058
2026-04-06 00:01:14,537 | concert_ticketing.adapters.messaging.rabbitmq.consumer | INFO | Mensaje recibido: request_id=01066
2026-04-06 00:01:14,584 | concert_ticketing.adapters.messaging.rabbitmq.consumer | INFO | Mensaje recibido: request_id=01074
2026-04-06 00:01:14,633 | concert_ticketing.adapters.messaging.rabbitmq.consumer | INFO | Mensaje recibido: request_id=01082
2026-04-06 00:01:14,680 | concert_ticketing.adapters.messaging.rabbitmq.consumer | INFO | Mensaje recibido: request_id=01092
2026-04-06 00:01:14,728 | concert_ticketing.adapters.messaging.rabbitmq.consumer | INFO | Mensaje recibido: request_id=01106
2026-04-06 00:01:14,775 | concert_ticketing.adapters.messaging.rabbitmq.consumer | INFO | Mensaje recibido: request_id=01125
2026-04-06 00:01:15,006 | concert_ticketing.adapters.messaging.rabbitmq.consumer | INFO | Mensaje recibido: request_id=01124
2026-04-06 00:01:15,153 | concert_ticketing.adapters.messaging.rabbitmq.consumer | INFO | Mensaje recibido: request_id=01164
2026-04-06 00:01:15,277 | concert_ticketing.adapters.messaging.rabbitmq.consumer | INFO | Mensaje recibido: request_id=01116
2026-04-06 00:01:15,438 | concert_ticketing.adapters.messaging.rabbitmq.consumer | INFO | Mensaje recibido: request_id=01160
2026-04-06 00:01:15,562 | concert_ticketing.adapters.messaging.rabbitmq.consumer | INFO | Mensaje recibido: request_id=01117
2026-04-06 00:01:15,666 | concert_ticketing.adapters.messaging.rabbitmq.consumer | INFO | Mensaje recibido: request_id=01159
2026-04-06 00:01:15,820 | concert_ticketing.adapters.messaging.rabbitmq.consumer | INFO | Mensaje recibido: request_id=01184
2026-04-06 00:01:15,980 | concert_ticketing.adapters.messaging.rabbitmq.consumer | INFO | Mensaje recibido: request_id=01213
2026-04-06 00:01:16,095 | concert_ticketing.adapters.messaging.rabbitmq.consumer | INFO | Mensaje recibido: request_id=01211
2026-04-06 00:01:16,228 | concert_ticketing.adapters.messaging.rabbitmq.consumer | INFO | Mensaje recibido: request_id=01199
2026-04-06 00:01:16,362 | concert_ticketing.adapters.messaging.rabbitmq.consumer | INFO | Mensaje recibido: request_id=01149
2026-04-06 00:01:16,498 | concert_ticketing.adapters.messaging.rabbitmq.consumer | INFO | Mensaje recibido: request_id=01243
2026-04-06 00:01:16,625 | concert_ticketing.adapters.messaging.rabbitmq.consumer | INFO | Mensaje recibido: request_id=01251
2026-04-06 00:01:16,747 | concert_ticketing.adapters.messaging.rabbitmq.consumer | INFO | Mensaje recibido: request_id=01177
2026-04-06 00:01:16,876 | concert_ticketing.adapters.messaging.rabbitmq.consumer | INFO | Mensaje recibido: request_id=01265
2026-04-06 00:01:17,018 | concert_ticketing.adapters.messaging.rabbitmq.consumer | INFO | Mensaje recibido: request_id=01260
2026-04-06 00:01:17,173 | concert_ticketing.adapters.messaging.rabbitmq.consumer | INFO | Mensaje recibido: request_id=01268
2026-04-06 00:01:17,306 | concert_ticketing.adapters.messaging.rabbitmq.consumer | INFO | Mensaje recibido: request_id=01221
2026-04-06 00:01:17,438 | concert_ticketing.adapters.messaging.rabbitmq.consumer | INFO | Mensaje recibido: request_id=01299
2026-04-06 00:01:17,575 | concert_ticketing.adapters.messaging.rabbitmq.consumer | INFO | Mensaje recibido: request_id=01152
2026-04-06 00:01:17,720 | concert_ticketing.adapters.messaging.rabbitmq.consumer | INFO | Mensaje recibido: request_id=01305
2026-04-06 00:01:17,875 | concert_ticketing.adapters.messaging.rabbitmq.consumer | INFO | Mensaje recibido: request_id=01217
2026-04-06 00:01:18,019 | concert_ticketing.adapters.messaging.rabbitmq.consumer | INFO | Mensaje recibido: request_id=01247
2026-04-06 00:01:18,162 | concert_ticketing.adapters.messaging.rabbitmq.consumer | INFO | Mensaje recibido: request_id=01338
2026-04-06 00:01:18,307 | concert_ticketing.adapters.messaging.rabbitmq.consumer | INFO | Mensaje recibido: request_id=01342
2026-04-06 00:01:18,427 | concert_ticketing.adapters.messaging.rabbitmq.consumer | INFO | Mensaje recibido: request_id=01347
2026-04-06 00:01:18,561 | concert_ticketing.adapters.messaging.rabbitmq.consumer | INFO | Mensaje recibido: request_id=01348
2026-04-06 00:01:18,704 | concert_ticketing.adapters.messaging.rabbitmq.consumer | INFO | Mensaje recibido: request_id=01288
2026-04-06 00:01:18,820 | concert_ticketing.adapters.messaging.rabbitmq.consumer | INFO | Mensaje recibido: request_id=01364
2026-04-06 00:01:18,971 | concert_ticketing.adapters.messaging.rabbitmq.consumer | INFO | Mensaje recibido: request_id=01263
2026-04-06 00:01:19,067 | concert_ticketing.adapters.messaging.rabbitmq.consumer | INFO | Mensaje recibido: request_id=01395
2026-04-06 00:01:19,221 | concert_ticketing.adapters.messaging.rabbitmq.consumer | INFO | Mensaje recibido: request_id=01397
2026-04-06 00:01:19,338 | concert_ticketing.adapters.messaging.rabbitmq.consumer | INFO | Mensaje recibido: request_id=01402
2026-04-06 00:01:19,441 | concert_ticketing.adapters.messaging.rabbitmq.consumer | INFO | Mensaje recibido: request_id=01339
2026-04-06 00:01:19,565 | concert_ticketing.adapters.messaging.rabbitmq.consumer | INFO | Mensaje recibido: request_id=01271
2026-04-06 00:01:19,676 | concert_ticketing.adapters.messaging.rabbitmq.consumer | INFO | Mensaje recibido: request_id=01427
2026-04-06 00:01:19,773 | concert_ticketing.adapters.messaging.rabbitmq.consumer | INFO | Mensaje recibido: request_id=01428
2026-04-06 00:01:19,875 | concert_ticketing.adapters.messaging.rabbitmq.consumer | INFO | Mensaje recibido: request_id=01310
2026-04-06 00:01:19,955 | concert_ticketing.adapters.messaging.rabbitmq.consumer | INFO | Mensaje recibido: request_id=01345
2026-04-06 00:01:20,048 | concert_ticketing.adapters.messaging.rabbitmq.consumer | INFO | Mensaje recibido: request_id=01436
2026-04-06 00:01:20,107 | concert_ticketing.adapters.messaging.rabbitmq.consumer | INFO | Mensaje recibido: request_id=01415
2026-04-06 00:01:20,195 | concert_ticketing.adapters.messaging.rabbitmq.consumer | INFO | Mensaje recibido: request_id=01483
2026-04-06 00:01:20,287 | concert_ticketing.adapters.messaging.rabbitmq.consumer | INFO | Mensaje recibido: request_id=01477
2026-04-06 00:01:20,369 | concert_ticketing.adapters.messaging.rabbitmq.consumer | INFO | Mensaje recibido: request_id=01492
2026-04-06 00:01:20,452 | concert_ticketing.adapters.messaging.rabbitmq.consumer | INFO | Mensaje recibido: request_id=01486
2026-04-06 00:01:20,555 | concert_ticketing.adapters.messaging.rabbitmq.consumer | INFO | Mensaje recibido: request_id=01502
2026-04-06 00:01:20,633 | concert_ticketing.adapters.messaging.rabbitmq.consumer | INFO | Mensaje recibido: request_id=01516
2026-04-06 00:01:20,724 | concert_ticketing.adapters.messaging.rabbitmq.consumer | INFO | Mensaje recibido: request_id=01507
2026-04-06 00:01:20,808 | concert_ticketing.adapters.messaging.rabbitmq.consumer | INFO | Mensaje recibido: request_id=01496
2026-04-06 00:01:20,898 | concert_ticketing.adapters.messaging.rabbitmq.consumer | INFO | Mensaje recibido: request_id=01490
2026-04-06 00:01:20,991 | concert_ticketing.adapters.messaging.rabbitmq.consumer | INFO | Mensaje recibido: request_id=01420
2026-04-06 00:01:21,083 | concert_ticketing.adapters.messaging.rabbitmq.consumer | INFO | Mensaje recibido: request_id=01562
2026-04-06 00:01:21,165 | concert_ticketing.adapters.messaging.rabbitmq.consumer | INFO | Mensaje recibido: request_id=01489
2026-04-06 00:01:21,250 | concert_ticketing.adapters.messaging.rabbitmq.consumer | INFO | Mensaje recibido: request_id=01563
2026-04-06 00:01:21,326 | concert_ticketing.adapters.messaging.rabbitmq.consumer | INFO | Mensaje recibido: request_id=01585
2026-04-06 00:01:21,417 | concert_ticketing.adapters.messaging.rabbitmq.consumer | INFO | Mensaje recibido: request_id=01535
2026-04-06 00:01:21,498 | concert_ticketing.adapters.messaging.rabbitmq.consumer | INFO | Mensaje recibido: request_id=01593
2026-04-06 00:01:21,565 | concert_ticketing.adapters.messaging.rabbitmq.consumer | INFO | Mensaje recibido: request_id=01574
2026-04-06 00:01:21,642 | concert_ticketing.adapters.messaging.rabbitmq.consumer | INFO | Mensaje recibido: request_id=01618
2026-04-06 00:01:21,717 | concert_ticketing.adapters.messaging.rabbitmq.consumer | INFO | Mensaje recibido: request_id=01616
2026-04-06 00:01:21,814 | concert_ticketing.adapters.messaging.rabbitmq.consumer | INFO | Mensaje recibido: request_id=01619
2026-04-06 00:01:21,899 | concert_ticketing.adapters.messaging.rabbitmq.consumer | INFO | Mensaje recibido: request_id=01590
2026-04-06 00:01:21,970 | concert_ticketing.adapters.messaging.rabbitmq.consumer | INFO | Mensaje recibido: request_id=01649
2026-04-06 00:01:22,074 | concert_ticketing.adapters.messaging.rabbitmq.consumer | INFO | Mensaje recibido: request_id=01646
2026-04-06 00:01:22,148 | concert_ticketing.adapters.messaging.rabbitmq.consumer | INFO | Mensaje recibido: request_id=01614
2026-04-06 00:01:22,246 | concert_ticketing.adapters.messaging.rabbitmq.consumer | INFO | Mensaje recibido: request_id=01629
2026-04-06 00:01:22,338 | concert_ticketing.adapters.messaging.rabbitmq.consumer | INFO | Mensaje recibido: request_id=01617
2026-04-06 00:01:22,401 | concert_ticketing.adapters.messaging.rabbitmq.consumer | INFO | Mensaje recibido: request_id=01683
2026-04-06 00:01:22,495 | concert_ticketing.adapters.messaging.rabbitmq.consumer | INFO | Mensaje recibido: request_id=01679
2026-04-06 00:01:22,580 | concert_ticketing.adapters.messaging.rabbitmq.consumer | INFO | Mensaje recibido: request_id=01707
2026-04-06 00:01:22,663 | concert_ticketing.adapters.messaging.rabbitmq.consumer | INFO | Mensaje recibido: request_id=01636
2026-04-06 00:01:22,746 | concert_ticketing.adapters.messaging.rabbitmq.consumer | INFO | Mensaje recibido: request_id=01577
2026-04-06 00:01:22,838 | concert_ticketing.adapters.messaging.rabbitmq.consumer | INFO | Mensaje recibido: request_id=01730
2026-04-06 00:01:22,935 | concert_ticketing.adapters.messaging.rabbitmq.consumer | INFO | Mensaje recibido: request_id=01716
2026-04-06 00:01:22,998 | concert_ticketing.adapters.messaging.rabbitmq.consumer | INFO | Mensaje recibido: request_id=01725
2026-04-06 00:01:23,085 | concert_ticketing.adapters.messaging.rabbitmq.consumer | INFO | Mensaje recibido: request_id=01733
2026-04-06 00:01:23,167 | concert_ticketing.adapters.messaging.rabbitmq.consumer | INFO | Mensaje recibido: request_id=01763
2026-04-06 00:01:23,243 | concert_ticketing.adapters.messaging.rabbitmq.consumer | INFO | Mensaje recibido: request_id=01764
2026-04-06 00:01:23,326 | concert_ticketing.adapters.messaging.rabbitmq.consumer | INFO | Mensaje recibido: request_id=01735
2026-04-06 00:01:23,419 | concert_ticketing.adapters.messaging.rabbitmq.consumer | INFO | Mensaje recibido: request_id=01782
2026-04-06 00:01:23,508 | concert_ticketing.adapters.messaging.rabbitmq.consumer | INFO | Mensaje recibido: request_id=01772
2026-04-06 00:01:23,583 | concert_ticketing.adapters.messaging.rabbitmq.consumer | INFO | Mensaje recibido: request_id=01769
2026-04-06 00:01:23,663 | concert_ticketing.adapters.messaging.rabbitmq.consumer | INFO | Mensaje recibido: request_id=01775
2026-04-06 00:01:23,736 | concert_ticketing.adapters.messaging.rabbitmq.consumer | INFO | Mensaje recibido: request_id=01809
2026-04-06 00:01:23,828 | concert_ticketing.adapters.messaging.rabbitmq.consumer | INFO | Mensaje recibido: request_id=01820
2026-04-06 00:01:23,924 | concert_ticketing.adapters.messaging.rabbitmq.consumer | INFO | Mensaje recibido: request_id=01817
2026-04-06 00:01:23,999 | concert_ticketing.adapters.messaging.rabbitmq.consumer | INFO | Mensaje recibido: request_id=01843
2026-04-06 00:01:24,091 | concert_ticketing.adapters.messaging.rabbitmq.consumer | INFO | Mensaje recibido: request_id=01836
2026-04-06 00:01:24,168 | concert_ticketing.adapters.messaging.rabbitmq.consumer | INFO | Mensaje recibido: request_id=01767
2026-04-06 00:01:24,262 | concert_ticketing.adapters.messaging.rabbitmq.consumer | INFO | Mensaje recibido: request_id=01854
2026-04-06 00:01:24,363 | concert_ticketing.adapters.messaging.rabbitmq.consumer | INFO | Mensaje recibido: request_id=01834
2026-04-06 00:01:24,446 | concert_ticketing.adapters.messaging.rabbitmq.consumer | INFO | Mensaje recibido: request_id=01800
2026-04-06 00:01:24,525 | concert_ticketing.adapters.messaging.rabbitmq.consumer | INFO | Mensaje recibido: request_id=01827
2026-04-06 00:01:24,608 | concert_ticketing.adapters.messaging.rabbitmq.consumer | INFO | Mensaje recibido: request_id=01874
2026-04-06 00:01:24,717 | concert_ticketing.adapters.messaging.rabbitmq.consumer | INFO | Mensaje recibido: request_id=01776
2026-04-06 00:01:24,848 | concert_ticketing.adapters.messaging.rabbitmq.consumer | INFO | Mensaje recibido: request_id=01887
2026-04-06 00:01:24,940 | concert_ticketing.adapters.messaging.rabbitmq.consumer | INFO | Mensaje recibido: request_id=01913
2026-04-06 00:01:25,067 | concert_ticketing.adapters.messaging.rabbitmq.consumer | INFO | Mensaje recibido: request_id=01933
2026-04-06 00:01:25,186 | concert_ticketing.adapters.messaging.rabbitmq.consumer | INFO | Mensaje recibido: request_id=01918
2026-04-06 00:01:25,304 | concert_ticketing.adapters.messaging.rabbitmq.consumer | INFO | Mensaje recibido: request_id=01829
2026-04-06 00:01:25,421 | concert_ticketing.adapters.messaging.rabbitmq.consumer | INFO | Mensaje recibido: request_id=01954
2026-04-06 00:01:25,520 | concert_ticketing.adapters.messaging.rabbitmq.consumer | INFO | Mensaje recibido: request_id=01938
2026-04-06 00:01:25,608 | concert_ticketing.adapters.messaging.rabbitmq.consumer | INFO | Mensaje recibido: request_id=01923
2026-04-06 00:01:25,691 | concert_ticketing.adapters.messaging.rabbitmq.consumer | INFO | Mensaje recibido: request_id=01884
2026-04-06 00:01:25,786 | concert_ticketing.adapters.messaging.rabbitmq.consumer | INFO | Mensaje recibido: request_id=01901
2026-04-06 00:01:25,862 | concert_ticketing.adapters.messaging.rabbitmq.consumer | INFO | Mensaje recibido: request_id=01994
2026-04-06 00:01:25,932 | concert_ticketing.adapters.messaging.rabbitmq.consumer | INFO | Mensaje recibido: request_id=01886
2026-04-06 00:01:26,017 | concert_ticketing.adapters.messaging.rabbitmq.consumer | INFO | Mensaje recibido: request_id=02011
2026-04-06 00:01:26,077 | concert_ticketing.adapters.messaging.rabbitmq.consumer | INFO | Mensaje recibido: request_id=02018
2026-04-06 00:01:26,155 | concert_ticketing.adapters.messaging.rabbitmq.consumer | INFO | Mensaje recibido: request_id=01944
2026-04-06 00:01:26,265 | concert_ticketing.adapters.messaging.rabbitmq.consumer | INFO | Mensaje recibido: request_id=01796
2026-04-06 00:01:26,327 | concert_ticketing.adapters.messaging.rabbitmq.consumer | INFO | Mensaje recibido: request_id=02042
2026-04-06 00:01:26,415 | concert_ticketing.adapters.messaging.rabbitmq.consumer | INFO | Mensaje recibido: request_id=02038
2026-04-06 00:01:26,503 | concert_ticketing.adapters.messaging.rabbitmq.consumer | INFO | Mensaje recibido: request_id=02060
2026-04-06 00:01:26,594 | concert_ticketing.adapters.messaging.rabbitmq.consumer | INFO | Mensaje recibido: request_id=02003
2026-04-06 00:01:26,669 | concert_ticketing.adapters.messaging.rabbitmq.consumer | INFO | Mensaje recibido: request_id=02044
2026-04-06 00:01:26,765 | concert_ticketing.adapters.messaging.rabbitmq.consumer | INFO | Mensaje recibido: request_id=01898
2026-04-06 00:01:26,847 | concert_ticketing.adapters.messaging.rabbitmq.consumer | INFO | Mensaje recibido: request_id=02091
2026-04-06 00:01:26,927 | concert_ticketing.adapters.messaging.rabbitmq.consumer | INFO | Mensaje recibido: request_id=01889
2026-04-06 00:01:27,025 | concert_ticketing.adapters.messaging.rabbitmq.consumer | INFO | Mensaje recibido: request_id=02067
2026-04-06 00:01:27,084 | concert_ticketing.adapters.messaging.rabbitmq.consumer | INFO | Mensaje recibido: request_id=02051
2026-04-06 00:01:27,175 | concert_ticketing.adapters.messaging.rabbitmq.consumer | INFO | Mensaje recibido: request_id=02095
2026-04-06 00:01:27,267 | concert_ticketing.adapters.messaging.rabbitmq.consumer | INFO | Mensaje recibido: request_id=02041
2026-04-06 00:01:27,366 | concert_ticketing.adapters.messaging.rabbitmq.consumer | INFO | Mensaje recibido: request_id=02114
2026-04-06 00:01:27,446 | concert_ticketing.adapters.messaging.rabbitmq.consumer | INFO | Mensaje recibido: request_id=02132
2026-04-06 00:01:27,525 | concert_ticketing.adapters.messaging.rabbitmq.consumer | INFO | Mensaje recibido: request_id=02133
2026-04-06 00:01:27,604 | concert_ticketing.adapters.messaging.rabbitmq.consumer | INFO | Mensaje recibido: request_id=02047
2026-04-06 00:01:27,688 | concert_ticketing.adapters.messaging.rabbitmq.consumer | INFO | Mensaje recibido: request_id=02130
2026-04-06 00:01:27,775 | concert_ticketing.adapters.messaging.rabbitmq.consumer | INFO | Mensaje recibido: request_id=02153
2026-04-06 00:01:27,855 | concert_ticketing.adapters.messaging.rabbitmq.consumer | INFO | Mensaje recibido: request_id=02169
2026-04-06 00:01:27,963 | concert_ticketing.adapters.messaging.rabbitmq.consumer | INFO | Mensaje recibido: request_id=02148
2026-04-06 00:01:28,033 | concert_ticketing.adapters.messaging.rabbitmq.consumer | INFO | Mensaje recibido: request_id=02081
2026-04-06 00:01:28,108 | concert_ticketing.adapters.messaging.rabbitmq.consumer | INFO | Mensaje recibido: request_id=02143
2026-04-06 00:01:28,201 | concert_ticketing.adapters.messaging.rabbitmq.consumer | INFO | Mensaje recibido: request_id=02083
2026-04-06 00:01:28,283 | concert_ticketing.adapters.messaging.rabbitmq.consumer | INFO | Mensaje recibido: request_id=02170
2026-04-06 00:01:28,369 | concert_ticketing.adapters.messaging.rabbitmq.consumer | INFO | Mensaje recibido: request_id=02168
2026-04-06 00:01:28,447 | concert_ticketing.adapters.messaging.rabbitmq.consumer | INFO | Mensaje recibido: request_id=02213
2026-04-06 00:01:28,533 | concert_ticketing.adapters.messaging.rabbitmq.consumer | INFO | Mensaje recibido: request_id=02180
2026-04-06 00:01:28,588 | concert_ticketing.adapters.messaging.rabbitmq.consumer | INFO | Mensaje recibido: request_id=02257
2026-04-06 00:01:28,672 | concert_ticketing.adapters.messaging.rabbitmq.consumer | INFO | Mensaje recibido: request_id=02232
2026-04-06 00:01:28,767 | concert_ticketing.adapters.messaging.rabbitmq.consumer | INFO | Mensaje recibido: request_id=02271
2026-04-06 00:01:28,843 | concert_ticketing.adapters.messaging.rabbitmq.consumer | INFO | Mensaje recibido: request_id=02234
2026-04-06 00:01:28,936 | concert_ticketing.adapters.messaging.rabbitmq.consumer | INFO | Mensaje recibido: request_id=02291
2026-04-06 00:01:29,022 | concert_ticketing.adapters.messaging.rabbitmq.consumer | INFO | Mensaje recibido: request_id=02277
2026-04-06 00:01:29,103 | concert_ticketing.adapters.messaging.rabbitmq.consumer | INFO | Mensaje recibido: request_id=02299
2026-04-06 00:01:29,185 | concert_ticketing.adapters.messaging.rabbitmq.consumer | INFO | Mensaje recibido: request_id=02282
2026-04-06 00:01:29,271 | concert_ticketing.adapters.messaging.rabbitmq.consumer | INFO | Mensaje recibido: request_id=02308
2026-04-06 00:01:29,355 | concert_ticketing.adapters.messaging.rabbitmq.consumer | INFO | Mensaje recibido: request_id=02332
2026-04-06 00:01:29,415 | concert_ticketing.adapters.messaging.rabbitmq.consumer | INFO | Mensaje recibido: request_id=02335
2026-04-06 00:01:29,509 | concert_ticketing.adapters.messaging.rabbitmq.consumer | INFO | Mensaje recibido: request_id=02328
2026-04-06 00:01:29,592 | concert_ticketing.adapters.messaging.rabbitmq.consumer | INFO | Mensaje recibido: request_id=02317
2026-04-06 00:01:29,661 | concert_ticketing.adapters.messaging.rabbitmq.consumer | INFO | Mensaje recibido: request_id=02302
2026-04-06 00:01:29,732 | concert_ticketing.adapters.messaging.rabbitmq.consumer | INFO | Mensaje recibido: request_id=02323
2026-04-06 00:01:29,795 | concert_ticketing.adapters.messaging.rabbitmq.consumer | INFO | Mensaje recibido: request_id=02331
2026-04-06 00:01:29,905 | concert_ticketing.adapters.messaging.rabbitmq.consumer | INFO | Mensaje recibido: request_id=02363
2026-04-06 00:01:30,012 | concert_ticketing.adapters.messaging.rabbitmq.consumer | INFO | Mensaje recibido: request_id=02346
2026-04-06 00:01:30,092 | concert_ticketing.adapters.messaging.rabbitmq.consumer | INFO | Mensaje recibido: request_id=02295
2026-04-06 00:01:30,159 | concert_ticketing.adapters.messaging.rabbitmq.consumer | INFO | Mensaje recibido: request_id=02258
2026-04-06 00:01:30,242 | concert_ticketing.adapters.messaging.rabbitmq.consumer | INFO | Mensaje recibido: request_id=02419
2026-04-06 00:01:30,338 | concert_ticketing.adapters.messaging.rabbitmq.consumer | INFO | Mensaje recibido: request_id=02422
2026-04-06 00:01:30,422 | concert_ticketing.adapters.messaging.rabbitmq.consumer | INFO | Mensaje recibido: request_id=02435
2026-04-06 00:01:30,499 | concert_ticketing.adapters.messaging.rabbitmq.consumer | INFO | Mensaje recibido: request_id=02304
2026-04-06 00:01:30,596 | concert_ticketing.adapters.messaging.rabbitmq.consumer | INFO | Mensaje recibido: request_id=02439
2026-04-06 00:01:30,667 | concert_ticketing.adapters.messaging.rabbitmq.consumer | INFO | Mensaje recibido: request_id=02451
2026-04-06 00:01:30,753 | concert_ticketing.adapters.messaging.rabbitmq.consumer | INFO | Mensaje recibido: request_id=02434
2026-04-06 00:01:30,842 | concert_ticketing.adapters.messaging.rabbitmq.consumer | INFO | Mensaje recibido: request_id=02476
2026-04-06 00:01:30,909 | concert_ticketing.adapters.messaging.rabbitmq.consumer | INFO | Mensaje recibido: request_id=02464
2026-04-06 00:01:30,996 | concert_ticketing.adapters.messaging.rabbitmq.consumer | INFO | Mensaje recibido: request_id=02355
2026-04-06 00:01:31,087 | concert_ticketing.adapters.messaging.rabbitmq.consumer | INFO | Mensaje recibido: request_id=02458
2026-04-06 00:01:31,175 | concert_ticketing.adapters.messaging.rabbitmq.consumer | INFO | Mensaje recibido: request_id=02499
2026-04-06 00:01:31,258 | concert_ticketing.adapters.messaging.rabbitmq.consumer | INFO | Mensaje recibido: request_id=02484
2026-04-06 00:01:31,348 | concert_ticketing.adapters.messaging.rabbitmq.consumer | INFO | Mensaje recibido: request_id=02412
2026-04-06 00:01:31,419 | concert_ticketing.adapters.messaging.rabbitmq.consumer | INFO | Mensaje recibido: request_id=02519
2026-04-06 00:01:31,496 | concert_ticketing.adapters.messaging.rabbitmq.consumer | INFO | Mensaje recibido: request_id=02437
2026-04-06 00:01:31,581 | concert_ticketing.adapters.messaging.rabbitmq.consumer | INFO | Mensaje recibido: request_id=02509
2026-04-06 00:01:31,654 | concert_ticketing.adapters.messaging.rabbitmq.consumer | INFO | Mensaje recibido: request_id=02555
2026-04-06 00:01:31,725 | concert_ticketing.adapters.messaging.rabbitmq.consumer | INFO | Mensaje recibido: request_id=02525
2026-04-06 00:01:31,811 | concert_ticketing.adapters.messaging.rabbitmq.consumer | INFO | Mensaje recibido: request_id=02571
2026-04-06 00:01:31,893 | concert_ticketing.adapters.messaging.rabbitmq.consumer | INFO | Mensaje recibido: request_id=02567
2026-04-06 00:01:31,996 | concert_ticketing.adapters.messaging.rabbitmq.consumer | INFO | Mensaje recibido: request_id=02487
2026-04-06 00:01:32,067 | concert_ticketing.adapters.messaging.rabbitmq.consumer | INFO | Mensaje recibido: request_id=02585
2026-04-06 00:01:32,146 | concert_ticketing.adapters.messaging.rabbitmq.consumer | INFO | Mensaje recibido: request_id=02485
2026-04-06 00:01:32,231 | concert_ticketing.adapters.messaging.rabbitmq.consumer | INFO | Mensaje recibido: request_id=02610
2026-04-06 00:01:32,321 | concert_ticketing.adapters.messaging.rabbitmq.consumer | INFO | Mensaje recibido: request_id=02601
2026-04-06 00:01:32,417 | concert_ticketing.adapters.messaging.rabbitmq.consumer | INFO | Mensaje recibido: request_id=02628
2026-04-06 00:01:32,497 | concert_ticketing.adapters.messaging.rabbitmq.consumer | INFO | Mensaje recibido: request_id=02634
2026-04-06 00:01:32,588 | concert_ticketing.adapters.messaging.rabbitmq.consumer | INFO | Mensaje recibido: request_id=02644
2026-04-06 00:01:32,667 | concert_ticketing.adapters.messaging.rabbitmq.consumer | INFO | Mensaje recibido: request_id=02633
2026-04-06 00:01:32,751 | concert_ticketing.adapters.messaging.rabbitmq.consumer | INFO | Mensaje recibido: request_id=02626
2026-04-06 00:01:32,842 | concert_ticketing.adapters.messaging.rabbitmq.consumer | INFO | Mensaje recibido: request_id=02639
2026-04-06 00:01:32,914 | concert_ticketing.adapters.messaging.rabbitmq.consumer | INFO | Mensaje recibido: request_id=02674
2026-04-06 00:01:33,000 | concert_ticketing.adapters.messaging.rabbitmq.consumer | INFO | Mensaje recibido: request_id=02663
2026-04-06 00:01:33,082 | concert_ticketing.adapters.messaging.rabbitmq.consumer | INFO | Mensaje recibido: request_id=02683
2026-04-06 00:01:33,154 | concert_ticketing.adapters.messaging.rabbitmq.consumer | INFO | Mensaje recibido: request_id=02671
2026-04-06 00:01:33,236 | concert_ticketing.adapters.messaging.rabbitmq.consumer | INFO | Mensaje recibido: request_id=02664
2026-04-06 00:01:33,305 | concert_ticketing.adapters.messaging.rabbitmq.consumer | INFO | Mensaje recibido: request_id=02704
2026-04-06 00:01:33,407 | concert_ticketing.adapters.messaging.rabbitmq.consumer | INFO | Mensaje recibido: request_id=02677
2026-04-06 00:01:33,494 | concert_ticketing.adapters.messaging.rabbitmq.consumer | INFO | Mensaje recibido: request_id=02731
2026-04-06 00:01:33,571 | concert_ticketing.adapters.messaging.rabbitmq.consumer | INFO | Mensaje recibido: request_id=02703
2026-04-06 00:01:33,671 | concert_ticketing.adapters.messaging.rabbitmq.consumer | INFO | Mensaje recibido: request_id=02641
2026-04-06 00:01:33,745 | concert_ticketing.adapters.messaging.rabbitmq.consumer | INFO | Mensaje recibido: request_id=02720
2026-04-06 00:01:33,829 | concert_ticketing.adapters.messaging.rabbitmq.consumer | INFO | Mensaje recibido: request_id=02685
2026-04-06 00:01:33,908 | concert_ticketing.adapters.messaging.rabbitmq.consumer | INFO | Mensaje recibido: request_id=02746
2026-04-06 00:01:33,996 | concert_ticketing.adapters.messaging.rabbitmq.consumer | INFO | Mensaje recibido: request_id=02779
2026-04-06 00:01:34,088 | concert_ticketing.adapters.messaging.rabbitmq.consumer | INFO | Mensaje recibido: request_id=02742
2026-04-06 00:01:34,155 | concert_ticketing.adapters.messaging.rabbitmq.consumer | INFO | Mensaje recibido: request_id=02698
2026-04-06 00:01:34,242 | concert_ticketing.adapters.messaging.rabbitmq.consumer | INFO | Mensaje recibido: request_id=02803
2026-04-06 00:01:34,326 | concert_ticketing.adapters.messaging.rabbitmq.consumer | INFO | Mensaje recibido: request_id=02804
2026-04-06 00:01:34,409 | concert_ticketing.adapters.messaging.rabbitmq.consumer | INFO | Mensaje recibido: request_id=02819
2026-04-06 00:01:34,488 | concert_ticketing.adapters.messaging.rabbitmq.consumer | INFO | Mensaje recibido: request_id=02575
2026-04-06 00:01:34,575 | concert_ticketing.adapters.messaging.rabbitmq.consumer | INFO | Mensaje recibido: request_id=02836
2026-04-06 00:01:34,642 | concert_ticketing.adapters.messaging.rabbitmq.consumer | INFO | Mensaje recibido: request_id=02842
2026-04-06 00:01:34,723 | concert_ticketing.adapters.messaging.rabbitmq.consumer | INFO | Mensaje recibido: request_id=02784
2026-04-06 00:01:34,817 | concert_ticketing.adapters.messaging.rabbitmq.consumer | INFO | Mensaje recibido: request_id=02861
2026-04-06 00:01:34,898 | concert_ticketing.adapters.messaging.rabbitmq.consumer | INFO | Mensaje recibido: request_id=02786
2026-04-06 00:01:34,996 | concert_ticketing.adapters.messaging.rabbitmq.consumer | INFO | Mensaje recibido: request_id=02832
2026-04-06 00:01:35,079 | concert_ticketing.adapters.messaging.rabbitmq.consumer | INFO | Mensaje recibido: request_id=02883
2026-04-06 00:01:35,183 | concert_ticketing.adapters.messaging.rabbitmq.consumer | INFO | Mensaje recibido: request_id=02858
2026-04-06 00:01:35,274 | concert_ticketing.adapters.messaging.rabbitmq.consumer | INFO | Mensaje recibido: request_id=02894
2026-04-06 00:01:35,341 | concert_ticketing.adapters.messaging.rabbitmq.consumer | INFO | Mensaje recibido: request_id=02822
2026-04-06 00:01:35,436 | concert_ticketing.adapters.messaging.rabbitmq.consumer | INFO | Mensaje recibido: request_id=02850
2026-04-06 00:01:35,520 | concert_ticketing.adapters.messaging.rabbitmq.consumer | INFO | Mensaje recibido: request_id=02924
2026-04-06 00:01:35,598 | concert_ticketing.adapters.messaging.rabbitmq.consumer | INFO | Mensaje recibido: request_id=02880
2026-04-06 00:01:35,684 | concert_ticketing.adapters.messaging.rabbitmq.consumer | INFO | Mensaje recibido: request_id=02882
2026-04-06 00:01:35,767 | concert_ticketing.adapters.messaging.rabbitmq.consumer | INFO | Mensaje recibido: request_id=02939
2026-04-06 00:01:35,857 | concert_ticketing.adapters.messaging.rabbitmq.consumer | INFO | Mensaje recibido: request_id=02876
2026-04-06 00:01:35,935 | concert_ticketing.adapters.messaging.rabbitmq.consumer | INFO | Mensaje recibido: request_id=02953
2026-04-06 00:01:36,057 | concert_ticketing.adapters.messaging.rabbitmq.consumer | INFO | Mensaje recibido: request_id=02927
2026-04-06 00:01:36,151 | concert_ticketing.adapters.messaging.rabbitmq.consumer | INFO | Mensaje recibido: request_id=02978
2026-04-06 00:01:36,253 | concert_ticketing.adapters.messaging.rabbitmq.consumer | INFO | Mensaje recibido: request_id=02988
2026-04-06 00:01:36,354 | concert_ticketing.adapters.messaging.rabbitmq.consumer | INFO | Mensaje recibido: request_id=02920
2026-04-06 00:01:36,458 | concert_ticketing.adapters.messaging.rabbitmq.consumer | INFO | Mensaje recibido: request_id=02859
2026-04-06 00:01:36,561 | concert_ticketing.adapters.messaging.rabbitmq.consumer | INFO | Mensaje recibido: request_id=02961
2026-04-06 00:01:36,675 | concert_ticketing.adapters.messaging.rabbitmq.consumer | INFO | Mensaje recibido: request_id=03019
2026-04-06 00:01:36,798 | concert_ticketing.adapters.messaging.rabbitmq.consumer | INFO | Mensaje recibido: request_id=03008
2026-04-06 00:01:36,909 | concert_ticketing.adapters.messaging.rabbitmq.consumer | INFO | Mensaje recibido: request_id=03037
2026-04-06 00:01:36,995 | concert_ticketing.adapters.messaging.rabbitmq.consumer | INFO | Mensaje recibido: request_id=03029
2026-04-06 00:01:37,082 | concert_ticketing.adapters.messaging.rabbitmq.consumer | INFO | Mensaje recibido: request_id=02993
2026-04-06 00:01:37,167 | concert_ticketing.adapters.messaging.rabbitmq.consumer | INFO | Mensaje recibido: request_id=02963
2026-04-06 00:01:37,258 | concert_ticketing.adapters.messaging.rabbitmq.consumer | INFO | Mensaje recibido: request_id=03068
2026-04-06 00:01:37,330 | concert_ticketing.adapters.messaging.rabbitmq.consumer | INFO | Mensaje recibido: request_id=02998
2026-04-06 00:01:37,423 | concert_ticketing.adapters.messaging.rabbitmq.consumer | INFO | Mensaje recibido: request_id=03049
2026-04-06 00:01:37,520 | concert_ticketing.adapters.messaging.rabbitmq.consumer | INFO | Mensaje recibido: request_id=03091
2026-04-06 00:01:37,588 | concert_ticketing.adapters.messaging.rabbitmq.consumer | INFO | Mensaje recibido: request_id=03089
2026-04-06 00:01:37,683 | concert_ticketing.adapters.messaging.rabbitmq.consumer | INFO | Mensaje recibido: request_id=02936
2026-04-06 00:01:37,775 | concert_ticketing.adapters.messaging.rabbitmq.consumer | INFO | Mensaje recibido: request_id=03116
2026-04-06 00:01:37,865 | concert_ticketing.adapters.messaging.rabbitmq.consumer | INFO | Mensaje recibido: request_id=03118
2026-04-06 00:01:37,936 | concert_ticketing.adapters.messaging.rabbitmq.consumer | INFO | Mensaje recibido: request_id=03094
2026-04-06 00:01:38,011 | concert_ticketing.adapters.messaging.rabbitmq.consumer | INFO | Mensaje recibido: request_id=03132
2026-04-06 00:01:38,106 | concert_ticketing.adapters.messaging.rabbitmq.consumer | INFO | Mensaje recibido: request_id=03139
2026-04-06 00:01:38,179 | concert_ticketing.adapters.messaging.rabbitmq.consumer | INFO | Mensaje recibido: request_id=03052
2026-04-06 00:01:38,258 | concert_ticketing.adapters.messaging.rabbitmq.consumer | INFO | Mensaje recibido: request_id=03136
2026-04-06 00:01:38,345 | concert_ticketing.adapters.messaging.rabbitmq.consumer | INFO | Mensaje recibido: request_id=03076
2026-04-06 00:01:38,412 | concert_ticketing.adapters.messaging.rabbitmq.consumer | INFO | Mensaje recibido: request_id=03156
2026-04-06 00:01:38,496 | concert_ticketing.adapters.messaging.rabbitmq.consumer | INFO | Mensaje recibido: request_id=03151
2026-04-06 00:01:38,583 | concert_ticketing.adapters.messaging.rabbitmq.consumer | INFO | Mensaje recibido: request_id=02966
2026-04-06 00:01:38,665 | concert_ticketing.adapters.messaging.rabbitmq.consumer | INFO | Mensaje recibido: request_id=03204
2026-04-06 00:01:38,741 | concert_ticketing.adapters.messaging.rabbitmq.consumer | INFO | Mensaje recibido: request_id=03210
2026-04-06 00:01:38,837 | concert_ticketing.adapters.messaging.rabbitmq.consumer | INFO | Mensaje recibido: request_id=03183
2026-04-06 00:01:38,931 | concert_ticketing.adapters.messaging.rabbitmq.consumer | INFO | Mensaje recibido: request_id=03221
2026-04-06 00:01:39,000 | concert_ticketing.adapters.messaging.rabbitmq.consumer | INFO | Mensaje recibido: request_id=03227
2026-04-06 00:01:39,088 | concert_ticketing.adapters.messaging.rabbitmq.consumer | INFO | Mensaje recibido: request_id=03226
2026-04-06 00:01:39,161 | concert_ticketing.adapters.messaging.rabbitmq.consumer | INFO | Mensaje recibido: request_id=03134
2026-04-06 00:01:39,230 | concert_ticketing.adapters.messaging.rabbitmq.consumer | INFO | Mensaje recibido: request_id=03249
2026-04-06 00:01:39,309 | concert_ticketing.adapters.messaging.rabbitmq.consumer | INFO | Mensaje recibido: request_id=03169
2026-04-06 00:01:39,405 | concert_ticketing.adapters.messaging.rabbitmq.consumer | INFO | Mensaje recibido: request_id=03275
2026-04-06 00:01:39,501 | concert_ticketing.adapters.messaging.rabbitmq.consumer | INFO | Mensaje recibido: request_id=03278
2026-04-06 00:01:39,577 | concert_ticketing.adapters.messaging.rabbitmq.consumer | INFO | Mensaje recibido: request_id=03189
2026-04-06 00:01:39,665 | concert_ticketing.adapters.messaging.rabbitmq.consumer | INFO | Mensaje recibido: request_id=03272
2026-04-06 00:01:39,750 | concert_ticketing.adapters.messaging.rabbitmq.consumer | INFO | Mensaje recibido: request_id=03307
2026-04-06 00:01:39,837 | concert_ticketing.adapters.messaging.rabbitmq.consumer | INFO | Mensaje recibido: request_id=03273
2026-04-06 00:01:39,917 | concert_ticketing.adapters.messaging.rabbitmq.consumer | INFO | Mensaje recibido: request_id=03231
2026-04-06 00:01:39,991 | concert_ticketing.adapters.messaging.rabbitmq.consumer | INFO | Mensaje recibido: request_id=03331
2026-04-06 00:01:40,069 | concert_ticketing.adapters.messaging.rabbitmq.consumer | INFO | Mensaje recibido: request_id=03337
2026-04-06 00:01:40,148 | concert_ticketing.adapters.messaging.rabbitmq.consumer | INFO | Mensaje recibido: request_id=03242
2026-04-06 00:01:40,246 | concert_ticketing.adapters.messaging.rabbitmq.consumer | INFO | Mensaje recibido: request_id=03356
2026-04-06 00:01:40,338 | concert_ticketing.adapters.messaging.rabbitmq.consumer | INFO | Mensaje recibido: request_id=03363
2026-04-06 00:01:40,409 | concert_ticketing.adapters.messaging.rabbitmq.consumer | INFO | Mensaje recibido: request_id=03247
2026-04-06 00:01:40,488 | concert_ticketing.adapters.messaging.rabbitmq.consumer | INFO | Mensaje recibido: request_id=03379
2026-04-06 00:01:40,567 | concert_ticketing.adapters.messaging.rabbitmq.consumer | INFO | Mensaje recibido: request_id=03333
2026-04-06 00:01:40,648 | concert_ticketing.adapters.messaging.rabbitmq.consumer | INFO | Mensaje recibido: request_id=03378
2026-04-06 00:01:40,746 | concert_ticketing.adapters.messaging.rabbitmq.consumer | INFO | Mensaje recibido: request_id=03403
2026-04-06 00:01:40,814 | concert_ticketing.adapters.messaging.rabbitmq.consumer | INFO | Mensaje recibido: request_id=03404
2026-04-06 00:01:40,909 | concert_ticketing.adapters.messaging.rabbitmq.consumer | INFO | Mensaje recibido: request_id=03334
2026-04-06 00:01:40,959 | concert_ticketing.adapters.messaging.rabbitmq.consumer | INFO | Mensaje recibido: request_id=03407
2026-04-06 00:01:41,046 | concert_ticketing.adapters.messaging.rabbitmq.consumer | INFO | Mensaje recibido: request_id=03348
2026-04-06 00:01:41,134 | concert_ticketing.adapters.messaging.rabbitmq.consumer | INFO | Mensaje recibido: request_id=03236
2026-04-06 00:01:41,231 | concert_ticketing.adapters.messaging.rabbitmq.consumer | INFO | Mensaje recibido: request_id=03321
2026-04-06 00:01:41,315 | concert_ticketing.adapters.messaging.rabbitmq.consumer | INFO | Mensaje recibido: request_id=03459
2026-04-06 00:01:41,412 | concert_ticketing.adapters.messaging.rabbitmq.consumer | INFO | Mensaje recibido: request_id=03466
2026-04-06 00:01:41,496 | concert_ticketing.adapters.messaging.rabbitmq.consumer | INFO | Mensaje recibido: request_id=03468
2026-04-06 00:01:41,580 | concert_ticketing.adapters.messaging.rabbitmq.consumer | INFO | Mensaje recibido: request_id=03458
2026-04-06 00:01:41,659 | concert_ticketing.adapters.messaging.rabbitmq.consumer | INFO | Mensaje recibido: request_id=03491
2026-04-06 00:01:41,736 | concert_ticketing.adapters.messaging.rabbitmq.consumer | INFO | Mensaje recibido: request_id=03487
2026-04-06 00:01:41,826 | concert_ticketing.adapters.messaging.rabbitmq.consumer | INFO | Mensaje recibido: request_id=03490
2026-04-06 00:01:41,913 | concert_ticketing.adapters.messaging.rabbitmq.consumer | INFO | Mensaje recibido: request_id=03515
2026-04-06 00:01:41,992 | concert_ticketing.adapters.messaging.rabbitmq.consumer | INFO | Mensaje recibido: request_id=03455
2026-04-06 00:01:42,063 | concert_ticketing.adapters.messaging.rabbitmq.consumer | INFO | Mensaje recibido: request_id=03428
2026-04-06 00:01:42,171 | concert_ticketing.adapters.messaging.rabbitmq.consumer | INFO | Mensaje recibido: request_id=03540
2026-04-06 00:01:42,248 | concert_ticketing.adapters.messaging.rabbitmq.consumer | INFO | Mensaje recibido: request_id=03390
2026-04-06 00:01:42,308 | concert_ticketing.adapters.messaging.rabbitmq.consumer | INFO | Mensaje recibido: request_id=03497
2026-04-06 00:01:42,388 | concert_ticketing.adapters.messaging.rabbitmq.consumer | INFO | Mensaje recibido: request_id=03501
2026-04-06 00:01:42,458 | concert_ticketing.adapters.messaging.rabbitmq.consumer | INFO | Mensaje recibido: request_id=03563
2026-04-06 00:01:42,550 | concert_ticketing.adapters.messaging.rabbitmq.consumer | INFO | Mensaje recibido: request_id=03572
2026-04-06 00:01:42,640 | concert_ticketing.adapters.messaging.rabbitmq.consumer | INFO | Mensaje recibido: request_id=03587
2026-04-06 00:01:42,716 | concert_ticketing.adapters.messaging.rabbitmq.consumer | INFO | Mensaje recibido: request_id=03545
2026-04-06 00:01:42,799 | concert_ticketing.adapters.messaging.rabbitmq.consumer | INFO | Mensaje recibido: request_id=03561
2026-04-06 00:01:42,888 | concert_ticketing.adapters.messaging.rabbitmq.consumer | INFO | Mensaje recibido: request_id=03611
2026-04-06 00:01:42,966 | concert_ticketing.adapters.messaging.rabbitmq.consumer | INFO | Mensaje recibido: request_id=03544
2026-04-06 00:01:43,062 | concert_ticketing.adapters.messaging.rabbitmq.consumer | INFO | Mensaje recibido: request_id=03607
2026-04-06 00:01:43,152 | concert_ticketing.adapters.messaging.rabbitmq.consumer | INFO | Mensaje recibido: request_id=03594
2026-04-06 00:01:43,250 | concert_ticketing.adapters.messaging.rabbitmq.consumer | INFO | Mensaje recibido: request_id=03644
2026-04-06 00:01:43,315 | concert_ticketing.adapters.messaging.rabbitmq.consumer | INFO | Mensaje recibido: request_id=03600
2026-04-06 00:01:43,384 | concert_ticketing.adapters.messaging.rabbitmq.consumer | INFO | Mensaje recibido: request_id=03548
2026-04-06 00:01:43,483 | concert_ticketing.adapters.messaging.rabbitmq.consumer | INFO | Mensaje recibido: request_id=03667
2026-04-06 00:01:43,558 | concert_ticketing.adapters.messaging.rabbitmq.consumer | INFO | Mensaje recibido: request_id=03645
2026-04-06 00:01:43,657 | concert_ticketing.adapters.messaging.rabbitmq.consumer | INFO | Mensaje recibido: request_id=03683
2026-04-06 00:01:43,724 | concert_ticketing.adapters.messaging.rabbitmq.consumer | INFO | Mensaje recibido: request_id=03690
2026-04-06 00:01:43,821 | concert_ticketing.adapters.messaging.rabbitmq.consumer | INFO | Mensaje recibido: request_id=03698
2026-04-06 00:01:43,913 | concert_ticketing.adapters.messaging.rabbitmq.consumer | INFO | Mensaje recibido: request_id=03680
2026-04-06 00:01:43,978 | concert_ticketing.adapters.messaging.rabbitmq.consumer | INFO | Mensaje recibido: request_id=03656
2026-04-06 00:01:44,063 | concert_ticketing.adapters.messaging.rabbitmq.consumer | INFO | Mensaje recibido: request_id=03658
2026-04-06 00:01:44,138 | concert_ticketing.adapters.messaging.rabbitmq.consumer | INFO | Mensaje recibido: request_id=03712
2026-04-06 00:01:44,207 | concert_ticketing.adapters.messaging.rabbitmq.consumer | INFO | Mensaje recibido: request_id=03738
2026-04-06 00:01:44,304 | concert_ticketing.adapters.messaging.rabbitmq.consumer | INFO | Mensaje recibido: request_id=03749
2026-04-06 00:01:44,390 | concert_ticketing.adapters.messaging.rabbitmq.consumer | INFO | Mensaje recibido: request_id=03742
2026-04-06 00:01:44,471 | concert_ticketing.adapters.messaging.rabbitmq.consumer | INFO | Mensaje recibido: request_id=03718
2026-04-06 00:01:44,540 | concert_ticketing.adapters.messaging.rabbitmq.consumer | INFO | Mensaje recibido: request_id=03710
2026-04-06 00:01:44,629 | concert_ticketing.adapters.messaging.rabbitmq.consumer | INFO | Mensaje recibido: request_id=03744
2026-04-06 00:01:44,723 | concert_ticketing.adapters.messaging.rabbitmq.consumer | INFO | Mensaje recibido: request_id=03774
2026-04-06 00:01:44,795 | concert_ticketing.adapters.messaging.rabbitmq.consumer | INFO | Mensaje recibido: request_id=03762
2026-04-06 00:01:44,874 | concert_ticketing.adapters.messaging.rabbitmq.consumer | INFO | Mensaje recibido: request_id=03536
2026-04-06 00:01:44,965 | concert_ticketing.adapters.messaging.rabbitmq.consumer | INFO | Mensaje recibido: request_id=03803
2026-04-06 00:01:45,038 | concert_ticketing.adapters.messaging.rabbitmq.consumer | INFO | Mensaje recibido: request_id=03782
2026-04-06 00:01:45,117 | concert_ticketing.adapters.messaging.rabbitmq.consumer | INFO | Mensaje recibido: request_id=03769
2026-04-06 00:01:45,188 | concert_ticketing.adapters.messaging.rabbitmq.consumer | INFO | Mensaje recibido: request_id=03790
2026-04-06 00:01:45,277 | concert_ticketing.adapters.messaging.rabbitmq.consumer | INFO | Mensaje recibido: request_id=03779
2026-04-06 00:01:45,367 | concert_ticketing.adapters.messaging.rabbitmq.consumer | INFO | Mensaje recibido: request_id=03851
2026-04-06 00:01:45,466 | concert_ticketing.adapters.messaging.rabbitmq.consumer | INFO | Mensaje recibido: request_id=03852
2026-04-06 00:01:45,546 | concert_ticketing.adapters.messaging.rabbitmq.consumer | INFO | Mensaje recibido: request_id=03840
2026-04-06 00:01:45,661 | concert_ticketing.adapters.messaging.rabbitmq.consumer | INFO | Mensaje recibido: request_id=03854
2026-04-06 00:01:45,758 | concert_ticketing.adapters.messaging.rabbitmq.consumer | INFO | Mensaje recibido: request_id=03772
2026-04-06 00:01:45,854 | concert_ticketing.adapters.messaging.rabbitmq.consumer | INFO | Mensaje recibido: request_id=03818
2026-04-06 00:01:45,939 | concert_ticketing.adapters.messaging.rabbitmq.consumer | INFO | Mensaje recibido: request_id=03859
2026-04-06 00:01:46,021 | concert_ticketing.adapters.messaging.rabbitmq.consumer | INFO | Mensaje recibido: request_id=03907
2026-04-06 00:01:46,105 | concert_ticketing.adapters.messaging.rabbitmq.consumer | INFO | Mensaje recibido: request_id=03887
2026-04-06 00:01:46,179 | concert_ticketing.adapters.messaging.rabbitmq.consumer | INFO | Mensaje recibido: request_id=03915
2026-04-06 00:01:46,269 | concert_ticketing.adapters.messaging.rabbitmq.consumer | INFO | Mensaje recibido: request_id=03857
2026-04-06 00:01:46,356 | concert_ticketing.adapters.messaging.rabbitmq.consumer | INFO | Mensaje recibido: request_id=03939
2026-04-06 00:01:46,441 | concert_ticketing.adapters.messaging.rabbitmq.consumer | INFO | Mensaje recibido: request_id=03935
2026-04-06 00:01:46,521 | concert_ticketing.adapters.messaging.rabbitmq.consumer | INFO | Mensaje recibido: request_id=03942
2026-04-06 00:01:46,611 | concert_ticketing.adapters.messaging.rabbitmq.consumer | INFO | Mensaje recibido: request_id=03847
2026-04-06 00:01:46,707 | concert_ticketing.adapters.messaging.rabbitmq.consumer | INFO | Mensaje recibido: request_id=03937
2026-04-06 00:01:46,783 | concert_ticketing.adapters.messaging.rabbitmq.consumer | INFO | Mensaje recibido: request_id=03980
2026-04-06 00:01:46,867 | concert_ticketing.adapters.messaging.rabbitmq.consumer | INFO | Mensaje recibido: request_id=03975
2026-04-06 00:01:46,965 | concert_ticketing.adapters.messaging.rabbitmq.consumer | INFO | Mensaje recibido: request_id=03994
2026-04-06 00:01:47,045 | concert_ticketing.adapters.messaging.rabbitmq.consumer | INFO | Mensaje recibido: request_id=03957
2026-04-06 00:01:47,157 | concert_ticketing.adapters.messaging.rabbitmq.consumer | INFO | Mensaje recibido: request_id=03967
2026-04-06 00:01:47,254 | concert_ticketing.adapters.messaging.rabbitmq.consumer | INFO | Mensaje recibido: request_id=03951
2026-04-06 00:01:47,347 | concert_ticketing.adapters.messaging.rabbitmq.consumer | INFO | Mensaje recibido: request_id=04009
2026-04-06 00:01:47,448 | concert_ticketing.adapters.messaging.rabbitmq.consumer | INFO | Mensaje recibido: request_id=04008
2026-04-06 00:01:47,547 | concert_ticketing.adapters.messaging.rabbitmq.consumer | INFO | Mensaje recibido: request_id=04025
2026-04-06 00:01:47,673 | concert_ticketing.adapters.messaging.rabbitmq.consumer | INFO | Mensaje recibido: request_id=04038
2026-04-06 00:01:47,752 | concert_ticketing.adapters.messaging.rabbitmq.consumer | INFO | Mensaje recibido: request_id=04031
2026-04-06 00:01:47,862 | concert_ticketing.adapters.messaging.rabbitmq.consumer | INFO | Mensaje recibido: request_id=03938
2026-04-06 00:01:47,954 | concert_ticketing.adapters.messaging.rabbitmq.consumer | INFO | Mensaje recibido: request_id=04068
2026-04-06 00:01:48,034 | concert_ticketing.adapters.messaging.rabbitmq.consumer | INFO | Mensaje recibido: request_id=04081
2026-04-06 00:01:48,115 | concert_ticketing.adapters.messaging.rabbitmq.consumer | INFO | Mensaje recibido: request_id=04079
2026-04-06 00:01:48,204 | concert_ticketing.adapters.messaging.rabbitmq.consumer | INFO | Mensaje recibido: request_id=04074
2026-04-06 00:01:48,291 | concert_ticketing.adapters.messaging.rabbitmq.consumer | INFO | Mensaje recibido: request_id=04107
2026-04-06 00:01:48,383 | concert_ticketing.adapters.messaging.rabbitmq.consumer | INFO | Mensaje recibido: request_id=03991
2026-04-06 00:01:48,453 | concert_ticketing.adapters.messaging.rabbitmq.consumer | INFO | Mensaje recibido: request_id=04083
2026-04-06 00:01:48,537 | concert_ticketing.adapters.messaging.rabbitmq.consumer | INFO | Mensaje recibido: request_id=04065
2026-04-06 00:01:48,615 | concert_ticketing.adapters.messaging.rabbitmq.consumer | INFO | Mensaje recibido: request_id=04112
2026-04-06 00:01:48,688 | concert_ticketing.adapters.messaging.rabbitmq.consumer | INFO | Mensaje recibido: request_id=04123
2026-04-06 00:01:48,763 | concert_ticketing.adapters.messaging.rabbitmq.consumer | INFO | Mensaje recibido: request_id=04116
2026-04-06 00:01:48,851 | concert_ticketing.adapters.messaging.rabbitmq.consumer | INFO | Mensaje recibido: request_id=04155
2026-04-06 00:01:48,921 | concert_ticketing.adapters.messaging.rabbitmq.consumer | INFO | Mensaje recibido: request_id=04131
2026-04-06 00:01:49,004 | concert_ticketing.adapters.messaging.rabbitmq.consumer | INFO | Mensaje recibido: request_id=04108
2026-04-06 00:01:49,088 | concert_ticketing.adapters.messaging.rabbitmq.consumer | INFO | Mensaje recibido: request_id=04125
2026-04-06 00:01:49,175 | concert_ticketing.adapters.messaging.rabbitmq.consumer | INFO | Mensaje recibido: request_id=04194
2026-04-06 00:01:49,231 | concert_ticketing.adapters.messaging.rabbitmq.consumer | INFO | Mensaje recibido: request_id=04176
2026-04-06 00:01:49,319 | concert_ticketing.adapters.messaging.rabbitmq.consumer | INFO | Mensaje recibido: request_id=04211
2026-04-06 00:01:49,404 | concert_ticketing.adapters.messaging.rabbitmq.consumer | INFO | Mensaje recibido: request_id=04213
2026-04-06 00:01:49,476 | concert_ticketing.adapters.messaging.rabbitmq.consumer | INFO | Mensaje recibido: request_id=04224
2026-04-06 00:01:49,570 | concert_ticketing.adapters.messaging.rabbitmq.consumer | INFO | Mensaje recibido: request_id=04226
2026-04-06 00:01:49,644 | concert_ticketing.adapters.messaging.rabbitmq.consumer | INFO | Mensaje recibido: request_id=04241
2026-04-06 00:01:49,717 | concert_ticketing.adapters.messaging.rabbitmq.consumer | INFO | Mensaje recibido: request_id=04169
2026-04-06 00:01:49,787 | concert_ticketing.adapters.messaging.rabbitmq.consumer | INFO | Mensaje recibido: request_id=04251
2026-04-06 00:01:49,881 | concert_ticketing.adapters.messaging.rabbitmq.consumer | INFO | Mensaje recibido: request_id=04193
2026-04-06 00:01:49,971 | concert_ticketing.adapters.messaging.rabbitmq.consumer | INFO | Mensaje recibido: request_id=04210
2026-04-06 00:01:50,045 | concert_ticketing.adapters.messaging.rabbitmq.consumer | INFO | Mensaje recibido: request_id=04272
2026-04-06 00:01:50,126 | concert_ticketing.adapters.messaging.rabbitmq.consumer | INFO | Mensaje recibido: request_id=04256
2026-04-06 00:01:50,222 | concert_ticketing.adapters.messaging.rabbitmq.consumer | INFO | Mensaje recibido: request_id=04300
2026-04-06 00:01:50,305 | concert_ticketing.adapters.messaging.rabbitmq.consumer | INFO | Mensaje recibido: request_id=04273
2026-04-06 00:01:50,384 | concert_ticketing.adapters.messaging.rabbitmq.consumer | INFO | Mensaje recibido: request_id=04307
2026-04-06 00:01:50,462 | concert_ticketing.adapters.messaging.rabbitmq.consumer | INFO | Mensaje recibido: request_id=04305
2026-04-06 00:01:50,528 | concert_ticketing.adapters.messaging.rabbitmq.consumer | INFO | Mensaje recibido: request_id=04308
2026-04-06 00:01:50,615 | concert_ticketing.adapters.messaging.rabbitmq.consumer | INFO | Mensaje recibido: request_id=04331
2026-04-06 00:01:50,717 | concert_ticketing.adapters.messaging.rabbitmq.consumer | INFO | Mensaje recibido: request_id=04288
2026-04-06 00:01:50,796 | concert_ticketing.adapters.messaging.rabbitmq.consumer | INFO | Mensaje recibido: request_id=04245
2026-04-06 00:01:50,888 | concert_ticketing.adapters.messaging.rabbitmq.consumer | INFO | Mensaje recibido: request_id=04335
2026-04-06 00:01:50,978 | concert_ticketing.adapters.messaging.rabbitmq.consumer | INFO | Mensaje recibido: request_id=04372
2026-04-06 00:01:51,040 | concert_ticketing.adapters.messaging.rabbitmq.consumer | INFO | Mensaje recibido: request_id=04275
2026-04-06 00:01:51,123 | concert_ticketing.adapters.messaging.rabbitmq.consumer | INFO | Mensaje recibido: request_id=04377
2026-04-06 00:01:51,204 | concert_ticketing.adapters.messaging.rabbitmq.consumer | INFO | Mensaje recibido: request_id=04314
2026-04-06 00:01:51,295 | concert_ticketing.adapters.messaging.rabbitmq.consumer | INFO | Mensaje recibido: request_id=04401
2026-04-06 00:01:51,358 | concert_ticketing.adapters.messaging.rabbitmq.consumer | INFO | Mensaje recibido: request_id=04371
2026-04-06 00:01:51,439 | concert_ticketing.adapters.messaging.rabbitmq.consumer | INFO | Mensaje recibido: request_id=04321
2026-04-06 00:01:51,534 | concert_ticketing.adapters.messaging.rabbitmq.consumer | INFO | Mensaje recibido: request_id=04413
2026-04-06 00:01:51,616 | concert_ticketing.adapters.messaging.rabbitmq.consumer | INFO | Mensaje recibido: request_id=04411
2026-04-06 00:01:51,700 | concert_ticketing.adapters.messaging.rabbitmq.consumer | INFO | Mensaje recibido: request_id=04422
2026-04-06 00:01:51,782 | concert_ticketing.adapters.messaging.rabbitmq.consumer | INFO | Mensaje recibido: request_id=04451
2026-04-06 00:01:51,881 | concert_ticketing.adapters.messaging.rabbitmq.consumer | INFO | Mensaje recibido: request_id=04419
2026-04-06 00:01:51,957 | concert_ticketing.adapters.messaging.rabbitmq.consumer | INFO | Mensaje recibido: request_id=04339
2026-04-06 00:01:52,029 | concert_ticketing.adapters.messaging.rabbitmq.consumer | INFO | Mensaje recibido: request_id=04370
2026-04-06 00:01:52,115 | concert_ticketing.adapters.messaging.rabbitmq.consumer | INFO | Mensaje recibido: request_id=04458
2026-04-06 00:01:52,200 | concert_ticketing.adapters.messaging.rabbitmq.consumer | INFO | Mensaje recibido: request_id=04483
2026-04-06 00:01:52,298 | concert_ticketing.adapters.messaging.rabbitmq.consumer | INFO | Mensaje recibido: request_id=04490
2026-04-06 00:01:52,395 | concert_ticketing.adapters.messaging.rabbitmq.consumer | INFO | Mensaje recibido: request_id=04487
2026-04-06 00:01:52,482 | concert_ticketing.adapters.messaging.rabbitmq.consumer | INFO | Mensaje recibido: request_id=04296
2026-04-06 00:01:52,575 | concert_ticketing.adapters.messaging.rabbitmq.consumer | INFO | Mensaje recibido: request_id=04524
2026-04-06 00:01:52,657 | concert_ticketing.adapters.messaging.rabbitmq.consumer | INFO | Mensaje recibido: request_id=04509
2026-04-06 00:01:52,723 | concert_ticketing.adapters.messaging.rabbitmq.consumer | INFO | Mensaje recibido: request_id=04437
2026-04-06 00:01:52,804 | concert_ticketing.adapters.messaging.rabbitmq.consumer | INFO | Mensaje recibido: request_id=04406
2026-04-06 00:01:52,904 | concert_ticketing.adapters.messaging.rabbitmq.consumer | INFO | Mensaje recibido: request_id=04554
2026-04-06 00:01:52,996 | concert_ticketing.adapters.messaging.rabbitmq.consumer | INFO | Mensaje recibido: request_id=04450
2026-04-06 00:01:53,085 | concert_ticketing.adapters.messaging.rabbitmq.consumer | INFO | Mensaje recibido: request_id=04439
2026-04-06 00:01:53,159 | concert_ticketing.adapters.messaging.rabbitmq.consumer | INFO | Mensaje recibido: request_id=04571
2026-04-06 00:01:53,241 | concert_ticketing.adapters.messaging.rabbitmq.consumer | INFO | Mensaje recibido: request_id=04579
2026-04-06 00:01:53,330 | concert_ticketing.adapters.messaging.rabbitmq.consumer | INFO | Mensaje recibido: request_id=04556
2026-04-06 00:01:53,413 | concert_ticketing.adapters.messaging.rabbitmq.consumer | INFO | Mensaje recibido: request_id=04602
2026-04-06 00:01:53,494 | concert_ticketing.adapters.messaging.rabbitmq.consumer | INFO | Mensaje recibido: request_id=04584
2026-04-06 00:01:53,601 | concert_ticketing.adapters.messaging.rabbitmq.consumer | INFO | Mensaje recibido: request_id=04491
2026-04-06 00:01:53,694 | concert_ticketing.adapters.messaging.rabbitmq.consumer | INFO | Mensaje recibido: request_id=04624
2026-04-06 00:01:53,749 | concert_ticketing.adapters.messaging.rabbitmq.consumer | INFO | Mensaje recibido: request_id=04628
2026-04-06 00:01:53,842 | concert_ticketing.adapters.messaging.rabbitmq.consumer | INFO | Mensaje recibido: request_id=04614
2026-04-06 00:01:53,939 | concert_ticketing.adapters.messaging.rabbitmq.consumer | INFO | Mensaje recibido: request_id=04622
2026-04-06 00:01:54,028 | concert_ticketing.adapters.messaging.rabbitmq.consumer | INFO | Mensaje recibido: request_id=04606
2026-04-06 00:01:54,119 | concert_ticketing.adapters.messaging.rabbitmq.consumer | INFO | Mensaje recibido: request_id=04658
2026-04-06 00:01:54,191 | concert_ticketing.adapters.messaging.rabbitmq.consumer | INFO | Mensaje recibido: request_id=04663
2026-04-06 00:01:54,290 | concert_ticketing.adapters.messaging.rabbitmq.consumer | INFO | Mensaje recibido: request_id=04518
2026-04-06 00:01:54,375 | concert_ticketing.adapters.messaging.rabbitmq.consumer | INFO | Mensaje recibido: request_id=04607
2026-04-06 00:01:54,467 | concert_ticketing.adapters.messaging.rabbitmq.consumer | INFO | Mensaje recibido: request_id=04654
2026-04-06 00:01:54,538 | concert_ticketing.adapters.messaging.rabbitmq.consumer | INFO | Mensaje recibido: request_id=04669
2026-04-06 00:01:54,619 | concert_ticketing.adapters.messaging.rabbitmq.consumer | INFO | Mensaje recibido: request_id=04638
2026-04-06 00:01:54,699 | concert_ticketing.adapters.messaging.rabbitmq.consumer | INFO | Mensaje recibido: request_id=04712
2026-04-06 00:01:54,784 | concert_ticketing.adapters.messaging.rabbitmq.consumer | INFO | Mensaje recibido: request_id=04710
2026-04-06 00:01:54,879 | concert_ticketing.adapters.messaging.rabbitmq.consumer | INFO | Mensaje recibido: request_id=04739
2026-04-06 00:01:54,952 | concert_ticketing.adapters.messaging.rabbitmq.consumer | INFO | Mensaje recibido: request_id=04612
2026-04-06 00:01:55,032 | concert_ticketing.adapters.messaging.rabbitmq.consumer | INFO | Mensaje recibido: request_id=04729
2026-04-06 00:01:55,113 | concert_ticketing.adapters.messaging.rabbitmq.consumer | INFO | Mensaje recibido: request_id=04699
2026-04-06 00:01:55,200 | concert_ticketing.adapters.messaging.rabbitmq.consumer | INFO | Mensaje recibido: request_id=04723
2026-04-06 00:01:55,275 | concert_ticketing.adapters.messaging.rabbitmq.consumer | INFO | Mensaje recibido: request_id=04771
2026-04-06 00:01:55,357 | concert_ticketing.adapters.messaging.rabbitmq.consumer | INFO | Mensaje recibido: request_id=04779
2026-04-06 00:01:55,448 | concert_ticketing.adapters.messaging.rabbitmq.consumer | INFO | Mensaje recibido: request_id=04742
2026-04-06 00:01:55,534 | concert_ticketing.adapters.messaging.rabbitmq.consumer | INFO | Mensaje recibido: request_id=04796
2026-04-06 00:01:55,624 | concert_ticketing.adapters.messaging.rabbitmq.consumer | INFO | Mensaje recibido: request_id=04804
2026-04-06 00:01:55,689 | concert_ticketing.adapters.messaging.rabbitmq.consumer | INFO | Mensaje recibido: request_id=04782
2026-04-06 00:01:55,788 | concert_ticketing.adapters.messaging.rabbitmq.consumer | INFO | Mensaje recibido: request_id=04818
2026-04-06 00:01:55,873 | concert_ticketing.adapters.messaging.rabbitmq.consumer | INFO | Mensaje recibido: request_id=04799
2026-04-06 00:01:55,965 | concert_ticketing.adapters.messaging.rabbitmq.consumer | INFO | Mensaje recibido: request_id=04722
2026-04-06 00:01:56,048 | concert_ticketing.adapters.messaging.rabbitmq.consumer | INFO | Mensaje recibido: request_id=04835
2026-04-06 00:01:56,125 | concert_ticketing.adapters.messaging.rabbitmq.consumer | INFO | Mensaje recibido: request_id=04816
2026-04-06 00:01:56,220 | concert_ticketing.adapters.messaging.rabbitmq.consumer | INFO | Mensaje recibido: request_id=04866
2026-04-06 00:01:56,312 | concert_ticketing.adapters.messaging.rabbitmq.consumer | INFO | Mensaje recibido: request_id=04666
2026-04-06 00:01:56,380 | concert_ticketing.adapters.messaging.rabbitmq.consumer | INFO | Mensaje recibido: request_id=04867
2026-04-06 00:01:56,475 | concert_ticketing.adapters.messaging.rabbitmq.consumer | INFO | Mensaje recibido: request_id=04891
2026-04-06 00:01:56,557 | concert_ticketing.adapters.messaging.rabbitmq.consumer | INFO | Mensaje recibido: request_id=04803
2026-04-06 00:01:56,632 | concert_ticketing.adapters.messaging.rabbitmq.consumer | INFO | Mensaje recibido: request_id=04908
2026-04-06 00:01:56,731 | concert_ticketing.adapters.messaging.rabbitmq.consumer | INFO | Mensaje recibido: request_id=04910
2026-04-06 00:01:56,799 | concert_ticketing.adapters.messaging.rabbitmq.consumer | INFO | Mensaje recibido: request_id=04856
2026-04-06 00:01:56,883 | concert_ticketing.adapters.messaging.rabbitmq.consumer | INFO | Mensaje recibido: request_id=04897
2026-04-06 00:01:56,957 | concert_ticketing.adapters.messaging.rabbitmq.consumer | INFO | Mensaje recibido: request_id=04931
2026-04-06 00:01:57,046 | concert_ticketing.adapters.messaging.rabbitmq.consumer | INFO | Mensaje recibido: request_id=04946
2026-04-06 00:01:57,129 | concert_ticketing.adapters.messaging.rabbitmq.consumer | INFO | Mensaje recibido: request_id=04807
2026-04-06 00:01:57,198 | concert_ticketing.adapters.messaging.rabbitmq.consumer | INFO | Mensaje recibido: request_id=04954
2026-04-06 00:01:57,288 | concert_ticketing.adapters.messaging.rabbitmq.consumer | INFO | Mensaje recibido: request_id=04875
2026-04-06 00:01:57,377 | concert_ticketing.adapters.messaging.rabbitmq.consumer | INFO | Mensaje recibido: request_id=04978
2026-04-06 00:01:57,458 | concert_ticketing.adapters.messaging.rabbitmq.consumer | INFO | Mensaje recibido: request_id=04963
2026-04-06 00:01:57,548 | concert_ticketing.adapters.messaging.rabbitmq.consumer | INFO | Mensaje recibido: request_id=04987
2026-04-06 00:01:57,621 | concert_ticketing.adapters.messaging.rabbitmq.consumer | INFO | Mensaje recibido: request_id=04965
2026-04-06 00:01:57,704 | concert_ticketing.adapters.messaging.rabbitmq.consumer | INFO | Mensaje recibido: request_id=04911
2026-04-06 00:01:57,802 | concert_ticketing.adapters.messaging.rabbitmq.consumer | INFO | Mensaje recibido: request_id=04979
2026-04-06 00:01:57,871 | concert_ticketing.adapters.messaging.rabbitmq.consumer | INFO | Mensaje recibido: request_id=05019
2026-04-06 00:01:57,948 | concert_ticketing.adapters.messaging.rabbitmq.consumer | INFO | Mensaje recibido: request_id=05034
2026-04-06 00:01:58,032 | concert_ticketing.adapters.messaging.rabbitmq.consumer | INFO | Mensaje recibido: request_id=05028
2026-04-06 00:01:58,146 | concert_ticketing.adapters.messaging.rabbitmq.consumer | INFO | Mensaje recibido: request_id=05051
2026-04-06 00:01:58,209 | concert_ticketing.adapters.messaging.rabbitmq.consumer | INFO | Mensaje recibido: request_id=04997
2026-04-06 00:01:58,309 | concert_ticketing.adapters.messaging.rabbitmq.consumer | INFO | Mensaje recibido: request_id=05050
2026-04-06 00:01:58,406 | concert_ticketing.adapters.messaging.rabbitmq.consumer | INFO | Mensaje recibido: request_id=05076
2026-04-06 00:01:58,531 | concert_ticketing.adapters.messaging.rabbitmq.consumer | INFO | Mensaje recibido: request_id=05070
2026-04-06 00:01:58,615 | concert_ticketing.adapters.messaging.rabbitmq.consumer | INFO | Mensaje recibido: request_id=05081
2026-04-06 00:01:58,699 | concert_ticketing.adapters.messaging.rabbitmq.consumer | INFO | Mensaje recibido: request_id=05088
2026-04-06 00:01:58,792 | concert_ticketing.adapters.messaging.rabbitmq.consumer | INFO | Mensaje recibido: request_id=05098
2026-04-06 00:01:58,912 | concert_ticketing.adapters.messaging.rabbitmq.consumer | INFO | Mensaje recibido: request_id=05107
2026-04-06 00:01:59,034 | concert_ticketing.adapters.messaging.rabbitmq.consumer | INFO | Mensaje recibido: request_id=05100
2026-04-06 00:01:59,122 | concert_ticketing.adapters.messaging.rabbitmq.consumer | INFO | Mensaje recibido: request_id=05131
2026-04-06 00:01:59,209 | concert_ticketing.adapters.messaging.rabbitmq.consumer | INFO | Mensaje recibido: request_id=05082
2026-04-06 00:01:59,313 | concert_ticketing.adapters.messaging.rabbitmq.consumer | INFO | Mensaje recibido: request_id=05113
2026-04-06 00:01:59,370 | concert_ticketing.adapters.messaging.rabbitmq.consumer | INFO | Mensaje recibido: request_id=05154
2026-04-06 00:01:59,458 | concert_ticketing.adapters.messaging.rabbitmq.consumer | INFO | Mensaje recibido: request_id=05147
2026-04-06 00:01:59,534 | concert_ticketing.adapters.messaging.rabbitmq.consumer | INFO | Mensaje recibido: request_id=05148
2026-04-06 00:01:59,645 | concert_ticketing.adapters.messaging.rabbitmq.consumer | INFO | Mensaje recibido: request_id=05179
2026-04-06 00:01:59,691 | concert_ticketing.adapters.messaging.rabbitmq.consumer | INFO | Mensaje recibido: request_id=05122
2026-04-06 00:01:59,784 | concert_ticketing.adapters.messaging.rabbitmq.consumer | INFO | Mensaje recibido: request_id=05092
2026-04-06 00:01:59,858 | concert_ticketing.adapters.messaging.rabbitmq.consumer | INFO | Mensaje recibido: request_id=05120
2026-04-06 00:01:59,933 | concert_ticketing.adapters.messaging.rabbitmq.consumer | INFO | Mensaje recibido: request_id=05093
2026-04-06 00:02:00,008 | concert_ticketing.adapters.messaging.rabbitmq.consumer | INFO | Mensaje recibido: request_id=05105
2026-04-06 00:02:00,074 | concert_ticketing.adapters.messaging.rabbitmq.consumer | INFO | Mensaje recibido: request_id=05192
2026-04-06 00:02:00,154 | concert_ticketing.adapters.messaging.rabbitmq.consumer | INFO | Mensaje recibido: request_id=05209
2026-04-06 00:02:00,237 | concert_ticketing.adapters.messaging.rabbitmq.consumer | INFO | Mensaje recibido: request_id=05198
2026-04-06 00:02:00,325 | concert_ticketing.adapters.messaging.rabbitmq.consumer | INFO | Mensaje recibido: request_id=05252
2026-04-06 00:02:00,410 | concert_ticketing.adapters.messaging.rabbitmq.consumer | INFO | Mensaje recibido: request_id=05005
2026-04-06 00:02:00,490 | concert_ticketing.adapters.messaging.rabbitmq.consumer | INFO | Mensaje recibido: request_id=05267
2026-04-06 00:02:00,579 | concert_ticketing.adapters.messaging.rabbitmq.consumer | INFO | Mensaje recibido: request_id=05193
2026-04-06 00:02:00,647 | concert_ticketing.adapters.messaging.rabbitmq.consumer | INFO | Mensaje recibido: request_id=05250
2026-04-06 00:02:00,743 | concert_ticketing.adapters.messaging.rabbitmq.consumer | INFO | Mensaje recibido: request_id=05276
2026-04-06 00:02:00,828 | concert_ticketing.adapters.messaging.rabbitmq.consumer | INFO | Mensaje recibido: request_id=05254
2026-04-06 00:02:00,897 | concert_ticketing.adapters.messaging.rabbitmq.consumer | INFO | Mensaje recibido: request_id=05265
2026-04-06 00:02:01,001 | concert_ticketing.adapters.messaging.rabbitmq.consumer | INFO | Mensaje recibido: request_id=05292
2026-04-06 00:02:01,060 | concert_ticketing.adapters.messaging.rabbitmq.consumer | INFO | Mensaje recibido: request_id=05297
2026-04-06 00:02:01,165 | concert_ticketing.adapters.messaging.rabbitmq.consumer | INFO | Mensaje recibido: request_id=05313
2026-04-06 00:02:01,250 | concert_ticketing.adapters.messaging.rabbitmq.consumer | INFO | Mensaje recibido: request_id=05272
2026-04-06 00:02:01,328 | concert_ticketing.adapters.messaging.rabbitmq.consumer | INFO | Mensaje recibido: request_id=05325
2026-04-06 00:02:01,428 | concert_ticketing.adapters.messaging.rabbitmq.consumer | INFO | Mensaje recibido: request_id=05232
2026-04-06 00:02:01,510 | concert_ticketing.adapters.messaging.rabbitmq.consumer | INFO | Mensaje recibido: request_id=05326
2026-04-06 00:02:01,591 | concert_ticketing.adapters.messaging.rabbitmq.consumer | INFO | Mensaje recibido: request_id=05337
2026-04-06 00:02:01,684 | concert_ticketing.adapters.messaging.rabbitmq.consumer | INFO | Mensaje recibido: request_id=05366
2026-04-06 00:02:01,774 | concert_ticketing.adapters.messaging.rabbitmq.consumer | INFO | Mensaje recibido: request_id=05316
2026-04-06 00:02:01,852 | concert_ticketing.adapters.messaging.rabbitmq.consumer | INFO | Mensaje recibido: request_id=05372
2026-04-06 00:02:01,937 | concert_ticketing.adapters.messaging.rabbitmq.consumer | INFO | Mensaje recibido: request_id=05202
2026-04-06 00:02:02,000 | concert_ticketing.adapters.messaging.rabbitmq.consumer | INFO | Mensaje recibido: request_id=05303
2026-04-06 00:02:02,102 | concert_ticketing.adapters.messaging.rabbitmq.consumer | INFO | Mensaje recibido: request_id=05369
2026-04-06 00:02:02,204 | concert_ticketing.adapters.messaging.rabbitmq.consumer | INFO | Mensaje recibido: request_id=05428
2026-04-06 00:02:02,285 | concert_ticketing.adapters.messaging.rabbitmq.consumer | INFO | Mensaje recibido: request_id=05357
2026-04-06 00:02:02,356 | concert_ticketing.adapters.messaging.rabbitmq.consumer | INFO | Mensaje recibido: request_id=05397
2026-04-06 00:02:02,458 | concert_ticketing.adapters.messaging.rabbitmq.consumer | INFO | Mensaje recibido: request_id=05451
2026-04-06 00:02:02,537 | concert_ticketing.adapters.messaging.rabbitmq.consumer | INFO | Mensaje recibido: request_id=05386
2026-04-06 00:02:02,602 | concert_ticketing.adapters.messaging.rabbitmq.consumer | INFO | Mensaje recibido: request_id=05437
2026-04-06 00:02:02,681 | concert_ticketing.adapters.messaging.rabbitmq.consumer | INFO | Mensaje recibido: request_id=05453
2026-04-06 00:02:02,744 | concert_ticketing.adapters.messaging.rabbitmq.consumer | INFO | Mensaje recibido: request_id=05382
2026-04-06 00:02:02,819 | concert_ticketing.adapters.messaging.rabbitmq.consumer | INFO | Mensaje recibido: request_id=05457
2026-04-06 00:02:02,907 | concert_ticketing.adapters.messaging.rabbitmq.consumer | INFO | Mensaje recibido: request_id=05440
2026-04-06 00:02:02,996 | concert_ticketing.adapters.messaging.rabbitmq.consumer | INFO | Mensaje recibido: request_id=05480
2026-04-06 00:02:03,102 | concert_ticketing.adapters.messaging.rabbitmq.consumer | INFO | Mensaje recibido: request_id=05394
2026-04-06 00:02:03,171 | concert_ticketing.adapters.messaging.rabbitmq.consumer | INFO | Mensaje recibido: request_id=05523
2026-04-06 00:02:03,279 | concert_ticketing.adapters.messaging.rabbitmq.consumer | INFO | Mensaje recibido: request_id=05433
2026-04-06 00:02:03,349 | concert_ticketing.adapters.messaging.rabbitmq.consumer | INFO | Mensaje recibido: request_id=05512
2026-04-06 00:02:03,425 | concert_ticketing.adapters.messaging.rabbitmq.consumer | INFO | Mensaje recibido: request_id=05486
2026-04-06 00:02:03,502 | concert_ticketing.adapters.messaging.rabbitmq.consumer | INFO | Mensaje recibido: request_id=05553
2026-04-06 00:02:03,581 | concert_ticketing.adapters.messaging.rabbitmq.consumer | INFO | Mensaje recibido: request_id=05537
2026-04-06 00:02:03,662 | concert_ticketing.adapters.messaging.rabbitmq.consumer | INFO | Mensaje recibido: request_id=05568
2026-04-06 00:02:03,775 | concert_ticketing.adapters.messaging.rabbitmq.consumer | INFO | Mensaje recibido: request_id=05554
2026-04-06 00:02:03,865 | concert_ticketing.adapters.messaging.rabbitmq.consumer | INFO | Mensaje recibido: request_id=05579
2026-04-06 00:02:03,940 | concert_ticketing.adapters.messaging.rabbitmq.consumer | INFO | Mensaje recibido: request_id=05596
2026-04-06 00:02:04,029 | concert_ticketing.adapters.messaging.rabbitmq.consumer | INFO | Mensaje recibido: request_id=05597
2026-04-06 00:02:04,110 | concert_ticketing.adapters.messaging.rabbitmq.consumer | INFO | Mensaje recibido: request_id=05610
2026-04-06 00:02:04,191 | concert_ticketing.adapters.messaging.rabbitmq.consumer | INFO | Mensaje recibido: request_id=05600
2026-04-06 00:02:04,279 | concert_ticketing.adapters.messaging.rabbitmq.consumer | INFO | Mensaje recibido: request_id=05542
2026-04-06 00:02:04,356 | concert_ticketing.adapters.messaging.rabbitmq.consumer | INFO | Mensaje recibido: request_id=05634
2026-04-06 00:02:04,446 | concert_ticketing.adapters.messaging.rabbitmq.consumer | INFO | Mensaje recibido: request_id=05642
2026-04-06 00:02:04,520 | concert_ticketing.adapters.messaging.rabbitmq.consumer | INFO | Mensaje recibido: request_id=05625
2026-04-06 00:02:04,596 | concert_ticketing.adapters.messaging.rabbitmq.consumer | INFO | Mensaje recibido: request_id=05658
2026-04-06 00:02:04,679 | concert_ticketing.adapters.messaging.rabbitmq.consumer | INFO | Mensaje recibido: request_id=05668
2026-04-06 00:02:04,750 | concert_ticketing.adapters.messaging.rabbitmq.consumer | INFO | Mensaje recibido: request_id=05673
2026-04-06 00:02:04,835 | concert_ticketing.adapters.messaging.rabbitmq.consumer | INFO | Mensaje recibido: request_id=05667
2026-04-06 00:02:04,921 | concert_ticketing.adapters.messaging.rabbitmq.consumer | INFO | Mensaje recibido: request_id=05645
2026-04-06 00:02:04,990 | concert_ticketing.adapters.messaging.rabbitmq.consumer | INFO | Mensaje recibido: request_id=05655
2026-04-06 00:02:05,063 | concert_ticketing.adapters.messaging.rabbitmq.consumer | INFO | Mensaje recibido: request_id=05689
2026-04-06 00:02:05,148 | concert_ticketing.adapters.messaging.rabbitmq.consumer | INFO | Mensaje recibido: request_id=05713
2026-04-06 00:02:05,240 | concert_ticketing.adapters.messaging.rabbitmq.consumer | INFO | Mensaje recibido: request_id=05518
2026-04-06 00:02:05,320 | concert_ticketing.adapters.messaging.rabbitmq.consumer | INFO | Mensaje recibido: request_id=05724
2026-04-06 00:02:05,413 | concert_ticketing.adapters.messaging.rabbitmq.consumer | INFO | Mensaje recibido: request_id=05739
2026-04-06 00:02:05,485 | concert_ticketing.adapters.messaging.rabbitmq.consumer | INFO | Mensaje recibido: request_id=05674
2026-04-06 00:02:05,560 | concert_ticketing.adapters.messaging.rabbitmq.consumer | INFO | Mensaje recibido: request_id=05745
2026-04-06 00:02:05,641 | concert_ticketing.adapters.messaging.rabbitmq.consumer | INFO | Mensaje recibido: request_id=05755
2026-04-06 00:02:05,730 | concert_ticketing.adapters.messaging.rabbitmq.consumer | INFO | Mensaje recibido: request_id=05746
2026-04-06 00:02:05,821 | concert_ticketing.adapters.messaging.rabbitmq.consumer | INFO | Mensaje recibido: request_id=05771
2026-04-06 00:02:05,885 | concert_ticketing.adapters.messaging.rabbitmq.consumer | INFO | Mensaje recibido: request_id=05742
2026-04-06 00:02:05,965 | concert_ticketing.adapters.messaging.rabbitmq.consumer | INFO | Mensaje recibido: request_id=05794
2026-04-06 00:02:06,054 | concert_ticketing.adapters.messaging.rabbitmq.consumer | INFO | Mensaje recibido: request_id=05795
2026-04-06 00:02:06,115 | concert_ticketing.adapters.messaging.rabbitmq.consumer | INFO | Mensaje recibido: request_id=05763
2026-04-06 00:02:06,213 | concert_ticketing.adapters.messaging.rabbitmq.consumer | INFO | Mensaje recibido: request_id=05807
2026-04-06 00:02:06,288 | concert_ticketing.adapters.messaging.rabbitmq.consumer | INFO | Mensaje recibido: request_id=05811
2026-04-06 00:02:06,373 | concert_ticketing.adapters.messaging.rabbitmq.consumer | INFO | Mensaje recibido: request_id=05758
2026-04-06 00:02:06,455 | concert_ticketing.adapters.messaging.rabbitmq.consumer | INFO | Mensaje recibido: request_id=05841
2026-04-06 00:02:06,546 | concert_ticketing.adapters.messaging.rabbitmq.consumer | INFO | Mensaje recibido: request_id=05774
2026-04-06 00:02:06,626 | concert_ticketing.adapters.messaging.rabbitmq.consumer | INFO | Mensaje recibido: request_id=05845
2026-04-06 00:02:06,711 | concert_ticketing.adapters.messaging.rabbitmq.consumer | INFO | Mensaje recibido: request_id=05719
2026-04-06 00:02:06,792 | concert_ticketing.adapters.messaging.rabbitmq.consumer | INFO | Mensaje recibido: request_id=05760
2026-04-06 00:02:06,872 | concert_ticketing.adapters.messaging.rabbitmq.consumer | INFO | Mensaje recibido: request_id=05815
2026-04-06 00:02:06,958 | concert_ticketing.adapters.messaging.rabbitmq.consumer | INFO | Mensaje recibido: request_id=05862
2026-04-06 00:02:07,044 | concert_ticketing.adapters.messaging.rabbitmq.consumer | INFO | Mensaje recibido: request_id=05835
2026-04-06 00:02:07,132 | concert_ticketing.adapters.messaging.rabbitmq.consumer | INFO | Mensaje recibido: request_id=05817
2026-04-06 00:02:07,199 | concert_ticketing.adapters.messaging.rabbitmq.consumer | INFO | Mensaje recibido: request_id=05907
2026-04-06 00:02:07,285 | concert_ticketing.adapters.messaging.rabbitmq.consumer | INFO | Mensaje recibido: request_id=05828
2026-04-06 00:02:07,355 | concert_ticketing.adapters.messaging.rabbitmq.consumer | INFO | Mensaje recibido: request_id=05930
2026-04-06 00:02:07,438 | concert_ticketing.adapters.messaging.rabbitmq.consumer | INFO | Mensaje recibido: request_id=05865
2026-04-06 00:02:07,549 | concert_ticketing.adapters.messaging.rabbitmq.consumer | INFO | Mensaje recibido: request_id=05947
2026-04-06 00:02:07,629 | concert_ticketing.adapters.messaging.rabbitmq.consumer | INFO | Mensaje recibido: request_id=05910
2026-04-06 00:02:07,717 | concert_ticketing.adapters.messaging.rabbitmq.consumer | INFO | Mensaje recibido: request_id=05866
2026-04-06 00:02:07,811 | concert_ticketing.adapters.messaging.rabbitmq.consumer | INFO | Mensaje recibido: request_id=05897
2026-04-06 00:02:07,890 | concert_ticketing.adapters.messaging.rabbitmq.consumer | INFO | Mensaje recibido: request_id=05966
2026-04-06 00:02:07,965 | concert_ticketing.adapters.messaging.rabbitmq.consumer | INFO | Mensaje recibido: request_id=05964
2026-04-06 00:02:08,061 | concert_ticketing.adapters.messaging.rabbitmq.consumer | INFO | Mensaje recibido: request_id=05995
2026-04-06 00:02:08,138 | concert_ticketing.adapters.messaging.rabbitmq.consumer | INFO | Mensaje recibido: request_id=05891
2026-04-06 00:02:08,226 | concert_ticketing.adapters.messaging.rabbitmq.consumer | INFO | Mensaje recibido: request_id=05961
2026-04-06 00:02:08,308 | concert_ticketing.adapters.messaging.rabbitmq.consumer | INFO | Mensaje recibido: request_id=06014
2026-04-06 00:02:08,383 | concert_ticketing.adapters.messaging.rabbitmq.consumer | INFO | Mensaje recibido: request_id=06028
2026-04-06 00:02:08,458 | concert_ticketing.adapters.messaging.rabbitmq.consumer | INFO | Mensaje recibido: request_id=05934
2026-04-06 00:02:08,535 | concert_ticketing.adapters.messaging.rabbitmq.consumer | INFO | Mensaje recibido: request_id=05909
2026-04-06 00:02:08,606 | concert_ticketing.adapters.messaging.rabbitmq.consumer | INFO | Mensaje recibido: request_id=06016
2026-04-06 00:02:08,693 | concert_ticketing.adapters.messaging.rabbitmq.consumer | INFO | Mensaje recibido: request_id=05858
2026-04-06 00:02:08,774 | concert_ticketing.adapters.messaging.rabbitmq.consumer | INFO | Mensaje recibido: request_id=06045
2026-04-06 00:02:08,865 | concert_ticketing.adapters.messaging.rabbitmq.consumer | INFO | Mensaje recibido: request_id=05974
2026-04-06 00:02:08,937 | concert_ticketing.adapters.messaging.rabbitmq.consumer | INFO | Mensaje recibido: request_id=05999
2026-04-06 00:02:09,009 | concert_ticketing.adapters.messaging.rabbitmq.consumer | INFO | Mensaje recibido: request_id=06042
2026-04-06 00:02:09,063 | concert_ticketing.adapters.messaging.rabbitmq.consumer | INFO | Mensaje recibido: request_id=06088
2026-04-06 00:02:09,155 | concert_ticketing.adapters.messaging.rabbitmq.consumer | INFO | Mensaje recibido: request_id=06097
2026-04-06 00:02:09,230 | concert_ticketing.adapters.messaging.rabbitmq.consumer | INFO | Mensaje recibido: request_id=06080
2026-04-06 00:02:09,340 | concert_ticketing.adapters.messaging.rabbitmq.consumer | INFO | Mensaje recibido: request_id=06101
2026-04-06 00:02:09,429 | concert_ticketing.adapters.messaging.rabbitmq.consumer | INFO | Mensaje recibido: request_id=06090
2026-04-06 00:02:09,522 | concert_ticketing.adapters.messaging.rabbitmq.consumer | INFO | Mensaje recibido: request_id=06001
2026-04-06 00:02:09,605 | concert_ticketing.adapters.messaging.rabbitmq.consumer | INFO | Mensaje recibido: request_id=06092
2026-04-06 00:02:09,706 | concert_ticketing.adapters.messaging.rabbitmq.consumer | INFO | Mensaje recibido: request_id=06072
2026-04-06 00:02:09,797 | concert_ticketing.adapters.messaging.rabbitmq.consumer | INFO | Mensaje recibido: request_id=06091
2026-04-06 00:02:09,907 | concert_ticketing.adapters.messaging.rabbitmq.consumer | INFO | Mensaje recibido: request_id=06171
2026-04-06 00:02:10,030 | concert_ticketing.adapters.messaging.rabbitmq.consumer | INFO | Mensaje recibido: request_id=06179
2026-04-06 00:02:10,113 | concert_ticketing.adapters.messaging.rabbitmq.consumer | INFO | Mensaje recibido: request_id=06168
2026-04-06 00:02:10,208 | concert_ticketing.adapters.messaging.rabbitmq.consumer | INFO | Mensaje recibido: request_id=06186
2026-04-06 00:02:10,286 | concert_ticketing.adapters.messaging.rabbitmq.consumer | INFO | Mensaje recibido: request_id=06103
2026-04-06 00:02:10,362 | concert_ticketing.adapters.messaging.rabbitmq.consumer | INFO | Mensaje recibido: request_id=06173
2026-04-06 00:02:10,452 | concert_ticketing.adapters.messaging.rabbitmq.consumer | INFO | Mensaje recibido: request_id=06207
2026-04-06 00:02:10,523 | concert_ticketing.adapters.messaging.rabbitmq.consumer | INFO | Mensaje recibido: request_id=06167
2026-04-06 00:02:10,612 | concert_ticketing.adapters.messaging.rabbitmq.consumer | INFO | Mensaje recibido: request_id=06191
2026-04-06 00:02:10,692 | concert_ticketing.adapters.messaging.rabbitmq.consumer | INFO | Mensaje recibido: request_id=06244
2026-04-06 00:02:10,765 | concert_ticketing.adapters.messaging.rabbitmq.consumer | INFO | Mensaje recibido: request_id=06224
2026-04-06 00:02:10,808 | concert_ticketing.adapters.messaging.rabbitmq.consumer | INFO | Mensaje recibido: request_id=06240
2026-04-06 00:02:10,890 | concert_ticketing.adapters.messaging.rabbitmq.consumer | INFO | Mensaje recibido: request_id=06260
2026-04-06 00:02:10,969 | concert_ticketing.adapters.messaging.rabbitmq.consumer | INFO | Mensaje recibido: request_id=06231
2026-04-06 00:02:11,029 | concert_ticketing.adapters.messaging.rabbitmq.consumer | INFO | Mensaje recibido: request_id=06257
2026-04-06 00:02:11,106 | concert_ticketing.adapters.messaging.rabbitmq.consumer | INFO | Mensaje recibido: request_id=06229
2026-04-06 00:02:11,179 | concert_ticketing.adapters.messaging.rabbitmq.consumer | INFO | Mensaje recibido: request_id=06206
2026-04-06 00:02:11,278 | concert_ticketing.adapters.messaging.rabbitmq.consumer | INFO | Mensaje recibido: request_id=06223
2026-04-06 00:02:11,387 | concert_ticketing.adapters.messaging.rabbitmq.consumer | INFO | Mensaje recibido: request_id=06209
2026-04-06 00:02:11,498 | concert_ticketing.adapters.messaging.rabbitmq.consumer | INFO | Mensaje recibido: request_id=06325
2026-04-06 00:02:11,575 | concert_ticketing.adapters.messaging.rabbitmq.consumer | INFO | Mensaje recibido: request_id=06324
2026-04-06 00:02:11,659 | concert_ticketing.adapters.messaging.rabbitmq.consumer | INFO | Mensaje recibido: request_id=06166
2026-04-06 00:02:11,729 | concert_ticketing.adapters.messaging.rabbitmq.consumer | INFO | Mensaje recibido: request_id=06310
2026-04-06 00:02:11,804 | concert_ticketing.adapters.messaging.rabbitmq.consumer | INFO | Mensaje recibido: request_id=06354
2026-04-06 00:02:11,888 | concert_ticketing.adapters.messaging.rabbitmq.consumer | INFO | Mensaje recibido: request_id=06363
2026-04-06 00:02:11,966 | concert_ticketing.adapters.messaging.rabbitmq.consumer | INFO | Mensaje recibido: request_id=06287
2026-04-06 00:02:12,054 | concert_ticketing.adapters.messaging.rabbitmq.consumer | INFO | Mensaje recibido: request_id=06380
2026-04-06 00:02:12,138 | concert_ticketing.adapters.messaging.rabbitmq.consumer | INFO | Mensaje recibido: request_id=06359
2026-04-06 00:02:12,216 | concert_ticketing.adapters.messaging.rabbitmq.consumer | INFO | Mensaje recibido: request_id=06373
2026-04-06 00:02:12,296 | concert_ticketing.adapters.messaging.rabbitmq.consumer | INFO | Mensaje recibido: request_id=06342
2026-04-06 00:02:12,384 | concert_ticketing.adapters.messaging.rabbitmq.consumer | INFO | Mensaje recibido: request_id=06289
2026-04-06 00:02:12,436 | concert_ticketing.adapters.messaging.rabbitmq.consumer | INFO | Mensaje recibido: request_id=06348
2026-04-06 00:02:12,522 | concert_ticketing.adapters.messaging.rabbitmq.consumer | INFO | Mensaje recibido: request_id=06386
2026-04-06 00:02:12,600 | concert_ticketing.adapters.messaging.rabbitmq.consumer | INFO | Mensaje recibido: request_id=06416
2026-04-06 00:02:12,700 | concert_ticketing.adapters.messaging.rabbitmq.consumer | INFO | Mensaje recibido: request_id=06425
2026-04-06 00:02:12,804 | concert_ticketing.adapters.messaging.rabbitmq.consumer | INFO | Mensaje recibido: request_id=06410
2026-04-06 00:02:12,888 | concert_ticketing.adapters.messaging.rabbitmq.consumer | INFO | Mensaje recibido: request_id=06460
2026-04-06 00:02:12,963 | concert_ticketing.adapters.messaging.rabbitmq.consumer | INFO | Mensaje recibido: request_id=06437
2026-04-06 00:02:13,030 | concert_ticketing.adapters.messaging.rabbitmq.consumer | INFO | Mensaje recibido: request_id=06472
2026-04-06 00:02:13,103 | concert_ticketing.adapters.messaging.rabbitmq.consumer | INFO | Mensaje recibido: request_id=06482
2026-04-06 00:02:13,175 | concert_ticketing.adapters.messaging.rabbitmq.consumer | INFO | Mensaje recibido: request_id=06489
2026-04-06 00:02:13,266 | concert_ticketing.adapters.messaging.rabbitmq.consumer | INFO | Mensaje recibido: request_id=06498
2026-04-06 00:02:13,346 | concert_ticketing.adapters.messaging.rabbitmq.consumer | INFO | Mensaje recibido: request_id=06506
2026-04-06 00:02:13,428 | concert_ticketing.adapters.messaging.rabbitmq.consumer | INFO | Mensaje recibido: request_id=06507
2026-04-06 00:02:13,512 | concert_ticketing.adapters.messaging.rabbitmq.consumer | INFO | Mensaje recibido: request_id=06400
2026-04-06 00:02:13,595 | concert_ticketing.adapters.messaging.rabbitmq.consumer | INFO | Mensaje recibido: request_id=06525
2026-04-06 00:02:13,690 | concert_ticketing.adapters.messaging.rabbitmq.consumer | INFO | Mensaje recibido: request_id=06541
2026-04-06 00:02:13,772 | concert_ticketing.adapters.messaging.rabbitmq.consumer | INFO | Mensaje recibido: request_id=06534
2026-04-06 00:02:13,846 | concert_ticketing.adapters.messaging.rabbitmq.consumer | INFO | Mensaje recibido: request_id=06543
2026-04-06 00:02:13,937 | concert_ticketing.adapters.messaging.rabbitmq.consumer | INFO | Mensaje recibido: request_id=06429
2026-04-06 00:02:14,025 | concert_ticketing.adapters.messaging.rabbitmq.consumer | INFO | Mensaje recibido: request_id=06371
2026-04-06 00:02:14,100 | concert_ticketing.adapters.messaging.rabbitmq.consumer | INFO | Mensaje recibido: request_id=06569
2026-04-06 00:02:14,190 | concert_ticketing.adapters.messaging.rabbitmq.consumer | INFO | Mensaje recibido: request_id=06562
2026-04-06 00:02:14,274 | concert_ticketing.adapters.messaging.rabbitmq.consumer | INFO | Mensaje recibido: request_id=06567
2026-04-06 00:02:14,325 | concert_ticketing.adapters.messaging.rabbitmq.consumer | INFO | Mensaje recibido: request_id=06566
2026-04-06 00:02:14,422 | concert_ticketing.adapters.messaging.rabbitmq.consumer | INFO | Mensaje recibido: request_id=06552
2026-04-06 00:02:14,504 | concert_ticketing.adapters.messaging.rabbitmq.consumer | INFO | Mensaje recibido: request_id=06568
2026-04-06 00:02:14,582 | concert_ticketing.adapters.messaging.rabbitmq.consumer | INFO | Mensaje recibido: request_id=06611
2026-04-06 00:02:14,692 | concert_ticketing.adapters.messaging.rabbitmq.consumer | INFO | Mensaje recibido: request_id=06608
2026-04-06 00:02:14,780 | concert_ticketing.adapters.messaging.rabbitmq.consumer | INFO | Mensaje recibido: request_id=06607
2026-04-06 00:02:14,872 | concert_ticketing.adapters.messaging.rabbitmq.consumer | INFO | Mensaje recibido: request_id=06652
2026-04-06 00:02:14,946 | concert_ticketing.adapters.messaging.rabbitmq.consumer | INFO | Mensaje recibido: request_id=06610
2026-04-06 00:02:15,020 | concert_ticketing.adapters.messaging.rabbitmq.consumer | INFO | Mensaje recibido: request_id=06624
2026-04-06 00:02:15,092 | concert_ticketing.adapters.messaging.rabbitmq.consumer | INFO | Mensaje recibido: request_id=06612
2026-04-06 00:02:15,169 | concert_ticketing.adapters.messaging.rabbitmq.consumer | INFO | Mensaje recibido: request_id=06662
2026-04-06 00:02:15,238 | concert_ticketing.adapters.messaging.rabbitmq.consumer | INFO | Mensaje recibido: request_id=06659
2026-04-06 00:02:15,335 | concert_ticketing.adapters.messaging.rabbitmq.consumer | INFO | Mensaje recibido: request_id=06700
2026-04-06 00:02:15,409 | concert_ticketing.adapters.messaging.rabbitmq.consumer | INFO | Mensaje recibido: request_id=06602
2026-04-06 00:02:15,488 | concert_ticketing.adapters.messaging.rabbitmq.consumer | INFO | Mensaje recibido: request_id=06712
2026-04-06 00:02:15,560 | concert_ticketing.adapters.messaging.rabbitmq.consumer | INFO | Mensaje recibido: request_id=06701
2026-04-06 00:02:15,635 | concert_ticketing.adapters.messaging.rabbitmq.consumer | INFO | Mensaje recibido: request_id=06731
2026-04-06 00:02:15,706 | concert_ticketing.adapters.messaging.rabbitmq.consumer | INFO | Mensaje recibido: request_id=06739
2026-04-06 00:02:15,785 | concert_ticketing.adapters.messaging.rabbitmq.consumer | INFO | Mensaje recibido: request_id=06676
2026-04-06 00:02:15,867 | concert_ticketing.adapters.messaging.rabbitmq.consumer | INFO | Mensaje recibido: request_id=06753
2026-04-06 00:02:15,950 | concert_ticketing.adapters.messaging.rabbitmq.consumer | INFO | Mensaje recibido: request_id=06755
2026-04-06 00:02:16,030 | concert_ticketing.adapters.messaging.rabbitmq.consumer | INFO | Mensaje recibido: request_id=06743
2026-04-06 00:02:16,106 | concert_ticketing.adapters.messaging.rabbitmq.consumer | INFO | Mensaje recibido: request_id=06748
2026-04-06 00:02:16,175 | concert_ticketing.adapters.messaging.rabbitmq.consumer | INFO | Mensaje recibido: request_id=06732
2026-04-06 00:02:16,263 | concert_ticketing.adapters.messaging.rabbitmq.consumer | INFO | Mensaje recibido: request_id=06644
2026-04-06 00:02:16,344 | concert_ticketing.adapters.messaging.rabbitmq.consumer | INFO | Mensaje recibido: request_id=06781
2026-04-06 00:02:16,427 | concert_ticketing.adapters.messaging.rabbitmq.consumer | INFO | Mensaje recibido: request_id=06812
2026-04-06 00:02:16,530 | concert_ticketing.adapters.messaging.rabbitmq.consumer | INFO | Mensaje recibido: request_id=06819
2026-04-06 00:02:16,621 | concert_ticketing.adapters.messaging.rabbitmq.consumer | INFO | Mensaje recibido: request_id=06826
2026-04-06 00:02:16,717 | concert_ticketing.adapters.messaging.rabbitmq.consumer | INFO | Mensaje recibido: request_id=06809
2026-04-06 00:02:16,797 | concert_ticketing.adapters.messaging.rabbitmq.consumer | INFO | Mensaje recibido: request_id=06836
2026-04-06 00:02:16,870 | concert_ticketing.adapters.messaging.rabbitmq.consumer | INFO | Mensaje recibido: request_id=06821
2026-04-06 00:02:16,963 | concert_ticketing.adapters.messaging.rabbitmq.consumer | INFO | Mensaje recibido: request_id=06860
2026-04-06 00:02:17,040 | concert_ticketing.adapters.messaging.rabbitmq.consumer | INFO | Mensaje recibido: request_id=06830
2026-04-06 00:02:17,103 | concert_ticketing.adapters.messaging.rabbitmq.consumer | INFO | Mensaje recibido: request_id=06846
2026-04-06 00:02:17,178 | concert_ticketing.adapters.messaging.rabbitmq.consumer | INFO | Mensaje recibido: request_id=06859
2026-04-06 00:02:17,275 | concert_ticketing.adapters.messaging.rabbitmq.consumer | INFO | Mensaje recibido: request_id=06885
2026-04-06 00:02:17,367 | concert_ticketing.adapters.messaging.rabbitmq.consumer | INFO | Mensaje recibido: request_id=06894
2026-04-06 00:02:17,453 | concert_ticketing.adapters.messaging.rabbitmq.consumer | INFO | Mensaje recibido: request_id=06908
2026-04-06 00:02:17,534 | concert_ticketing.adapters.messaging.rabbitmq.consumer | INFO | Mensaje recibido: request_id=06914
2026-04-06 00:02:17,621 | concert_ticketing.adapters.messaging.rabbitmq.consumer | INFO | Mensaje recibido: request_id=06916
2026-04-06 00:02:17,717 | concert_ticketing.adapters.messaging.rabbitmq.consumer | INFO | Mensaje recibido: request_id=06870
2026-04-06 00:02:17,778 | concert_ticketing.adapters.messaging.rabbitmq.consumer | INFO | Mensaje recibido: request_id=06893
2026-04-06 00:02:17,881 | concert_ticketing.adapters.messaging.rabbitmq.consumer | INFO | Mensaje recibido: request_id=06906
2026-04-06 00:02:17,970 | concert_ticketing.adapters.messaging.rabbitmq.consumer | INFO | Mensaje recibido: request_id=06956
2026-04-06 00:02:18,049 | concert_ticketing.adapters.messaging.rabbitmq.consumer | INFO | Mensaje recibido: request_id=06954
2026-04-06 00:02:18,132 | concert_ticketing.adapters.messaging.rabbitmq.consumer | INFO | Mensaje recibido: request_id=06971
2026-04-06 00:02:18,194 | concert_ticketing.adapters.messaging.rabbitmq.consumer | INFO | Mensaje recibido: request_id=06869
2026-04-06 00:02:18,288 | concert_ticketing.adapters.messaging.rabbitmq.consumer | INFO | Mensaje recibido: request_id=06987
2026-04-06 00:02:18,374 | concert_ticketing.adapters.messaging.rabbitmq.consumer | INFO | Mensaje recibido: request_id=06996
2026-04-06 00:02:18,455 | concert_ticketing.adapters.messaging.rabbitmq.consumer | INFO | Mensaje recibido: request_id=06985
2026-04-06 00:02:18,533 | concert_ticketing.adapters.messaging.rabbitmq.consumer | INFO | Mensaje recibido: request_id=06949
2026-04-06 00:02:18,617 | concert_ticketing.adapters.messaging.rabbitmq.consumer | INFO | Mensaje recibido: request_id=06900
2026-04-06 00:02:18,700 | concert_ticketing.adapters.messaging.rabbitmq.consumer | INFO | Mensaje recibido: request_id=07026
2026-04-06 00:02:18,772 | concert_ticketing.adapters.messaging.rabbitmq.consumer | INFO | Mensaje recibido: request_id=06988
2026-04-06 00:02:18,848 | concert_ticketing.adapters.messaging.rabbitmq.consumer | INFO | Mensaje recibido: request_id=07035
2026-04-06 00:02:18,939 | concert_ticketing.adapters.messaging.rabbitmq.consumer | INFO | Mensaje recibido: request_id=07050
2026-04-06 00:02:19,015 | concert_ticketing.adapters.messaging.rabbitmq.consumer | INFO | Mensaje recibido: request_id=06774
2026-04-06 00:02:19,096 | concert_ticketing.adapters.messaging.rabbitmq.consumer | INFO | Mensaje recibido: request_id=07014
2026-04-06 00:02:19,177 | concert_ticketing.adapters.messaging.rabbitmq.consumer | INFO | Mensaje recibido: request_id=07064
2026-04-06 00:02:19,260 | concert_ticketing.adapters.messaging.rabbitmq.consumer | INFO | Mensaje recibido: request_id=07074
2026-04-06 00:02:19,345 | concert_ticketing.adapters.messaging.rabbitmq.consumer | INFO | Mensaje recibido: request_id=07077
2026-04-06 00:02:19,432 | concert_ticketing.adapters.messaging.rabbitmq.consumer | INFO | Mensaje recibido: request_id=07100
2026-04-06 00:02:19,512 | concert_ticketing.adapters.messaging.rabbitmq.consumer | INFO | Mensaje recibido: request_id=07083
2026-04-06 00:02:19,591 | concert_ticketing.adapters.messaging.rabbitmq.consumer | INFO | Mensaje recibido: request_id=07076
2026-04-06 00:02:19,673 | concert_ticketing.adapters.messaging.rabbitmq.consumer | INFO | Mensaje recibido: request_id=07123
2026-04-06 00:02:19,760 | concert_ticketing.adapters.messaging.rabbitmq.consumer | INFO | Mensaje recibido: request_id=07132
2026-04-06 00:02:19,837 | concert_ticketing.adapters.messaging.rabbitmq.consumer | INFO | Mensaje recibido: request_id=07086
2026-04-06 00:02:19,898 | concert_ticketing.adapters.messaging.rabbitmq.consumer | INFO | Mensaje recibido: request_id=07034
2026-04-06 00:02:20,002 | concert_ticketing.adapters.messaging.rabbitmq.consumer | INFO | Mensaje recibido: request_id=07099
2026-04-06 00:02:20,073 | concert_ticketing.adapters.messaging.rabbitmq.consumer | INFO | Mensaje recibido: request_id=07157
2026-04-06 00:02:20,173 | concert_ticketing.adapters.messaging.rabbitmq.consumer | INFO | Mensaje recibido: request_id=07101
2026-04-06 00:02:20,246 | concert_ticketing.adapters.messaging.rabbitmq.consumer | INFO | Mensaje recibido: request_id=07133
2026-04-06 00:02:20,329 | concert_ticketing.adapters.messaging.rabbitmq.consumer | INFO | Mensaje recibido: request_id=07109
2026-04-06 00:02:20,442 | concert_ticketing.adapters.messaging.rabbitmq.consumer | INFO | Mensaje recibido: request_id=07168
2026-04-06 00:02:20,531 | concert_ticketing.adapters.messaging.rabbitmq.consumer | INFO | Mensaje recibido: request_id=07140
2026-04-06 00:02:20,632 | concert_ticketing.adapters.messaging.rabbitmq.consumer | INFO | Mensaje recibido: request_id=07187
2026-04-06 00:02:20,732 | concert_ticketing.adapters.messaging.rabbitmq.consumer | INFO | Mensaje recibido: request_id=07175
2026-04-06 00:02:20,808 | concert_ticketing.adapters.messaging.rabbitmq.consumer | INFO | Mensaje recibido: request_id=07176
2026-04-06 00:02:20,910 | concert_ticketing.adapters.messaging.rabbitmq.consumer | INFO | Mensaje recibido: request_id=07234
2026-04-06 00:02:21,045 | concert_ticketing.adapters.messaging.rabbitmq.consumer | INFO | Mensaje recibido: request_id=07233
2026-04-06 00:02:21,144 | concert_ticketing.adapters.messaging.rabbitmq.consumer | INFO | Mensaje recibido: request_id=07243
2026-04-06 00:02:21,252 | concert_ticketing.adapters.messaging.rabbitmq.consumer | INFO | Mensaje recibido: request_id=07250
2026-04-06 00:02:21,369 | concert_ticketing.adapters.messaging.rabbitmq.consumer | INFO | Mensaje recibido: request_id=07205
2026-04-06 00:02:21,457 | concert_ticketing.adapters.messaging.rabbitmq.consumer | INFO | Mensaje recibido: request_id=07154
2026-04-06 00:02:21,538 | concert_ticketing.adapters.messaging.rabbitmq.consumer | INFO | Mensaje recibido: request_id=07212
2026-04-06 00:02:21,633 | concert_ticketing.adapters.messaging.rabbitmq.consumer | INFO | Mensaje recibido: request_id=07244
2026-04-06 00:02:21,709 | concert_ticketing.adapters.messaging.rabbitmq.consumer | INFO | Mensaje recibido: request_id=07259
2026-04-06 00:02:21,815 | concert_ticketing.adapters.messaging.rabbitmq.consumer | INFO | Mensaje recibido: request_id=07307
2026-04-06 00:02:21,904 | concert_ticketing.adapters.messaging.rabbitmq.consumer | INFO | Mensaje recibido: request_id=07305
2026-04-06 00:02:21,973 | concert_ticketing.adapters.messaging.rabbitmq.consumer | INFO | Mensaje recibido: request_id=07289
2026-04-06 00:02:22,056 | concert_ticketing.adapters.messaging.rabbitmq.consumer | INFO | Mensaje recibido: request_id=07285
2026-04-06 00:02:22,142 | concert_ticketing.adapters.messaging.rabbitmq.consumer | INFO | Mensaje recibido: request_id=07331
2026-04-06 00:02:22,222 | concert_ticketing.adapters.messaging.rabbitmq.consumer | INFO | Mensaje recibido: request_id=07339
2026-04-06 00:02:22,296 | concert_ticketing.adapters.messaging.rabbitmq.consumer | INFO | Mensaje recibido: request_id=07340
2026-04-06 00:02:22,378 | concert_ticketing.adapters.messaging.rabbitmq.consumer | INFO | Mensaje recibido: request_id=07362
2026-04-06 00:02:22,466 | concert_ticketing.adapters.messaging.rabbitmq.consumer | INFO | Mensaje recibido: request_id=07329
2026-04-06 00:02:22,537 | concert_ticketing.adapters.messaging.rabbitmq.consumer | INFO | Mensaje recibido: request_id=07366
2026-04-06 00:02:22,606 | concert_ticketing.adapters.messaging.rabbitmq.consumer | INFO | Mensaje recibido: request_id=07251
2026-04-06 00:02:22,704 | concert_ticketing.adapters.messaging.rabbitmq.consumer | INFO | Mensaje recibido: request_id=07347
2026-04-06 00:02:22,766 | concert_ticketing.adapters.messaging.rabbitmq.consumer | INFO | Mensaje recibido: request_id=07267
2026-04-06 00:02:22,834 | concert_ticketing.adapters.messaging.rabbitmq.consumer | INFO | Mensaje recibido: request_id=07386
2026-04-06 00:02:22,930 | concert_ticketing.adapters.messaging.rabbitmq.consumer | INFO | Mensaje recibido: request_id=07382
2026-04-06 00:02:23,003 | concert_ticketing.adapters.messaging.rabbitmq.consumer | INFO | Mensaje recibido: request_id=07425
2026-04-06 00:02:23,086 | concert_ticketing.adapters.messaging.rabbitmq.consumer | INFO | Mensaje recibido: request_id=07377
2026-04-06 00:02:23,185 | concert_ticketing.adapters.messaging.rabbitmq.consumer | INFO | Mensaje recibido: request_id=07430
2026-04-06 00:02:23,268 | concert_ticketing.adapters.messaging.rabbitmq.consumer | INFO | Mensaje recibido: request_id=07451
2026-04-06 00:02:23,342 | concert_ticketing.adapters.messaging.rabbitmq.consumer | INFO | Mensaje recibido: request_id=07429
2026-04-06 00:02:23,420 | concert_ticketing.adapters.messaging.rabbitmq.consumer | INFO | Mensaje recibido: request_id=07433
2026-04-06 00:02:23,508 | concert_ticketing.adapters.messaging.rabbitmq.consumer | INFO | Mensaje recibido: request_id=07449
2026-04-06 00:02:23,585 | concert_ticketing.adapters.messaging.rabbitmq.consumer | INFO | Mensaje recibido: request_id=07411
2026-04-06 00:02:23,674 | concert_ticketing.adapters.messaging.rabbitmq.consumer | INFO | Mensaje recibido: request_id=07479
2026-04-06 00:02:23,762 | concert_ticketing.adapters.messaging.rabbitmq.consumer | INFO | Mensaje recibido: request_id=07373
2026-04-06 00:02:23,840 | concert_ticketing.adapters.messaging.rabbitmq.consumer | INFO | Mensaje recibido: request_id=07477
2026-04-06 00:02:23,920 | concert_ticketing.adapters.messaging.rabbitmq.consumer | INFO | Mensaje recibido: request_id=07474
2026-04-06 00:02:24,004 | concert_ticketing.adapters.messaging.rabbitmq.consumer | INFO | Mensaje recibido: request_id=07513
2026-04-06 00:02:24,084 | concert_ticketing.adapters.messaging.rabbitmq.consumer | INFO | Mensaje recibido: request_id=07505
2026-04-06 00:02:24,177 | concert_ticketing.adapters.messaging.rabbitmq.consumer | INFO | Mensaje recibido: request_id=07415
2026-04-06 00:02:24,266 | concert_ticketing.adapters.messaging.rabbitmq.consumer | INFO | Mensaje recibido: request_id=07509
2026-04-06 00:02:24,340 | concert_ticketing.adapters.messaging.rabbitmq.consumer | INFO | Mensaje recibido: request_id=07453
2026-04-06 00:02:24,421 | concert_ticketing.adapters.messaging.rabbitmq.consumer | INFO | Mensaje recibido: request_id=07551
2026-04-06 00:02:24,506 | concert_ticketing.adapters.messaging.rabbitmq.consumer | INFO | Mensaje recibido: request_id=07548
2026-04-06 00:02:24,575 | concert_ticketing.adapters.messaging.rabbitmq.consumer | INFO | Mensaje recibido: request_id=07557
2026-04-06 00:02:24,658 | concert_ticketing.adapters.messaging.rabbitmq.consumer | INFO | Mensaje recibido: request_id=07435
2026-04-06 00:02:24,743 | concert_ticketing.adapters.messaging.rabbitmq.consumer | INFO | Mensaje recibido: request_id=07352
2026-04-06 00:02:24,820 | concert_ticketing.adapters.messaging.rabbitmq.consumer | INFO | Mensaje recibido: request_id=07602
2026-04-06 00:02:24,898 | concert_ticketing.adapters.messaging.rabbitmq.consumer | INFO | Mensaje recibido: request_id=07562
2026-04-06 00:02:24,981 | concert_ticketing.adapters.messaging.rabbitmq.consumer | INFO | Mensaje recibido: request_id=07605
2026-04-06 00:02:25,064 | concert_ticketing.adapters.messaging.rabbitmq.consumer | INFO | Mensaje recibido: request_id=07582
2026-04-06 00:02:25,142 | concert_ticketing.adapters.messaging.rabbitmq.consumer | INFO | Mensaje recibido: request_id=07595
2026-04-06 00:02:25,212 | concert_ticketing.adapters.messaging.rabbitmq.consumer | INFO | Mensaje recibido: request_id=07640
2026-04-06 00:02:25,288 | concert_ticketing.adapters.messaging.rabbitmq.consumer | INFO | Mensaje recibido: request_id=07600
2026-04-06 00:02:25,370 | concert_ticketing.adapters.messaging.rabbitmq.consumer | INFO | Mensaje recibido: request_id=07631
2026-04-06 00:02:25,421 | concert_ticketing.adapters.messaging.rabbitmq.consumer | INFO | Mensaje recibido: request_id=07642
2026-04-06 00:02:25,517 | concert_ticketing.adapters.messaging.rabbitmq.consumer | INFO | Mensaje recibido: request_id=07665
2026-04-06 00:02:25,602 | concert_ticketing.adapters.messaging.rabbitmq.consumer | INFO | Mensaje recibido: request_id=07683
2026-04-06 00:02:25,696 | concert_ticketing.adapters.messaging.rabbitmq.consumer | INFO | Mensaje recibido: request_id=07542
2026-04-06 00:02:25,774 | concert_ticketing.adapters.messaging.rabbitmq.consumer | INFO | Mensaje recibido: request_id=07676
2026-04-06 00:02:25,841 | concert_ticketing.adapters.messaging.rabbitmq.consumer | INFO | Mensaje recibido: request_id=07574
2026-04-06 00:02:25,929 | concert_ticketing.adapters.messaging.rabbitmq.consumer | INFO | Mensaje recibido: request_id=07679
2026-04-06 00:02:25,995 | concert_ticketing.adapters.messaging.rabbitmq.consumer | INFO | Mensaje recibido: request_id=07706
2026-04-06 00:02:26,092 | concert_ticketing.adapters.messaging.rabbitmq.consumer | INFO | Mensaje recibido: request_id=07652
2026-04-06 00:02:26,167 | concert_ticketing.adapters.messaging.rabbitmq.consumer | INFO | Mensaje recibido: request_id=07703
2026-04-06 00:02:26,242 | concert_ticketing.adapters.messaging.rabbitmq.consumer | INFO | Mensaje recibido: request_id=07746
2026-04-06 00:02:26,326 | concert_ticketing.adapters.messaging.rabbitmq.consumer | INFO | Mensaje recibido: request_id=07738
2026-04-06 00:02:26,412 | concert_ticketing.adapters.messaging.rabbitmq.consumer | INFO | Mensaje recibido: request_id=07763
2026-04-06 00:02:26,484 | concert_ticketing.adapters.messaging.rabbitmq.consumer | INFO | Mensaje recibido: request_id=07764
2026-04-06 00:02:26,553 | concert_ticketing.adapters.messaging.rabbitmq.consumer | INFO | Mensaje recibido: request_id=07684
2026-04-06 00:02:26,627 | concert_ticketing.adapters.messaging.rabbitmq.consumer | INFO | Mensaje recibido: request_id=07541
2026-04-06 00:02:26,715 | concert_ticketing.adapters.messaging.rabbitmq.consumer | INFO | Mensaje recibido: request_id=07796
2026-04-06 00:02:26,793 | concert_ticketing.adapters.messaging.rabbitmq.consumer | INFO | Mensaje recibido: request_id=07770
2026-04-06 00:02:26,882 | concert_ticketing.adapters.messaging.rabbitmq.consumer | INFO | Mensaje recibido: request_id=07729
2026-04-06 00:02:26,964 | concert_ticketing.adapters.messaging.rabbitmq.consumer | INFO | Mensaje recibido: request_id=07752
2026-04-06 00:02:27,056 | concert_ticketing.adapters.messaging.rabbitmq.consumer | INFO | Mensaje recibido: request_id=07820
2026-04-06 00:02:27,129 | concert_ticketing.adapters.messaging.rabbitmq.consumer | INFO | Mensaje recibido: request_id=07807
2026-04-06 00:02:27,203 | concert_ticketing.adapters.messaging.rabbitmq.consumer | INFO | Mensaje recibido: request_id=07842
2026-04-06 00:02:27,290 | concert_ticketing.adapters.messaging.rabbitmq.consumer | INFO | Mensaje recibido: request_id=07815
2026-04-06 00:02:27,358 | concert_ticketing.adapters.messaging.rabbitmq.consumer | INFO | Mensaje recibido: request_id=07847
2026-04-06 00:02:27,431 | concert_ticketing.adapters.messaging.rabbitmq.consumer | INFO | Mensaje recibido: request_id=07866
2026-04-06 00:02:27,522 | concert_ticketing.adapters.messaging.rabbitmq.consumer | INFO | Mensaje recibido: request_id=07864
2026-04-06 00:02:27,604 | concert_ticketing.adapters.messaging.rabbitmq.consumer | INFO | Mensaje recibido: request_id=07883
2026-04-06 00:02:27,683 | concert_ticketing.adapters.messaging.rabbitmq.consumer | INFO | Mensaje recibido: request_id=07885
2026-04-06 00:02:27,771 | concert_ticketing.adapters.messaging.rabbitmq.consumer | INFO | Mensaje recibido: request_id=07893
2026-04-06 00:02:27,856 | concert_ticketing.adapters.messaging.rabbitmq.consumer | INFO | Mensaje recibido: request_id=07778
2026-04-06 00:02:27,922 | concert_ticketing.adapters.messaging.rabbitmq.consumer | INFO | Mensaje recibido: request_id=07912
2026-04-06 00:02:28,015 | concert_ticketing.adapters.messaging.rabbitmq.consumer | INFO | Mensaje recibido: request_id=07884
2026-04-06 00:02:28,113 | concert_ticketing.adapters.messaging.rabbitmq.consumer | INFO | Mensaje recibido: request_id=07920
2026-04-06 00:02:28,192 | concert_ticketing.adapters.messaging.rabbitmq.consumer | INFO | Mensaje recibido: request_id=07914
2026-04-06 00:02:28,281 | concert_ticketing.adapters.messaging.rabbitmq.consumer | INFO | Mensaje recibido: request_id=07887
2026-04-06 00:02:28,342 | concert_ticketing.adapters.messaging.rabbitmq.consumer | INFO | Mensaje recibido: request_id=07860
2026-04-06 00:02:28,425 | concert_ticketing.adapters.messaging.rabbitmq.consumer | INFO | Mensaje recibido: request_id=07925
2026-04-06 00:02:28,512 | concert_ticketing.adapters.messaging.rabbitmq.consumer | INFO | Mensaje recibido: request_id=07939
2026-04-06 00:02:28,592 | concert_ticketing.adapters.messaging.rabbitmq.consumer | INFO | Mensaje recibido: request_id=07956
2026-04-06 00:02:28,662 | concert_ticketing.adapters.messaging.rabbitmq.consumer | INFO | Mensaje recibido: request_id=07975
2026-04-06 00:02:28,756 | concert_ticketing.adapters.messaging.rabbitmq.consumer | INFO | Mensaje recibido: request_id=07922
2026-04-06 00:02:28,812 | concert_ticketing.adapters.messaging.rabbitmq.consumer | INFO | Mensaje recibido: request_id=07987
2026-04-06 00:02:28,892 | concert_ticketing.adapters.messaging.rabbitmq.consumer | INFO | Mensaje recibido: request_id=07950
2026-04-06 00:02:28,970 | concert_ticketing.adapters.messaging.rabbitmq.consumer | INFO | Mensaje recibido: request_id=08005
2026-04-06 00:02:29,045 | concert_ticketing.adapters.messaging.rabbitmq.consumer | INFO | Mensaje recibido: request_id=07970
2026-04-06 00:02:29,128 | concert_ticketing.adapters.messaging.rabbitmq.consumer | INFO | Mensaje recibido: request_id=08034
2026-04-06 00:02:29,208 | concert_ticketing.adapters.messaging.rabbitmq.consumer | INFO | Mensaje recibido: request_id=08041
2026-04-06 00:02:29,296 | concert_ticketing.adapters.messaging.rabbitmq.consumer | INFO | Mensaje recibido: request_id=08024
2026-04-06 00:02:29,371 | concert_ticketing.adapters.messaging.rabbitmq.consumer | INFO | Mensaje recibido: request_id=08036
2026-04-06 00:02:29,447 | concert_ticketing.adapters.messaging.rabbitmq.consumer | INFO | Mensaje recibido: request_id=08055
2026-04-06 00:02:29,532 | concert_ticketing.adapters.messaging.rabbitmq.consumer | INFO | Mensaje recibido: request_id=08057
2026-04-06 00:02:29,604 | concert_ticketing.adapters.messaging.rabbitmq.consumer | INFO | Mensaje recibido: request_id=08058
2026-04-06 00:02:29,679 | concert_ticketing.adapters.messaging.rabbitmq.consumer | INFO | Mensaje recibido: request_id=08047
2026-04-06 00:02:29,767 | concert_ticketing.adapters.messaging.rabbitmq.consumer | INFO | Mensaje recibido: request_id=08099
2026-04-06 00:02:29,844 | concert_ticketing.adapters.messaging.rabbitmq.consumer | INFO | Mensaje recibido: request_id=08086
2026-04-06 00:02:29,921 | concert_ticketing.adapters.messaging.rabbitmq.consumer | INFO | Mensaje recibido: request_id=08109
2026-04-06 00:02:29,999 | concert_ticketing.adapters.messaging.rabbitmq.consumer | INFO | Mensaje recibido: request_id=08122
2026-04-06 00:02:30,085 | concert_ticketing.adapters.messaging.rabbitmq.consumer | INFO | Mensaje recibido: request_id=08100
2026-04-06 00:02:30,165 | concert_ticketing.adapters.messaging.rabbitmq.consumer | INFO | Mensaje recibido: request_id=08119
2026-04-06 00:02:30,246 | concert_ticketing.adapters.messaging.rabbitmq.consumer | INFO | Mensaje recibido: request_id=07972
2026-04-06 00:02:30,316 | concert_ticketing.adapters.messaging.rabbitmq.consumer | INFO | Mensaje recibido: request_id=08113
2026-04-06 00:02:30,402 | concert_ticketing.adapters.messaging.rabbitmq.consumer | INFO | Mensaje recibido: request_id=08121
2026-04-06 00:02:30,498 | concert_ticketing.adapters.messaging.rabbitmq.consumer | INFO | Mensaje recibido: request_id=08152
2026-04-06 00:02:30,570 | concert_ticketing.adapters.messaging.rabbitmq.consumer | INFO | Mensaje recibido: request_id=08178
2026-04-06 00:02:30,654 | concert_ticketing.adapters.messaging.rabbitmq.consumer | INFO | Mensaje recibido: request_id=08008
2026-04-06 00:02:30,741 | concert_ticketing.adapters.messaging.rabbitmq.consumer | INFO | Mensaje recibido: request_id=08183
2026-04-06 00:02:30,829 | concert_ticketing.adapters.messaging.rabbitmq.consumer | INFO | Mensaje recibido: request_id=08204
2026-04-06 00:02:30,909 | concert_ticketing.adapters.messaging.rabbitmq.consumer | INFO | Mensaje recibido: request_id=07974
2026-04-06 00:02:30,996 | concert_ticketing.adapters.messaging.rabbitmq.consumer | INFO | Mensaje recibido: request_id=08192
2026-04-06 00:02:31,063 | concert_ticketing.adapters.messaging.rabbitmq.consumer | INFO | Mensaje recibido: request_id=08220
2026-04-06 00:02:31,153 | concert_ticketing.adapters.messaging.rabbitmq.consumer | INFO | Mensaje recibido: request_id=08235
2026-04-06 00:02:31,227 | concert_ticketing.adapters.messaging.rabbitmq.consumer | INFO | Mensaje recibido: request_id=08156
2026-04-06 00:02:31,310 | concert_ticketing.adapters.messaging.rabbitmq.consumer | INFO | Mensaje recibido: request_id=08172
2026-04-06 00:02:31,392 | concert_ticketing.adapters.messaging.rabbitmq.consumer | INFO | Mensaje recibido: request_id=08193
2026-04-06 00:02:31,485 | concert_ticketing.adapters.messaging.rabbitmq.consumer | INFO | Mensaje recibido: request_id=08182
2026-04-06 00:02:31,585 | concert_ticketing.adapters.messaging.rabbitmq.consumer | INFO | Mensaje recibido: request_id=08170
2026-04-06 00:02:31,692 | concert_ticketing.adapters.messaging.rabbitmq.consumer | INFO | Mensaje recibido: request_id=08260
2026-04-06 00:02:31,782 | concert_ticketing.adapters.messaging.rabbitmq.consumer | INFO | Mensaje recibido: request_id=08262
2026-04-06 00:02:31,876 | concert_ticketing.adapters.messaging.rabbitmq.consumer | INFO | Mensaje recibido: request_id=08281
2026-04-06 00:02:31,996 | concert_ticketing.adapters.messaging.rabbitmq.consumer | INFO | Mensaje recibido: request_id=08225
2026-04-06 00:02:32,132 | concert_ticketing.adapters.messaging.rabbitmq.consumer | INFO | Mensaje recibido: request_id=08303
2026-04-06 00:02:32,239 | concert_ticketing.adapters.messaging.rabbitmq.consumer | INFO | Mensaje recibido: request_id=08313
2026-04-06 00:02:32,347 | concert_ticketing.adapters.messaging.rabbitmq.consumer | INFO | Mensaje recibido: request_id=08314
2026-04-06 00:02:32,441 | concert_ticketing.adapters.messaging.rabbitmq.consumer | INFO | Mensaje recibido: request_id=08329
2026-04-06 00:02:32,532 | concert_ticketing.adapters.messaging.rabbitmq.consumer | INFO | Mensaje recibido: request_id=08255
2026-04-06 00:02:32,630 | concert_ticketing.adapters.messaging.rabbitmq.consumer | INFO | Mensaje recibido: request_id=08357
2026-04-06 00:02:32,717 | concert_ticketing.adapters.messaging.rabbitmq.consumer | INFO | Mensaje recibido: request_id=08344
2026-04-06 00:02:32,798 | concert_ticketing.adapters.messaging.rabbitmq.consumer | INFO | Mensaje recibido: request_id=08298
2026-04-06 00:02:32,870 | concert_ticketing.adapters.messaging.rabbitmq.consumer | INFO | Mensaje recibido: request_id=08361
2026-04-06 00:02:32,958 | concert_ticketing.adapters.messaging.rabbitmq.consumer | INFO | Mensaje recibido: request_id=08247
2026-04-06 00:02:33,054 | concert_ticketing.adapters.messaging.rabbitmq.consumer | INFO | Mensaje recibido: request_id=08342
2026-04-06 00:02:33,138 | concert_ticketing.adapters.messaging.rabbitmq.consumer | INFO | Mensaje recibido: request_id=08330
2026-04-06 00:02:33,227 | concert_ticketing.adapters.messaging.rabbitmq.consumer | INFO | Mensaje recibido: request_id=08411
2026-04-06 00:02:33,315 | concert_ticketing.adapters.messaging.rabbitmq.consumer | INFO | Mensaje recibido: request_id=08290
2026-04-06 00:02:33,392 | concert_ticketing.adapters.messaging.rabbitmq.consumer | INFO | Mensaje recibido: request_id=08360
2026-04-06 00:02:33,477 | concert_ticketing.adapters.messaging.rabbitmq.consumer | INFO | Mensaje recibido: request_id=08175
2026-04-06 00:02:33,555 | concert_ticketing.adapters.messaging.rabbitmq.consumer | INFO | Mensaje recibido: request_id=08435
2026-04-06 00:02:33,659 | concert_ticketing.adapters.messaging.rabbitmq.consumer | INFO | Mensaje recibido: request_id=08437
2026-04-06 00:02:33,729 | concert_ticketing.adapters.messaging.rabbitmq.consumer | INFO | Mensaje recibido: request_id=08359
2026-04-06 00:02:33,796 | concert_ticketing.adapters.messaging.rabbitmq.consumer | INFO | Mensaje recibido: request_id=08466
2026-04-06 00:02:33,874 | concert_ticketing.adapters.messaging.rabbitmq.consumer | INFO | Mensaje recibido: request_id=08465
2026-04-06 00:02:33,970 | concert_ticketing.adapters.messaging.rabbitmq.consumer | INFO | Mensaje recibido: request_id=08419
2026-04-06 00:02:34,049 | concert_ticketing.adapters.messaging.rabbitmq.consumer | INFO | Mensaje recibido: request_id=08420
2026-04-06 00:02:34,131 | concert_ticketing.adapters.messaging.rabbitmq.consumer | INFO | Mensaje recibido: request_id=08499
2026-04-06 00:02:34,248 | concert_ticketing.adapters.messaging.rabbitmq.consumer | INFO | Mensaje recibido: request_id=08501
2026-04-06 00:02:34,307 | concert_ticketing.adapters.messaging.rabbitmq.consumer | INFO | Mensaje recibido: request_id=08506
2026-04-06 00:02:34,408 | concert_ticketing.adapters.messaging.rabbitmq.consumer | INFO | Mensaje recibido: request_id=08507
2026-04-06 00:02:34,502 | concert_ticketing.adapters.messaging.rabbitmq.consumer | INFO | Mensaje recibido: request_id=08530
2026-04-06 00:02:34,579 | concert_ticketing.adapters.messaging.rabbitmq.consumer | INFO | Mensaje recibido: request_id=08430
2026-04-06 00:02:34,653 | concert_ticketing.adapters.messaging.rabbitmq.consumer | INFO | Mensaje recibido: request_id=08546
2026-04-06 00:02:34,729 | concert_ticketing.adapters.messaging.rabbitmq.consumer | INFO | Mensaje recibido: request_id=08480
2026-04-06 00:02:34,814 | concert_ticketing.adapters.messaging.rabbitmq.consumer | INFO | Mensaje recibido: request_id=08554
2026-04-06 00:02:34,903 | concert_ticketing.adapters.messaging.rabbitmq.consumer | INFO | Mensaje recibido: request_id=08421
2026-04-06 00:02:34,974 | concert_ticketing.adapters.messaging.rabbitmq.consumer | INFO | Mensaje recibido: request_id=08560
2026-04-06 00:02:35,065 | concert_ticketing.adapters.messaging.rabbitmq.consumer | INFO | Mensaje recibido: request_id=08588
2026-04-06 00:02:35,147 | concert_ticketing.adapters.messaging.rabbitmq.consumer | INFO | Mensaje recibido: request_id=08503
2026-04-06 00:02:35,237 | concert_ticketing.adapters.messaging.rabbitmq.consumer | INFO | Mensaje recibido: request_id=08487
2026-04-06 00:02:35,314 | concert_ticketing.adapters.messaging.rabbitmq.consumer | INFO | Mensaje recibido: request_id=08603
2026-04-06 00:02:35,388 | concert_ticketing.adapters.messaging.rabbitmq.consumer | INFO | Mensaje recibido: request_id=08609
2026-04-06 00:02:35,488 | concert_ticketing.adapters.messaging.rabbitmq.consumer | INFO | Mensaje recibido: request_id=08593
2026-04-06 00:02:35,552 | concert_ticketing.adapters.messaging.rabbitmq.consumer | INFO | Mensaje recibido: request_id=08524
2026-04-06 00:02:35,652 | concert_ticketing.adapters.messaging.rabbitmq.consumer | INFO | Mensaje recibido: request_id=08634
2026-04-06 00:02:35,723 | concert_ticketing.adapters.messaging.rabbitmq.consumer | INFO | Mensaje recibido: request_id=08585
2026-04-06 00:02:35,798 | concert_ticketing.adapters.messaging.rabbitmq.consumer | INFO | Mensaje recibido: request_id=08589
2026-04-06 00:02:35,881 | concert_ticketing.adapters.messaging.rabbitmq.consumer | INFO | Mensaje recibido: request_id=08570
2026-04-06 00:02:35,959 | concert_ticketing.adapters.messaging.rabbitmq.consumer | INFO | Mensaje recibido: request_id=08656
2026-04-06 00:02:36,044 | concert_ticketing.adapters.messaging.rabbitmq.consumer | INFO | Mensaje recibido: request_id=08675
2026-04-06 00:02:36,123 | concert_ticketing.adapters.messaging.rabbitmq.consumer | INFO | Mensaje recibido: request_id=08676
2026-04-06 00:02:36,207 | concert_ticketing.adapters.messaging.rabbitmq.consumer | INFO | Mensaje recibido: request_id=08691
2026-04-06 00:02:36,287 | concert_ticketing.adapters.messaging.rabbitmq.consumer | INFO | Mensaje recibido: request_id=08664
2026-04-06 00:02:36,376 | concert_ticketing.adapters.messaging.rabbitmq.consumer | INFO | Mensaje recibido: request_id=08715
2026-04-06 00:02:36,472 | concert_ticketing.adapters.messaging.rabbitmq.consumer | INFO | Mensaje recibido: request_id=08674
2026-04-06 00:02:36,531 | concert_ticketing.adapters.messaging.rabbitmq.consumer | INFO | Mensaje recibido: request_id=08720
2026-04-06 00:02:36,612 | concert_ticketing.adapters.messaging.rabbitmq.consumer | INFO | Mensaje recibido: request_id=08712
2026-04-06 00:02:36,719 | concert_ticketing.adapters.messaging.rabbitmq.consumer | INFO | Mensaje recibido: request_id=08713
2026-04-06 00:02:36,792 | concert_ticketing.adapters.messaging.rabbitmq.consumer | INFO | Mensaje recibido: request_id=08754
2026-04-06 00:02:36,876 | concert_ticketing.adapters.messaging.rabbitmq.consumer | INFO | Mensaje recibido: request_id=08758
2026-04-06 00:02:36,963 | concert_ticketing.adapters.messaging.rabbitmq.consumer | INFO | Mensaje recibido: request_id=08741
2026-04-06 00:02:37,035 | concert_ticketing.adapters.messaging.rabbitmq.consumer | INFO | Mensaje recibido: request_id=08738
2026-04-06 00:02:37,120 | concert_ticketing.adapters.messaging.rabbitmq.consumer | INFO | Mensaje recibido: request_id=08743
2026-04-06 00:02:37,198 | concert_ticketing.adapters.messaging.rabbitmq.consumer | INFO | Mensaje recibido: request_id=08708
2026-04-06 00:02:37,289 | concert_ticketing.adapters.messaging.rabbitmq.consumer | INFO | Mensaje recibido: request_id=08774
2026-04-06 00:02:37,411 | concert_ticketing.adapters.messaging.rabbitmq.consumer | INFO | Mensaje recibido: request_id=08783
2026-04-06 00:02:37,473 | concert_ticketing.adapters.messaging.rabbitmq.consumer | INFO | Mensaje recibido: request_id=08755
2026-04-06 00:02:37,548 | concert_ticketing.adapters.messaging.rabbitmq.consumer | INFO | Mensaje recibido: request_id=08820
2026-04-06 00:02:37,648 | concert_ticketing.adapters.messaging.rabbitmq.consumer | INFO | Mensaje recibido: request_id=08808
2026-04-06 00:02:37,731 | concert_ticketing.adapters.messaging.rabbitmq.consumer | INFO | Mensaje recibido: request_id=08835
2026-04-06 00:02:37,817 | concert_ticketing.adapters.messaging.rabbitmq.consumer | INFO | Mensaje recibido: request_id=08851
2026-04-06 00:02:37,896 | concert_ticketing.adapters.messaging.rabbitmq.consumer | INFO | Mensaje recibido: request_id=08763
2026-04-06 00:02:37,984 | concert_ticketing.adapters.messaging.rabbitmq.consumer | INFO | Mensaje recibido: request_id=08866
2026-04-06 00:02:38,073 | concert_ticketing.adapters.messaging.rabbitmq.consumer | INFO | Mensaje recibido: request_id=08859
2026-04-06 00:02:38,154 | concert_ticketing.adapters.messaging.rabbitmq.consumer | INFO | Mensaje recibido: request_id=08885
2026-04-06 00:02:38,229 | concert_ticketing.adapters.messaging.rabbitmq.consumer | INFO | Mensaje recibido: request_id=08863
2026-04-06 00:02:38,325 | concert_ticketing.adapters.messaging.rabbitmq.consumer | INFO | Mensaje recibido: request_id=08788
2026-04-06 00:02:38,402 | concert_ticketing.adapters.messaging.rabbitmq.consumer | INFO | Mensaje recibido: request_id=08841
2026-04-06 00:02:38,498 | concert_ticketing.adapters.messaging.rabbitmq.consumer | INFO | Mensaje recibido: request_id=08817
2026-04-06 00:02:38,569 | concert_ticketing.adapters.messaging.rabbitmq.consumer | INFO | Mensaje recibido: request_id=08913
2026-04-06 00:02:38,654 | concert_ticketing.adapters.messaging.rabbitmq.consumer | INFO | Mensaje recibido: request_id=08891
2026-04-06 00:02:38,741 | concert_ticketing.adapters.messaging.rabbitmq.consumer | INFO | Mensaje recibido: request_id=08874
2026-04-06 00:02:38,813 | concert_ticketing.adapters.messaging.rabbitmq.consumer | INFO | Mensaje recibido: request_id=08910
2026-04-06 00:02:38,895 | concert_ticketing.adapters.messaging.rabbitmq.consumer | INFO | Mensaje recibido: request_id=08929
2026-04-06 00:02:38,988 | concert_ticketing.adapters.messaging.rabbitmq.consumer | INFO | Mensaje recibido: request_id=08812
2026-04-06 00:02:39,054 | concert_ticketing.adapters.messaging.rabbitmq.consumer | INFO | Mensaje recibido: request_id=08883
2026-04-06 00:02:39,140 | concert_ticketing.adapters.messaging.rabbitmq.consumer | INFO | Mensaje recibido: request_id=08980
2026-04-06 00:02:39,199 | concert_ticketing.adapters.messaging.rabbitmq.consumer | INFO | Mensaje recibido: request_id=08946
2026-04-06 00:02:39,326 | concert_ticketing.adapters.messaging.rabbitmq.consumer | INFO | Mensaje recibido: request_id=08978
2026-04-06 00:02:39,409 | concert_ticketing.adapters.messaging.rabbitmq.consumer | INFO | Mensaje recibido: request_id=08958
2026-04-06 00:02:39,491 | concert_ticketing.adapters.messaging.rabbitmq.consumer | INFO | Mensaje recibido: request_id=08867
2026-04-06 00:02:39,579 | concert_ticketing.adapters.messaging.rabbitmq.consumer | INFO | Mensaje recibido: request_id=08969
2026-04-06 00:02:39,662 | concert_ticketing.adapters.messaging.rabbitmq.consumer | INFO | Mensaje recibido: request_id=09011
2026-04-06 00:02:39,751 | concert_ticketing.adapters.messaging.rabbitmq.consumer | INFO | Mensaje recibido: request_id=09037
2026-04-06 00:02:39,828 | concert_ticketing.adapters.messaging.rabbitmq.consumer | INFO | Mensaje recibido: request_id=09043
2026-04-06 00:02:39,892 | concert_ticketing.adapters.messaging.rabbitmq.consumer | INFO | Mensaje recibido: request_id=09049
2026-04-06 00:02:39,976 | concert_ticketing.adapters.messaging.rabbitmq.consumer | INFO | Mensaje recibido: request_id=09038
2026-04-06 00:02:40,066 | concert_ticketing.adapters.messaging.rabbitmq.consumer | INFO | Mensaje recibido: request_id=09070
2026-04-06 00:02:40,143 | concert_ticketing.adapters.messaging.rabbitmq.consumer | INFO | Mensaje recibido: request_id=09028
2026-04-06 00:02:40,236 | concert_ticketing.adapters.messaging.rabbitmq.consumer | INFO | Mensaje recibido: request_id=09075
2026-04-06 00:02:40,315 | concert_ticketing.adapters.messaging.rabbitmq.consumer | INFO | Mensaje recibido: request_id=09079
2026-04-06 00:02:40,408 | concert_ticketing.adapters.messaging.rabbitmq.consumer | INFO | Mensaje recibido: request_id=09100
2026-04-06 00:02:40,492 | concert_ticketing.adapters.messaging.rabbitmq.consumer | INFO | Mensaje recibido: request_id=09023
2026-04-06 00:02:40,562 | concert_ticketing.adapters.messaging.rabbitmq.consumer | INFO | Mensaje recibido: request_id=09105
2026-04-06 00:02:40,656 | concert_ticketing.adapters.messaging.rabbitmq.consumer | INFO | Mensaje recibido: request_id=09124
2026-04-06 00:02:40,746 | concert_ticketing.adapters.messaging.rabbitmq.consumer | INFO | Mensaje recibido: request_id=08999
2026-04-06 00:02:40,824 | concert_ticketing.adapters.messaging.rabbitmq.consumer | INFO | Mensaje recibido: request_id=09055
2026-04-06 00:02:40,917 | concert_ticketing.adapters.messaging.rabbitmq.consumer | INFO | Mensaje recibido: request_id=09116
2026-04-06 00:02:41,002 | concert_ticketing.adapters.messaging.rabbitmq.consumer | INFO | Mensaje recibido: request_id=09129
2026-04-06 00:02:41,071 | concert_ticketing.adapters.messaging.rabbitmq.consumer | INFO | Mensaje recibido: request_id=09154
2026-04-06 00:02:41,167 | concert_ticketing.adapters.messaging.rabbitmq.consumer | INFO | Mensaje recibido: request_id=09144
2026-04-06 00:02:41,244 | concert_ticketing.adapters.messaging.rabbitmq.consumer | INFO | Mensaje recibido: request_id=09131
2026-04-06 00:02:41,306 | concert_ticketing.adapters.messaging.rabbitmq.consumer | INFO | Mensaje recibido: request_id=09088
2026-04-06 00:02:41,403 | concert_ticketing.adapters.messaging.rabbitmq.consumer | INFO | Mensaje recibido: request_id=09195
2026-04-06 00:02:41,495 | concert_ticketing.adapters.messaging.rabbitmq.consumer | INFO | Mensaje recibido: request_id=09185
2026-04-06 00:02:41,573 | concert_ticketing.adapters.messaging.rabbitmq.consumer | INFO | Mensaje recibido: request_id=09210
2026-04-06 00:02:41,663 | concert_ticketing.adapters.messaging.rabbitmq.consumer | INFO | Mensaje recibido: request_id=09119
2026-04-06 00:02:41,748 | concert_ticketing.adapters.messaging.rabbitmq.consumer | INFO | Mensaje recibido: request_id=09221
2026-04-06 00:02:41,827 | concert_ticketing.adapters.messaging.rabbitmq.consumer | INFO | Mensaje recibido: request_id=09203
2026-04-06 00:02:41,906 | concert_ticketing.adapters.messaging.rabbitmq.consumer | INFO | Mensaje recibido: request_id=09220
2026-04-06 00:02:41,991 | concert_ticketing.adapters.messaging.rabbitmq.consumer | INFO | Mensaje recibido: request_id=09208
2026-04-06 00:02:42,079 | concert_ticketing.adapters.messaging.rabbitmq.consumer | INFO | Mensaje recibido: request_id=09231
2026-04-06 00:02:42,161 | concert_ticketing.adapters.messaging.rabbitmq.consumer | INFO | Mensaje recibido: request_id=09268
2026-04-06 00:02:42,245 | concert_ticketing.adapters.messaging.rabbitmq.consumer | INFO | Mensaje recibido: request_id=09266
2026-04-06 00:02:42,321 | concert_ticketing.adapters.messaging.rabbitmq.consumer | INFO | Mensaje recibido: request_id=09260
2026-04-06 00:02:42,404 | concert_ticketing.adapters.messaging.rabbitmq.consumer | INFO | Mensaje recibido: request_id=09282
2026-04-06 00:02:42,498 | concert_ticketing.adapters.messaging.rabbitmq.consumer | INFO | Mensaje recibido: request_id=09263
2026-04-06 00:02:42,577 | concert_ticketing.adapters.messaging.rabbitmq.consumer | INFO | Mensaje recibido: request_id=09256
2026-04-06 00:02:42,670 | concert_ticketing.adapters.messaging.rabbitmq.consumer | INFO | Mensaje recibido: request_id=09273
2026-04-06 00:02:42,773 | concert_ticketing.adapters.messaging.rabbitmq.consumer | INFO | Mensaje recibido: request_id=09271
2026-04-06 00:02:42,870 | concert_ticketing.adapters.messaging.rabbitmq.consumer | INFO | Mensaje recibido: request_id=09219
2026-04-06 00:02:42,964 | concert_ticketing.adapters.messaging.rabbitmq.consumer | INFO | Mensaje recibido: request_id=09320
2026-04-06 00:02:43,058 | concert_ticketing.adapters.messaging.rabbitmq.consumer | INFO | Mensaje recibido: request_id=09326
2026-04-06 00:02:43,189 | concert_ticketing.adapters.messaging.rabbitmq.consumer | INFO | Mensaje recibido: request_id=09211
2026-04-06 00:02:43,292 | concert_ticketing.adapters.messaging.rabbitmq.consumer | INFO | Mensaje recibido: request_id=09322
2026-04-06 00:02:43,399 | concert_ticketing.adapters.messaging.rabbitmq.consumer | INFO | Mensaje recibido: request_id=09316
2026-04-06 00:02:43,484 | concert_ticketing.adapters.messaging.rabbitmq.consumer | INFO | Mensaje recibido: request_id=09319
2026-04-06 00:02:43,607 | concert_ticketing.adapters.messaging.rabbitmq.consumer | INFO | Mensaje recibido: request_id=09133
2026-04-06 00:02:43,702 | concert_ticketing.adapters.messaging.rabbitmq.consumer | INFO | Mensaje recibido: request_id=09385
2026-04-06 00:02:43,783 | concert_ticketing.adapters.messaging.rabbitmq.consumer | INFO | Mensaje recibido: request_id=09395
2026-04-06 00:02:43,870 | concert_ticketing.adapters.messaging.rabbitmq.consumer | INFO | Mensaje recibido: request_id=09411
2026-04-06 00:02:43,958 | concert_ticketing.adapters.messaging.rabbitmq.consumer | INFO | Mensaje recibido: request_id=09420
2026-04-06 00:02:44,037 | concert_ticketing.adapters.messaging.rabbitmq.consumer | INFO | Mensaje recibido: request_id=09415
2026-04-06 00:02:44,101 | concert_ticketing.adapters.messaging.rabbitmq.consumer | INFO | Mensaje recibido: request_id=09427
2026-04-06 00:02:44,182 | concert_ticketing.adapters.messaging.rabbitmq.consumer | INFO | Mensaje recibido: request_id=09442
2026-04-06 00:02:44,273 | concert_ticketing.adapters.messaging.rabbitmq.consumer | INFO | Mensaje recibido: request_id=09432
2026-04-06 00:02:44,349 | concert_ticketing.adapters.messaging.rabbitmq.consumer | INFO | Mensaje recibido: request_id=09402
2026-04-06 00:02:44,428 | concert_ticketing.adapters.messaging.rabbitmq.consumer | INFO | Mensaje recibido: request_id=09412
2026-04-06 00:02:44,528 | concert_ticketing.adapters.messaging.rabbitmq.consumer | INFO | Mensaje recibido: request_id=09439
2026-04-06 00:02:44,591 | concert_ticketing.adapters.messaging.rabbitmq.consumer | INFO | Mensaje recibido: request_id=09425
2026-04-06 00:02:44,667 | concert_ticketing.adapters.messaging.rabbitmq.consumer | INFO | Mensaje recibido: request_id=09448
2026-04-06 00:02:44,731 | concert_ticketing.adapters.messaging.rabbitmq.consumer | INFO | Mensaje recibido: request_id=09480
2026-04-06 00:02:44,806 | concert_ticketing.adapters.messaging.rabbitmq.consumer | INFO | Mensaje recibido: request_id=09505
2026-04-06 00:02:44,885 | concert_ticketing.adapters.messaging.rabbitmq.consumer | INFO | Mensaje recibido: request_id=09506
2026-04-06 00:02:44,960 | concert_ticketing.adapters.messaging.rabbitmq.consumer | INFO | Mensaje recibido: request_id=09444
2026-04-06 00:02:45,046 | concert_ticketing.adapters.messaging.rabbitmq.consumer | INFO | Mensaje recibido: request_id=09515
2026-04-06 00:02:45,106 | concert_ticketing.adapters.messaging.rabbitmq.consumer | INFO | Mensaje recibido: request_id=09536
2026-04-06 00:02:45,196 | concert_ticketing.adapters.messaging.rabbitmq.consumer | INFO | Mensaje recibido: request_id=09549
2026-04-06 00:02:45,283 | concert_ticketing.adapters.messaging.rabbitmq.consumer | INFO | Mensaje recibido: request_id=09492
2026-04-06 00:02:45,350 | concert_ticketing.adapters.messaging.rabbitmq.consumer | INFO | Mensaje recibido: request_id=09467
2026-04-06 00:02:45,413 | concert_ticketing.adapters.messaging.rabbitmq.consumer | INFO | Mensaje recibido: request_id=09565
2026-04-06 00:02:45,498 | concert_ticketing.adapters.messaging.rabbitmq.consumer | INFO | Mensaje recibido: request_id=09570
2026-04-06 00:02:45,579 | concert_ticketing.adapters.messaging.rabbitmq.consumer | INFO | Mensaje recibido: request_id=09586
2026-04-06 00:02:45,666 | concert_ticketing.adapters.messaging.rabbitmq.consumer | INFO | Mensaje recibido: request_id=09491
2026-04-06 00:02:45,727 | concert_ticketing.adapters.messaging.rabbitmq.consumer | INFO | Mensaje recibido: request_id=09571
2026-04-06 00:02:45,804 | concert_ticketing.adapters.messaging.rabbitmq.consumer | INFO | Mensaje recibido: request_id=09548
2026-04-06 00:02:45,885 | concert_ticketing.adapters.messaging.rabbitmq.consumer | INFO | Mensaje recibido: request_id=09616
2026-04-06 00:02:45,973 | concert_ticketing.adapters.messaging.rabbitmq.consumer | INFO | Mensaje recibido: request_id=09566
2026-04-06 00:02:46,043 | concert_ticketing.adapters.messaging.rabbitmq.consumer | INFO | Mensaje recibido: request_id=09550
2026-04-06 00:02:46,133 | concert_ticketing.adapters.messaging.rabbitmq.consumer | INFO | Mensaje recibido: request_id=09628
2026-04-06 00:02:46,198 | concert_ticketing.adapters.messaging.rabbitmq.consumer | INFO | Mensaje recibido: request_id=09611
2026-04-06 00:02:46,292 | concert_ticketing.adapters.messaging.rabbitmq.consumer | INFO | Mensaje recibido: request_id=09637
2026-04-06 00:02:46,391 | concert_ticketing.adapters.messaging.rabbitmq.consumer | INFO | Mensaje recibido: request_id=09668
2026-04-06 00:02:46,459 | concert_ticketing.adapters.messaging.rabbitmq.consumer | INFO | Mensaje recibido: request_id=09655
2026-04-06 00:02:46,550 | concert_ticketing.adapters.messaging.rabbitmq.consumer | INFO | Mensaje recibido: request_id=09609
2026-04-06 00:02:46,629 | concert_ticketing.adapters.messaging.rabbitmq.consumer | INFO | Mensaje recibido: request_id=09685
2026-04-06 00:02:46,713 | concert_ticketing.adapters.messaging.rabbitmq.consumer | INFO | Mensaje recibido: request_id=09691
2026-04-06 00:02:46,784 | concert_ticketing.adapters.messaging.rabbitmq.consumer | INFO | Mensaje recibido: request_id=09699
2026-04-06 00:02:46,877 | concert_ticketing.adapters.messaging.rabbitmq.consumer | INFO | Mensaje recibido: request_id=09697
2026-04-06 00:02:46,950 | concert_ticketing.adapters.messaging.rabbitmq.consumer | INFO | Mensaje recibido: request_id=09592
2026-04-06 00:02:47,024 | concert_ticketing.adapters.messaging.rabbitmq.consumer | INFO | Mensaje recibido: request_id=09630
2026-04-06 00:02:47,101 | concert_ticketing.adapters.messaging.rabbitmq.consumer | INFO | Mensaje recibido: request_id=09731
2026-04-06 00:02:47,184 | concert_ticketing.adapters.messaging.rabbitmq.consumer | INFO | Mensaje recibido: request_id=09724
2026-04-06 00:02:47,273 | concert_ticketing.adapters.messaging.rabbitmq.consumer | INFO | Mensaje recibido: request_id=09707
2026-04-06 00:02:47,350 | concert_ticketing.adapters.messaging.rabbitmq.consumer | INFO | Mensaje recibido: request_id=09702
2026-04-06 00:02:47,435 | concert_ticketing.adapters.messaging.rabbitmq.consumer | INFO | Mensaje recibido: request_id=09760
2026-04-06 00:02:47,505 | concert_ticketing.adapters.messaging.rabbitmq.consumer | INFO | Mensaje recibido: request_id=09763
2026-04-06 00:02:47,613 | concert_ticketing.adapters.messaging.rabbitmq.consumer | INFO | Mensaje recibido: request_id=09781
2026-04-06 00:02:47,689 | concert_ticketing.adapters.messaging.rabbitmq.consumer | INFO | Mensaje recibido: request_id=09784
2026-04-06 00:02:47,820 | concert_ticketing.adapters.messaging.rabbitmq.consumer | INFO | Mensaje recibido: request_id=09785
2026-04-06 00:02:47,889 | concert_ticketing.adapters.messaging.rabbitmq.consumer | INFO | Mensaje recibido: request_id=09811
2026-04-06 00:02:47,977 | concert_ticketing.adapters.messaging.rabbitmq.consumer | INFO | Mensaje recibido: request_id=09723
2026-04-06 00:02:48,060 | concert_ticketing.adapters.messaging.rabbitmq.consumer | INFO | Mensaje recibido: request_id=09802
2026-04-06 00:02:48,135 | concert_ticketing.adapters.messaging.rabbitmq.consumer | INFO | Mensaje recibido: request_id=09804
2026-04-06 00:02:48,224 | concert_ticketing.adapters.messaging.rabbitmq.consumer | INFO | Mensaje recibido: request_id=09837
2026-04-06 00:02:48,317 | concert_ticketing.adapters.messaging.rabbitmq.consumer | INFO | Mensaje recibido: request_id=09840
2026-04-06 00:02:48,412 | concert_ticketing.adapters.messaging.rabbitmq.consumer | INFO | Mensaje recibido: request_id=09850
2026-04-06 00:02:48,487 | concert_ticketing.adapters.messaging.rabbitmq.consumer | INFO | Mensaje recibido: request_id=09809
2026-04-06 00:02:48,555 | concert_ticketing.adapters.messaging.rabbitmq.consumer | INFO | Mensaje recibido: request_id=09871
2026-04-06 00:02:48,634 | concert_ticketing.adapters.messaging.rabbitmq.consumer | INFO | Mensaje recibido: request_id=09808
2026-04-06 00:02:48,730 | concert_ticketing.adapters.messaging.rabbitmq.consumer | INFO | Mensaje recibido: request_id=09816
2026-04-06 00:02:48,804 | concert_ticketing.adapters.messaging.rabbitmq.consumer | INFO | Mensaje recibido: request_id=09826
2026-04-06 00:02:48,880 | concert_ticketing.adapters.messaging.rabbitmq.consumer | INFO | Mensaje recibido: request_id=09907
2026-04-06 00:02:48,975 | concert_ticketing.adapters.messaging.rabbitmq.consumer | INFO | Mensaje recibido: request_id=09885
2026-04-06 00:02:49,042 | concert_ticketing.adapters.messaging.rabbitmq.consumer | INFO | Mensaje recibido: request_id=09898
2026-04-06 00:02:49,125 | concert_ticketing.adapters.messaging.rabbitmq.consumer | INFO | Mensaje recibido: request_id=09852
2026-04-06 00:02:49,216 | concert_ticketing.adapters.messaging.rabbitmq.consumer | INFO | Mensaje recibido: request_id=09939
2026-04-06 00:02:49,290 | concert_ticketing.adapters.messaging.rabbitmq.consumer | INFO | Mensaje recibido: request_id=09916
2026-04-06 00:02:49,369 | concert_ticketing.adapters.messaging.rabbitmq.consumer | INFO | Mensaje recibido: request_id=09803
2026-04-06 00:02:49,446 | concert_ticketing.adapters.messaging.rabbitmq.consumer | INFO | Mensaje recibido: request_id=09960
2026-04-06 00:02:49,535 | concert_ticketing.adapters.messaging.rabbitmq.consumer | INFO | Mensaje recibido: request_id=09942
2026-04-06 00:02:49,616 | concert_ticketing.adapters.messaging.rabbitmq.consumer | INFO | Mensaje recibido: request_id=09978
2026-04-06 00:02:49,703 | concert_ticketing.adapters.messaging.rabbitmq.consumer | INFO | Mensaje recibido: request_id=09968
2026-04-06 00:02:49,784 | concert_ticketing.adapters.messaging.rabbitmq.consumer | INFO | Mensaje recibido: request_id=09988
2026-04-06 00:02:49,863 | concert_ticketing.adapters.messaging.rabbitmq.consumer | INFO | Mensaje recibido: request_id=09937
2026-04-06 00:02:49,958 | concert_ticketing.adapters.messaging.rabbitmq.consumer | INFO | Mensaje recibido: request_id=10003
2026-04-06 00:02:50,025 | concert_ticketing.adapters.messaging.rabbitmq.consumer | INFO | Mensaje recibido: request_id=09982
2026-04-06 00:02:50,120 | concert_ticketing.adapters.messaging.rabbitmq.consumer | INFO | Mensaje recibido: request_id=10017
2026-04-06 00:02:50,204 | concert_ticketing.adapters.messaging.rabbitmq.consumer | INFO | Mensaje recibido: request_id=10035
2026-04-06 00:02:50,279 | concert_ticketing.adapters.messaging.rabbitmq.consumer | INFO | Mensaje recibido: request_id=10019
2026-04-06 00:02:50,371 | concert_ticketing.adapters.messaging.rabbitmq.consumer | INFO | Mensaje recibido: request_id=10026
2026-04-06 00:02:50,425 | concert_ticketing.adapters.messaging.rabbitmq.consumer | INFO | Mensaje recibido: request_id=09975
2026-04-06 00:02:50,509 | concert_ticketing.adapters.messaging.rabbitmq.consumer | INFO | Mensaje recibido: request_id=10052
2026-04-06 00:02:50,588 | concert_ticketing.adapters.messaging.rabbitmq.consumer | INFO | Mensaje recibido: request_id=10075
2026-04-06 00:02:50,678 | concert_ticketing.adapters.messaging.rabbitmq.consumer | INFO | Mensaje recibido: request_id=10028
2026-04-06 00:02:50,754 | concert_ticketing.adapters.messaging.rabbitmq.consumer | INFO | Mensaje recibido: request_id=09866
2026-04-06 00:02:50,842 | concert_ticketing.adapters.messaging.rabbitmq.consumer | INFO | Mensaje recibido: request_id=10099
2026-04-06 00:02:50,921 | concert_ticketing.adapters.messaging.rabbitmq.consumer | INFO | Mensaje recibido: request_id=10096
2026-04-06 00:02:50,992 | concert_ticketing.adapters.messaging.rabbitmq.consumer | INFO | Mensaje recibido: request_id=10103
2026-04-06 00:02:51,080 | concert_ticketing.adapters.messaging.rabbitmq.consumer | INFO | Mensaje recibido: request_id=10107
2026-04-06 00:02:51,152 | concert_ticketing.adapters.messaging.rabbitmq.consumer | INFO | Mensaje recibido: request_id=10131
2026-04-06 00:02:51,230 | concert_ticketing.adapters.messaging.rabbitmq.consumer | INFO | Mensaje recibido: request_id=10138
2026-04-06 00:02:51,309 | concert_ticketing.adapters.messaging.rabbitmq.consumer | INFO | Mensaje recibido: request_id=10056
2026-04-06 00:02:51,401 | concert_ticketing.adapters.messaging.rabbitmq.consumer | INFO | Mensaje recibido: request_id=10129
2026-04-06 00:02:51,487 | concert_ticketing.adapters.messaging.rabbitmq.consumer | INFO | Mensaje recibido: request_id=10157
2026-04-06 00:02:51,576 | concert_ticketing.adapters.messaging.rabbitmq.consumer | INFO | Mensaje recibido: request_id=10120
2026-04-06 00:02:51,659 | concert_ticketing.adapters.messaging.rabbitmq.consumer | INFO | Mensaje recibido: request_id=10162
2026-04-06 00:02:51,784 | concert_ticketing.adapters.messaging.rabbitmq.consumer | INFO | Mensaje recibido: request_id=10108
2026-04-06 00:02:51,874 | concert_ticketing.adapters.messaging.rabbitmq.consumer | INFO | Mensaje recibido: request_id=10190
2026-04-06 00:02:51,952 | concert_ticketing.adapters.messaging.rabbitmq.consumer | INFO | Mensaje recibido: request_id=10128
2026-04-06 00:02:52,043 | concert_ticketing.adapters.messaging.rabbitmq.consumer | INFO | Mensaje recibido: request_id=10088
2026-04-06 00:02:52,120 | concert_ticketing.adapters.messaging.rabbitmq.consumer | INFO | Mensaje recibido: request_id=10145
2026-04-06 00:02:52,201 | concert_ticketing.adapters.messaging.rabbitmq.consumer | INFO | Mensaje recibido: request_id=10197
2026-04-06 00:02:52,289 | concert_ticketing.adapters.messaging.rabbitmq.consumer | INFO | Mensaje recibido: request_id=10235
2026-04-06 00:02:52,370 | concert_ticketing.adapters.messaging.rabbitmq.consumer | INFO | Mensaje recibido: request_id=10037
2026-04-06 00:02:52,453 | concert_ticketing.adapters.messaging.rabbitmq.consumer | INFO | Mensaje recibido: request_id=10249
2026-04-06 00:02:52,541 | concert_ticketing.adapters.messaging.rabbitmq.consumer | INFO | Mensaje recibido: request_id=10203
2026-04-06 00:02:52,617 | concert_ticketing.adapters.messaging.rabbitmq.consumer | INFO | Mensaje recibido: request_id=10252
2026-04-06 00:02:52,707 | concert_ticketing.adapters.messaging.rabbitmq.consumer | INFO | Mensaje recibido: request_id=10274
2026-04-06 00:02:52,798 | concert_ticketing.adapters.messaging.rabbitmq.consumer | INFO | Mensaje recibido: request_id=10202
2026-04-06 00:02:52,889 | concert_ticketing.adapters.messaging.rabbitmq.consumer | INFO | Mensaje recibido: request_id=10183
2026-04-06 00:02:53,019 | concert_ticketing.adapters.messaging.rabbitmq.consumer | INFO | Mensaje recibido: request_id=10275
2026-04-06 00:02:53,106 | concert_ticketing.adapters.messaging.rabbitmq.consumer | INFO | Mensaje recibido: request_id=10295
2026-04-06 00:02:53,196 | concert_ticketing.adapters.messaging.rabbitmq.consumer | INFO | Mensaje recibido: request_id=10314
2026-04-06 00:02:53,295 | concert_ticketing.adapters.messaging.rabbitmq.consumer | INFO | Mensaje recibido: request_id=10277
2026-04-06 00:02:53,370 | concert_ticketing.adapters.messaging.rabbitmq.consumer | INFO | Mensaje recibido: request_id=10323
2026-04-06 00:02:53,481 | concert_ticketing.adapters.messaging.rabbitmq.consumer | INFO | Mensaje recibido: request_id=10300
2026-04-06 00:02:53,577 | concert_ticketing.adapters.messaging.rabbitmq.consumer | INFO | Mensaje recibido: request_id=10347
2026-04-06 00:02:53,660 | concert_ticketing.adapters.messaging.rabbitmq.consumer | INFO | Mensaje recibido: request_id=10355
2026-04-06 00:02:53,773 | concert_ticketing.adapters.messaging.rabbitmq.consumer | INFO | Mensaje recibido: request_id=10363
2026-04-06 00:02:53,887 | concert_ticketing.adapters.messaging.rabbitmq.consumer | INFO | Mensaje recibido: request_id=10278
2026-04-06 00:02:53,992 | concert_ticketing.adapters.messaging.rabbitmq.consumer | INFO | Mensaje recibido: request_id=10251
2026-04-06 00:02:54,084 | concert_ticketing.adapters.messaging.rabbitmq.consumer | INFO | Mensaje recibido: request_id=10029
2026-04-06 00:02:54,203 | concert_ticketing.adapters.messaging.rabbitmq.consumer | INFO | Mensaje recibido: request_id=10348
2026-04-06 00:02:54,312 | concert_ticketing.adapters.messaging.rabbitmq.consumer | INFO | Mensaje recibido: request_id=10342
2026-04-06 00:02:54,412 | concert_ticketing.adapters.messaging.rabbitmq.consumer | INFO | Mensaje recibido: request_id=10389
2026-04-06 00:02:54,542 | concert_ticketing.adapters.messaging.rabbitmq.consumer | INFO | Mensaje recibido: request_id=10419
2026-04-06 00:02:54,707 | concert_ticketing.adapters.messaging.rabbitmq.consumer | INFO | Mensaje recibido: request_id=10390
2026-04-06 00:02:54,815 | concert_ticketing.adapters.messaging.rabbitmq.consumer | INFO | Mensaje recibido: request_id=10366
2026-04-06 00:02:54,911 | concert_ticketing.adapters.messaging.rabbitmq.consumer | INFO | Mensaje recibido: request_id=10391
2026-04-06 00:02:55,003 | concert_ticketing.adapters.messaging.rabbitmq.consumer | INFO | Mensaje recibido: request_id=10448
2026-04-06 00:02:55,087 | concert_ticketing.adapters.messaging.rabbitmq.consumer | INFO | Mensaje recibido: request_id=10459
2026-04-06 00:02:55,179 | concert_ticketing.adapters.messaging.rabbitmq.consumer | INFO | Mensaje recibido: request_id=10426
2026-04-06 00:02:55,269 | concert_ticketing.adapters.messaging.rabbitmq.consumer | INFO | Mensaje recibido: request_id=10468
2026-04-06 00:02:55,332 | concert_ticketing.adapters.messaging.rabbitmq.consumer | INFO | Mensaje recibido: request_id=10480
2026-04-06 00:02:55,426 | concert_ticketing.adapters.messaging.rabbitmq.consumer | INFO | Mensaje recibido: request_id=10492
2026-04-06 00:02:55,525 | concert_ticketing.adapters.messaging.rabbitmq.consumer | INFO | Mensaje recibido: request_id=10409
2026-04-06 00:02:55,596 | concert_ticketing.adapters.messaging.rabbitmq.consumer | INFO | Mensaje recibido: request_id=10490
2026-04-06 00:02:55,679 | concert_ticketing.adapters.messaging.rabbitmq.consumer | INFO | Mensaje recibido: request_id=10365
2026-04-06 00:02:55,763 | concert_ticketing.adapters.messaging.rabbitmq.consumer | INFO | Mensaje recibido: request_id=10522
2026-04-06 00:02:55,840 | concert_ticketing.adapters.messaging.rabbitmq.consumer | INFO | Mensaje recibido: request_id=10481
2026-04-06 00:02:55,932 | concert_ticketing.adapters.messaging.rabbitmq.consumer | INFO | Mensaje recibido: request_id=10476
2026-04-06 00:02:55,996 | concert_ticketing.adapters.messaging.rabbitmq.consumer | INFO | Mensaje recibido: request_id=10546
2026-04-06 00:02:56,069 | concert_ticketing.adapters.messaging.rabbitmq.consumer | INFO | Mensaje recibido: request_id=10540
2026-04-06 00:02:56,153 | concert_ticketing.adapters.messaging.rabbitmq.consumer | INFO | Mensaje recibido: request_id=10550
2026-04-06 00:02:56,220 | concert_ticketing.adapters.messaging.rabbitmq.consumer | INFO | Mensaje recibido: request_id=10536
2026-04-06 00:02:56,294 | concert_ticketing.adapters.messaging.rabbitmq.consumer | INFO | Mensaje recibido: request_id=10500
2026-04-06 00:02:56,384 | concert_ticketing.adapters.messaging.rabbitmq.consumer | INFO | Mensaje recibido: request_id=10532
2026-04-06 00:02:56,478 | concert_ticketing.adapters.messaging.rabbitmq.consumer | INFO | Mensaje recibido: request_id=10586
2026-04-06 00:02:56,560 | concert_ticketing.adapters.messaging.rabbitmq.consumer | INFO | Mensaje recibido: request_id=10467
2026-04-06 00:02:56,638 | concert_ticketing.adapters.messaging.rabbitmq.consumer | INFO | Mensaje recibido: request_id=10605
2026-04-06 00:02:56,733 | concert_ticketing.adapters.messaging.rabbitmq.consumer | INFO | Mensaje recibido: request_id=10576
2026-04-06 00:02:56,817 | concert_ticketing.adapters.messaging.rabbitmq.consumer | INFO | Mensaje recibido: request_id=10626
2026-04-06 00:02:56,886 | concert_ticketing.adapters.messaging.rabbitmq.consumer | INFO | Mensaje recibido: request_id=10619
2026-04-06 00:02:56,976 | concert_ticketing.adapters.messaging.rabbitmq.consumer | INFO | Mensaje recibido: request_id=10525
2026-04-06 00:02:57,038 | concert_ticketing.adapters.messaging.rabbitmq.consumer | INFO | Mensaje recibido: request_id=10643
2026-04-06 00:02:57,120 | concert_ticketing.adapters.messaging.rabbitmq.consumer | INFO | Mensaje recibido: request_id=10658
2026-04-06 00:02:57,216 | concert_ticketing.adapters.messaging.rabbitmq.consumer | INFO | Mensaje recibido: request_id=10564
2026-04-06 00:02:57,305 | concert_ticketing.adapters.messaging.rabbitmq.consumer | INFO | Mensaje recibido: request_id=10661
2026-04-06 00:02:57,391 | concert_ticketing.adapters.messaging.rabbitmq.consumer | INFO | Mensaje recibido: request_id=10659
2026-04-06 00:02:57,478 | concert_ticketing.adapters.messaging.rabbitmq.consumer | INFO | Mensaje recibido: request_id=10580
2026-04-06 00:02:57,577 | concert_ticketing.adapters.messaging.rabbitmq.consumer | INFO | Mensaje recibido: request_id=10653
2026-04-06 00:02:57,634 | concert_ticketing.adapters.messaging.rabbitmq.consumer | INFO | Mensaje recibido: request_id=10664
2026-04-06 00:02:57,721 | concert_ticketing.adapters.messaging.rabbitmq.consumer | INFO | Mensaje recibido: request_id=10699
2026-04-06 00:02:57,800 | concert_ticketing.adapters.messaging.rabbitmq.consumer | INFO | Mensaje recibido: request_id=10694
2026-04-06 00:02:57,894 | concert_ticketing.adapters.messaging.rabbitmq.consumer | INFO | Mensaje recibido: request_id=10731
2026-04-06 00:02:57,995 | concert_ticketing.adapters.messaging.rabbitmq.consumer | INFO | Mensaje recibido: request_id=10738
2026-04-06 00:02:58,087 | concert_ticketing.adapters.messaging.rabbitmq.consumer | INFO | Mensaje recibido: request_id=10674
2026-04-06 00:02:58,166 | concert_ticketing.adapters.messaging.rabbitmq.consumer | INFO | Mensaje recibido: request_id=10729
2026-04-06 00:02:58,250 | concert_ticketing.adapters.messaging.rabbitmq.consumer | INFO | Mensaje recibido: request_id=10751
2026-04-06 00:02:58,342 | concert_ticketing.adapters.messaging.rabbitmq.consumer | INFO | Mensaje recibido: request_id=10760
2026-04-06 00:02:58,434 | concert_ticketing.adapters.messaging.rabbitmq.consumer | INFO | Mensaje recibido: request_id=10744
2026-04-06 00:02:58,498 | concert_ticketing.adapters.messaging.rabbitmq.consumer | INFO | Mensaje recibido: request_id=10720
2026-04-06 00:02:58,583 | concert_ticketing.adapters.messaging.rabbitmq.consumer | INFO | Mensaje recibido: request_id=10794
2026-04-06 00:02:58,674 | concert_ticketing.adapters.messaging.rabbitmq.consumer | INFO | Mensaje recibido: request_id=10750
2026-04-06 00:02:58,778 | concert_ticketing.adapters.messaging.rabbitmq.consumer | INFO | Mensaje recibido: request_id=10789
2026-04-06 00:02:58,853 | concert_ticketing.adapters.messaging.rabbitmq.consumer | INFO | Mensaje recibido: request_id=10820
2026-04-06 00:02:58,941 | concert_ticketing.adapters.messaging.rabbitmq.consumer | INFO | Mensaje recibido: request_id=10755
2026-04-06 00:02:59,034 | concert_ticketing.adapters.messaging.rabbitmq.consumer | INFO | Mensaje recibido: request_id=10684
2026-04-06 00:02:59,174 | concert_ticketing.adapters.messaging.rabbitmq.consumer | INFO | Mensaje recibido: request_id=10807
2026-04-06 00:02:59,256 | concert_ticketing.adapters.messaging.rabbitmq.consumer | INFO | Mensaje recibido: request_id=10823
2026-04-06 00:02:59,363 | concert_ticketing.adapters.messaging.rabbitmq.consumer | INFO | Mensaje recibido: request_id=10836
2026-04-06 00:02:59,463 | concert_ticketing.adapters.messaging.rabbitmq.consumer | INFO | Mensaje recibido: request_id=10790
2026-04-06 00:02:59,596 | concert_ticketing.adapters.messaging.rabbitmq.consumer | INFO | Mensaje recibido: request_id=10774
2026-04-06 00:02:59,685 | concert_ticketing.adapters.messaging.rabbitmq.consumer | INFO | Mensaje recibido: request_id=10873
2026-04-06 00:02:59,778 | concert_ticketing.adapters.messaging.rabbitmq.consumer | INFO | Mensaje recibido: request_id=10842
2026-04-06 00:02:59,892 | concert_ticketing.adapters.messaging.rabbitmq.consumer | INFO | Mensaje recibido: request_id=10727
2026-04-06 00:02:59,977 | concert_ticketing.adapters.messaging.rabbitmq.consumer | INFO | Mensaje recibido: request_id=10908
2026-04-06 00:03:00,055 | concert_ticketing.adapters.messaging.rabbitmq.consumer | INFO | Mensaje recibido: request_id=10837
2026-04-06 00:03:00,143 | concert_ticketing.adapters.messaging.rabbitmq.consumer | INFO | Mensaje recibido: request_id=10911
2026-04-06 00:03:00,221 | concert_ticketing.adapters.messaging.rabbitmq.consumer | INFO | Mensaje recibido: request_id=10848
2026-04-06 00:03:00,316 | concert_ticketing.adapters.messaging.rabbitmq.consumer | INFO | Mensaje recibido: request_id=10931
2026-04-06 00:03:00,444 | concert_ticketing.adapters.messaging.rabbitmq.consumer | INFO | Mensaje recibido: request_id=10934
2026-04-06 00:03:00,565 | concert_ticketing.adapters.messaging.rabbitmq.consumer | INFO | Mensaje recibido: request_id=10895
2026-04-06 00:03:00,633 | concert_ticketing.adapters.messaging.rabbitmq.consumer | INFO | Mensaje recibido: request_id=10963
2026-04-06 00:03:00,729 | concert_ticketing.adapters.messaging.rabbitmq.consumer | INFO | Mensaje recibido: request_id=10894
2026-04-06 00:03:00,817 | concert_ticketing.adapters.messaging.rabbitmq.consumer | INFO | Mensaje recibido: request_id=10846
2026-04-06 00:03:00,894 | concert_ticketing.adapters.messaging.rabbitmq.consumer | INFO | Mensaje recibido: request_id=10961
2026-04-06 00:03:01,000 | concert_ticketing.adapters.messaging.rabbitmq.consumer | INFO | Mensaje recibido: request_id=10852
2026-04-06 00:03:01,082 | concert_ticketing.adapters.messaging.rabbitmq.consumer | INFO | Mensaje recibido: request_id=10979
2026-04-06 00:03:01,179 | concert_ticketing.adapters.messaging.rabbitmq.consumer | INFO | Mensaje recibido: request_id=10938
2026-04-06 00:03:01,248 | concert_ticketing.adapters.messaging.rabbitmq.consumer | INFO | Mensaje recibido: request_id=10932
2026-04-06 00:03:01,359 | concert_ticketing.adapters.messaging.rabbitmq.consumer | INFO | Mensaje recibido: request_id=10975
2026-04-06 00:03:01,457 | concert_ticketing.adapters.messaging.rabbitmq.consumer | INFO | Mensaje recibido: request_id=11002
2026-04-06 00:03:01,578 | concert_ticketing.adapters.messaging.rabbitmq.consumer | INFO | Mensaje recibido: request_id=10913
2026-04-06 00:03:01,660 | concert_ticketing.adapters.messaging.rabbitmq.consumer | INFO | Mensaje recibido: request_id=11051
2026-04-06 00:03:01,729 | concert_ticketing.adapters.messaging.rabbitmq.consumer | INFO | Mensaje recibido: request_id=11018
2026-04-06 00:03:01,832 | concert_ticketing.adapters.messaging.rabbitmq.consumer | INFO | Mensaje recibido: request_id=11068
2026-04-06 00:03:01,915 | concert_ticketing.adapters.messaging.rabbitmq.consumer | INFO | Mensaje recibido: request_id=11023
2026-04-06 00:03:02,001 | concert_ticketing.adapters.messaging.rabbitmq.consumer | INFO | Mensaje recibido: request_id=10956
2026-04-06 00:03:02,098 | concert_ticketing.adapters.messaging.rabbitmq.consumer | INFO | Mensaje recibido: request_id=11080
2026-04-06 00:03:02,195 | concert_ticketing.adapters.messaging.rabbitmq.consumer | INFO | Mensaje recibido: request_id=11090
2026-04-06 00:03:02,300 | concert_ticketing.adapters.messaging.rabbitmq.consumer | INFO | Mensaje recibido: request_id=11084
2026-04-06 00:03:02,383 | concert_ticketing.adapters.messaging.rabbitmq.consumer | INFO | Mensaje recibido: request_id=11015
2026-04-06 00:03:02,494 | concert_ticketing.adapters.messaging.rabbitmq.consumer | INFO | Mensaje recibido: request_id=11116
2026-04-06 00:03:02,575 | concert_ticketing.adapters.messaging.rabbitmq.consumer | INFO | Mensaje recibido: request_id=10990
2026-04-06 00:03:02,674 | concert_ticketing.adapters.messaging.rabbitmq.consumer | INFO | Mensaje recibido: request_id=11001
2026-04-06 00:03:02,779 | concert_ticketing.adapters.messaging.rabbitmq.consumer | INFO | Mensaje recibido: request_id=11140
2026-04-06 00:03:02,873 | concert_ticketing.adapters.messaging.rabbitmq.consumer | INFO | Mensaje recibido: request_id=11100
2026-04-06 00:03:02,941 | concert_ticketing.adapters.messaging.rabbitmq.consumer | INFO | Mensaje recibido: request_id=11120
2026-04-06 00:03:03,046 | concert_ticketing.adapters.messaging.rabbitmq.consumer | INFO | Mensaje recibido: request_id=11163
2026-04-06 00:03:03,156 | concert_ticketing.adapters.messaging.rabbitmq.consumer | INFO | Mensaje recibido: request_id=11165
2026-04-06 00:03:03,249 | concert_ticketing.adapters.messaging.rabbitmq.consumer | INFO | Mensaje recibido: request_id=11137
2026-04-06 00:03:03,344 | concert_ticketing.adapters.messaging.rabbitmq.consumer | INFO | Mensaje recibido: request_id=11182
2026-04-06 00:03:03,438 | concert_ticketing.adapters.messaging.rabbitmq.consumer | INFO | Mensaje recibido: request_id=11187
2026-04-06 00:03:03,551 | concert_ticketing.adapters.messaging.rabbitmq.consumer | INFO | Mensaje recibido: request_id=11205
2026-04-06 00:03:03,645 | concert_ticketing.adapters.messaging.rabbitmq.consumer | INFO | Mensaje recibido: request_id=11139
2026-04-06 00:03:03,725 | concert_ticketing.adapters.messaging.rabbitmq.consumer | INFO | Mensaje recibido: request_id=11180
2026-04-06 00:03:03,817 | concert_ticketing.adapters.messaging.rabbitmq.consumer | INFO | Mensaje recibido: request_id=11198
2026-04-06 00:03:03,870 | concert_ticketing.adapters.messaging.rabbitmq.consumer | INFO | Mensaje recibido: request_id=11131
2026-04-06 00:03:03,925 | concert_ticketing.adapters.messaging.rabbitmq.consumer | INFO | Mensaje recibido: request_id=11201
2026-04-06 00:03:04,035 | concert_ticketing.adapters.messaging.rabbitmq.consumer | INFO | Mensaje recibido: request_id=11211
2026-04-06 00:03:04,148 | concert_ticketing.adapters.messaging.rabbitmq.consumer | INFO | Mensaje recibido: request_id=11260
2026-04-06 00:03:04,254 | concert_ticketing.adapters.messaging.rabbitmq.consumer | INFO | Mensaje recibido: request_id=11274
2026-04-06 00:03:04,338 | concert_ticketing.adapters.messaging.rabbitmq.consumer | INFO | Mensaje recibido: request_id=11281
2026-04-06 00:03:04,436 | concert_ticketing.adapters.messaging.rabbitmq.consumer | INFO | Mensaje recibido: request_id=11275
2026-04-06 00:03:04,533 | concert_ticketing.adapters.messaging.rabbitmq.consumer | INFO | Mensaje recibido: request_id=11291
2026-04-06 00:03:04,620 | concert_ticketing.adapters.messaging.rabbitmq.consumer | INFO | Mensaje recibido: request_id=11299
2026-04-06 00:03:04,712 | concert_ticketing.adapters.messaging.rabbitmq.consumer | INFO | Mensaje recibido: request_id=11313
2026-04-06 00:03:04,794 | concert_ticketing.adapters.messaging.rabbitmq.consumer | INFO | Mensaje recibido: request_id=11262
2026-04-06 00:03:04,863 | concert_ticketing.adapters.messaging.rabbitmq.consumer | INFO | Mensaje recibido: request_id=11330
2026-04-06 00:03:04,970 | concert_ticketing.adapters.messaging.rabbitmq.consumer | INFO | Mensaje recibido: request_id=11332
2026-04-06 00:03:05,063 | concert_ticketing.adapters.messaging.rabbitmq.consumer | INFO | Mensaje recibido: request_id=11319
2026-04-06 00:03:05,167 | concert_ticketing.adapters.messaging.rabbitmq.consumer | INFO | Mensaje recibido: request_id=11302
2026-04-06 00:03:05,273 | concert_ticketing.adapters.messaging.rabbitmq.consumer | INFO | Mensaje recibido: request_id=11361
2026-04-06 00:03:05,372 | concert_ticketing.adapters.messaging.rabbitmq.consumer | INFO | Mensaje recibido: request_id=11334
2026-04-06 00:03:05,492 | concert_ticketing.adapters.messaging.rabbitmq.consumer | INFO | Mensaje recibido: request_id=11296
2026-04-06 00:03:05,596 | concert_ticketing.adapters.messaging.rabbitmq.consumer | INFO | Mensaje recibido: request_id=11387
2026-04-06 00:03:05,698 | concert_ticketing.adapters.messaging.rabbitmq.consumer | INFO | Mensaje recibido: request_id=11375
2026-04-06 00:03:05,823 | concert_ticketing.adapters.messaging.rabbitmq.consumer | INFO | Mensaje recibido: request_id=11368
2026-04-06 00:03:05,953 | concert_ticketing.adapters.messaging.rabbitmq.consumer | INFO | Mensaje recibido: request_id=11403
2026-04-06 00:03:06,055 | concert_ticketing.adapters.messaging.rabbitmq.consumer | INFO | Mensaje recibido: request_id=11301
2026-04-06 00:03:06,149 | concert_ticketing.adapters.messaging.rabbitmq.consumer | INFO | Mensaje recibido: request_id=11419
2026-04-06 00:03:06,249 | concert_ticketing.adapters.messaging.rabbitmq.consumer | INFO | Mensaje recibido: request_id=11427
2026-04-06 00:03:06,332 | concert_ticketing.adapters.messaging.rabbitmq.consumer | INFO | Mensaje recibido: request_id=11306
2026-04-06 00:03:06,436 | concert_ticketing.adapters.messaging.rabbitmq.consumer | INFO | Mensaje recibido: request_id=11442
2026-04-06 00:03:06,512 | concert_ticketing.adapters.messaging.rabbitmq.consumer | INFO | Mensaje recibido: request_id=11457
2026-04-06 00:03:06,607 | concert_ticketing.adapters.messaging.rabbitmq.consumer | INFO | Mensaje recibido: request_id=11440
2026-04-06 00:03:06,665 | concert_ticketing.adapters.messaging.rabbitmq.consumer | INFO | Mensaje recibido: request_id=11472
2026-04-06 00:03:06,746 | concert_ticketing.adapters.messaging.rabbitmq.consumer | INFO | Mensaje recibido: request_id=11423
2026-04-06 00:03:06,840 | concert_ticketing.adapters.messaging.rabbitmq.consumer | INFO | Mensaje recibido: request_id=11452
2026-04-06 00:03:06,917 | concert_ticketing.adapters.messaging.rabbitmq.consumer | INFO | Mensaje recibido: request_id=11497
2026-04-06 00:03:07,005 | concert_ticketing.adapters.messaging.rabbitmq.consumer | INFO | Mensaje recibido: request_id=11441
2026-04-06 00:03:07,106 | concert_ticketing.adapters.messaging.rabbitmq.consumer | INFO | Mensaje recibido: request_id=11471
2026-04-06 00:03:07,191 | concert_ticketing.adapters.messaging.rabbitmq.consumer | INFO | Mensaje recibido: request_id=11515
2026-04-06 00:03:07,272 | concert_ticketing.adapters.messaging.rabbitmq.consumer | INFO | Mensaje recibido: request_id=11517
2026-04-06 00:03:07,371 | concert_ticketing.adapters.messaging.rabbitmq.consumer | INFO | Mensaje recibido: request_id=11438
2026-04-06 00:03:07,456 | concert_ticketing.adapters.messaging.rabbitmq.consumer | INFO | Mensaje recibido: request_id=11492
2026-04-06 00:03:07,516 | concert_ticketing.adapters.messaging.rabbitmq.consumer | INFO | Mensaje recibido: request_id=11468
2026-04-06 00:03:07,605 | concert_ticketing.adapters.messaging.rabbitmq.consumer | INFO | Mensaje recibido: request_id=11458
2026-04-06 00:03:07,683 | concert_ticketing.adapters.messaging.rabbitmq.consumer | INFO | Mensaje recibido: request_id=11537
2026-04-06 00:03:07,773 | concert_ticketing.adapters.messaging.rabbitmq.consumer | INFO | Mensaje recibido: request_id=11531
2026-04-06 00:03:07,866 | concert_ticketing.adapters.messaging.rabbitmq.consumer | INFO | Mensaje recibido: request_id=11539
2026-04-06 00:03:07,956 | concert_ticketing.adapters.messaging.rabbitmq.consumer | INFO | Mensaje recibido: request_id=11583
2026-04-06 00:03:08,023 | concert_ticketing.adapters.messaging.rabbitmq.consumer | INFO | Mensaje recibido: request_id=11505
2026-04-06 00:03:08,120 | concert_ticketing.adapters.messaging.rabbitmq.consumer | INFO | Mensaje recibido: request_id=11487
2026-04-06 00:03:08,225 | concert_ticketing.adapters.messaging.rabbitmq.consumer | INFO | Mensaje recibido: request_id=11551
2026-04-06 00:03:08,348 | concert_ticketing.adapters.messaging.rabbitmq.consumer | INFO | Mensaje recibido: request_id=11574
2026-04-06 00:03:08,454 | concert_ticketing.adapters.messaging.rabbitmq.consumer | INFO | Mensaje recibido: request_id=11634
2026-04-06 00:03:08,528 | concert_ticketing.adapters.messaging.rabbitmq.consumer | INFO | Mensaje recibido: request_id=11587
2026-04-06 00:03:08,625 | concert_ticketing.adapters.messaging.rabbitmq.consumer | INFO | Mensaje recibido: request_id=11511
2026-04-06 00:03:08,706 | concert_ticketing.adapters.messaging.rabbitmq.consumer | INFO | Mensaje recibido: request_id=11552
2026-04-06 00:03:08,795 | concert_ticketing.adapters.messaging.rabbitmq.consumer | INFO | Mensaje recibido: request_id=11526
2026-04-06 00:03:08,887 | concert_ticketing.adapters.messaging.rabbitmq.consumer | INFO | Mensaje recibido: request_id=11667
2026-04-06 00:03:08,963 | concert_ticketing.adapters.messaging.rabbitmq.consumer | INFO | Mensaje recibido: request_id=11669
2026-04-06 00:03:09,038 | concert_ticketing.adapters.messaging.rabbitmq.consumer | INFO | Mensaje recibido: request_id=11645
2026-04-06 00:03:09,129 | concert_ticketing.adapters.messaging.rabbitmq.consumer | INFO | Mensaje recibido: request_id=11690
2026-04-06 00:03:09,217 | concert_ticketing.adapters.messaging.rabbitmq.consumer | INFO | Mensaje recibido: request_id=11701
2026-04-06 00:03:09,292 | concert_ticketing.adapters.messaging.rabbitmq.consumer | INFO | Mensaje recibido: request_id=11703
2026-04-06 00:03:09,385 | concert_ticketing.adapters.messaging.rabbitmq.consumer | INFO | Mensaje recibido: request_id=11684
2026-04-06 00:03:09,458 | concert_ticketing.adapters.messaging.rabbitmq.consumer | INFO | Mensaje recibido: request_id=11715
2026-04-06 00:03:09,550 | concert_ticketing.adapters.messaging.rabbitmq.consumer | INFO | Mensaje recibido: request_id=11608
2026-04-06 00:03:09,631 | concert_ticketing.adapters.messaging.rabbitmq.consumer | INFO | Mensaje recibido: request_id=11618
2026-04-06 00:03:09,713 | concert_ticketing.adapters.messaging.rabbitmq.consumer | INFO | Mensaje recibido: request_id=11674
2026-04-06 00:03:09,800 | concert_ticketing.adapters.messaging.rabbitmq.consumer | INFO | Mensaje recibido: request_id=11762
2026-04-06 00:03:09,867 | concert_ticketing.adapters.messaging.rabbitmq.consumer | INFO | Mensaje recibido: request_id=11758
2026-04-06 00:03:09,946 | concert_ticketing.adapters.messaging.rabbitmq.consumer | INFO | Mensaje recibido: request_id=11769
2026-04-06 00:03:10,012 | concert_ticketing.adapters.messaging.rabbitmq.consumer | INFO | Mensaje recibido: request_id=11785
2026-04-06 00:03:10,104 | concert_ticketing.adapters.messaging.rabbitmq.consumer | INFO | Mensaje recibido: request_id=11787
2026-04-06 00:03:10,184 | concert_ticketing.adapters.messaging.rabbitmq.consumer | INFO | Mensaje recibido: request_id=11780
2026-04-06 00:03:10,242 | concert_ticketing.adapters.messaging.rabbitmq.consumer | INFO | Mensaje recibido: request_id=11739
2026-04-06 00:03:10,302 | concert_ticketing.adapters.messaging.rabbitmq.consumer | INFO | Mensaje recibido: request_id=11814
2026-04-06 00:03:10,394 | concert_ticketing.adapters.messaging.rabbitmq.consumer | INFO | Mensaje recibido: request_id=11761
2026-04-06 00:03:10,459 | concert_ticketing.adapters.messaging.rabbitmq.consumer | INFO | Mensaje recibido: request_id=11831
2026-04-06 00:03:10,536 | concert_ticketing.adapters.messaging.rabbitmq.consumer | INFO | Mensaje recibido: request_id=11553
2026-04-06 00:03:10,641 | concert_ticketing.adapters.messaging.rabbitmq.consumer | INFO | Mensaje recibido: request_id=11698
2026-04-06 00:03:10,736 | concert_ticketing.adapters.messaging.rabbitmq.consumer | INFO | Mensaje recibido: request_id=11819
2026-04-06 00:03:10,835 | concert_ticketing.adapters.messaging.rabbitmq.consumer | INFO | Mensaje recibido: request_id=11867
2026-04-06 00:03:10,919 | concert_ticketing.adapters.messaging.rabbitmq.consumer | INFO | Mensaje recibido: request_id=11779
2026-04-06 00:03:11,003 | concert_ticketing.adapters.messaging.rabbitmq.consumer | INFO | Mensaje recibido: request_id=11883
2026-04-06 00:03:11,084 | concert_ticketing.adapters.messaging.rabbitmq.consumer | INFO | Mensaje recibido: request_id=11882
2026-04-06 00:03:11,153 | concert_ticketing.adapters.messaging.rabbitmq.consumer | INFO | Mensaje recibido: request_id=11895
2026-04-06 00:03:11,239 | concert_ticketing.adapters.messaging.rabbitmq.consumer | INFO | Mensaje recibido: request_id=11896
2026-04-06 00:03:11,300 | concert_ticketing.adapters.messaging.rabbitmq.consumer | INFO | Mensaje recibido: request_id=11825
2026-04-06 00:03:11,387 | concert_ticketing.adapters.messaging.rabbitmq.consumer | INFO | Mensaje recibido: request_id=11922
2026-04-06 00:03:11,471 | concert_ticketing.adapters.messaging.rabbitmq.consumer | INFO | Mensaje recibido: request_id=11833
2026-04-06 00:03:11,567 | concert_ticketing.adapters.messaging.rabbitmq.consumer | INFO | Mensaje recibido: request_id=11929
2026-04-06 00:03:11,656 | concert_ticketing.adapters.messaging.rabbitmq.consumer | INFO | Mensaje recibido: request_id=11891
2026-04-06 00:03:11,741 | concert_ticketing.adapters.messaging.rabbitmq.consumer | INFO | Mensaje recibido: request_id=11942
2026-04-06 00:03:11,827 | concert_ticketing.adapters.messaging.rabbitmq.consumer | INFO | Mensaje recibido: request_id=11961
2026-04-06 00:03:11,909 | concert_ticketing.adapters.messaging.rabbitmq.consumer | INFO | Mensaje recibido: request_id=11968
2026-04-06 00:03:11,992 | concert_ticketing.adapters.messaging.rabbitmq.consumer | INFO | Mensaje recibido: request_id=11945
2026-04-06 00:03:12,077 | concert_ticketing.adapters.messaging.rabbitmq.consumer | INFO | Mensaje recibido: request_id=11967
2026-04-06 00:03:12,175 | concert_ticketing.adapters.messaging.rabbitmq.consumer | INFO | Mensaje recibido: request_id=11994
2026-04-06 00:03:12,246 | concert_ticketing.adapters.messaging.rabbitmq.consumer | INFO | Mensaje recibido: request_id=12001
2026-04-06 00:03:12,333 | concert_ticketing.adapters.messaging.rabbitmq.consumer | INFO | Mensaje recibido: request_id=12003
2026-04-06 00:03:12,404 | concert_ticketing.adapters.messaging.rabbitmq.consumer | INFO | Mensaje recibido: request_id=12017
2026-04-06 00:03:12,502 | concert_ticketing.adapters.messaging.rabbitmq.consumer | INFO | Mensaje recibido: request_id=12026
2026-04-06 00:03:12,572 | concert_ticketing.adapters.messaging.rabbitmq.consumer | INFO | Mensaje recibido: request_id=11982
2026-04-06 00:03:12,666 | concert_ticketing.adapters.messaging.rabbitmq.consumer | INFO | Mensaje recibido: request_id=11956
2026-04-06 00:03:12,756 | concert_ticketing.adapters.messaging.rabbitmq.consumer | INFO | Mensaje recibido: request_id=11870
2026-04-06 00:03:12,833 | concert_ticketing.adapters.messaging.rabbitmq.consumer | INFO | Mensaje recibido: request_id=12013
2026-04-06 00:03:12,933 | concert_ticketing.adapters.messaging.rabbitmq.consumer | INFO | Mensaje recibido: request_id=12065
2026-04-06 00:03:13,016 | concert_ticketing.adapters.messaging.rabbitmq.consumer | INFO | Mensaje recibido: request_id=11963
2026-04-06 00:03:13,091 | concert_ticketing.adapters.messaging.rabbitmq.consumer | INFO | Mensaje recibido: request_id=11902
2026-04-06 00:03:13,179 | concert_ticketing.adapters.messaging.rabbitmq.consumer | INFO | Mensaje recibido: request_id=11979
2026-04-06 00:03:13,273 | concert_ticketing.adapters.messaging.rabbitmq.consumer | INFO | Mensaje recibido: request_id=12023
2026-04-06 00:03:13,354 | concert_ticketing.adapters.messaging.rabbitmq.consumer | INFO | Mensaje recibido: request_id=12107
2026-04-06 00:03:13,453 | concert_ticketing.adapters.messaging.rabbitmq.consumer | INFO | Mensaje recibido: request_id=12115
2026-04-06 00:03:13,556 | concert_ticketing.adapters.messaging.rabbitmq.consumer | INFO | Mensaje recibido: request_id=12060
2026-04-06 00:03:13,647 | concert_ticketing.adapters.messaging.rabbitmq.consumer | INFO | Mensaje recibido: request_id=11993
2026-04-06 00:03:13,738 | concert_ticketing.adapters.messaging.rabbitmq.consumer | INFO | Mensaje recibido: request_id=12124
2026-04-06 00:03:13,804 | concert_ticketing.adapters.messaging.rabbitmq.consumer | INFO | Mensaje recibido: request_id=12145
2026-04-06 00:03:13,890 | concert_ticketing.adapters.messaging.rabbitmq.consumer | INFO | Mensaje recibido: request_id=12152
2026-04-06 00:03:13,988 | concert_ticketing.adapters.messaging.rabbitmq.consumer | INFO | Mensaje recibido: request_id=12100
2026-04-06 00:03:14,069 | concert_ticketing.adapters.messaging.rabbitmq.consumer | INFO | Mensaje recibido: request_id=12139
2026-04-06 00:03:14,148 | concert_ticketing.adapters.messaging.rabbitmq.consumer | INFO | Mensaje recibido: request_id=12129
2026-04-06 00:03:14,248 | concert_ticketing.adapters.messaging.rabbitmq.consumer | INFO | Mensaje recibido: request_id=12169
2026-04-06 00:03:14,316 | concert_ticketing.adapters.messaging.rabbitmq.consumer | INFO | Mensaje recibido: request_id=12194
2026-04-06 00:03:14,388 | concert_ticketing.adapters.messaging.rabbitmq.consumer | INFO | Mensaje recibido: request_id=12165
2026-04-06 00:03:14,488 | concert_ticketing.adapters.messaging.rabbitmq.consumer | INFO | Mensaje recibido: request_id=12141
2026-04-06 00:03:14,573 | concert_ticketing.adapters.messaging.rabbitmq.consumer | INFO | Mensaje recibido: request_id=12195
2026-04-06 00:03:14,673 | concert_ticketing.adapters.messaging.rabbitmq.consumer | INFO | Mensaje recibido: request_id=12130
2026-04-06 00:03:14,749 | concert_ticketing.adapters.messaging.rabbitmq.consumer | INFO | Mensaje recibido: request_id=12233
2026-04-06 00:03:14,831 | concert_ticketing.adapters.messaging.rabbitmq.consumer | INFO | Mensaje recibido: request_id=12202
2026-04-06 00:03:14,926 | concert_ticketing.adapters.messaging.rabbitmq.consumer | INFO | Mensaje recibido: request_id=12223
2026-04-06 00:03:15,004 | concert_ticketing.adapters.messaging.rabbitmq.consumer | INFO | Mensaje recibido: request_id=12153
2026-04-06 00:03:15,098 | concert_ticketing.adapters.messaging.rabbitmq.consumer | INFO | Mensaje recibido: request_id=12231
2026-04-06 00:03:15,177 | concert_ticketing.adapters.messaging.rabbitmq.consumer | INFO | Mensaje recibido: request_id=12274
2026-04-06 00:03:15,259 | concert_ticketing.adapters.messaging.rabbitmq.consumer | INFO | Mensaje recibido: request_id=12282
2026-04-06 00:03:15,368 | concert_ticketing.adapters.messaging.rabbitmq.consumer | INFO | Mensaje recibido: request_id=12183
2026-04-06 00:03:15,434 | concert_ticketing.adapters.messaging.rabbitmq.consumer | INFO | Mensaje recibido: request_id=12279
2026-04-06 00:03:15,522 | concert_ticketing.adapters.messaging.rabbitmq.consumer | INFO | Mensaje recibido: request_id=12289
2026-04-06 00:03:15,604 | concert_ticketing.adapters.messaging.rabbitmq.consumer | INFO | Mensaje recibido: request_id=12248
2026-04-06 00:03:15,684 | concert_ticketing.adapters.messaging.rabbitmq.consumer | INFO | Mensaje recibido: request_id=12321
2026-04-06 00:03:15,749 | concert_ticketing.adapters.messaging.rabbitmq.consumer | INFO | Mensaje recibido: request_id=12275
2026-04-06 00:03:15,823 | concert_ticketing.adapters.messaging.rabbitmq.consumer | INFO | Mensaje recibido: request_id=12277
2026-04-06 00:03:15,916 | concert_ticketing.adapters.messaging.rabbitmq.consumer | INFO | Mensaje recibido: request_id=12345
2026-04-06 00:03:15,981 | concert_ticketing.adapters.messaging.rabbitmq.consumer | INFO | Mensaje recibido: request_id=12324
2026-04-06 00:03:16,071 | concert_ticketing.adapters.messaging.rabbitmq.consumer | INFO | Mensaje recibido: request_id=12290
2026-04-06 00:03:16,149 | concert_ticketing.adapters.messaging.rabbitmq.consumer | INFO | Mensaje recibido: request_id=12370
2026-04-06 00:03:16,236 | concert_ticketing.adapters.messaging.rabbitmq.consumer | INFO | Mensaje recibido: request_id=12375
2026-04-06 00:03:16,363 | concert_ticketing.adapters.messaging.rabbitmq.consumer | INFO | Mensaje recibido: request_id=12386
2026-04-06 00:03:16,451 | concert_ticketing.adapters.messaging.rabbitmq.consumer | INFO | Mensaje recibido: request_id=12341
2026-04-06 00:03:16,535 | concert_ticketing.adapters.messaging.rabbitmq.consumer | INFO | Mensaje recibido: request_id=12207
2026-04-06 00:03:16,639 | concert_ticketing.adapters.messaging.rabbitmq.consumer | INFO | Mensaje recibido: request_id=12326
2026-04-06 00:03:16,758 | concert_ticketing.adapters.messaging.rabbitmq.consumer | INFO | Mensaje recibido: request_id=12401
2026-04-06 00:03:16,857 | concert_ticketing.adapters.messaging.rabbitmq.consumer | INFO | Mensaje recibido: request_id=12427
2026-04-06 00:03:16,950 | concert_ticketing.adapters.messaging.rabbitmq.consumer | INFO | Mensaje recibido: request_id=12376
2026-04-06 00:03:17,048 | concert_ticketing.adapters.messaging.rabbitmq.consumer | INFO | Mensaje recibido: request_id=12406
2026-04-06 00:03:17,161 | concert_ticketing.adapters.messaging.rabbitmq.consumer | INFO | Mensaje recibido: request_id=12417
2026-04-06 00:03:17,246 | concert_ticketing.adapters.messaging.rabbitmq.consumer | INFO | Mensaje recibido: request_id=12457
2026-04-06 00:03:17,331 | concert_ticketing.adapters.messaging.rabbitmq.consumer | INFO | Mensaje recibido: request_id=12450
2026-04-06 00:03:17,418 | concert_ticketing.adapters.messaging.rabbitmq.consumer | INFO | Mensaje recibido: request_id=12433
2026-04-06 00:03:17,520 | concert_ticketing.adapters.messaging.rabbitmq.consumer | INFO | Mensaje recibido: request_id=12482
2026-04-06 00:03:17,595 | concert_ticketing.adapters.messaging.rabbitmq.consumer | INFO | Mensaje recibido: request_id=12458
2026-04-06 00:03:17,657 | concert_ticketing.adapters.messaging.rabbitmq.consumer | INFO | Mensaje recibido: request_id=12418
2026-04-06 00:03:17,725 | concert_ticketing.adapters.messaging.rabbitmq.consumer | INFO | Mensaje recibido: request_id=12505
2026-04-06 00:03:17,799 | concert_ticketing.adapters.messaging.rabbitmq.consumer | INFO | Mensaje recibido: request_id=12385
2026-04-06 00:03:17,866 | concert_ticketing.adapters.messaging.rabbitmq.consumer | INFO | Mensaje recibido: request_id=12486
2026-04-06 00:03:17,937 | concert_ticketing.adapters.messaging.rabbitmq.consumer | INFO | Mensaje recibido: request_id=12495
2026-04-06 00:03:18,028 | concert_ticketing.adapters.messaging.rabbitmq.consumer | INFO | Mensaje recibido: request_id=12483
2026-04-06 00:03:18,120 | concert_ticketing.adapters.messaging.rabbitmq.consumer | INFO | Mensaje recibido: request_id=12539
2026-04-06 00:03:18,202 | concert_ticketing.adapters.messaging.rabbitmq.consumer | INFO | Mensaje recibido: request_id=12524
2026-04-06 00:03:18,285 | concert_ticketing.adapters.messaging.rabbitmq.consumer | INFO | Mensaje recibido: request_id=12556
2026-04-06 00:03:18,375 | concert_ticketing.adapters.messaging.rabbitmq.consumer | INFO | Mensaje recibido: request_id=12509
2026-04-06 00:03:18,450 | concert_ticketing.adapters.messaging.rabbitmq.consumer | INFO | Mensaje recibido: request_id=12421
2026-04-06 00:03:18,528 | concert_ticketing.adapters.messaging.rabbitmq.consumer | INFO | Mensaje recibido: request_id=12575
2026-04-06 00:03:18,611 | concert_ticketing.adapters.messaging.rabbitmq.consumer | INFO | Mensaje recibido: request_id=12516
2026-04-06 00:03:18,707 | concert_ticketing.adapters.messaging.rabbitmq.consumer | INFO | Mensaje recibido: request_id=12582
2026-04-06 00:03:18,796 | concert_ticketing.adapters.messaging.rabbitmq.consumer | INFO | Mensaje recibido: request_id=12545
2026-04-06 00:03:18,868 | concert_ticketing.adapters.messaging.rabbitmq.consumer | INFO | Mensaje recibido: request_id=12618
2026-04-06 00:03:18,944 | concert_ticketing.adapters.messaging.rabbitmq.consumer | INFO | Mensaje recibido: request_id=12493
2026-04-06 00:03:19,029 | concert_ticketing.adapters.messaging.rabbitmq.consumer | INFO | Mensaje recibido: request_id=12622
2026-04-06 00:03:19,096 | concert_ticketing.adapters.messaging.rabbitmq.consumer | INFO | Mensaje recibido: request_id=12641
2026-04-06 00:03:19,185 | concert_ticketing.adapters.messaging.rabbitmq.consumer | INFO | Mensaje recibido: request_id=12643
2026-04-06 00:03:19,257 | concert_ticketing.adapters.messaging.rabbitmq.consumer | INFO | Mensaje recibido: request_id=12610
2026-04-06 00:03:19,355 | concert_ticketing.adapters.messaging.rabbitmq.consumer | INFO | Mensaje recibido: request_id=12668
2026-04-06 00:03:19,438 | concert_ticketing.adapters.messaging.rabbitmq.consumer | INFO | Mensaje recibido: request_id=12508
2026-04-06 00:03:19,506 | concert_ticketing.adapters.messaging.rabbitmq.consumer | INFO | Mensaje recibido: request_id=12581
2026-04-06 00:03:19,585 | concert_ticketing.adapters.messaging.rabbitmq.consumer | INFO | Mensaje recibido: request_id=12688
2026-04-06 00:03:19,648 | concert_ticketing.adapters.messaging.rabbitmq.consumer | INFO | Mensaje recibido: request_id=12697
2026-04-06 00:03:19,738 | concert_ticketing.adapters.messaging.rabbitmq.consumer | INFO | Mensaje recibido: request_id=12675
2026-04-06 00:03:19,827 | concert_ticketing.adapters.messaging.rabbitmq.consumer | INFO | Mensaje recibido: request_id=12566
2026-04-06 00:03:19,898 | concert_ticketing.adapters.messaging.rabbitmq.consumer | INFO | Mensaje recibido: request_id=12721
2026-04-06 00:03:19,998 | concert_ticketing.adapters.messaging.rabbitmq.consumer | INFO | Mensaje recibido: request_id=12731
2026-04-06 00:03:20,069 | concert_ticketing.adapters.messaging.rabbitmq.consumer | INFO | Mensaje recibido: request_id=12676
2026-04-06 00:03:20,154 | concert_ticketing.adapters.messaging.rabbitmq.consumer | INFO | Mensaje recibido: request_id=12682
2026-04-06 00:03:20,248 | concert_ticketing.adapters.messaging.rabbitmq.consumer | INFO | Mensaje recibido: request_id=12756
2026-04-06 00:03:20,317 | concert_ticketing.adapters.messaging.rabbitmq.consumer | INFO | Mensaje recibido: request_id=12738
2026-04-06 00:03:20,384 | concert_ticketing.adapters.messaging.rabbitmq.consumer | INFO | Mensaje recibido: request_id=12748
2026-04-06 00:03:20,463 | concert_ticketing.adapters.messaging.rabbitmq.consumer | INFO | Mensaje recibido: request_id=12769
2026-04-06 00:03:20,560 | concert_ticketing.adapters.messaging.rabbitmq.consumer | INFO | Mensaje recibido: request_id=12787
2026-04-06 00:03:20,636 | concert_ticketing.adapters.messaging.rabbitmq.consumer | INFO | Mensaje recibido: request_id=12742
2026-04-06 00:03:20,720 | concert_ticketing.adapters.messaging.rabbitmq.consumer | INFO | Mensaje recibido: request_id=12768
2026-04-06 00:03:20,778 | concert_ticketing.adapters.messaging.rabbitmq.consumer | INFO | Mensaje recibido: request_id=12800
2026-04-06 00:03:20,872 | concert_ticketing.adapters.messaging.rabbitmq.consumer | INFO | Mensaje recibido: request_id=12811
2026-04-06 00:03:20,954 | concert_ticketing.adapters.messaging.rabbitmq.consumer | INFO | Mensaje recibido: request_id=12827
2026-04-06 00:03:21,035 | concert_ticketing.adapters.messaging.rabbitmq.consumer | INFO | Mensaje recibido: request_id=12807
2026-04-06 00:03:21,117 | concert_ticketing.adapters.messaging.rabbitmq.consumer | INFO | Mensaje recibido: request_id=12842
2026-04-06 00:03:21,192 | concert_ticketing.adapters.messaging.rabbitmq.consumer | INFO | Mensaje recibido: request_id=12754
2026-04-06 00:03:21,289 | concert_ticketing.adapters.messaging.rabbitmq.consumer | INFO | Mensaje recibido: request_id=12837
2026-04-06 00:03:21,372 | concert_ticketing.adapters.messaging.rabbitmq.consumer | INFO | Mensaje recibido: request_id=12839
2026-04-06 00:03:21,462 | concert_ticketing.adapters.messaging.rabbitmq.consumer | INFO | Mensaje recibido: request_id=12848
2026-04-06 00:03:21,545 | concert_ticketing.adapters.messaging.rabbitmq.consumer | INFO | Mensaje recibido: request_id=12821
2026-04-06 00:03:21,623 | concert_ticketing.adapters.messaging.rabbitmq.consumer | INFO | Mensaje recibido: request_id=12890
2026-04-06 00:03:21,704 | concert_ticketing.adapters.messaging.rabbitmq.consumer | INFO | Mensaje recibido: request_id=12863
2026-04-06 00:03:21,787 | concert_ticketing.adapters.messaging.rabbitmq.consumer | INFO | Mensaje recibido: request_id=12859
2026-04-06 00:03:21,874 | concert_ticketing.adapters.messaging.rabbitmq.consumer | INFO | Mensaje recibido: request_id=12892
2026-04-06 00:03:21,962 | concert_ticketing.adapters.messaging.rabbitmq.consumer | INFO | Mensaje recibido: request_id=12922
2026-04-06 00:03:22,019 | concert_ticketing.adapters.messaging.rabbitmq.consumer | INFO | Mensaje recibido: request_id=12866
2026-04-06 00:03:22,114 | concert_ticketing.adapters.messaging.rabbitmq.consumer | INFO | Mensaje recibido: request_id=12911
2026-04-06 00:03:22,194 | concert_ticketing.adapters.messaging.rabbitmq.consumer | INFO | Mensaje recibido: request_id=12899
2026-04-06 00:03:22,282 | concert_ticketing.adapters.messaging.rabbitmq.consumer | INFO | Mensaje recibido: request_id=12944
2026-04-06 00:03:22,351 | concert_ticketing.adapters.messaging.rabbitmq.consumer | INFO | Mensaje recibido: request_id=12951
2026-04-06 00:03:22,456 | concert_ticketing.adapters.messaging.rabbitmq.consumer | INFO | Mensaje recibido: request_id=12849
2026-04-06 00:03:22,548 | concert_ticketing.adapters.messaging.rabbitmq.consumer | INFO | Mensaje recibido: request_id=12958
2026-04-06 00:03:22,613 | concert_ticketing.adapters.messaging.rabbitmq.consumer | INFO | Mensaje recibido: request_id=12985
2026-04-06 00:03:22,681 | concert_ticketing.adapters.messaging.rabbitmq.consumer | INFO | Mensaje recibido: request_id=12986
2026-04-06 00:03:22,769 | concert_ticketing.adapters.messaging.rabbitmq.consumer | INFO | Mensaje recibido: request_id=12995
2026-04-06 00:03:22,850 | concert_ticketing.adapters.messaging.rabbitmq.consumer | INFO | Mensaje recibido: request_id=12908
2026-04-06 00:03:22,950 | concert_ticketing.adapters.messaging.rabbitmq.consumer | INFO | Mensaje recibido: request_id=13020
2026-04-06 00:03:23,042 | concert_ticketing.adapters.messaging.rabbitmq.consumer | INFO | Mensaje recibido: request_id=13008
2026-04-06 00:03:23,095 | concert_ticketing.adapters.messaging.rabbitmq.consumer | INFO | Mensaje recibido: request_id=13010
2026-04-06 00:03:23,180 | concert_ticketing.adapters.messaging.rabbitmq.consumer | INFO | Mensaje recibido: request_id=13021
2026-04-06 00:03:23,265 | concert_ticketing.adapters.messaging.rabbitmq.consumer | INFO | Mensaje recibido: request_id=13012
2026-04-06 00:03:23,342 | concert_ticketing.adapters.messaging.rabbitmq.consumer | INFO | Mensaje recibido: request_id=12996
2026-04-06 00:03:23,432 | concert_ticketing.adapters.messaging.rabbitmq.consumer | INFO | Mensaje recibido: request_id=12997
2026-04-06 00:03:23,504 | concert_ticketing.adapters.messaging.rabbitmq.consumer | INFO | Mensaje recibido: request_id=13072
2026-04-06 00:03:23,587 | concert_ticketing.adapters.messaging.rabbitmq.consumer | INFO | Mensaje recibido: request_id=13037
2026-04-06 00:03:23,638 | concert_ticketing.adapters.messaging.rabbitmq.consumer | INFO | Mensaje recibido: request_id=13081
2026-04-06 00:03:23,737 | concert_ticketing.adapters.messaging.rabbitmq.consumer | INFO | Mensaje recibido: request_id=13097
2026-04-06 00:03:23,827 | concert_ticketing.adapters.messaging.rabbitmq.consumer | INFO | Mensaje recibido: request_id=13099
2026-04-06 00:03:23,921 | concert_ticketing.adapters.messaging.rabbitmq.consumer | INFO | Mensaje recibido: request_id=13103
2026-04-06 00:03:24,007 | concert_ticketing.adapters.messaging.rabbitmq.consumer | INFO | Mensaje recibido: request_id=12950
2026-04-06 00:03:24,087 | concert_ticketing.adapters.messaging.rabbitmq.consumer | INFO | Mensaje recibido: request_id=13056
2026-04-06 00:03:24,164 | concert_ticketing.adapters.messaging.rabbitmq.consumer | INFO | Mensaje recibido: request_id=13121
2026-04-06 00:03:24,255 | concert_ticketing.adapters.messaging.rabbitmq.consumer | INFO | Mensaje recibido: request_id=13039
2026-04-06 00:03:24,342 | concert_ticketing.adapters.messaging.rabbitmq.consumer | INFO | Mensaje recibido: request_id=13034
2026-04-06 00:03:24,430 | concert_ticketing.adapters.messaging.rabbitmq.consumer | INFO | Mensaje recibido: request_id=13148
2026-04-06 00:03:24,520 | concert_ticketing.adapters.messaging.rabbitmq.consumer | INFO | Mensaje recibido: request_id=13078
2026-04-06 00:03:24,601 | concert_ticketing.adapters.messaging.rabbitmq.consumer | INFO | Mensaje recibido: request_id=13118
2026-04-06 00:03:24,666 | concert_ticketing.adapters.messaging.rabbitmq.consumer | INFO | Mensaje recibido: request_id=13187
2026-04-06 00:03:24,754 | concert_ticketing.adapters.messaging.rabbitmq.consumer | INFO | Mensaje recibido: request_id=13195
2026-04-06 00:03:24,820 | concert_ticketing.adapters.messaging.rabbitmq.consumer | INFO | Mensaje recibido: request_id=13193
2026-04-06 00:03:24,906 | concert_ticketing.adapters.messaging.rabbitmq.consumer | INFO | Mensaje recibido: request_id=13140
2026-04-06 00:03:24,986 | concert_ticketing.adapters.messaging.rabbitmq.consumer | INFO | Mensaje recibido: request_id=13208
2026-04-06 00:03:25,073 | concert_ticketing.adapters.messaging.rabbitmq.consumer | INFO | Mensaje recibido: request_id=13160
2026-04-06 00:03:25,147 | concert_ticketing.adapters.messaging.rabbitmq.consumer | INFO | Mensaje recibido: request_id=13204
2026-04-06 00:03:25,225 | concert_ticketing.adapters.messaging.rabbitmq.consumer | INFO | Mensaje recibido: request_id=13225
2026-04-06 00:03:25,316 | concert_ticketing.adapters.messaging.rabbitmq.consumer | INFO | Mensaje recibido: request_id=13238
2026-04-06 00:03:25,389 | concert_ticketing.adapters.messaging.rabbitmq.consumer | INFO | Mensaje recibido: request_id=13076
2026-04-06 00:03:25,473 | concert_ticketing.adapters.messaging.rabbitmq.consumer | INFO | Mensaje recibido: request_id=13247
2026-04-06 00:03:25,563 | concert_ticketing.adapters.messaging.rabbitmq.consumer | INFO | Mensaje recibido: request_id=13255
2026-04-06 00:03:25,633 | concert_ticketing.adapters.messaging.rabbitmq.consumer | INFO | Mensaje recibido: request_id=13281
2026-04-06 00:03:25,712 | concert_ticketing.adapters.messaging.rabbitmq.consumer | INFO | Mensaje recibido: request_id=13206
2026-04-06 00:03:25,800 | concert_ticketing.adapters.messaging.rabbitmq.consumer | INFO | Mensaje recibido: request_id=13282
2026-04-06 00:03:25,867 | concert_ticketing.adapters.messaging.rabbitmq.consumer | INFO | Mensaje recibido: request_id=13293
2026-04-06 00:03:26,004 | concert_ticketing.adapters.messaging.rabbitmq.consumer | INFO | Mensaje recibido: request_id=13276
2026-04-06 00:03:26,087 | concert_ticketing.adapters.messaging.rabbitmq.consumer | INFO | Mensaje recibido: request_id=13295
2026-04-06 00:03:26,170 | concert_ticketing.adapters.messaging.rabbitmq.consumer | INFO | Mensaje recibido: request_id=13313
2026-04-06 00:03:26,244 | concert_ticketing.adapters.messaging.rabbitmq.consumer | INFO | Mensaje recibido: request_id=13330
2026-04-06 00:03:26,317 | concert_ticketing.adapters.messaging.rabbitmq.consumer | INFO | Mensaje recibido: request_id=13338
2026-04-06 00:03:26,402 | concert_ticketing.adapters.messaging.rabbitmq.consumer | INFO | Mensaje recibido: request_id=13327
2026-04-06 00:03:26,488 | concert_ticketing.adapters.messaging.rabbitmq.consumer | INFO | Mensaje recibido: request_id=13322
2026-04-06 00:03:26,560 | concert_ticketing.adapters.messaging.rabbitmq.consumer | INFO | Mensaje recibido: request_id=13335
2026-04-06 00:03:26,645 | concert_ticketing.adapters.messaging.rabbitmq.consumer | INFO | Mensaje recibido: request_id=13363
2026-04-06 00:03:26,713 | concert_ticketing.adapters.messaging.rabbitmq.consumer | INFO | Mensaje recibido: request_id=13382
2026-04-06 00:03:26,798 | concert_ticketing.adapters.messaging.rabbitmq.consumer | INFO | Mensaje recibido: request_id=13394
2026-04-06 00:03:26,868 | concert_ticketing.adapters.messaging.rabbitmq.consumer | INFO | Mensaje recibido: request_id=13296
2026-04-06 00:03:26,965 | concert_ticketing.adapters.messaging.rabbitmq.consumer | INFO | Mensaje recibido: request_id=13408
2026-04-06 00:03:27,054 | concert_ticketing.adapters.messaging.rabbitmq.consumer | INFO | Mensaje recibido: request_id=13399
2026-04-06 00:03:27,141 | concert_ticketing.adapters.messaging.rabbitmq.consumer | INFO | Mensaje recibido: request_id=13391
2026-04-06 00:03:27,230 | concert_ticketing.adapters.messaging.rabbitmq.consumer | INFO | Mensaje recibido: request_id=13410
2026-04-06 00:03:27,323 | concert_ticketing.adapters.messaging.rabbitmq.consumer | INFO | Mensaje recibido: request_id=13420
2026-04-06 00:03:27,396 | concert_ticketing.adapters.messaging.rabbitmq.consumer | INFO | Mensaje recibido: request_id=13379
2026-04-06 00:03:27,486 | concert_ticketing.adapters.messaging.rabbitmq.consumer | INFO | Mensaje recibido: request_id=13432
2026-04-06 00:03:27,591 | concert_ticketing.adapters.messaging.rabbitmq.consumer | INFO | Mensaje recibido: request_id=13455
2026-04-06 00:03:27,652 | concert_ticketing.adapters.messaging.rabbitmq.consumer | INFO | Mensaje recibido: request_id=13473
2026-04-06 00:03:27,768 | concert_ticketing.adapters.messaging.rabbitmq.consumer | INFO | Mensaje recibido: request_id=13436
2026-04-06 00:03:27,858 | concert_ticketing.adapters.messaging.rabbitmq.consumer | INFO | Mensaje recibido: request_id=13479
2026-04-06 00:03:27,932 | concert_ticketing.adapters.messaging.rabbitmq.consumer | INFO | Mensaje recibido: request_id=13467
2026-04-06 00:03:28,041 | concert_ticketing.adapters.messaging.rabbitmq.consumer | INFO | Mensaje recibido: request_id=13506
2026-04-06 00:03:28,148 | concert_ticketing.adapters.messaging.rabbitmq.consumer | INFO | Mensaje recibido: request_id=13402
2026-04-06 00:03:28,222 | concert_ticketing.adapters.messaging.rabbitmq.consumer | INFO | Mensaje recibido: request_id=13520
2026-04-06 00:03:28,308 | concert_ticketing.adapters.messaging.rabbitmq.consumer | INFO | Mensaje recibido: request_id=13491
2026-04-06 00:03:28,403 | concert_ticketing.adapters.messaging.rabbitmq.consumer | INFO | Mensaje recibido: request_id=13393
2026-04-06 00:03:28,496 | concert_ticketing.adapters.messaging.rabbitmq.consumer | INFO | Mensaje recibido: request_id=13424
2026-04-06 00:03:28,584 | concert_ticketing.adapters.messaging.rabbitmq.consumer | INFO | Mensaje recibido: request_id=13458
2026-04-06 00:03:28,659 | concert_ticketing.adapters.messaging.rabbitmq.consumer | INFO | Mensaje recibido: request_id=13508
2026-04-06 00:03:28,745 | concert_ticketing.adapters.messaging.rabbitmq.consumer | INFO | Mensaje recibido: request_id=13550
2026-04-06 00:03:28,830 | concert_ticketing.adapters.messaging.rabbitmq.consumer | INFO | Mensaje recibido: request_id=13577
2026-04-06 00:03:28,908 | concert_ticketing.adapters.messaging.rabbitmq.consumer | INFO | Mensaje recibido: request_id=13578
2026-04-06 00:03:28,986 | concert_ticketing.adapters.messaging.rabbitmq.consumer | INFO | Mensaje recibido: request_id=13535
2026-04-06 00:03:29,102 | concert_ticketing.adapters.messaging.rabbitmq.consumer | INFO | Mensaje recibido: request_id=13603
2026-04-06 00:03:29,165 | concert_ticketing.adapters.messaging.rabbitmq.consumer | INFO | Mensaje recibido: request_id=13608
2026-04-06 00:03:29,255 | concert_ticketing.adapters.messaging.rabbitmq.consumer | INFO | Mensaje recibido: request_id=13517
2026-04-06 00:03:29,339 | concert_ticketing.adapters.messaging.rabbitmq.consumer | INFO | Mensaje recibido: request_id=13619
2026-04-06 00:03:29,424 | concert_ticketing.adapters.messaging.rabbitmq.consumer | INFO | Mensaje recibido: request_id=13616
2026-04-06 00:03:29,511 | concert_ticketing.adapters.messaging.rabbitmq.consumer | INFO | Mensaje recibido: request_id=13586
2026-04-06 00:03:29,598 | concert_ticketing.adapters.messaging.rabbitmq.consumer | INFO | Mensaje recibido: request_id=13650
2026-04-06 00:03:29,691 | concert_ticketing.adapters.messaging.rabbitmq.consumer | INFO | Mensaje recibido: request_id=13628
2026-04-06 00:03:29,759 | concert_ticketing.adapters.messaging.rabbitmq.consumer | INFO | Mensaje recibido: request_id=13615
2026-04-06 00:03:29,832 | concert_ticketing.adapters.messaging.rabbitmq.consumer | INFO | Mensaje recibido: request_id=13658
2026-04-06 00:03:29,927 | concert_ticketing.adapters.messaging.rabbitmq.consumer | INFO | Mensaje recibido: request_id=13683
2026-04-06 00:03:30,012 | concert_ticketing.adapters.messaging.rabbitmq.consumer | INFO | Mensaje recibido: request_id=13690
2026-04-06 00:03:30,087 | concert_ticketing.adapters.messaging.rabbitmq.consumer | INFO | Mensaje recibido: request_id=13525
2026-04-06 00:03:30,182 | concert_ticketing.adapters.messaging.rabbitmq.consumer | INFO | Mensaje recibido: request_id=13687
2026-04-06 00:03:30,256 | concert_ticketing.adapters.messaging.rabbitmq.consumer | INFO | Mensaje recibido: request_id=13696
2026-04-06 00:03:30,346 | concert_ticketing.adapters.messaging.rabbitmq.consumer | INFO | Mensaje recibido: request_id=13706
2026-04-06 00:03:30,425 | concert_ticketing.adapters.messaging.rabbitmq.consumer | INFO | Mensaje recibido: request_id=13646
2026-04-06 00:03:30,510 | concert_ticketing.adapters.messaging.rabbitmq.consumer | INFO | Mensaje recibido: request_id=13518
2026-04-06 00:03:30,579 | concert_ticketing.adapters.messaging.rabbitmq.consumer | INFO | Mensaje recibido: request_id=13702
2026-04-06 00:03:30,673 | concert_ticketing.adapters.messaging.rabbitmq.consumer | INFO | Mensaje recibido: request_id=13724
2026-04-06 00:03:30,732 | concert_ticketing.adapters.messaging.rabbitmq.consumer | INFO | Mensaje recibido: request_id=13744
2026-04-06 00:03:30,823 | concert_ticketing.adapters.messaging.rabbitmq.consumer | INFO | Mensaje recibido: request_id=13770
2026-04-06 00:03:30,898 | concert_ticketing.adapters.messaging.rabbitmq.consumer | INFO | Mensaje recibido: request_id=13748
2026-04-06 00:03:30,987 | concert_ticketing.adapters.messaging.rabbitmq.consumer | INFO | Mensaje recibido: request_id=13788
2026-04-06 00:03:31,063 | concert_ticketing.adapters.messaging.rabbitmq.consumer | INFO | Mensaje recibido: request_id=13794
2026-04-06 00:03:31,161 | concert_ticketing.adapters.messaging.rabbitmq.consumer | INFO | Mensaje recibido: request_id=13769
2026-04-06 00:03:31,244 | concert_ticketing.adapters.messaging.rabbitmq.consumer | INFO | Mensaje recibido: request_id=13787
2026-04-06 00:03:31,303 | concert_ticketing.adapters.messaging.rabbitmq.consumer | INFO | Mensaje recibido: request_id=13630
2026-04-06 00:03:31,405 | concert_ticketing.adapters.messaging.rabbitmq.consumer | INFO | Mensaje recibido: request_id=13779
2026-04-06 00:03:31,494 | concert_ticketing.adapters.messaging.rabbitmq.consumer | INFO | Mensaje recibido: request_id=13800
2026-04-06 00:03:31,568 | concert_ticketing.adapters.messaging.rabbitmq.consumer | INFO | Mensaje recibido: request_id=13843
2026-04-06 00:03:31,629 | concert_ticketing.adapters.messaging.rabbitmq.consumer | INFO | Mensaje recibido: request_id=13817
2026-04-06 00:03:31,694 | concert_ticketing.adapters.messaging.rabbitmq.consumer | INFO | Mensaje recibido: request_id=13836
2026-04-06 00:03:31,777 | concert_ticketing.adapters.messaging.rabbitmq.consumer | INFO | Mensaje recibido: request_id=13857
2026-04-06 00:03:31,856 | concert_ticketing.adapters.messaging.rabbitmq.consumer | INFO | Mensaje recibido: request_id=13829
2026-04-06 00:03:31,937 | concert_ticketing.adapters.messaging.rabbitmq.consumer | INFO | Mensaje recibido: request_id=13883
2026-04-06 00:03:32,015 | concert_ticketing.adapters.messaging.rabbitmq.consumer | INFO | Mensaje recibido: request_id=13668
2026-04-06 00:03:32,078 | concert_ticketing.adapters.messaging.rabbitmq.consumer | INFO | Mensaje recibido: request_id=13670
2026-04-06 00:03:32,154 | concert_ticketing.adapters.messaging.rabbitmq.consumer | INFO | Mensaje recibido: request_id=13892
2026-04-06 00:03:32,240 | concert_ticketing.adapters.messaging.rabbitmq.consumer | INFO | Mensaje recibido: request_id=13833
2026-04-06 00:03:32,315 | concert_ticketing.adapters.messaging.rabbitmq.consumer | INFO | Mensaje recibido: request_id=13920
2026-04-06 00:03:32,384 | concert_ticketing.adapters.messaging.rabbitmq.consumer | INFO | Mensaje recibido: request_id=13906
2026-04-06 00:03:32,467 | concert_ticketing.adapters.messaging.rabbitmq.consumer | INFO | Mensaje recibido: request_id=13936
2026-04-06 00:03:32,541 | concert_ticketing.adapters.messaging.rabbitmq.consumer | INFO | Mensaje recibido: request_id=13946
2026-04-06 00:03:32,625 | concert_ticketing.adapters.messaging.rabbitmq.consumer | INFO | Mensaje recibido: request_id=13954
2026-04-06 00:03:32,694 | concert_ticketing.adapters.messaging.rabbitmq.consumer | INFO | Mensaje recibido: request_id=13924
2026-04-06 00:03:32,788 | concert_ticketing.adapters.messaging.rabbitmq.consumer | INFO | Mensaje recibido: request_id=13950
2026-04-06 00:03:32,853 | concert_ticketing.adapters.messaging.rabbitmq.consumer | INFO | Mensaje recibido: request_id=13910
2026-04-06 00:03:32,947 | concert_ticketing.adapters.messaging.rabbitmq.consumer | INFO | Mensaje recibido: request_id=13964
2026-04-06 00:03:33,021 | concert_ticketing.adapters.messaging.rabbitmq.consumer | INFO | Mensaje recibido: request_id=13970
2026-04-06 00:03:33,086 | concert_ticketing.adapters.messaging.rabbitmq.consumer | INFO | Mensaje recibido: request_id=14001
2026-04-06 00:03:33,148 | concert_ticketing.adapters.messaging.rabbitmq.consumer | INFO | Mensaje recibido: request_id=14009
2026-04-06 00:03:33,239 | concert_ticketing.adapters.messaging.rabbitmq.consumer | INFO | Mensaje recibido: request_id=14012
2026-04-06 00:03:33,329 | concert_ticketing.adapters.messaging.rabbitmq.consumer | INFO | Mensaje recibido: request_id=13984
2026-04-06 00:03:33,403 | concert_ticketing.adapters.messaging.rabbitmq.consumer | INFO | Mensaje recibido: request_id=14015
2026-04-06 00:03:33,490 | concert_ticketing.adapters.messaging.rabbitmq.consumer | INFO | Mensaje recibido: request_id=14040
2026-04-06 00:03:33,574 | concert_ticketing.adapters.messaging.rabbitmq.consumer | INFO | Mensaje recibido: request_id=14049
2026-04-06 00:03:33,657 | concert_ticketing.adapters.messaging.rabbitmq.consumer | INFO | Mensaje recibido: request_id=14020
2026-04-06 00:03:33,731 | concert_ticketing.adapters.messaging.rabbitmq.consumer | INFO | Mensaje recibido: request_id=13832
2026-04-06 00:03:33,792 | concert_ticketing.adapters.messaging.rabbitmq.consumer | INFO | Mensaje recibido: request_id=14021
2026-04-06 00:03:33,867 | concert_ticketing.adapters.messaging.rabbitmq.consumer | INFO | Mensaje recibido: request_id=14047
2026-04-06 00:03:33,960 | concert_ticketing.adapters.messaging.rabbitmq.consumer | INFO | Mensaje recibido: request_id=14081
2026-04-06 00:03:34,031 | concert_ticketing.adapters.messaging.rabbitmq.consumer | INFO | Mensaje recibido: request_id=14099
2026-04-06 00:03:34,111 | concert_ticketing.adapters.messaging.rabbitmq.consumer | INFO | Mensaje recibido: request_id=14107
2026-04-06 00:03:34,209 | concert_ticketing.adapters.messaging.rabbitmq.consumer | INFO | Mensaje recibido: request_id=14048
2026-04-06 00:03:34,311 | concert_ticketing.adapters.messaging.rabbitmq.consumer | INFO | Mensaje recibido: request_id=14121
2026-04-06 00:03:34,392 | concert_ticketing.adapters.messaging.rabbitmq.consumer | INFO | Mensaje recibido: request_id=14130
2026-04-06 00:03:34,467 | concert_ticketing.adapters.messaging.rabbitmq.consumer | INFO | Mensaje recibido: request_id=14091
2026-04-06 00:03:34,559 | concert_ticketing.adapters.messaging.rabbitmq.consumer | INFO | Mensaje recibido: request_id=14148
2026-04-06 00:03:34,634 | concert_ticketing.adapters.messaging.rabbitmq.consumer | INFO | Mensaje recibido: request_id=14136
2026-04-06 00:03:34,723 | concert_ticketing.adapters.messaging.rabbitmq.consumer | INFO | Mensaje recibido: request_id=14155
2026-04-06 00:03:34,791 | concert_ticketing.adapters.messaging.rabbitmq.consumer | INFO | Mensaje recibido: request_id=14109
2026-04-06 00:03:34,878 | concert_ticketing.adapters.messaging.rabbitmq.consumer | INFO | Mensaje recibido: request_id=14064
2026-04-06 00:03:34,965 | concert_ticketing.adapters.messaging.rabbitmq.consumer | INFO | Mensaje recibido: request_id=14144
2026-04-06 00:03:35,041 | concert_ticketing.adapters.messaging.rabbitmq.consumer | INFO | Mensaje recibido: request_id=14162
2026-04-06 00:03:35,129 | concert_ticketing.adapters.messaging.rabbitmq.consumer | INFO | Mensaje recibido: request_id=14203
2026-04-06 00:03:35,201 | concert_ticketing.adapters.messaging.rabbitmq.consumer | INFO | Mensaje recibido: request_id=14164
2026-04-06 00:03:35,291 | concert_ticketing.adapters.messaging.rabbitmq.consumer | INFO | Mensaje recibido: request_id=14105
2026-04-06 00:03:35,375 | concert_ticketing.adapters.messaging.rabbitmq.consumer | INFO | Mensaje recibido: request_id=14220
2026-04-06 00:03:35,451 | concert_ticketing.adapters.messaging.rabbitmq.consumer | INFO | Mensaje recibido: request_id=14083
2026-04-06 00:03:35,542 | concert_ticketing.adapters.messaging.rabbitmq.consumer | INFO | Mensaje recibido: request_id=14243
2026-04-06 00:03:35,613 | concert_ticketing.adapters.messaging.rabbitmq.consumer | INFO | Mensaje recibido: request_id=14193
2026-04-06 00:03:35,696 | concert_ticketing.adapters.messaging.rabbitmq.consumer | INFO | Mensaje recibido: request_id=14119
2026-04-06 00:03:35,771 | concert_ticketing.adapters.messaging.rabbitmq.consumer | INFO | Mensaje recibido: request_id=14231
2026-04-06 00:03:35,855 | concert_ticketing.adapters.messaging.rabbitmq.consumer | INFO | Mensaje recibido: request_id=14055
2026-04-06 00:03:35,938 | concert_ticketing.adapters.messaging.rabbitmq.consumer | INFO | Mensaje recibido: request_id=14200
2026-04-06 00:03:36,023 | concert_ticketing.adapters.messaging.rabbitmq.consumer | INFO | Mensaje recibido: request_id=14282
2026-04-06 00:03:36,085 | concert_ticketing.adapters.messaging.rabbitmq.consumer | INFO | Mensaje recibido: request_id=14289
2026-04-06 00:03:36,171 | concert_ticketing.adapters.messaging.rabbitmq.consumer | INFO | Mensaje recibido: request_id=14306
2026-04-06 00:03:36,249 | concert_ticketing.adapters.messaging.rabbitmq.consumer | INFO | Mensaje recibido: request_id=14297
2026-04-06 00:03:36,329 | concert_ticketing.adapters.messaging.rabbitmq.consumer | INFO | Mensaje recibido: request_id=14314
2026-04-06 00:03:36,415 | concert_ticketing.adapters.messaging.rabbitmq.consumer | INFO | Mensaje recibido: request_id=14222
2026-04-06 00:03:36,494 | concert_ticketing.adapters.messaging.rabbitmq.consumer | INFO | Mensaje recibido: request_id=14313
2026-04-06 00:03:36,585 | concert_ticketing.adapters.messaging.rabbitmq.consumer | INFO | Mensaje recibido: request_id=14235
2026-04-06 00:03:36,670 | concert_ticketing.adapters.messaging.rabbitmq.consumer | INFO | Mensaje recibido: request_id=14347
2026-04-06 00:03:36,741 | concert_ticketing.adapters.messaging.rabbitmq.consumer | INFO | Mensaje recibido: request_id=14266
2026-04-06 00:03:36,817 | concert_ticketing.adapters.messaging.rabbitmq.consumer | INFO | Mensaje recibido: request_id=14359
2026-04-06 00:03:36,895 | concert_ticketing.adapters.messaging.rabbitmq.consumer | INFO | Mensaje recibido: request_id=14345
2026-04-06 00:03:36,987 | concert_ticketing.adapters.messaging.rabbitmq.consumer | INFO | Mensaje recibido: request_id=14385
2026-04-06 00:03:37,058 | concert_ticketing.adapters.messaging.rabbitmq.consumer | INFO | Mensaje recibido: request_id=14393
2026-04-06 00:03:37,154 | concert_ticketing.adapters.messaging.rabbitmq.consumer | INFO | Mensaje recibido: request_id=14376
2026-04-06 00:03:37,230 | concert_ticketing.adapters.messaging.rabbitmq.consumer | INFO | Mensaje recibido: request_id=14386
2026-04-06 00:03:37,308 | concert_ticketing.adapters.messaging.rabbitmq.consumer | INFO | Mensaje recibido: request_id=14370
2026-04-06 00:03:37,399 | concert_ticketing.adapters.messaging.rabbitmq.consumer | INFO | Mensaje recibido: request_id=14331
2026-04-06 00:03:37,484 | concert_ticketing.adapters.messaging.rabbitmq.consumer | INFO | Mensaje recibido: request_id=14311
2026-04-06 00:03:37,561 | concert_ticketing.adapters.messaging.rabbitmq.consumer | INFO | Mensaje recibido: request_id=14435
2026-04-06 00:03:37,633 | concert_ticketing.adapters.messaging.rabbitmq.consumer | INFO | Mensaje recibido: request_id=14443
2026-04-06 00:03:37,708 | concert_ticketing.adapters.messaging.rabbitmq.consumer | INFO | Mensaje recibido: request_id=14439
2026-04-06 00:03:37,788 | concert_ticketing.adapters.messaging.rabbitmq.consumer | INFO | Mensaje recibido: request_id=14465
2026-04-06 00:03:37,870 | concert_ticketing.adapters.messaging.rabbitmq.consumer | INFO | Mensaje recibido: request_id=14449
2026-04-06 00:03:37,954 | concert_ticketing.adapters.messaging.rabbitmq.consumer | INFO | Mensaje recibido: request_id=14279
2026-04-06 00:03:38,009 | concert_ticketing.adapters.messaging.rabbitmq.consumer | INFO | Mensaje recibido: request_id=14463
2026-04-06 00:03:38,086 | concert_ticketing.adapters.messaging.rabbitmq.consumer | INFO | Mensaje recibido: request_id=14466
2026-04-06 00:03:38,162 | concert_ticketing.adapters.messaging.rabbitmq.consumer | INFO | Mensaje recibido: request_id=14431
2026-04-06 00:03:38,249 | concert_ticketing.adapters.messaging.rabbitmq.consumer | INFO | Mensaje recibido: request_id=14481
2026-04-06 00:03:38,331 | concert_ticketing.adapters.messaging.rabbitmq.consumer | INFO | Mensaje recibido: request_id=14340
2026-04-06 00:03:38,397 | concert_ticketing.adapters.messaging.rabbitmq.consumer | INFO | Mensaje recibido: request_id=14472
2026-04-06 00:03:38,485 | concert_ticketing.adapters.messaging.rabbitmq.consumer | INFO | Mensaje recibido: request_id=14536
2026-04-06 00:03:38,608 | concert_ticketing.adapters.messaging.rabbitmq.consumer | INFO | Mensaje recibido: request_id=14529
2026-04-06 00:03:38,715 | concert_ticketing.adapters.messaging.rabbitmq.consumer | INFO | Mensaje recibido: request_id=14540
2026-04-06 00:03:38,854 | concert_ticketing.adapters.messaging.rabbitmq.consumer | INFO | Mensaje recibido: request_id=14500
2026-04-06 00:03:38,975 | concert_ticketing.adapters.messaging.rabbitmq.consumer | INFO | Mensaje recibido: request_id=14550
2026-04-06 00:03:39,091 | concert_ticketing.adapters.messaging.rabbitmq.consumer | INFO | Mensaje recibido: request_id=14561
2026-04-06 00:03:39,224 | concert_ticketing.adapters.messaging.rabbitmq.consumer | INFO | Mensaje recibido: request_id=14573
2026-04-06 00:03:39,349 | concert_ticketing.adapters.messaging.rabbitmq.consumer | INFO | Mensaje recibido: request_id=14571
2026-04-06 00:03:39,485 | concert_ticketing.adapters.messaging.rabbitmq.consumer | INFO | Mensaje recibido: request_id=14587
2026-04-06 00:03:39,583 | concert_ticketing.adapters.messaging.rabbitmq.consumer | INFO | Mensaje recibido: request_id=14611
2026-04-06 00:03:39,649 | concert_ticketing.adapters.messaging.rabbitmq.consumer | INFO | Mensaje recibido: request_id=14539
2026-04-06 00:03:39,730 | concert_ticketing.adapters.messaging.rabbitmq.consumer | INFO | Mensaje recibido: request_id=14617
2026-04-06 00:03:39,837 | concert_ticketing.adapters.messaging.rabbitmq.consumer | INFO | Mensaje recibido: request_id=14208
2026-04-06 00:03:39,925 | concert_ticketing.adapters.messaging.rabbitmq.consumer | INFO | Mensaje recibido: request_id=14441
2026-04-06 00:03:40,003 | concert_ticketing.adapters.messaging.rabbitmq.consumer | INFO | Mensaje recibido: request_id=14650
2026-04-06 00:03:40,075 | concert_ticketing.adapters.messaging.rabbitmq.consumer | INFO | Mensaje recibido: request_id=14655
2026-04-06 00:03:40,173 | concert_ticketing.adapters.messaging.rabbitmq.consumer | INFO | Mensaje recibido: request_id=14667
2026-04-06 00:03:40,270 | concert_ticketing.adapters.messaging.rabbitmq.consumer | INFO | Mensaje recibido: request_id=14614
2026-04-06 00:03:40,331 | concert_ticketing.adapters.messaging.rabbitmq.consumer | INFO | Mensaje recibido: request_id=14663
2026-04-06 00:03:40,435 | concert_ticketing.adapters.messaging.rabbitmq.consumer | INFO | Mensaje recibido: request_id=14685
2026-04-06 00:03:40,498 | concert_ticketing.adapters.messaging.rabbitmq.consumer | INFO | Mensaje recibido: request_id=14689
2026-04-06 00:03:40,575 | concert_ticketing.adapters.messaging.rabbitmq.consumer | INFO | Mensaje recibido: request_id=14660
2026-04-06 00:03:40,653 | concert_ticketing.adapters.messaging.rabbitmq.consumer | INFO | Mensaje recibido: request_id=14683
2026-04-06 00:03:40,744 | concert_ticketing.adapters.messaging.rabbitmq.consumer | INFO | Mensaje recibido: request_id=14691
2026-04-06 00:03:40,820 | concert_ticketing.adapters.messaging.rabbitmq.consumer | INFO | Mensaje recibido: request_id=14730
2026-04-06 00:03:40,899 | concert_ticketing.adapters.messaging.rabbitmq.consumer | INFO | Mensaje recibido: request_id=14621
2026-04-06 00:03:40,998 | concert_ticketing.adapters.messaging.rabbitmq.consumer | INFO | Mensaje recibido: request_id=14634
2026-04-06 00:03:41,073 | concert_ticketing.adapters.messaging.rabbitmq.consumer | INFO | Mensaje recibido: request_id=14754
2026-04-06 00:03:41,148 | concert_ticketing.adapters.messaging.rabbitmq.consumer | INFO | Mensaje recibido: request_id=14631
2026-04-06 00:03:41,242 | concert_ticketing.adapters.messaging.rabbitmq.consumer | INFO | Mensaje recibido: request_id=14592
2026-04-06 00:03:41,365 | concert_ticketing.adapters.messaging.rabbitmq.consumer | INFO | Mensaje recibido: request_id=14734
2026-04-06 00:03:41,450 | concert_ticketing.adapters.messaging.rabbitmq.consumer | INFO | Mensaje recibido: request_id=14764
2026-04-06 00:03:41,533 | concert_ticketing.adapters.messaging.rabbitmq.consumer | INFO | Mensaje recibido: request_id=14794
2026-04-06 00:03:41,617 | concert_ticketing.adapters.messaging.rabbitmq.consumer | INFO | Mensaje recibido: request_id=14800
2026-04-06 00:03:41,684 | concert_ticketing.adapters.messaging.rabbitmq.consumer | INFO | Mensaje recibido: request_id=14779
2026-04-06 00:03:41,769 | concert_ticketing.adapters.messaging.rabbitmq.consumer | INFO | Mensaje recibido: request_id=14778
2026-04-06 00:03:41,852 | concert_ticketing.adapters.messaging.rabbitmq.consumer | INFO | Mensaje recibido: request_id=14793
2026-04-06 00:03:41,925 | concert_ticketing.adapters.messaging.rabbitmq.consumer | INFO | Mensaje recibido: request_id=14744
2026-04-06 00:03:42,000 | concert_ticketing.adapters.messaging.rabbitmq.consumer | INFO | Mensaje recibido: request_id=14803
2026-04-06 00:03:42,075 | concert_ticketing.adapters.messaging.rabbitmq.consumer | INFO | Mensaje recibido: request_id=14850
2026-04-06 00:03:42,154 | concert_ticketing.adapters.messaging.rabbitmq.consumer | INFO | Mensaje recibido: request_id=14859
2026-04-06 00:03:42,236 | concert_ticketing.adapters.messaging.rabbitmq.consumer | INFO | Mensaje recibido: request_id=14848
2026-04-06 00:03:42,335 | concert_ticketing.adapters.messaging.rabbitmq.consumer | INFO | Mensaje recibido: request_id=14876
2026-04-06 00:03:42,421 | concert_ticketing.adapters.messaging.rabbitmq.consumer | INFO | Mensaje recibido: request_id=14830
2026-04-06 00:03:42,493 | concert_ticketing.adapters.messaging.rabbitmq.consumer | INFO | Mensaje recibido: request_id=14882
2026-04-06 00:03:42,558 | concert_ticketing.adapters.messaging.rabbitmq.consumer | INFO | Mensaje recibido: request_id=14895
2026-04-06 00:03:42,648 | concert_ticketing.adapters.messaging.rabbitmq.consumer | INFO | Mensaje recibido: request_id=14753
2026-04-06 00:03:42,706 | concert_ticketing.adapters.messaging.rabbitmq.consumer | INFO | Mensaje recibido: request_id=14902
2026-04-06 00:03:42,791 | concert_ticketing.adapters.messaging.rabbitmq.consumer | INFO | Mensaje recibido: request_id=14922
2026-04-06 00:03:42,887 | concert_ticketing.adapters.messaging.rabbitmq.consumer | INFO | Mensaje recibido: request_id=14930
2026-04-06 00:03:42,954 | concert_ticketing.adapters.messaging.rabbitmq.consumer | INFO | Mensaje recibido: request_id=14936
2026-04-06 00:03:43,042 | concert_ticketing.adapters.messaging.rabbitmq.consumer | INFO | Mensaje recibido: request_id=14887
2026-04-06 00:03:43,118 | concert_ticketing.adapters.messaging.rabbitmq.consumer | INFO | Mensaje recibido: request_id=14946
2026-04-06 00:03:43,196 | concert_ticketing.adapters.messaging.rabbitmq.consumer | INFO | Mensaje recibido: request_id=14886
2026-04-06 00:03:43,268 | concert_ticketing.adapters.messaging.rabbitmq.consumer | INFO | Mensaje recibido: request_id=14956
2026-04-06 00:03:43,351 | concert_ticketing.adapters.messaging.rabbitmq.consumer | INFO | Mensaje recibido: request_id=14971
2026-04-06 00:03:43,437 | concert_ticketing.adapters.messaging.rabbitmq.consumer | INFO | Mensaje recibido: request_id=14972
2026-04-06 00:03:43,511 | concert_ticketing.adapters.messaging.rabbitmq.consumer | INFO | Mensaje recibido: request_id=14990
2026-04-06 00:03:43,577 | concert_ticketing.adapters.messaging.rabbitmq.consumer | INFO | Mensaje recibido: request_id=14985
2026-04-06 00:03:43,663 | concert_ticketing.adapters.messaging.rabbitmq.consumer | INFO | Mensaje recibido: request_id=14987
2026-04-06 00:03:43,767 | concert_ticketing.adapters.messaging.rabbitmq.consumer | INFO | Mensaje recibido: request_id=14949
2026-04-06 00:03:43,840 | concert_ticketing.adapters.messaging.rabbitmq.consumer | INFO | Mensaje recibido: request_id=15020
2026-04-06 00:03:43,936 | concert_ticketing.adapters.messaging.rabbitmq.consumer | INFO | Mensaje recibido: request_id=15006
2026-04-06 00:03:44,011 | concert_ticketing.adapters.messaging.rabbitmq.consumer | INFO | Mensaje recibido: request_id=14914
2026-04-06 00:03:44,098 | concert_ticketing.adapters.messaging.rabbitmq.consumer | INFO | Mensaje recibido: request_id=15049
2026-04-06 00:03:44,199 | concert_ticketing.adapters.messaging.rabbitmq.consumer | INFO | Mensaje recibido: request_id=14998
2026-04-06 00:03:44,291 | concert_ticketing.adapters.messaging.rabbitmq.consumer | INFO | Mensaje recibido: request_id=15066
2026-04-06 00:03:44,374 | concert_ticketing.adapters.messaging.rabbitmq.consumer | INFO | Mensaje recibido: request_id=15075
2026-04-06 00:03:44,453 | concert_ticketing.adapters.messaging.rabbitmq.consumer | INFO | Mensaje recibido: request_id=15025
2026-04-06 00:03:44,559 | concert_ticketing.adapters.messaging.rabbitmq.consumer | INFO | Mensaje recibido: request_id=15052
2026-04-06 00:03:44,659 | concert_ticketing.adapters.messaging.rabbitmq.consumer | INFO | Mensaje recibido: request_id=15021
2026-04-06 00:03:44,727 | concert_ticketing.adapters.messaging.rabbitmq.consumer | INFO | Mensaje recibido: request_id=15094
2026-04-06 00:03:44,798 | concert_ticketing.adapters.messaging.rabbitmq.consumer | INFO | Mensaje recibido: request_id=15030
2026-04-06 00:03:44,938 | concert_ticketing.adapters.messaging.rabbitmq.consumer | INFO | Mensaje recibido: request_id=15111
2026-04-06 00:03:45,033 | concert_ticketing.adapters.messaging.rabbitmq.consumer | INFO | Mensaje recibido: request_id=14973
2026-04-06 00:03:45,110 | concert_ticketing.adapters.messaging.rabbitmq.consumer | INFO | Mensaje recibido: request_id=15131
2026-04-06 00:03:45,179 | concert_ticketing.adapters.messaging.rabbitmq.consumer | INFO | Mensaje recibido: request_id=15002
2026-04-06 00:03:45,279 | concert_ticketing.adapters.messaging.rabbitmq.consumer | INFO | Mensaje recibido: request_id=15155
2026-04-06 00:03:45,370 | concert_ticketing.adapters.messaging.rabbitmq.consumer | INFO | Mensaje recibido: request_id=15121
2026-04-06 00:03:45,437 | concert_ticketing.adapters.messaging.rabbitmq.consumer | INFO | Mensaje recibido: request_id=15162
2026-04-06 00:03:45,541 | concert_ticketing.adapters.messaging.rabbitmq.consumer | INFO | Mensaje recibido: request_id=15127
2026-04-06 00:03:45,632 | concert_ticketing.adapters.messaging.rabbitmq.consumer | INFO | Mensaje recibido: request_id=15152
2026-04-06 00:03:45,708 | concert_ticketing.adapters.messaging.rabbitmq.consumer | INFO | Mensaje recibido: request_id=15165
2026-04-06 00:03:45,779 | concert_ticketing.adapters.messaging.rabbitmq.consumer | INFO | Mensaje recibido: request_id=15080
2026-04-06 00:03:45,864 | concert_ticketing.adapters.messaging.rabbitmq.consumer | INFO | Mensaje recibido: request_id=15208
2026-04-06 00:03:45,950 | concert_ticketing.adapters.messaging.rabbitmq.consumer | INFO | Mensaje recibido: request_id=15206
2026-04-06 00:03:46,035 | concert_ticketing.adapters.messaging.rabbitmq.consumer | INFO | Mensaje recibido: request_id=15199
2026-04-06 00:03:46,106 | concert_ticketing.adapters.messaging.rabbitmq.consumer | INFO | Mensaje recibido: request_id=15232
2026-04-06 00:03:46,198 | concert_ticketing.adapters.messaging.rabbitmq.consumer | INFO | Mensaje recibido: request_id=15228
2026-04-06 00:03:46,275 | concert_ticketing.adapters.messaging.rabbitmq.consumer | INFO | Mensaje recibido: request_id=15102
2026-04-06 00:03:46,354 | concert_ticketing.adapters.messaging.rabbitmq.consumer | INFO | Mensaje recibido: request_id=15202
2026-04-06 00:03:46,431 | concert_ticketing.adapters.messaging.rabbitmq.consumer | INFO | Mensaje recibido: request_id=15266
2026-04-06 00:03:46,510 | concert_ticketing.adapters.messaging.rabbitmq.consumer | INFO | Mensaje recibido: request_id=15219
2026-04-06 00:03:46,592 | concert_ticketing.adapters.messaging.rabbitmq.consumer | INFO | Mensaje recibido: request_id=15037
2026-04-06 00:03:46,668 | concert_ticketing.adapters.messaging.rabbitmq.consumer | INFO | Mensaje recibido: request_id=15282
2026-04-06 00:03:46,749 | concert_ticketing.adapters.messaging.rabbitmq.consumer | INFO | Mensaje recibido: request_id=15201
2026-04-06 00:03:46,839 | concert_ticketing.adapters.messaging.rabbitmq.consumer | INFO | Mensaje recibido: request_id=15251
2026-04-06 00:03:46,918 | concert_ticketing.adapters.messaging.rabbitmq.consumer | INFO | Mensaje recibido: request_id=15305
2026-04-06 00:03:46,984 | concert_ticketing.adapters.messaging.rabbitmq.consumer | INFO | Mensaje recibido: request_id=15293
2026-04-06 00:03:47,065 | concert_ticketing.adapters.messaging.rabbitmq.consumer | INFO | Mensaje recibido: request_id=15158
2026-04-06 00:03:47,171 | concert_ticketing.adapters.messaging.rabbitmq.consumer | INFO | Mensaje recibido: request_id=15287
2026-04-06 00:03:47,242 | concert_ticketing.adapters.messaging.rabbitmq.consumer | INFO | Mensaje recibido: request_id=15337
2026-04-06 00:03:47,328 | concert_ticketing.adapters.messaging.rabbitmq.consumer | INFO | Mensaje recibido: request_id=15288
2026-04-06 00:03:47,411 | concert_ticketing.adapters.messaging.rabbitmq.consumer | INFO | Mensaje recibido: request_id=15356
2026-04-06 00:03:47,497 | concert_ticketing.adapters.messaging.rabbitmq.consumer | INFO | Mensaje recibido: request_id=15353
2026-04-06 00:03:47,576 | concert_ticketing.adapters.messaging.rabbitmq.consumer | INFO | Mensaje recibido: request_id=15289
2026-04-06 00:03:47,662 | concert_ticketing.adapters.messaging.rabbitmq.consumer | INFO | Mensaje recibido: request_id=15235
2026-04-06 00:03:47,754 | concert_ticketing.adapters.messaging.rabbitmq.consumer | INFO | Mensaje recibido: request_id=15396
2026-04-06 00:03:47,829 | concert_ticketing.adapters.messaging.rabbitmq.consumer | INFO | Mensaje recibido: request_id=15380
2026-04-06 00:03:47,897 | concert_ticketing.adapters.messaging.rabbitmq.consumer | INFO | Mensaje recibido: request_id=15408
2026-04-06 00:03:47,983 | concert_ticketing.adapters.messaging.rabbitmq.consumer | INFO | Mensaje recibido: request_id=15391
2026-04-06 00:03:48,071 | concert_ticketing.adapters.messaging.rabbitmq.consumer | INFO | Mensaje recibido: request_id=15425
2026-04-06 00:03:48,135 | concert_ticketing.adapters.messaging.rabbitmq.consumer | INFO | Mensaje recibido: request_id=15378
2026-04-06 00:03:48,218 | concert_ticketing.adapters.messaging.rabbitmq.consumer | INFO | Mensaje recibido: request_id=15333
2026-04-06 00:03:48,300 | concert_ticketing.adapters.messaging.rabbitmq.consumer | INFO | Mensaje recibido: request_id=15432
2026-04-06 00:03:48,386 | concert_ticketing.adapters.messaging.rabbitmq.consumer | INFO | Mensaje recibido: request_id=15445
2026-04-06 00:03:48,471 | concert_ticketing.adapters.messaging.rabbitmq.consumer | INFO | Mensaje recibido: request_id=15467
2026-04-06 00:03:48,560 | concert_ticketing.adapters.messaging.rabbitmq.consumer | INFO | Mensaje recibido: request_id=15453
2026-04-06 00:03:48,625 | concert_ticketing.adapters.messaging.rabbitmq.consumer | INFO | Mensaje recibido: request_id=15437
2026-04-06 00:03:48,713 | concert_ticketing.adapters.messaging.rabbitmq.consumer | INFO | Mensaje recibido: request_id=15443
2026-04-06 00:03:48,795 | concert_ticketing.adapters.messaging.rabbitmq.consumer | INFO | Mensaje recibido: request_id=15441
2026-04-06 00:03:48,883 | concert_ticketing.adapters.messaging.rabbitmq.consumer | INFO | Mensaje recibido: request_id=15501
2026-04-06 00:03:48,948 | concert_ticketing.adapters.messaging.rabbitmq.consumer | INFO | Mensaje recibido: request_id=15418
2026-04-06 00:03:49,024 | concert_ticketing.adapters.messaging.rabbitmq.consumer | INFO | Mensaje recibido: request_id=15513
2026-04-06 00:03:49,104 | concert_ticketing.adapters.messaging.rabbitmq.consumer | INFO | Mensaje recibido: request_id=15483
2026-04-06 00:03:49,189 | concert_ticketing.adapters.messaging.rabbitmq.consumer | INFO | Mensaje recibido: request_id=15538
2026-04-06 00:03:49,283 | concert_ticketing.adapters.messaging.rabbitmq.consumer | INFO | Mensaje recibido: request_id=15525
2026-04-06 00:03:49,354 | concert_ticketing.adapters.messaging.rabbitmq.consumer | INFO | Mensaje recibido: request_id=15535
2026-04-06 00:03:49,444 | concert_ticketing.adapters.messaging.rabbitmq.consumer | INFO | Mensaje recibido: request_id=15505
2026-04-06 00:03:49,542 | concert_ticketing.adapters.messaging.rabbitmq.consumer | INFO | Mensaje recibido: request_id=15571
2026-04-06 00:03:49,619 | concert_ticketing.adapters.messaging.rabbitmq.consumer | INFO | Mensaje recibido: request_id=15562
2026-04-06 00:03:49,724 | concert_ticketing.adapters.messaging.rabbitmq.consumer | INFO | Mensaje recibido: request_id=15577
2026-04-06 00:03:49,835 | concert_ticketing.adapters.messaging.rabbitmq.consumer | INFO | Mensaje recibido: request_id=15552
2026-04-06 00:03:49,930 | concert_ticketing.adapters.messaging.rabbitmq.consumer | INFO | Mensaje recibido: request_id=15601
2026-04-06 00:03:50,034 | concert_ticketing.adapters.messaging.rabbitmq.consumer | INFO | Mensaje recibido: request_id=15590
2026-04-06 00:03:50,171 | concert_ticketing.adapters.messaging.rabbitmq.consumer | INFO | Mensaje recibido: request_id=15619
2026-04-06 00:03:50,263 | concert_ticketing.adapters.messaging.rabbitmq.consumer | INFO | Mensaje recibido: request_id=15626
2026-04-06 00:03:50,357 | concert_ticketing.adapters.messaging.rabbitmq.consumer | INFO | Mensaje recibido: request_id=15633
2026-04-06 00:03:50,429 | concert_ticketing.adapters.messaging.rabbitmq.consumer | INFO | Mensaje recibido: request_id=15607
2026-04-06 00:03:50,527 | concert_ticketing.adapters.messaging.rabbitmq.consumer | INFO | Mensaje recibido: request_id=15470
2026-04-06 00:03:50,652 | concert_ticketing.adapters.messaging.rabbitmq.consumer | INFO | Mensaje recibido: request_id=15628
2026-04-06 00:03:50,750 | concert_ticketing.adapters.messaging.rabbitmq.consumer | INFO | Mensaje recibido: request_id=15563
2026-04-06 00:03:50,815 | concert_ticketing.adapters.messaging.rabbitmq.consumer | INFO | Mensaje recibido: request_id=15661
2026-04-06 00:03:50,893 | concert_ticketing.adapters.messaging.rabbitmq.consumer | INFO | Mensaje recibido: request_id=15673
2026-04-06 00:03:50,967 | concert_ticketing.adapters.messaging.rabbitmq.consumer | INFO | Mensaje recibido: request_id=15687
2026-04-06 00:03:51,045 | concert_ticketing.adapters.messaging.rabbitmq.consumer | INFO | Mensaje recibido: request_id=15620
2026-04-06 00:03:51,122 | concert_ticketing.adapters.messaging.rabbitmq.consumer | INFO | Mensaje recibido: request_id=15688
2026-04-06 00:03:51,213 | concert_ticketing.adapters.messaging.rabbitmq.consumer | INFO | Mensaje recibido: request_id=15648
2026-04-06 00:03:51,300 | concert_ticketing.adapters.messaging.rabbitmq.consumer | INFO | Mensaje recibido: request_id=15713
2026-04-06 00:03:51,384 | concert_ticketing.adapters.messaging.rabbitmq.consumer | INFO | Mensaje recibido: request_id=15731
2026-04-06 00:03:51,461 | concert_ticketing.adapters.messaging.rabbitmq.consumer | INFO | Mensaje recibido: request_id=15662
2026-04-06 00:03:51,541 | concert_ticketing.adapters.messaging.rabbitmq.consumer | INFO | Mensaje recibido: request_id=15658
2026-04-06 00:03:51,623 | concert_ticketing.adapters.messaging.rabbitmq.consumer | INFO | Mensaje recibido: request_id=15755
2026-04-06 00:03:51,691 | concert_ticketing.adapters.messaging.rabbitmq.consumer | INFO | Mensaje recibido: request_id=15708
2026-04-06 00:03:51,758 | concert_ticketing.adapters.messaging.rabbitmq.consumer | INFO | Mensaje recibido: request_id=15769
2026-04-06 00:03:51,856 | concert_ticketing.adapters.messaging.rabbitmq.consumer | INFO | Mensaje recibido: request_id=15779
2026-04-06 00:03:51,949 | concert_ticketing.adapters.messaging.rabbitmq.consumer | INFO | Mensaje recibido: request_id=15786
2026-04-06 00:03:52,020 | concert_ticketing.adapters.messaging.rabbitmq.consumer | INFO | Mensaje recibido: request_id=15569
2026-04-06 00:03:52,094 | concert_ticketing.adapters.messaging.rabbitmq.consumer | INFO | Mensaje recibido: request_id=15781
2026-04-06 00:03:52,166 | concert_ticketing.adapters.messaging.rabbitmq.consumer | INFO | Mensaje recibido: request_id=15720
2026-04-06 00:03:52,244 | concert_ticketing.adapters.messaging.rabbitmq.consumer | INFO | Mensaje recibido: request_id=15806
2026-04-06 00:03:52,335 | concert_ticketing.adapters.messaging.rabbitmq.consumer | INFO | Mensaje recibido: request_id=15725
2026-04-06 00:03:52,411 | concert_ticketing.adapters.messaging.rabbitmq.consumer | INFO | Mensaje recibido: request_id=15672
2026-04-06 00:03:52,493 | concert_ticketing.adapters.messaging.rabbitmq.consumer | INFO | Mensaje recibido: request_id=15710
2026-04-06 00:03:52,580 | concert_ticketing.adapters.messaging.rabbitmq.consumer | INFO | Mensaje recibido: request_id=15815
2026-04-06 00:03:52,673 | concert_ticketing.adapters.messaging.rabbitmq.consumer | INFO | Mensaje recibido: request_id=15801
2026-04-06 00:03:52,742 | concert_ticketing.adapters.messaging.rabbitmq.consumer | INFO | Mensaje recibido: request_id=15864
2026-04-06 00:03:52,832 | concert_ticketing.adapters.messaging.rabbitmq.consumer | INFO | Mensaje recibido: request_id=15856
2026-04-06 00:03:52,911 | concert_ticketing.adapters.messaging.rabbitmq.consumer | INFO | Mensaje recibido: request_id=15849
2026-04-06 00:03:52,995 | concert_ticketing.adapters.messaging.rabbitmq.consumer | INFO | Mensaje recibido: request_id=15813
2026-04-06 00:03:53,096 | concert_ticketing.adapters.messaging.rabbitmq.consumer | INFO | Mensaje recibido: request_id=15800
2026-04-06 00:03:53,173 | concert_ticketing.adapters.messaging.rabbitmq.consumer | INFO | Mensaje recibido: request_id=15900
2026-04-06 00:03:53,264 | concert_ticketing.adapters.messaging.rabbitmq.consumer | INFO | Mensaje recibido: request_id=15914
2026-04-06 00:03:53,350 | concert_ticketing.adapters.messaging.rabbitmq.consumer | INFO | Mensaje recibido: request_id=15837
2026-04-06 00:03:53,445 | concert_ticketing.adapters.messaging.rabbitmq.consumer | INFO | Mensaje recibido: request_id=15876
2026-04-06 00:03:53,525 | concert_ticketing.adapters.messaging.rabbitmq.consumer | INFO | Mensaje recibido: request_id=15865
2026-04-06 00:03:53,595 | concert_ticketing.adapters.messaging.rabbitmq.consumer | INFO | Mensaje recibido: request_id=15858
2026-04-06 00:03:53,675 | concert_ticketing.adapters.messaging.rabbitmq.consumer | INFO | Mensaje recibido: request_id=15934
2026-04-06 00:03:53,766 | concert_ticketing.adapters.messaging.rabbitmq.consumer | INFO | Mensaje recibido: request_id=15951
2026-04-06 00:03:53,850 | concert_ticketing.adapters.messaging.rabbitmq.consumer | INFO | Mensaje recibido: request_id=15971
2026-04-06 00:03:53,920 | concert_ticketing.adapters.messaging.rabbitmq.consumer | INFO | Mensaje recibido: request_id=15890
2026-04-06 00:03:54,004 | concert_ticketing.adapters.messaging.rabbitmq.consumer | INFO | Mensaje recibido: request_id=15985
2026-04-06 00:03:54,085 | concert_ticketing.adapters.messaging.rabbitmq.consumer | INFO | Mensaje recibido: request_id=15834
2026-04-06 00:03:54,162 | concert_ticketing.adapters.messaging.rabbitmq.consumer | INFO | Mensaje recibido: request_id=16001
2026-04-06 00:03:54,238 | concert_ticketing.adapters.messaging.rabbitmq.consumer | INFO | Mensaje recibido: request_id=16002
2026-04-06 00:03:54,315 | concert_ticketing.adapters.messaging.rabbitmq.consumer | INFO | Mensaje recibido: request_id=15986
2026-04-06 00:03:54,395 | concert_ticketing.adapters.messaging.rabbitmq.consumer | INFO | Mensaje recibido: request_id=15991
2026-04-06 00:03:54,472 | concert_ticketing.adapters.messaging.rabbitmq.consumer | INFO | Mensaje recibido: request_id=16033
2026-04-06 00:03:54,550 | concert_ticketing.adapters.messaging.rabbitmq.consumer | INFO | Mensaje recibido: request_id=15915
2026-04-06 00:03:54,616 | concert_ticketing.adapters.messaging.rabbitmq.consumer | INFO | Mensaje recibido: request_id=16031
2026-04-06 00:03:54,701 | concert_ticketing.adapters.messaging.rabbitmq.consumer | INFO | Mensaje recibido: request_id=16052
2026-04-06 00:03:54,802 | concert_ticketing.adapters.messaging.rabbitmq.consumer | INFO | Mensaje recibido: request_id=16066
2026-04-06 00:03:54,871 | concert_ticketing.adapters.messaging.rabbitmq.consumer | INFO | Mensaje recibido: request_id=16073
2026-04-06 00:03:54,941 | concert_ticketing.adapters.messaging.rabbitmq.consumer | INFO | Mensaje recibido: request_id=16053
2026-04-06 00:03:55,036 | concert_ticketing.adapters.messaging.rabbitmq.consumer | INFO | Mensaje recibido: request_id=16054
2026-04-06 00:03:55,121 | concert_ticketing.adapters.messaging.rabbitmq.consumer | INFO | Mensaje recibido: request_id=16044
2026-04-06 00:03:55,209 | concert_ticketing.adapters.messaging.rabbitmq.consumer | INFO | Mensaje recibido: request_id=16106
2026-04-06 00:03:55,289 | concert_ticketing.adapters.messaging.rabbitmq.consumer | INFO | Mensaje recibido: request_id=16101
2026-04-06 00:03:55,356 | concert_ticketing.adapters.messaging.rabbitmq.consumer | INFO | Mensaje recibido: request_id=16108
2026-04-06 00:03:55,446 | concert_ticketing.adapters.messaging.rabbitmq.consumer | INFO | Mensaje recibido: request_id=16131
2026-04-06 00:03:55,524 | concert_ticketing.adapters.messaging.rabbitmq.consumer | INFO | Mensaje recibido: request_id=16138
2026-04-06 00:03:55,589 | concert_ticketing.adapters.messaging.rabbitmq.consumer | INFO | Mensaje recibido: request_id=16144
2026-04-06 00:03:55,673 | concert_ticketing.adapters.messaging.rabbitmq.consumer | INFO | Mensaje recibido: request_id=16063
2026-04-06 00:03:55,761 | concert_ticketing.adapters.messaging.rabbitmq.consumer | INFO | Mensaje recibido: request_id=16151
2026-04-06 00:03:55,839 | concert_ticketing.adapters.messaging.rabbitmq.consumer | INFO | Mensaje recibido: request_id=16111
2026-04-06 00:03:55,921 | concert_ticketing.adapters.messaging.rabbitmq.consumer | INFO | Mensaje recibido: request_id=16178
2026-04-06 00:03:55,979 | concert_ticketing.adapters.messaging.rabbitmq.consumer | INFO | Mensaje recibido: request_id=16183
2026-04-06 00:03:56,067 | concert_ticketing.adapters.messaging.rabbitmq.consumer | INFO | Mensaje recibido: request_id=16179
2026-04-06 00:03:56,144 | concert_ticketing.adapters.messaging.rabbitmq.consumer | INFO | Mensaje recibido: request_id=16125
2026-04-06 00:03:56,256 | concert_ticketing.adapters.messaging.rabbitmq.consumer | INFO | Mensaje recibido: request_id=16211
2026-04-06 00:03:56,342 | concert_ticketing.adapters.messaging.rabbitmq.consumer | INFO | Mensaje recibido: request_id=16199
2026-04-06 00:03:56,417 | concert_ticketing.adapters.messaging.rabbitmq.consumer | INFO | Mensaje recibido: request_id=16193
2026-04-06 00:03:56,494 | concert_ticketing.adapters.messaging.rabbitmq.consumer | INFO | Mensaje recibido: request_id=16219
2026-04-06 00:03:56,563 | concert_ticketing.adapters.messaging.rabbitmq.consumer | INFO | Mensaje recibido: request_id=16241
2026-04-06 00:03:56,639 | concert_ticketing.adapters.messaging.rabbitmq.consumer | INFO | Mensaje recibido: request_id=16237
2026-04-06 00:03:56,731 | concert_ticketing.adapters.messaging.rabbitmq.consumer | INFO | Mensaje recibido: request_id=16258
2026-04-06 00:03:56,792 | concert_ticketing.adapters.messaging.rabbitmq.consumer | INFO | Mensaje recibido: request_id=16254
2026-04-06 00:03:56,893 | concert_ticketing.adapters.messaging.rabbitmq.consumer | INFO | Mensaje recibido: request_id=16229
2026-04-06 00:03:56,967 | concert_ticketing.adapters.messaging.rabbitmq.consumer | INFO | Mensaje recibido: request_id=16275
2026-04-06 00:03:57,067 | concert_ticketing.adapters.messaging.rabbitmq.consumer | INFO | Mensaje recibido: request_id=16216
2026-04-06 00:03:57,152 | concert_ticketing.adapters.messaging.rabbitmq.consumer | INFO | Mensaje recibido: request_id=16299
2026-04-06 00:03:57,237 | concert_ticketing.adapters.messaging.rabbitmq.consumer | INFO | Mensaje recibido: request_id=16306
2026-04-06 00:03:57,315 | concert_ticketing.adapters.messaging.rabbitmq.consumer | INFO | Mensaje recibido: request_id=16283
2026-04-06 00:03:57,395 | concert_ticketing.adapters.messaging.rabbitmq.consumer | INFO | Mensaje recibido: request_id=16314
2026-04-06 00:03:57,480 | concert_ticketing.adapters.messaging.rabbitmq.consumer | INFO | Mensaje recibido: request_id=16292
2026-04-06 00:03:57,583 | concert_ticketing.adapters.messaging.rabbitmq.consumer | INFO | Mensaje recibido: request_id=16303
2026-04-06 00:03:57,657 | concert_ticketing.adapters.messaging.rabbitmq.consumer | INFO | Mensaje recibido: request_id=16267
2026-04-06 00:03:57,742 | concert_ticketing.adapters.messaging.rabbitmq.consumer | INFO | Mensaje recibido: request_id=16335
2026-04-06 00:03:57,821 | concert_ticketing.adapters.messaging.rabbitmq.consumer | INFO | Mensaje recibido: request_id=16340
2026-04-06 00:03:57,913 | concert_ticketing.adapters.messaging.rabbitmq.consumer | INFO | Mensaje recibido: request_id=16356
2026-04-06 00:03:57,995 | concert_ticketing.adapters.messaging.rabbitmq.consumer | INFO | Mensaje recibido: request_id=16344
2026-04-06 00:03:58,056 | concert_ticketing.adapters.messaging.rabbitmq.consumer | INFO | Mensaje recibido: request_id=16374
2026-04-06 00:03:58,145 | concert_ticketing.adapters.messaging.rabbitmq.consumer | INFO | Mensaje recibido: request_id=16190
2026-04-06 00:03:58,214 | concert_ticketing.adapters.messaging.rabbitmq.consumer | INFO | Mensaje recibido: request_id=16377
2026-04-06 00:03:58,298 | concert_ticketing.adapters.messaging.rabbitmq.consumer | INFO | Mensaje recibido: request_id=16409
2026-04-06 00:03:58,375 | concert_ticketing.adapters.messaging.rabbitmq.consumer | INFO | Mensaje recibido: request_id=16305
2026-04-06 00:03:58,464 | concert_ticketing.adapters.messaging.rabbitmq.consumer | INFO | Mensaje recibido: request_id=16419
2026-04-06 00:03:58,548 | concert_ticketing.adapters.messaging.rabbitmq.consumer | INFO | Mensaje recibido: request_id=16434
2026-04-06 00:03:58,636 | concert_ticketing.adapters.messaging.rabbitmq.consumer | INFO | Mensaje recibido: request_id=16435
2026-04-06 00:03:58,722 | concert_ticketing.adapters.messaging.rabbitmq.consumer | INFO | Mensaje recibido: request_id=16450
2026-04-06 00:03:58,795 | concert_ticketing.adapters.messaging.rabbitmq.consumer | INFO | Mensaje recibido: request_id=16440
2026-04-06 00:03:58,863 | concert_ticketing.adapters.messaging.rabbitmq.consumer | INFO | Mensaje recibido: request_id=16465
2026-04-06 00:03:58,950 | concert_ticketing.adapters.messaging.rabbitmq.consumer | INFO | Mensaje recibido: request_id=16380
2026-04-06 00:03:59,037 | concert_ticketing.adapters.messaging.rabbitmq.consumer | INFO | Mensaje recibido: request_id=16153
2026-04-06 00:03:59,113 | concert_ticketing.adapters.messaging.rabbitmq.consumer | INFO | Mensaje recibido: request_id=16490
2026-04-06 00:03:59,196 | concert_ticketing.adapters.messaging.rabbitmq.consumer | INFO | Mensaje recibido: request_id=16488
2026-04-06 00:03:59,263 | concert_ticketing.adapters.messaging.rabbitmq.consumer | INFO | Mensaje recibido: request_id=16449
2026-04-06 00:03:59,332 | concert_ticketing.adapters.messaging.rabbitmq.consumer | INFO | Mensaje recibido: request_id=16502
2026-04-06 00:03:59,424 | concert_ticketing.adapters.messaging.rabbitmq.consumer | INFO | Mensaje recibido: request_id=16497
2026-04-06 00:03:59,502 | concert_ticketing.adapters.messaging.rabbitmq.consumer | INFO | Mensaje recibido: request_id=16529
2026-04-06 00:03:59,598 | concert_ticketing.adapters.messaging.rabbitmq.consumer | INFO | Mensaje recibido: request_id=16518
2026-04-06 00:03:59,695 | concert_ticketing.adapters.messaging.rabbitmq.consumer | INFO | Mensaje recibido: request_id=16507
2026-04-06 00:03:59,779 | concert_ticketing.adapters.messaging.rabbitmq.consumer | INFO | Mensaje recibido: request_id=16487
2026-04-06 00:03:59,863 | concert_ticketing.adapters.messaging.rabbitmq.consumer | INFO | Mensaje recibido: request_id=16512
2026-04-06 00:03:59,953 | concert_ticketing.adapters.messaging.rabbitmq.consumer | INFO | Mensaje recibido: request_id=16541
2026-04-06 00:04:00,036 | concert_ticketing.adapters.messaging.rabbitmq.consumer | INFO | Mensaje recibido: request_id=16570
2026-04-06 00:04:00,120 | concert_ticketing.adapters.messaging.rabbitmq.consumer | INFO | Mensaje recibido: request_id=16517
2026-04-06 00:04:00,215 | concert_ticketing.adapters.messaging.rabbitmq.consumer | INFO | Mensaje recibido: request_id=16534
2026-04-06 00:04:00,300 | concert_ticketing.adapters.messaging.rabbitmq.consumer | INFO | Mensaje recibido: request_id=16588
2026-04-06 00:04:00,390 | concert_ticketing.adapters.messaging.rabbitmq.consumer | INFO | Mensaje recibido: request_id=16479
2026-04-06 00:04:00,459 | concert_ticketing.adapters.messaging.rabbitmq.consumer | INFO | Mensaje recibido: request_id=16600
2026-04-06 00:04:00,563 | concert_ticketing.adapters.messaging.rabbitmq.consumer | INFO | Mensaje recibido: request_id=16568
2026-04-06 00:04:00,641 | concert_ticketing.adapters.messaging.rabbitmq.consumer | INFO | Mensaje recibido: request_id=16621
2026-04-06 00:04:00,728 | concert_ticketing.adapters.messaging.rabbitmq.consumer | INFO | Mensaje recibido: request_id=16583
2026-04-06 00:04:00,821 | concert_ticketing.adapters.messaging.rabbitmq.consumer | INFO | Mensaje recibido: request_id=16642
2026-04-06 00:04:00,931 | concert_ticketing.adapters.messaging.rabbitmq.consumer | INFO | Mensaje recibido: request_id=16652
2026-04-06 00:04:01,013 | concert_ticketing.adapters.messaging.rabbitmq.consumer | INFO | Mensaje recibido: request_id=16639
2026-04-06 00:04:01,119 | concert_ticketing.adapters.messaging.rabbitmq.consumer | INFO | Mensaje recibido: request_id=16586
2026-04-06 00:04:01,216 | concert_ticketing.adapters.messaging.rabbitmq.consumer | INFO | Mensaje recibido: request_id=16672
2026-04-06 00:04:01,331 | concert_ticketing.adapters.messaging.rabbitmq.consumer | INFO | Mensaje recibido: request_id=16662
2026-04-06 00:04:01,449 | concert_ticketing.adapters.messaging.rabbitmq.consumer | INFO | Mensaje recibido: request_id=16664
2026-04-06 00:04:01,574 | concert_ticketing.adapters.messaging.rabbitmq.consumer | INFO | Mensaje recibido: request_id=16689
2026-04-06 00:04:01,688 | concert_ticketing.adapters.messaging.rabbitmq.consumer | INFO | Mensaje recibido: request_id=16632
2026-04-06 00:04:01,805 | concert_ticketing.adapters.messaging.rabbitmq.consumer | INFO | Mensaje recibido: request_id=16714
2026-04-06 00:04:01,866 | concert_ticketing.adapters.messaging.rabbitmq.consumer | INFO | Mensaje recibido: request_id=16723
2026-04-06 00:04:01,955 | concert_ticketing.adapters.messaging.rabbitmq.consumer | INFO | Mensaje recibido: request_id=16645
2026-04-06 00:04:02,034 | concert_ticketing.adapters.messaging.rabbitmq.consumer | INFO | Mensaje recibido: request_id=16644
2026-04-06 00:04:02,131 | concert_ticketing.adapters.messaging.rabbitmq.consumer | INFO | Mensaje recibido: request_id=16747
2026-04-06 00:04:02,223 | concert_ticketing.adapters.messaging.rabbitmq.consumer | INFO | Mensaje recibido: request_id=16752
2026-04-06 00:04:02,311 | concert_ticketing.adapters.messaging.rabbitmq.consumer | INFO | Mensaje recibido: request_id=16745
2026-04-06 00:04:02,390 | concert_ticketing.adapters.messaging.rabbitmq.consumer | INFO | Mensaje recibido: request_id=16636
2026-04-06 00:04:02,471 | concert_ticketing.adapters.messaging.rabbitmq.consumer | INFO | Mensaje recibido: request_id=16744
2026-04-06 00:04:02,564 | concert_ticketing.adapters.messaging.rabbitmq.consumer | INFO | Mensaje recibido: request_id=16784
2026-04-06 00:04:02,646 | concert_ticketing.adapters.messaging.rabbitmq.consumer | INFO | Mensaje recibido: request_id=16779
2026-04-06 00:04:02,738 | concert_ticketing.adapters.messaging.rabbitmq.consumer | INFO | Mensaje recibido: request_id=16707
2026-04-06 00:04:02,831 | concert_ticketing.adapters.messaging.rabbitmq.consumer | INFO | Mensaje recibido: request_id=16684
2026-04-06 00:04:02,904 | concert_ticketing.adapters.messaging.rabbitmq.consumer | INFO | Mensaje recibido: request_id=16819
2026-04-06 00:04:03,002 | concert_ticketing.adapters.messaging.rabbitmq.consumer | INFO | Mensaje recibido: request_id=16824
2026-04-06 00:04:03,075 | concert_ticketing.adapters.messaging.rabbitmq.consumer | INFO | Mensaje recibido: request_id=16789
2026-04-06 00:04:03,162 | concert_ticketing.adapters.messaging.rabbitmq.consumer | INFO | Mensaje recibido: request_id=16798
2026-04-06 00:04:03,237 | concert_ticketing.adapters.messaging.rabbitmq.consumer | INFO | Mensaje recibido: request_id=16836
2026-04-06 00:04:03,321 | concert_ticketing.adapters.messaging.rabbitmq.consumer | INFO | Mensaje recibido: request_id=16863
2026-04-06 00:04:03,404 | concert_ticketing.adapters.messaging.rabbitmq.consumer | INFO | Mensaje recibido: request_id=16867
2026-04-06 00:04:03,491 | concert_ticketing.adapters.messaging.rabbitmq.consumer | INFO | Mensaje recibido: request_id=16777
2026-04-06 00:04:03,564 | concert_ticketing.adapters.messaging.rabbitmq.consumer | INFO | Mensaje recibido: request_id=16883
2026-04-06 00:04:03,644 | concert_ticketing.adapters.messaging.rabbitmq.consumer | INFO | Mensaje recibido: request_id=16842
2026-04-06 00:04:03,714 | concert_ticketing.adapters.messaging.rabbitmq.consumer | INFO | Mensaje recibido: request_id=16775
2026-04-06 00:04:03,789 | concert_ticketing.adapters.messaging.rabbitmq.consumer | INFO | Mensaje recibido: request_id=16901
2026-04-06 00:04:03,867 | concert_ticketing.adapters.messaging.rabbitmq.consumer | INFO | Mensaje recibido: request_id=16865
2026-04-06 00:04:03,946 | concert_ticketing.adapters.messaging.rabbitmq.consumer | INFO | Mensaje recibido: request_id=16703
2026-04-06 00:04:04,032 | concert_ticketing.adapters.messaging.rabbitmq.consumer | INFO | Mensaje recibido: request_id=16859
2026-04-06 00:04:04,111 | concert_ticketing.adapters.messaging.rabbitmq.consumer | INFO | Mensaje recibido: request_id=16945
2026-04-06 00:04:04,210 | concert_ticketing.adapters.messaging.rabbitmq.consumer | INFO | Mensaje recibido: request_id=16905
2026-04-06 00:04:04,273 | concert_ticketing.adapters.messaging.rabbitmq.consumer | INFO | Mensaje recibido: request_id=16860
2026-04-06 00:04:04,348 | concert_ticketing.adapters.messaging.rabbitmq.consumer | INFO | Mensaje recibido: request_id=16956
2026-04-06 00:04:04,428 | concert_ticketing.adapters.messaging.rabbitmq.consumer | INFO | Mensaje recibido: request_id=16962
2026-04-06 00:04:04,519 | concert_ticketing.adapters.messaging.rabbitmq.consumer | INFO | Mensaje recibido: request_id=16931
2026-04-06 00:04:04,598 | concert_ticketing.adapters.messaging.rabbitmq.consumer | INFO | Mensaje recibido: request_id=16971
2026-04-06 00:04:04,682 | concert_ticketing.adapters.messaging.rabbitmq.consumer | INFO | Mensaje recibido: request_id=16995
2026-04-06 00:04:04,775 | concert_ticketing.adapters.messaging.rabbitmq.consumer | INFO | Mensaje recibido: request_id=17012
2026-04-06 00:04:04,853 | concert_ticketing.adapters.messaging.rabbitmq.consumer | INFO | Mensaje recibido: request_id=16999
2026-04-06 00:04:04,950 | concert_ticketing.adapters.messaging.rabbitmq.consumer | INFO | Mensaje recibido: request_id=17011
2026-04-06 00:04:05,019 | concert_ticketing.adapters.messaging.rabbitmq.consumer | INFO | Mensaje recibido: request_id=17014
2026-04-06 00:04:05,080 | concert_ticketing.adapters.messaging.rabbitmq.consumer | INFO | Mensaje recibido: request_id=16984
2026-04-06 00:04:05,163 | concert_ticketing.adapters.messaging.rabbitmq.consumer | INFO | Mensaje recibido: request_id=17047
2026-04-06 00:04:05,250 | concert_ticketing.adapters.messaging.rabbitmq.consumer | INFO | Mensaje recibido: request_id=17029
2026-04-06 00:04:05,338 | concert_ticketing.adapters.messaging.rabbitmq.consumer | INFO | Mensaje recibido: request_id=17064
2026-04-06 00:04:05,418 | concert_ticketing.adapters.messaging.rabbitmq.consumer | INFO | Mensaje recibido: request_id=16982
2026-04-06 00:04:05,508 | concert_ticketing.adapters.messaging.rabbitmq.consumer | INFO | Mensaje recibido: request_id=17074
2026-04-06 00:04:05,575 | concert_ticketing.adapters.messaging.rabbitmq.consumer | INFO | Mensaje recibido: request_id=16864
2026-04-06 00:04:05,654 | concert_ticketing.adapters.messaging.rabbitmq.consumer | INFO | Mensaje recibido: request_id=17090
2026-04-06 00:04:05,722 | concert_ticketing.adapters.messaging.rabbitmq.consumer | INFO | Mensaje recibido: request_id=17097
2026-04-06 00:04:05,806 | concert_ticketing.adapters.messaging.rabbitmq.consumer | INFO | Mensaje recibido: request_id=17069
2026-04-06 00:04:05,864 | concert_ticketing.adapters.messaging.rabbitmq.consumer | INFO | Mensaje recibido: request_id=17114
2026-04-06 00:04:05,962 | concert_ticketing.adapters.messaging.rabbitmq.consumer | INFO | Mensaje recibido: request_id=17120
2026-04-06 00:04:06,029 | concert_ticketing.adapters.messaging.rabbitmq.consumer | INFO | Mensaje recibido: request_id=16991
2026-04-06 00:04:06,113 | concert_ticketing.adapters.messaging.rabbitmq.consumer | INFO | Mensaje recibido: request_id=17145
2026-04-06 00:04:06,188 | concert_ticketing.adapters.messaging.rabbitmq.consumer | INFO | Mensaje recibido: request_id=17095
2026-04-06 00:04:06,275 | concert_ticketing.adapters.messaging.rabbitmq.consumer | INFO | Mensaje recibido: request_id=17162
2026-04-06 00:04:06,361 | concert_ticketing.adapters.messaging.rabbitmq.consumer | INFO | Mensaje recibido: request_id=17171
2026-04-06 00:04:06,441 | concert_ticketing.adapters.messaging.rabbitmq.consumer | INFO | Mensaje recibido: request_id=17148
2026-04-06 00:04:06,525 | concert_ticketing.adapters.messaging.rabbitmq.consumer | INFO | Mensaje recibido: request_id=17152
2026-04-06 00:04:06,614 | concert_ticketing.adapters.messaging.rabbitmq.consumer | INFO | Mensaje recibido: request_id=17037
2026-04-06 00:04:06,679 | concert_ticketing.adapters.messaging.rabbitmq.consumer | INFO | Mensaje recibido: request_id=17192
2026-04-06 00:04:06,738 | concert_ticketing.adapters.messaging.rabbitmq.consumer | INFO | Mensaje recibido: request_id=17156
2026-04-06 00:04:06,822 | concert_ticketing.adapters.messaging.rabbitmq.consumer | INFO | Mensaje recibido: request_id=17206
2026-04-06 00:04:06,910 | concert_ticketing.adapters.messaging.rabbitmq.consumer | INFO | Mensaje recibido: request_id=17187
2026-04-06 00:04:06,986 | concert_ticketing.adapters.messaging.rabbitmq.consumer | INFO | Mensaje recibido: request_id=17226
2026-04-06 00:04:07,070 | concert_ticketing.adapters.messaging.rabbitmq.consumer | INFO | Mensaje recibido: request_id=17225
2026-04-06 00:04:07,141 | concert_ticketing.adapters.messaging.rabbitmq.consumer | INFO | Mensaje recibido: request_id=17208
2026-04-06 00:04:07,242 | concert_ticketing.adapters.messaging.rabbitmq.consumer | INFO | Mensaje recibido: request_id=17214
2026-04-06 00:04:07,310 | concert_ticketing.adapters.messaging.rabbitmq.consumer | INFO | Mensaje recibido: request_id=17195
2026-04-06 00:04:07,395 | concert_ticketing.adapters.messaging.rabbitmq.consumer | INFO | Mensaje recibido: request_id=17121
2026-04-06 00:04:07,474 | concert_ticketing.adapters.messaging.rabbitmq.consumer | INFO | Mensaje recibido: request_id=17257
2026-04-06 00:04:07,557 | concert_ticketing.adapters.messaging.rabbitmq.consumer | INFO | Mensaje recibido: request_id=17283
2026-04-06 00:04:07,635 | concert_ticketing.adapters.messaging.rabbitmq.consumer | INFO | Mensaje recibido: request_id=17281
2026-04-06 00:04:07,700 | concert_ticketing.adapters.messaging.rabbitmq.consumer | INFO | Mensaje recibido: request_id=17297
2026-04-06 00:04:07,773 | concert_ticketing.adapters.messaging.rabbitmq.consumer | INFO | Mensaje recibido: request_id=17272
2026-04-06 00:04:07,872 | concert_ticketing.adapters.messaging.rabbitmq.consumer | INFO | Mensaje recibido: request_id=17244
2026-04-06 00:04:07,950 | concert_ticketing.adapters.messaging.rabbitmq.consumer | INFO | Mensaje recibido: request_id=17330
2026-04-06 00:04:08,023 | concert_ticketing.adapters.messaging.rabbitmq.consumer | INFO | Mensaje recibido: request_id=17331
2026-04-06 00:04:08,099 | concert_ticketing.adapters.messaging.rabbitmq.consumer | INFO | Mensaje recibido: request_id=17323
2026-04-06 00:04:08,179 | concert_ticketing.adapters.messaging.rabbitmq.consumer | INFO | Mensaje recibido: request_id=17353
2026-04-06 00:04:08,256 | concert_ticketing.adapters.messaging.rabbitmq.consumer | INFO | Mensaje recibido: request_id=17361
2026-04-06 00:04:08,339 | concert_ticketing.adapters.messaging.rabbitmq.consumer | INFO | Mensaje recibido: request_id=17270
2026-04-06 00:04:08,417 | concert_ticketing.adapters.messaging.rabbitmq.consumer | INFO | Mensaje recibido: request_id=17360
2026-04-06 00:04:08,497 | concert_ticketing.adapters.messaging.rabbitmq.consumer | INFO | Mensaje recibido: request_id=17386
2026-04-06 00:04:08,578 | concert_ticketing.adapters.messaging.rabbitmq.consumer | INFO | Mensaje recibido: request_id=17387
2026-04-06 00:04:08,662 | concert_ticketing.adapters.messaging.rabbitmq.consumer | INFO | Mensaje recibido: request_id=17372
2026-04-06 00:04:08,753 | concert_ticketing.adapters.messaging.rabbitmq.consumer | INFO | Mensaje recibido: request_id=17403
2026-04-06 00:04:08,837 | concert_ticketing.adapters.messaging.rabbitmq.consumer | INFO | Mensaje recibido: request_id=17419
2026-04-06 00:04:08,912 | concert_ticketing.adapters.messaging.rabbitmq.consumer | INFO | Mensaje recibido: request_id=17289
2026-04-06 00:04:08,990 | concert_ticketing.adapters.messaging.rabbitmq.consumer | INFO | Mensaje recibido: request_id=17425
2026-04-06 00:04:09,091 | concert_ticketing.adapters.messaging.rabbitmq.consumer | INFO | Mensaje recibido: request_id=17441
2026-04-06 00:04:09,183 | concert_ticketing.adapters.messaging.rabbitmq.consumer | INFO | Mensaje recibido: request_id=17443
2026-04-06 00:04:09,254 | concert_ticketing.adapters.messaging.rabbitmq.consumer | INFO | Mensaje recibido: request_id=17450
2026-04-06 00:04:09,356 | concert_ticketing.adapters.messaging.rabbitmq.consumer | INFO | Mensaje recibido: request_id=17455
2026-04-06 00:04:09,432 | concert_ticketing.adapters.messaging.rabbitmq.consumer | INFO | Mensaje recibido: request_id=17474
2026-04-06 00:04:09,514 | concert_ticketing.adapters.messaging.rabbitmq.consumer | INFO | Mensaje recibido: request_id=17472
2026-04-06 00:04:09,600 | concert_ticketing.adapters.messaging.rabbitmq.consumer | INFO | Mensaje recibido: request_id=17371
2026-04-06 00:04:09,665 | concert_ticketing.adapters.messaging.rabbitmq.consumer | INFO | Mensaje recibido: request_id=17466
2026-04-06 00:04:09,749 | concert_ticketing.adapters.messaging.rabbitmq.consumer | INFO | Mensaje recibido: request_id=17489
2026-04-06 00:04:09,827 | concert_ticketing.adapters.messaging.rabbitmq.consumer | INFO | Mensaje recibido: request_id=17483
2026-04-06 00:04:09,898 | concert_ticketing.adapters.messaging.rabbitmq.consumer | INFO | Mensaje recibido: request_id=17407
2026-04-06 00:04:09,993 | concert_ticketing.adapters.messaging.rabbitmq.consumer | INFO | Mensaje recibido: request_id=17442
2026-04-06 00:04:10,072 | concert_ticketing.adapters.messaging.rabbitmq.consumer | INFO | Mensaje recibido: request_id=17499
2026-04-06 00:04:10,158 | concert_ticketing.adapters.messaging.rabbitmq.consumer | INFO | Mensaje recibido: request_id=17492
2026-04-06 00:04:10,239 | concert_ticketing.adapters.messaging.rabbitmq.consumer | INFO | Mensaje recibido: request_id=17517
2026-04-06 00:04:10,304 | concert_ticketing.adapters.messaging.rabbitmq.consumer | INFO | Mensaje recibido: request_id=17561
2026-04-06 00:04:10,407 | concert_ticketing.adapters.messaging.rabbitmq.consumer | INFO | Mensaje recibido: request_id=17525
2026-04-06 00:04:10,496 | concert_ticketing.adapters.messaging.rabbitmq.consumer | INFO | Mensaje recibido: request_id=17536
2026-04-06 00:04:10,593 | concert_ticketing.adapters.messaging.rabbitmq.consumer | INFO | Mensaje recibido: request_id=17555
2026-04-06 00:04:10,671 | concert_ticketing.adapters.messaging.rabbitmq.consumer | INFO | Mensaje recibido: request_id=17559
2026-04-06 00:04:10,762 | concert_ticketing.adapters.messaging.rabbitmq.consumer | INFO | Mensaje recibido: request_id=17586
2026-04-06 00:04:10,833 | concert_ticketing.adapters.messaging.rabbitmq.consumer | INFO | Mensaje recibido: request_id=17553
2026-04-06 00:04:10,893 | concert_ticketing.adapters.messaging.rabbitmq.consumer | INFO | Mensaje recibido: request_id=17498
2026-04-06 00:04:10,965 | concert_ticketing.adapters.messaging.rabbitmq.consumer | INFO | Mensaje recibido: request_id=17625
2026-04-06 00:04:11,036 | concert_ticketing.adapters.messaging.rabbitmq.consumer | INFO | Mensaje recibido: request_id=17627
2026-04-06 00:04:11,122 | concert_ticketing.adapters.messaging.rabbitmq.consumer | INFO | Mensaje recibido: request_id=17620
2026-04-06 00:04:11,189 | concert_ticketing.adapters.messaging.rabbitmq.consumer | INFO | Mensaje recibido: request_id=17647
2026-04-06 00:04:11,281 | concert_ticketing.adapters.messaging.rabbitmq.consumer | INFO | Mensaje recibido: request_id=17650
2026-04-06 00:04:11,355 | concert_ticketing.adapters.messaging.rabbitmq.consumer | INFO | Mensaje recibido: request_id=17622
2026-04-06 00:04:11,461 | concert_ticketing.adapters.messaging.rabbitmq.consumer | INFO | Mensaje recibido: request_id=17673
2026-04-06 00:04:11,559 | concert_ticketing.adapters.messaging.rabbitmq.consumer | INFO | Mensaje recibido: request_id=17658
2026-04-06 00:04:11,646 | concert_ticketing.adapters.messaging.rabbitmq.consumer | INFO | Mensaje recibido: request_id=17678
2026-04-06 00:04:11,728 | concert_ticketing.adapters.messaging.rabbitmq.consumer | INFO | Mensaje recibido: request_id=17668
2026-04-06 00:04:11,815 | concert_ticketing.adapters.messaging.rabbitmq.consumer | INFO | Mensaje recibido: request_id=17599
2026-04-06 00:04:11,895 | concert_ticketing.adapters.messaging.rabbitmq.consumer | INFO | Mensaje recibido: request_id=17702
2026-04-06 00:04:11,971 | concert_ticketing.adapters.messaging.rabbitmq.consumer | INFO | Mensaje recibido: request_id=17694
2026-04-06 00:04:12,073 | concert_ticketing.adapters.messaging.rabbitmq.consumer | INFO | Mensaje recibido: request_id=17731
2026-04-06 00:04:12,164 | concert_ticketing.adapters.messaging.rabbitmq.consumer | INFO | Mensaje recibido: request_id=17689
2026-04-06 00:04:12,247 | concert_ticketing.adapters.messaging.rabbitmq.consumer | INFO | Mensaje recibido: request_id=17675
2026-04-06 00:04:12,338 | concert_ticketing.adapters.messaging.rabbitmq.consumer | INFO | Mensaje recibido: request_id=17735
2026-04-06 00:04:12,441 | concert_ticketing.adapters.messaging.rabbitmq.consumer | INFO | Mensaje recibido: request_id=17669
2026-04-06 00:04:12,534 | concert_ticketing.adapters.messaging.rabbitmq.consumer | INFO | Mensaje recibido: request_id=17747
2026-04-06 00:04:12,627 | concert_ticketing.adapters.messaging.rabbitmq.consumer | INFO | Mensaje recibido: request_id=17768
2026-04-06 00:04:12,735 | concert_ticketing.adapters.messaging.rabbitmq.consumer | INFO | Mensaje recibido: request_id=17772
2026-04-06 00:04:12,820 | concert_ticketing.adapters.messaging.rabbitmq.consumer | INFO | Mensaje recibido: request_id=17777
2026-04-06 00:04:12,916 | concert_ticketing.adapters.messaging.rabbitmq.consumer | INFO | Mensaje recibido: request_id=17767
2026-04-06 00:04:13,004 | concert_ticketing.adapters.messaging.rabbitmq.consumer | INFO | Mensaje recibido: request_id=17755
2026-04-06 00:04:13,091 | concert_ticketing.adapters.messaging.rabbitmq.consumer | INFO | Mensaje recibido: request_id=17817
2026-04-06 00:04:13,167 | concert_ticketing.adapters.messaging.rabbitmq.consumer | INFO | Mensaje recibido: request_id=17823
2026-04-06 00:04:13,254 | concert_ticketing.adapters.messaging.rabbitmq.consumer | INFO | Mensaje recibido: request_id=17705
2026-04-06 00:04:13,300 | concert_ticketing.adapters.messaging.rabbitmq.consumer | INFO | Mensaje recibido: request_id=17839
2026-04-06 00:04:13,415 | concert_ticketing.adapters.messaging.rabbitmq.consumer | INFO | Mensaje recibido: request_id=17800
2026-04-06 00:04:13,496 | concert_ticketing.adapters.messaging.rabbitmq.consumer | INFO | Mensaje recibido: request_id=17843
2026-04-06 00:04:13,560 | concert_ticketing.adapters.messaging.rabbitmq.consumer | INFO | Mensaje recibido: request_id=17858
2026-04-06 00:04:13,647 | concert_ticketing.adapters.messaging.rabbitmq.consumer | INFO | Mensaje recibido: request_id=17866
2026-04-06 00:04:13,728 | concert_ticketing.adapters.messaging.rabbitmq.consumer | INFO | Mensaje recibido: request_id=17854
2026-04-06 00:04:13,815 | concert_ticketing.adapters.messaging.rabbitmq.consumer | INFO | Mensaje recibido: request_id=17880
2026-04-06 00:04:13,915 | concert_ticketing.adapters.messaging.rabbitmq.consumer | INFO | Mensaje recibido: request_id=17868
2026-04-06 00:04:13,996 | concert_ticketing.adapters.messaging.rabbitmq.consumer | INFO | Mensaje recibido: request_id=17907
2026-04-06 00:04:14,079 | concert_ticketing.adapters.messaging.rabbitmq.consumer | INFO | Mensaje recibido: request_id=17851
2026-04-06 00:04:14,164 | concert_ticketing.adapters.messaging.rabbitmq.consumer | INFO | Mensaje recibido: request_id=17883
2026-04-06 00:04:14,246 | concert_ticketing.adapters.messaging.rabbitmq.consumer | INFO | Mensaje recibido: request_id=17915
2026-04-06 00:04:14,340 | concert_ticketing.adapters.messaging.rabbitmq.consumer | INFO | Mensaje recibido: request_id=17931
2026-04-06 00:04:14,421 | concert_ticketing.adapters.messaging.rabbitmq.consumer | INFO | Mensaje recibido: request_id=17846
2026-04-06 00:04:14,518 | concert_ticketing.adapters.messaging.rabbitmq.consumer | INFO | Mensaje recibido: request_id=17924
2026-04-06 00:04:14,610 | concert_ticketing.adapters.messaging.rabbitmq.consumer | INFO | Mensaje recibido: request_id=17950
2026-04-06 00:04:14,699 | concert_ticketing.adapters.messaging.rabbitmq.consumer | INFO | Mensaje recibido: request_id=17960
2026-04-06 00:04:14,780 | concert_ticketing.adapters.messaging.rabbitmq.consumer | INFO | Mensaje recibido: request_id=17965
2026-04-06 00:04:14,862 | concert_ticketing.adapters.messaging.rabbitmq.consumer | INFO | Mensaje recibido: request_id=17985
2026-04-06 00:04:14,944 | concert_ticketing.adapters.messaging.rabbitmq.consumer | INFO | Mensaje recibido: request_id=17896
2026-04-06 00:04:15,017 | concert_ticketing.adapters.messaging.rabbitmq.consumer | INFO | Mensaje recibido: request_id=18002
2026-04-06 00:04:15,104 | concert_ticketing.adapters.messaging.rabbitmq.consumer | INFO | Mensaje recibido: request_id=17881
2026-04-06 00:04:15,175 | concert_ticketing.adapters.messaging.rabbitmq.consumer | INFO | Mensaje recibido: request_id=18016
2026-04-06 00:04:15,263 | concert_ticketing.adapters.messaging.rabbitmq.consumer | INFO | Mensaje recibido: request_id=17972
2026-04-06 00:04:15,355 | concert_ticketing.adapters.messaging.rabbitmq.consumer | INFO | Mensaje recibido: request_id=18022
2026-04-06 00:04:15,439 | concert_ticketing.adapters.messaging.rabbitmq.consumer | INFO | Mensaje recibido: request_id=18013
2026-04-06 00:04:15,534 | concert_ticketing.adapters.messaging.rabbitmq.consumer | INFO | Mensaje recibido: request_id=18051
2026-04-06 00:04:15,623 | concert_ticketing.adapters.messaging.rabbitmq.consumer | INFO | Mensaje recibido: request_id=18046
2026-04-06 00:04:15,713 | concert_ticketing.adapters.messaging.rabbitmq.consumer | INFO | Mensaje recibido: request_id=18052
2026-04-06 00:04:15,800 | concert_ticketing.adapters.messaging.rabbitmq.consumer | INFO | Mensaje recibido: request_id=18050
2026-04-06 00:04:15,881 | concert_ticketing.adapters.messaging.rabbitmq.consumer | INFO | Mensaje recibido: request_id=17986
2026-04-06 00:04:15,978 | concert_ticketing.adapters.messaging.rabbitmq.consumer | INFO | Mensaje recibido: request_id=18083
2026-04-06 00:04:16,073 | concert_ticketing.adapters.messaging.rabbitmq.consumer | INFO | Mensaje recibido: request_id=18099
2026-04-06 00:04:16,137 | concert_ticketing.adapters.messaging.rabbitmq.consumer | INFO | Mensaje recibido: request_id=17990
2026-04-06 00:04:16,227 | concert_ticketing.adapters.messaging.rabbitmq.consumer | INFO | Mensaje recibido: request_id=18107
2026-04-06 00:04:16,306 | concert_ticketing.adapters.messaging.rabbitmq.consumer | INFO | Mensaje recibido: request_id=18088
2026-04-06 00:04:16,394 | concert_ticketing.adapters.messaging.rabbitmq.consumer | INFO | Mensaje recibido: request_id=18085
2026-04-06 00:04:16,490 | concert_ticketing.adapters.messaging.rabbitmq.consumer | INFO | Mensaje recibido: request_id=18104
2026-04-06 00:04:16,566 | concert_ticketing.adapters.messaging.rabbitmq.consumer | INFO | Mensaje recibido: request_id=18128
2026-04-06 00:04:16,665 | concert_ticketing.adapters.messaging.rabbitmq.consumer | INFO | Mensaje recibido: request_id=18156
2026-04-06 00:04:16,757 | concert_ticketing.adapters.messaging.rabbitmq.consumer | INFO | Mensaje recibido: request_id=18133
2026-04-06 00:04:16,827 | concert_ticketing.adapters.messaging.rabbitmq.consumer | INFO | Mensaje recibido: request_id=18118
2026-04-06 00:04:16,919 | concert_ticketing.adapters.messaging.rabbitmq.consumer | INFO | Mensaje recibido: request_id=18144
2026-04-06 00:04:17,004 | concert_ticketing.adapters.messaging.rabbitmq.consumer | INFO | Mensaje recibido: request_id=18179
2026-04-06 00:04:17,089 | concert_ticketing.adapters.messaging.rabbitmq.consumer | INFO | Mensaje recibido: request_id=18193
2026-04-06 00:04:17,178 | concert_ticketing.adapters.messaging.rabbitmq.consumer | INFO | Mensaje recibido: request_id=18098
2026-04-06 00:04:17,274 | concert_ticketing.adapters.messaging.rabbitmq.consumer | INFO | Mensaje recibido: request_id=18205
2026-04-06 00:04:17,351 | concert_ticketing.adapters.messaging.rabbitmq.consumer | INFO | Mensaje recibido: request_id=18112
2026-04-06 00:04:17,439 | concert_ticketing.adapters.messaging.rabbitmq.consumer | INFO | Mensaje recibido: request_id=18226
2026-04-06 00:04:17,520 | concert_ticketing.adapters.messaging.rabbitmq.consumer | INFO | Mensaje recibido: request_id=18229
2026-04-06 00:04:17,610 | concert_ticketing.adapters.messaging.rabbitmq.consumer | INFO | Mensaje recibido: request_id=18186
2026-04-06 00:04:17,687 | concert_ticketing.adapters.messaging.rabbitmq.consumer | INFO | Mensaje recibido: request_id=18250
2026-04-06 00:04:17,783 | concert_ticketing.adapters.messaging.rabbitmq.consumer | INFO | Mensaje recibido: request_id=18129
2026-04-06 00:04:17,861 | concert_ticketing.adapters.messaging.rabbitmq.consumer | INFO | Mensaje recibido: request_id=18265
2026-04-06 00:04:17,939 | concert_ticketing.adapters.messaging.rabbitmq.consumer | INFO | Mensaje recibido: request_id=18134
2026-04-06 00:04:18,015 | concert_ticketing.adapters.messaging.rabbitmq.consumer | INFO | Mensaje recibido: request_id=18252
2026-04-06 00:04:18,112 | concert_ticketing.adapters.messaging.rabbitmq.consumer | INFO | Mensaje recibido: request_id=18290
2026-04-06 00:04:18,199 | concert_ticketing.adapters.messaging.rabbitmq.consumer | INFO | Mensaje recibido: request_id=18291
2026-04-06 00:04:18,281 | concert_ticketing.adapters.messaging.rabbitmq.consumer | INFO | Mensaje recibido: request_id=18259
2026-04-06 00:04:18,377 | concert_ticketing.adapters.messaging.rabbitmq.consumer | INFO | Mensaje recibido: request_id=18249
2026-04-06 00:04:18,454 | concert_ticketing.adapters.messaging.rabbitmq.consumer | INFO | Mensaje recibido: request_id=18286
2026-04-06 00:04:18,529 | concert_ticketing.adapters.messaging.rabbitmq.consumer | INFO | Mensaje recibido: request_id=18289
2026-04-06 00:04:18,611 | concert_ticketing.adapters.messaging.rabbitmq.consumer | INFO | Mensaje recibido: request_id=18273
2026-04-06 00:04:18,692 | concert_ticketing.adapters.messaging.rabbitmq.consumer | INFO | Mensaje recibido: request_id=18345
2026-04-06 00:04:18,772 | concert_ticketing.adapters.messaging.rabbitmq.consumer | INFO | Mensaje recibido: request_id=18283
2026-04-06 00:04:18,861 | concert_ticketing.adapters.messaging.rabbitmq.consumer | INFO | Mensaje recibido: request_id=18355
2026-04-06 00:04:18,943 | concert_ticketing.adapters.messaging.rabbitmq.consumer | INFO | Mensaje recibido: request_id=18370
2026-04-06 00:04:19,012 | concert_ticketing.adapters.messaging.rabbitmq.consumer | INFO | Mensaje recibido: request_id=18351
2026-04-06 00:04:19,112 | concert_ticketing.adapters.messaging.rabbitmq.consumer | INFO | Mensaje recibido: request_id=18313
2026-04-06 00:04:19,178 | concert_ticketing.adapters.messaging.rabbitmq.consumer | INFO | Mensaje recibido: request_id=18352
2026-04-06 00:04:19,270 | concert_ticketing.adapters.messaging.rabbitmq.consumer | INFO | Mensaje recibido: request_id=18328
2026-04-06 00:04:19,336 | concert_ticketing.adapters.messaging.rabbitmq.consumer | INFO | Mensaje recibido: request_id=18239
2026-04-06 00:04:19,429 | concert_ticketing.adapters.messaging.rabbitmq.consumer | INFO | Mensaje recibido: request_id=18382
2026-04-06 00:04:19,528 | concert_ticketing.adapters.messaging.rabbitmq.consumer | INFO | Mensaje recibido: request_id=18428
2026-04-06 00:04:19,614 | concert_ticketing.adapters.messaging.rabbitmq.consumer | INFO | Mensaje recibido: request_id=18396
2026-04-06 00:04:19,700 | concert_ticketing.adapters.messaging.rabbitmq.consumer | INFO | Mensaje recibido: request_id=18426
2026-04-06 00:04:19,765 | concert_ticketing.adapters.messaging.rabbitmq.consumer | INFO | Mensaje recibido: request_id=18415
2026-04-06 00:04:19,845 | concert_ticketing.adapters.messaging.rabbitmq.consumer | INFO | Mensaje recibido: request_id=18457
2026-04-06 00:04:19,919 | concert_ticketing.adapters.messaging.rabbitmq.consumer | INFO | Mensaje recibido: request_id=18456
2026-04-06 00:04:20,002 | concert_ticketing.adapters.messaging.rabbitmq.consumer | INFO | Mensaje recibido: request_id=18450
2026-04-06 00:04:20,065 | concert_ticketing.adapters.messaging.rabbitmq.consumer | INFO | Mensaje recibido: request_id=18386
2026-04-06 00:04:20,154 | concert_ticketing.adapters.messaging.rabbitmq.consumer | INFO | Mensaje recibido: request_id=18483
2026-04-06 00:04:20,228 | concert_ticketing.adapters.messaging.rabbitmq.consumer | INFO | Mensaje recibido: request_id=18404
2026-04-06 00:04:20,304 | concert_ticketing.adapters.messaging.rabbitmq.consumer | INFO | Mensaje recibido: request_id=18472
2026-04-06 00:04:20,381 | concert_ticketing.adapters.messaging.rabbitmq.consumer | INFO | Mensaje recibido: request_id=18512
2026-04-06 00:04:20,486 | concert_ticketing.adapters.messaging.rabbitmq.consumer | INFO | Mensaje recibido: request_id=18524
2026-04-06 00:04:20,559 | concert_ticketing.adapters.messaging.rabbitmq.consumer | INFO | Mensaje recibido: request_id=18529
2026-04-06 00:04:20,637 | concert_ticketing.adapters.messaging.rabbitmq.consumer | INFO | Mensaje recibido: request_id=18484
2026-04-06 00:04:20,717 | concert_ticketing.adapters.messaging.rabbitmq.consumer | INFO | Mensaje recibido: request_id=18497
2026-04-06 00:04:20,783 | concert_ticketing.adapters.messaging.rabbitmq.consumer | INFO | Mensaje recibido: request_id=18437
2026-04-06 00:04:20,878 | concert_ticketing.adapters.messaging.rabbitmq.consumer | INFO | Mensaje recibido: request_id=18494
2026-04-06 00:04:20,971 | concert_ticketing.adapters.messaging.rabbitmq.consumer | INFO | Mensaje recibido: request_id=18520
2026-04-06 00:04:21,038 | concert_ticketing.adapters.messaging.rabbitmq.consumer | INFO | Mensaje recibido: request_id=18555
2026-04-06 00:04:21,123 | concert_ticketing.adapters.messaging.rabbitmq.consumer | INFO | Mensaje recibido: request_id=18541
2026-04-06 00:04:21,202 | concert_ticketing.adapters.messaging.rabbitmq.consumer | INFO | Mensaje recibido: request_id=18566
2026-04-06 00:04:21,285 | concert_ticketing.adapters.messaging.rabbitmq.consumer | INFO | Mensaje recibido: request_id=18570
2026-04-06 00:04:21,371 | concert_ticketing.adapters.messaging.rabbitmq.consumer | INFO | Mensaje recibido: request_id=18579
2026-04-06 00:04:21,451 | concert_ticketing.adapters.messaging.rabbitmq.consumer | INFO | Mensaje recibido: request_id=18605
2026-04-06 00:04:21,533 | concert_ticketing.adapters.messaging.rabbitmq.consumer | INFO | Mensaje recibido: request_id=18619
2026-04-06 00:04:21,623 | concert_ticketing.adapters.messaging.rabbitmq.consumer | INFO | Mensaje recibido: request_id=18623
2026-04-06 00:04:21,709 | concert_ticketing.adapters.messaging.rabbitmq.consumer | INFO | Mensaje recibido: request_id=18635
2026-04-06 00:04:21,784 | concert_ticketing.adapters.messaging.rabbitmq.consumer | INFO | Mensaje recibido: request_id=18613
2026-04-06 00:04:21,878 | concert_ticketing.adapters.messaging.rabbitmq.consumer | INFO | Mensaje recibido: request_id=18458
2026-04-06 00:04:21,948 | concert_ticketing.adapters.messaging.rabbitmq.consumer | INFO | Mensaje recibido: request_id=18627
2026-04-06 00:04:22,035 | concert_ticketing.adapters.messaging.rabbitmq.consumer | INFO | Mensaje recibido: request_id=18610
2026-04-06 00:04:22,106 | concert_ticketing.adapters.messaging.rabbitmq.consumer | INFO | Mensaje recibido: request_id=18660
2026-04-06 00:04:22,173 | concert_ticketing.adapters.messaging.rabbitmq.consumer | INFO | Mensaje recibido: request_id=18690
2026-04-06 00:04:22,258 | concert_ticketing.adapters.messaging.rabbitmq.consumer | INFO | Mensaje recibido: request_id=18624
2026-04-06 00:04:22,337 | concert_ticketing.adapters.messaging.rabbitmq.consumer | INFO | Mensaje recibido: request_id=18706
2026-04-06 00:04:22,408 | concert_ticketing.adapters.messaging.rabbitmq.consumer | INFO | Mensaje recibido: request_id=18657
2026-04-06 00:04:22,498 | concert_ticketing.adapters.messaging.rabbitmq.consumer | INFO | Mensaje recibido: request_id=18676
2026-04-06 00:04:22,575 | concert_ticketing.adapters.messaging.rabbitmq.consumer | INFO | Mensaje recibido: request_id=18723
2026-04-06 00:04:22,661 | concert_ticketing.adapters.messaging.rabbitmq.consumer | INFO | Mensaje recibido: request_id=18686
2026-04-06 00:04:22,740 | concert_ticketing.adapters.messaging.rabbitmq.consumer | INFO | Mensaje recibido: request_id=18711
2026-04-06 00:04:22,815 | concert_ticketing.adapters.messaging.rabbitmq.consumer | INFO | Mensaje recibido: request_id=18727
2026-04-06 00:04:22,898 | concert_ticketing.adapters.messaging.rabbitmq.consumer | INFO | Mensaje recibido: request_id=18720
2026-04-06 00:04:22,980 | concert_ticketing.adapters.messaging.rabbitmq.consumer | INFO | Mensaje recibido: request_id=18770
2026-04-06 00:04:23,059 | concert_ticketing.adapters.messaging.rabbitmq.consumer | INFO | Mensaje recibido: request_id=18691
2026-04-06 00:04:23,152 | concert_ticketing.adapters.messaging.rabbitmq.consumer | INFO | Mensaje recibido: request_id=18702
2026-04-06 00:04:23,255 | concert_ticketing.adapters.messaging.rabbitmq.consumer | INFO | Mensaje recibido: request_id=18659
2026-04-06 00:04:23,339 | concert_ticketing.adapters.messaging.rabbitmq.consumer | INFO | Mensaje recibido: request_id=18692
2026-04-06 00:04:23,429 | concert_ticketing.adapters.messaging.rabbitmq.consumer | INFO | Mensaje recibido: request_id=18787
2026-04-06 00:04:23,523 | concert_ticketing.adapters.messaging.rabbitmq.consumer | INFO | Mensaje recibido: request_id=18743
2026-04-06 00:04:23,646 | concert_ticketing.adapters.messaging.rabbitmq.consumer | INFO | Mensaje recibido: request_id=18775
2026-04-06 00:04:23,755 | concert_ticketing.adapters.messaging.rabbitmq.consumer | INFO | Mensaje recibido: request_id=18834
2026-04-06 00:04:23,870 | concert_ticketing.adapters.messaging.rabbitmq.consumer | INFO | Mensaje recibido: request_id=18821
2026-04-06 00:04:23,968 | concert_ticketing.adapters.messaging.rabbitmq.consumer | INFO | Mensaje recibido: request_id=18781
2026-04-06 00:04:24,067 | concert_ticketing.adapters.messaging.rabbitmq.consumer | INFO | Mensaje recibido: request_id=18850
2026-04-06 00:04:24,148 | concert_ticketing.adapters.messaging.rabbitmq.consumer | INFO | Mensaje recibido: request_id=18797
2026-04-06 00:04:24,241 | concert_ticketing.adapters.messaging.rabbitmq.consumer | INFO | Mensaje recibido: request_id=18854
2026-04-06 00:04:24,317 | concert_ticketing.adapters.messaging.rabbitmq.consumer | INFO | Mensaje recibido: request_id=18865
2026-04-06 00:04:24,406 | concert_ticketing.adapters.messaging.rabbitmq.consumer | INFO | Mensaje recibido: request_id=18881
2026-04-06 00:04:24,494 | concert_ticketing.adapters.messaging.rabbitmq.consumer | INFO | Mensaje recibido: request_id=18891
2026-04-06 00:04:24,585 | concert_ticketing.adapters.messaging.rabbitmq.consumer | INFO | Mensaje recibido: request_id=18897
2026-04-06 00:04:24,672 | concert_ticketing.adapters.messaging.rabbitmq.consumer | INFO | Mensaje recibido: request_id=18904
2026-04-06 00:04:24,754 | concert_ticketing.adapters.messaging.rabbitmq.consumer | INFO | Mensaje recibido: request_id=18923
2026-04-06 00:04:24,827 | concert_ticketing.adapters.messaging.rabbitmq.consumer | INFO | Mensaje recibido: request_id=18859
2026-04-06 00:04:24,913 | concert_ticketing.adapters.messaging.rabbitmq.consumer | INFO | Mensaje recibido: request_id=18931
2026-04-06 00:04:24,980 | concert_ticketing.adapters.messaging.rabbitmq.consumer | INFO | Mensaje recibido: request_id=18888
2026-04-06 00:04:25,066 | concert_ticketing.adapters.messaging.rabbitmq.consumer | INFO | Mensaje recibido: request_id=18934
2026-04-06 00:04:25,136 | concert_ticketing.adapters.messaging.rabbitmq.consumer | INFO | Mensaje recibido: request_id=18960
2026-04-06 00:04:25,221 | concert_ticketing.adapters.messaging.rabbitmq.consumer | INFO | Mensaje recibido: request_id=18871
2026-04-06 00:04:25,291 | concert_ticketing.adapters.messaging.rabbitmq.consumer | INFO | Mensaje recibido: request_id=18969
2026-04-06 00:04:25,365 | concert_ticketing.adapters.messaging.rabbitmq.consumer | INFO | Mensaje recibido: request_id=18957
2026-04-06 00:04:25,450 | concert_ticketing.adapters.messaging.rabbitmq.consumer | INFO | Mensaje recibido: request_id=18947
2026-04-06 00:04:25,529 | concert_ticketing.adapters.messaging.rabbitmq.consumer | INFO | Mensaje recibido: request_id=19002
2026-04-06 00:04:25,600 | concert_ticketing.adapters.messaging.rabbitmq.consumer | INFO | Mensaje recibido: request_id=18980
2026-04-06 00:04:25,687 | concert_ticketing.adapters.messaging.rabbitmq.consumer | INFO | Mensaje recibido: request_id=18981
2026-04-06 00:04:25,749 | concert_ticketing.adapters.messaging.rabbitmq.consumer | INFO | Mensaje recibido: request_id=19017
2026-04-06 00:04:25,840 | concert_ticketing.adapters.messaging.rabbitmq.consumer | INFO | Mensaje recibido: request_id=18996
2026-04-06 00:04:25,924 | concert_ticketing.adapters.messaging.rabbitmq.consumer | INFO | Mensaje recibido: request_id=18906
2026-04-06 00:04:26,005 | concert_ticketing.adapters.messaging.rabbitmq.consumer | INFO | Mensaje recibido: request_id=19047
2026-04-06 00:04:26,088 | concert_ticketing.adapters.messaging.rabbitmq.consumer | INFO | Mensaje recibido: request_id=18929
2026-04-06 00:04:26,170 | concert_ticketing.adapters.messaging.rabbitmq.consumer | INFO | Mensaje recibido: request_id=19061
2026-04-06 00:04:26,250 | concert_ticketing.adapters.messaging.rabbitmq.consumer | INFO | Mensaje recibido: request_id=19072
2026-04-06 00:04:26,331 | concert_ticketing.adapters.messaging.rabbitmq.consumer | INFO | Mensaje recibido: request_id=19064
2026-04-06 00:04:26,410 | concert_ticketing.adapters.messaging.rabbitmq.consumer | INFO | Mensaje recibido: request_id=18937
2026-04-06 00:04:26,479 | concert_ticketing.adapters.messaging.rabbitmq.consumer | INFO | Mensaje recibido: request_id=19098
2026-04-06 00:04:26,559 | concert_ticketing.adapters.messaging.rabbitmq.consumer | INFO | Mensaje recibido: request_id=19001
2026-04-06 00:04:26,641 | concert_ticketing.adapters.messaging.rabbitmq.consumer | INFO | Mensaje recibido: request_id=19114
2026-04-06 00:04:26,721 | concert_ticketing.adapters.messaging.rabbitmq.consumer | INFO | Mensaje recibido: request_id=19116
2026-04-06 00:04:26,804 | concert_ticketing.adapters.messaging.rabbitmq.consumer | INFO | Mensaje recibido: request_id=19131
2026-04-06 00:04:26,874 | concert_ticketing.adapters.messaging.rabbitmq.consumer | INFO | Mensaje recibido: request_id=19113
2026-04-06 00:04:26,989 | concert_ticketing.adapters.messaging.rabbitmq.consumer | INFO | Mensaje recibido: request_id=19141
2026-04-06 00:04:27,081 | concert_ticketing.adapters.messaging.rabbitmq.consumer | INFO | Mensaje recibido: request_id=19152
2026-04-06 00:04:27,173 | concert_ticketing.adapters.messaging.rabbitmq.consumer | INFO | Mensaje recibido: request_id=18876
2026-04-06 00:04:27,246 | concert_ticketing.adapters.messaging.rabbitmq.consumer | INFO | Mensaje recibido: request_id=19127
2026-04-06 00:04:27,337 | concert_ticketing.adapters.messaging.rabbitmq.consumer | INFO | Mensaje recibido: request_id=19180
2026-04-06 00:04:27,412 | concert_ticketing.adapters.messaging.rabbitmq.consumer | INFO | Mensaje recibido: request_id=19176
2026-04-06 00:04:27,512 | concert_ticketing.adapters.messaging.rabbitmq.consumer | INFO | Mensaje recibido: request_id=19196
2026-04-06 00:04:27,575 | concert_ticketing.adapters.messaging.rabbitmq.consumer | INFO | Mensaje recibido: request_id=19163
2026-04-06 00:04:27,620 | concert_ticketing.adapters.messaging.rabbitmq.consumer | INFO | Mensaje recibido: request_id=19129
2026-04-06 00:04:27,702 | concert_ticketing.adapters.messaging.rabbitmq.consumer | INFO | Mensaje recibido: request_id=19135
2026-04-06 00:04:27,813 | concert_ticketing.adapters.messaging.rabbitmq.consumer | INFO | Mensaje recibido: request_id=19224
2026-04-06 00:04:27,910 | concert_ticketing.adapters.messaging.rabbitmq.consumer | INFO | Mensaje recibido: request_id=19223
2026-04-06 00:04:27,977 | concert_ticketing.adapters.messaging.rabbitmq.consumer | INFO | Mensaje recibido: request_id=19209
2026-04-06 00:04:28,059 | concert_ticketing.adapters.messaging.rabbitmq.consumer | INFO | Mensaje recibido: request_id=19048
2026-04-06 00:04:28,160 | concert_ticketing.adapters.messaging.rabbitmq.consumer | INFO | Mensaje recibido: request_id=19258
2026-04-06 00:04:28,221 | concert_ticketing.adapters.messaging.rabbitmq.consumer | INFO | Mensaje recibido: request_id=19252
2026-04-06 00:04:28,327 | concert_ticketing.adapters.messaging.rabbitmq.consumer | INFO | Mensaje recibido: request_id=19274
2026-04-06 00:04:28,405 | concert_ticketing.adapters.messaging.rabbitmq.consumer | INFO | Mensaje recibido: request_id=19149
2026-04-06 00:04:28,514 | concert_ticketing.adapters.messaging.rabbitmq.consumer | INFO | Mensaje recibido: request_id=19265
2026-04-06 00:04:28,604 | concert_ticketing.adapters.messaging.rabbitmq.consumer | INFO | Mensaje recibido: request_id=19298
2026-04-06 00:04:28,688 | concert_ticketing.adapters.messaging.rabbitmq.consumer | INFO | Mensaje recibido: request_id=19271
2026-04-06 00:04:28,782 | concert_ticketing.adapters.messaging.rabbitmq.consumer | INFO | Mensaje recibido: request_id=19307
2026-04-06 00:04:28,867 | concert_ticketing.adapters.messaging.rabbitmq.consumer | INFO | Mensaje recibido: request_id=19190
2026-04-06 00:04:28,929 | concert_ticketing.adapters.messaging.rabbitmq.consumer | INFO | Mensaje recibido: request_id=19285
2026-04-06 00:04:29,017 | concert_ticketing.adapters.messaging.rabbitmq.consumer | INFO | Mensaje recibido: request_id=19244
2026-04-06 00:04:29,092 | concert_ticketing.adapters.messaging.rabbitmq.consumer | INFO | Mensaje recibido: request_id=19229
2026-04-06 00:04:29,173 | concert_ticketing.adapters.messaging.rabbitmq.consumer | INFO | Mensaje recibido: request_id=19341
2026-04-06 00:04:29,277 | concert_ticketing.adapters.messaging.rabbitmq.consumer | INFO | Mensaje recibido: request_id=19291
2026-04-06 00:04:29,333 | concert_ticketing.adapters.messaging.rabbitmq.consumer | INFO | Mensaje recibido: request_id=19361
2026-04-06 00:04:29,412 | concert_ticketing.adapters.messaging.rabbitmq.consumer | INFO | Mensaje recibido: request_id=19282
2026-04-06 00:04:29,481 | concert_ticketing.adapters.messaging.rabbitmq.consumer | INFO | Mensaje recibido: request_id=19353
2026-04-06 00:04:29,564 | concert_ticketing.adapters.messaging.rabbitmq.consumer | INFO | Mensaje recibido: request_id=19394
2026-04-06 00:04:29,632 | concert_ticketing.adapters.messaging.rabbitmq.consumer | INFO | Mensaje recibido: request_id=19378
2026-04-06 00:04:29,731 | concert_ticketing.adapters.messaging.rabbitmq.consumer | INFO | Mensaje recibido: request_id=19409
2026-04-06 00:04:29,825 | concert_ticketing.adapters.messaging.rabbitmq.consumer | INFO | Mensaje recibido: request_id=19396
2026-04-06 00:04:29,898 | concert_ticketing.adapters.messaging.rabbitmq.consumer | INFO | Mensaje recibido: request_id=19416
2026-04-06 00:04:29,981 | concert_ticketing.adapters.messaging.rabbitmq.consumer | INFO | Mensaje recibido: request_id=19388
2026-04-06 00:04:30,041 | concert_ticketing.adapters.messaging.rabbitmq.consumer | INFO | Mensaje recibido: request_id=19401
2026-04-06 00:04:30,148 | concert_ticketing.adapters.messaging.rabbitmq.consumer | INFO | Mensaje recibido: request_id=19400
2026-04-06 00:04:30,221 | concert_ticketing.adapters.messaging.rabbitmq.consumer | INFO | Mensaje recibido: request_id=19427
2026-04-06 00:04:30,314 | concert_ticketing.adapters.messaging.rabbitmq.consumer | INFO | Mensaje recibido: request_id=19413
2026-04-06 00:04:30,389 | concert_ticketing.adapters.messaging.rabbitmq.consumer | INFO | Mensaje recibido: request_id=19443
2026-04-06 00:04:30,490 | concert_ticketing.adapters.messaging.rabbitmq.consumer | INFO | Mensaje recibido: request_id=19462
2026-04-06 00:04:30,565 | concert_ticketing.adapters.messaging.rabbitmq.consumer | INFO | Mensaje recibido: request_id=19463
2026-04-06 00:04:30,675 | concert_ticketing.adapters.messaging.rabbitmq.consumer | INFO | Mensaje recibido: request_id=19459
2026-04-06 00:04:30,770 | concert_ticketing.adapters.messaging.rabbitmq.consumer | INFO | Mensaje recibido: request_id=19484
2026-04-06 00:04:30,845 | concert_ticketing.adapters.messaging.rabbitmq.consumer | INFO | Mensaje recibido: request_id=19502
2026-04-06 00:04:30,939 | concert_ticketing.adapters.messaging.rabbitmq.consumer | INFO | Mensaje recibido: request_id=19465
2026-04-06 00:04:31,015 | concert_ticketing.adapters.messaging.rabbitmq.consumer | INFO | Mensaje recibido: request_id=19499
2026-04-06 00:04:31,118 | concert_ticketing.adapters.messaging.rabbitmq.consumer | INFO | Mensaje recibido: request_id=19483
2026-04-06 00:04:31,199 | concert_ticketing.adapters.messaging.rabbitmq.consumer | INFO | Mensaje recibido: request_id=19536
2026-04-06 00:04:31,303 | concert_ticketing.adapters.messaging.rabbitmq.consumer | INFO | Mensaje recibido: request_id=19555
2026-04-06 00:04:31,398 | concert_ticketing.adapters.messaging.rabbitmq.consumer | INFO | Mensaje recibido: request_id=19548
2026-04-06 00:04:31,496 | concert_ticketing.adapters.messaging.rabbitmq.consumer | INFO | Mensaje recibido: request_id=19506
2026-04-06 00:04:31,571 | concert_ticketing.adapters.messaging.rabbitmq.consumer | INFO | Mensaje recibido: request_id=19485
2026-04-06 00:04:31,659 | concert_ticketing.adapters.messaging.rabbitmq.consumer | INFO | Mensaje recibido: request_id=19503
2026-04-06 00:04:31,762 | concert_ticketing.adapters.messaging.rabbitmq.consumer | INFO | Mensaje recibido: request_id=19577
2026-04-06 00:04:31,851 | concert_ticketing.adapters.messaging.rabbitmq.consumer | INFO | Mensaje recibido: request_id=19600
2026-04-06 00:04:31,912 | concert_ticketing.adapters.messaging.rabbitmq.consumer | INFO | Mensaje recibido: request_id=19574
2026-04-06 00:04:32,012 | concert_ticketing.adapters.messaging.rabbitmq.consumer | INFO | Mensaje recibido: request_id=19617
2026-04-06 00:04:32,098 | concert_ticketing.adapters.messaging.rabbitmq.consumer | INFO | Mensaje recibido: request_id=19612
2026-04-06 00:04:32,188 | concert_ticketing.adapters.messaging.rabbitmq.consumer | INFO | Mensaje recibido: request_id=19611
2026-04-06 00:04:32,279 | concert_ticketing.adapters.messaging.rabbitmq.consumer | INFO | Mensaje recibido: request_id=19641
2026-04-06 00:04:32,350 | concert_ticketing.adapters.messaging.rabbitmq.consumer | INFO | Mensaje recibido: request_id=19649
2026-04-06 00:04:32,426 | concert_ticketing.adapters.messaging.rabbitmq.consumer | INFO | Mensaje recibido: request_id=19658
2026-04-06 00:04:32,525 | concert_ticketing.adapters.messaging.rabbitmq.consumer | INFO | Mensaje recibido: request_id=19623
2026-04-06 00:04:32,581 | concert_ticketing.adapters.messaging.rabbitmq.consumer | INFO | Mensaje recibido: request_id=19664
2026-04-06 00:04:32,670 | concert_ticketing.adapters.messaging.rabbitmq.consumer | INFO | Mensaje recibido: request_id=19665
2026-04-06 00:04:32,765 | concert_ticketing.adapters.messaging.rabbitmq.consumer | INFO | Mensaje recibido: request_id=19661
2026-04-06 00:04:32,829 | concert_ticketing.adapters.messaging.rabbitmq.consumer | INFO | Mensaje recibido: request_id=19669
2026-04-06 00:04:32,929 | concert_ticketing.adapters.messaging.rabbitmq.consumer | INFO | Mensaje recibido: request_id=19642
2026-04-06 00:04:33,004 | concert_ticketing.adapters.messaging.rabbitmq.consumer | INFO | Mensaje recibido: request_id=19699
2026-04-06 00:04:33,093 | concert_ticketing.adapters.messaging.rabbitmq.consumer | INFO | Mensaje recibido: request_id=19723
2026-04-06 00:04:33,166 | concert_ticketing.adapters.messaging.rabbitmq.consumer | INFO | Mensaje recibido: request_id=19628
2026-04-06 00:04:33,249 | concert_ticketing.adapters.messaging.rabbitmq.consumer | INFO | Mensaje recibido: request_id=19725
2026-04-06 00:04:33,315 | concert_ticketing.adapters.messaging.rabbitmq.consumer | INFO | Mensaje recibido: request_id=19634
2026-04-06 00:04:33,398 | concert_ticketing.adapters.messaging.rabbitmq.consumer | INFO | Mensaje recibido: request_id=19746
2026-04-06 00:04:33,490 | concert_ticketing.adapters.messaging.rabbitmq.consumer | INFO | Mensaje recibido: request_id=19761
2026-04-06 00:04:33,567 | concert_ticketing.adapters.messaging.rabbitmq.consumer | INFO | Mensaje recibido: request_id=19768
2026-04-06 00:04:33,644 | concert_ticketing.adapters.messaging.rabbitmq.consumer | INFO | Mensaje recibido: request_id=19598
2026-04-06 00:04:33,712 | concert_ticketing.adapters.messaging.rabbitmq.consumer | INFO | Mensaje recibido: request_id=19784
2026-04-06 00:04:33,791 | concert_ticketing.adapters.messaging.rabbitmq.consumer | INFO | Mensaje recibido: request_id=19677
2026-04-06 00:04:33,873 | concert_ticketing.adapters.messaging.rabbitmq.consumer | INFO | Mensaje recibido: request_id=19775
2026-04-06 00:04:33,957 | concert_ticketing.adapters.messaging.rabbitmq.consumer | INFO | Mensaje recibido: request_id=19789
2026-04-06 00:04:34,032 | concert_ticketing.adapters.messaging.rabbitmq.consumer | INFO | Mensaje recibido: request_id=19631
2026-04-06 00:04:34,135 | concert_ticketing.adapters.messaging.rabbitmq.consumer | INFO | Mensaje recibido: request_id=19827
2026-04-06 00:04:34,205 | concert_ticketing.adapters.messaging.rabbitmq.consumer | INFO | Mensaje recibido: request_id=19832
2026-04-06 00:04:34,316 | concert_ticketing.adapters.messaging.rabbitmq.consumer | INFO | Mensaje recibido: request_id=19843
2026-04-06 00:04:34,415 | concert_ticketing.adapters.messaging.rabbitmq.consumer | INFO | Mensaje recibido: request_id=19809
2026-04-06 00:04:34,514 | concert_ticketing.adapters.messaging.rabbitmq.consumer | INFO | Mensaje recibido: request_id=19810
2026-04-06 00:04:34,602 | concert_ticketing.adapters.messaging.rabbitmq.consumer | INFO | Mensaje recibido: request_id=19859
2026-04-06 00:04:34,720 | concert_ticketing.adapters.messaging.rabbitmq.consumer | INFO | Mensaje recibido: request_id=19872
2026-04-06 00:04:34,806 | concert_ticketing.adapters.messaging.rabbitmq.consumer | INFO | Mensaje recibido: request_id=19839
2026-04-06 00:04:34,905 | concert_ticketing.adapters.messaging.rabbitmq.consumer | INFO | Mensaje recibido: request_id=19812
2026-04-06 00:04:35,020 | concert_ticketing.adapters.messaging.rabbitmq.consumer | INFO | Mensaje recibido: request_id=19897
2026-04-06 00:04:35,142 | concert_ticketing.adapters.messaging.rabbitmq.consumer | INFO | Mensaje recibido: request_id=19830
2026-04-06 00:04:35,235 | concert_ticketing.adapters.messaging.rabbitmq.consumer | INFO | Mensaje recibido: request_id=19854
2026-04-06 00:04:35,327 | concert_ticketing.adapters.messaging.rabbitmq.consumer | INFO | Mensaje recibido: request_id=19894
2026-04-06 00:04:35,398 | concert_ticketing.adapters.messaging.rabbitmq.consumer | INFO | Mensaje recibido: request_id=19929
2026-04-06 00:04:35,481 | concert_ticketing.adapters.messaging.rabbitmq.consumer | INFO | Mensaje recibido: request_id=19906
2026-04-06 00:04:35,561 | concert_ticketing.adapters.messaging.rabbitmq.consumer | INFO | Mensaje recibido: request_id=19793
2026-04-06 00:04:35,648 | concert_ticketing.adapters.messaging.rabbitmq.consumer | INFO | Mensaje recibido: request_id=19953
2026-04-06 00:04:35,735 | concert_ticketing.adapters.messaging.rabbitmq.consumer | INFO | Mensaje recibido: request_id=19962
2026-04-06 00:04:35,820 | concert_ticketing.adapters.messaging.rabbitmq.consumer | INFO | Mensaje recibido: request_id=19968
2026-04-06 00:04:35,891 | concert_ticketing.adapters.messaging.rabbitmq.consumer | INFO | Mensaje recibido: request_id=19957
2026-04-06 00:04:35,974 | concert_ticketing.adapters.messaging.rabbitmq.consumer | INFO | Mensaje recibido: request_id=19922
2026-04-06 00:04:36,053 | concert_ticketing.adapters.messaging.rabbitmq.consumer | INFO | Mensaje recibido: request_id=19993
2026-04-06 00:04:36,113 | concert_ticketing.adapters.messaging.rabbitmq.consumer | INFO | Mensaje recibido: request_id=19757
2026-04-06 00:04:36,181 | concert_ticketing.adapters.messaging.rabbitmq.consumer | INFO | Mensaje recibido: request_id=19974
2026-04-06 00:04:36,258 | concert_ticketing.adapters.messaging.rabbitmq.consumer | INFO | Mensaje recibido: request_id=19984
2026-04-06 00:04:36,331 | concert_ticketing.adapters.messaging.rabbitmq.consumer | INFO | Mensaje recibido: request_id=19994
2026-04-06 00:04:36,385 | concert_ticketing.adapters.messaging.rabbitmq.consumer | INFO | Mensaje recibido: request_id=19900
